DNS Customer Code,Customer Name,Phone no,Route code,Route Name,Emp Code name,acedns,Credit Limit,Credit Days,Current Balance,Black list,TD,Branch code,Cust type,rds tag,Sauda validity period,Address,Landline no,Owner name,Owner phone,Cust class,Weekly closing day,Coverage type,TIN,PAN,District,Minimum stock,Bank name,Bank account number,Email,Visit Day,State
C00001,"Ashok - Bengal",,Howrah,"Howrah",M1,Y,0,,0,N,0,,D,"",,"",,"",,,,,,,,0,,,,,
C00002,"Bharat Stores - Bengal",,Howrah,"Howrah",M1,Y,0,,0,N,0,,D,"",,"",,"",,,,,,,,0,,,,,
C00003,"Ghar Sansar - Bengal",,Rishra,"Rishra",M1,Y,0,,0,N,0,,D,"",,"",,"",,,,,,,,0,,,,,
C00004,"Kailash Shaw - Bengal",,Kakinada,"Kakinada",M1,Y,0,,0,N,0,,D,"",,"",,"",,,,,,,,0,,,,,
C00005,"P Rauka - Bengal",,Alipore,"Alipore",M1,Y,0,,0,N,0,,D,"",,"",,"",,,,,,,,0,,,,,
C00006,"Radiant Agro - Bengal",,Behala,"Behala",M1,Y,0,,0,N,0,,D,"",,"",,"",,,,,,,,0,,,,,
C00007,"Ramakrishna - Bengal",,Laketown,"Laketown",M1,Y,0,,0,N,0,,D,"",,"",,"",,,,,,,,0,,,,,
C00008,"Sahil Singhania - Bengal",,Siliguri,"Siliguri",M1,Y,0,,0,N,0,,D,"",,"",,"",,,,,,,,0,,,,,
C00009,"Santosh Gupta - Bengal",,Liluah,"Liluah",M1,Y,0,,0,N,0,,D,"",,"",,"",,,,,,,,0,,,,,
C00010,"Shaw Enterprise - Bengal",,Talpukur,"Talpukur",M1,Y,0,,0,N,0,,D,"",,"",,"",,,,,,,,0,,,,,
C00011,"Shikandar Das - Bengal",,New Market,"New Market",M1,Y,0,,0,N,0,,D,"",,"",,"",,,,,,,,0,,,,,
C00012,"Birender Das - Bengal",,Dunlop,"Dunlop",M1,Y,0,,0,N,0,,D,"",,"",,"",,,,,,,,0,,,,,
C00013,"Kaushal Singh - Bengal",,Chuchura,"Chuchura",M1,Y,0,,0,N,0,,D,"",,"",,"",,,,,,,,0,,,,,
C00014,"Ramesh Bera - Bengal",,Amta,"Amta",M1,Y,0,,0,N,0,,D,"",,"",,"",,,,,,,,0,,,,,
C00015,"Shree Shyam Enterprise - Assam",,Silchar,"Silchar",M1,Y,0,,0,N,0,,D,"",,"",,"",,,,,,,,0,,,,,
C00016,"Subodh Kumar - Bengal",,Lalgung,"Lalgung",M1,Y,0,,0,N,0,,D,"",,"",,"",,,,,,,,0,,,,,
C00017,"Manoj Kumar Saraf - Bengal",,Muzafarpur,"Muzafarpur",M1,Y,0,,0,N,0,,D,"",,"",,"",,,,,,,,0,,,,,
C00018,"Sankari Majumdar - Bengal",,Barrackpore,"Barrackpore",M1,Y,0,,0,N,0,,D,"",,"",,"",,,,,,,,0,,,,,
C00019,"Sanjay Keshri - Bihar",,Munger,"Munger",M1,Y,0,,0,N,0,,D,"",,"",,"",,,,,,,,0,,,,,
C00020,"Banerjee Enterprise - Bengal",,Shrirampur,"Shrirampur",M1,Y,0,,0,N,0,,D,"",,"",,"",,,,,,,,0,,,,,
C00021,"Geelani - Bihar",,Kishangunj,"Kishangunj",M1,Y,0,,0,N,0,,D,"",,"",,"",,,,,,,,0,,,,,
C00022,"Gopal Agarwal - Bengal",,Rupnaraypur,"Rupnaraypur",M1,Y,0,,0,N,0,,D,"",,"",,"",,,,,,,,0,,,,,
,"MAHADEV BHANDAR",8961251436,Shyam Bazar to Bagh Bazar,"Shyam Bazar to Bagh Bazar",M1,Y,0,,0,N,0,,R,"C00012",,"SHYAMBAZAAR",,"",,,,,,,,0,,,,,
NE000220180403174720,"GANESH STORE",7044064001,Belur Bazar,"Belur Bazar",SM1,Y,0,,0,N,0,,R,"C00009",,"237 G.T ROAD BELUR BAZAR",,"",,,,,,,,0,,,,,
NE000220180403174720,"GANESH STORE",7044064001,Belur Bazar,"Belur Bazar",M1,Y,0,,0,N,0,,R,"C00009",,"237 G.T ROAD BELUR BAZAR",,"",,,,,,,,0,,,,,
NE000220180403174941,"ANPURNA BHANDAR",9831424576,Belur Bazar,"Belur Bazar",SM1,Y,0,,0,N,0,,R,"C00009",,"11 SHIV CHAND CHATTARJEE STREET BELUR BAZAR",,"",,,,,,,,0,,,,,
NE000220180403174941,"ANPURNA BHANDAR",9831424576,Belur Bazar,"Belur Bazar",M1,Y,0,,0,N,0,,R,"C00009",,"11 SHIV CHAND CHATTARJEE STREET BELUR BAZAR",,"",,,,,,,,0,,,,,
NE000220180403175117,"PANCHKARI SADHUKHAN",9748485225,Belur Bazar,"Belur Bazar",SM1,Y,0,,0,N,0,,R,"C00009",,"83/1 LALABABU SHIRE ROAD BELUR BAZAR",,"",,,,,,,,0,,,,,
NE000220180403175117,"PANCHKARI SADHUKHAN",9748485225,Belur Bazar,"Belur Bazar",M1,Y,0,,0,N,0,,R,"C00009",,"83/1 LALABABU SHIRE ROAD BELUR BAZAR",,"",,,,,,,,0,,,,,
NE000220180403175238,"SANJAY STORE",9830233165,Belur Bazar,"Belur Bazar",SM1,Y,0,,0,N,0,,R,"C00009",,"11/3 LALABABU SHIRE ROAD BELUR BAZAR",,"",,,,,,,,0,,,,,
NE000220180403175238,"SANJAY STORE",9830233165,Belur Bazar,"Belur Bazar",M1,Y,0,,0,N,0,,R,"C00009",,"11/3 LALABABU SHIRE ROAD BELUR BAZAR",,"",,,,,,,,0,,,,,
NE000220180403175348,"RAJU STORE",9883191997,Belur Bazar,"Belur Bazar",SM1,Y,0,,0,N,0,,R,"C00009",,"11/1 LALABABU SHIRE ROAD BELUR BAZAR",,"",,,,,,,,0,,,,,
NE000220180403175348,"RAJU STORE",9883191997,Belur Bazar,"Belur Bazar",M1,Y,0,,0,N,0,,R,"C00009",,"11/1 LALABABU SHIRE ROAD BELUR BAZAR",,"",,,,,,,,0,,,,,
NE000220180403175519,"VIJAY STORE",9831250944,Belur Bazar,"Belur Bazar",SM1,Y,0,,0,N,0,,R,"C00009",,"222 GIRISH GHOSH ROAD BELUR BAZAR",,"",,,,,,,,0,,,,,
NE000220180403175519,"VIJAY STORE",9831250944,Belur Bazar,"Belur Bazar",M1,Y,0,,0,N,0,,R,"C00009",,"222 GIRISH GHOSH ROAD BELUR BAZAR",,"",,,,,,,,0,,,,,
NE000220180403175951,"SHYAM STORE",9883840056,Belur Bazar,"Belur Bazar",SM1,Y,0,,0,N,0,,R,"C00009",,"221 GIRISH GHOSH ROAD BELUR BAZAR",,"",,,,,,,,0,,,,,
NE000220180403175951,"SHYAM STORE",9883840056,Belur Bazar,"Belur Bazar",M1,Y,0,,0,N,0,,R,"C00009",,"221 GIRISH GHOSH ROAD BELUR BAZAR",,"",,,,,,,,0,,,,,
NE000220180403180124,"K.P AGARWAL",9831440484,Belur Bazar,"Belur Bazar",SM1,Y,0,,0,N,0,,R,"C00009",,"213 GIRISH GHOSH ROAD BELUR BAZAR",,"",,,,,,,,0,,,,,
NE000220180403180124,"K.P AGARWAL",9831440484,Belur Bazar,"Belur Bazar",M1,Y,0,,0,N,0,,R,"C00009",,"213 GIRISH GHOSH ROAD BELUR BAZAR",,"",,,,,,,,0,,,,,
NE000220180403180357,"HANUMAN STORE",9831722940,Belur Bazar,"Belur Bazar",SM1,Y,0,,0,N,0,,R,"C00009",,"4/1 GIRISH GHOSH ROAD BELUR BAZAR",,"",,,,,,,,0,,,,,
NE000220180403180357,"HANUMAN STORE",9831722940,Belur Bazar,"Belur Bazar",M1,Y,0,,0,N,0,,R,"C00009",,"4/1 GIRISH GHOSH ROAD BELUR BAZAR",,"",,,,,,,,0,,,,,
NE000220180403180639,"LOKNATH IMITATION VEARITY",9663912883,Belur Bazar,"Belur Bazar",SM1,Y,0,,0,N,0,,R,"C00009",,"69 RAMLOCHAN SAIR STREET BELUR BAZAR",,"",,,,,,,,0,,,,,
NE000220180403180639,"LOKNATH IMITATION VEARITY",9663912883,Belur Bazar,"Belur Bazar",M1,Y,0,,0,N,0,,R,"C00009",,"69 RAMLOCHAN SAIR STREET BELUR BAZAR",,"",,,,,,,,0,,,,,
NE000220180403180748,"RISHI OIL STORE",9038579622,Belur Bazar,"Belur Bazar",SM1,Y,0,,0,N,0,,R,"C00009",,"8 GIRISH GHOSH ROAD BELUR BAZAR",,"",,,,,,,,0,,,,,
NE000220180403180748,"RISHI OIL STORE",9038579622,Belur Bazar,"Belur Bazar",M1,Y,0,,0,N,0,,R,"C00009",,"8 GIRISH GHOSH ROAD BELUR BAZAR",,"",,,,,,,,0,,,,,
NE000220180403181749,"ZAHID ANWAR (TAWARAK STORE)",9231628376,Belur Bazar,"Belur Bazar",SM1,Y,0,,0,N,0,,R,"C00009",,"9/2 DR. H.K CHATTARJEE STREET BELUR MATH",,"",,,,,,,,0,,,,,
NE000220180403181749,"ZAHID ANWAR (TAWARAK STORE)",9231628376,Belur Bazar,"Belur Bazar",M1,Y,0,,0,N,0,,R,"C00009",,"9/2 DR. H.K CHATTARJEE STREET BELUR MATH",,"",,,,,,,,0,,,,,
NE000220180404103153,"RAJESWARI STORE",7890352755,Liluah,"Liluah",SM1,Y,0,,0,N,0,,R,"C00009",,"7 PANNA LAL BASHAK LANE LILUAH",,"",,,,,,,,0,,,,,
NE000220180404103153,"RAJESWARI STORE",7890352755,Liluah,"Liluah",M1,Y,0,,0,N,0,,R,"C00009",,"7 PANNA LAL BASHAK LANE LILUAH",,"",,,,,,,,0,,,,,
NE000220180404103933,"M.M KHADYA BHANDAR",9830035168,Liluah,"Liluah",SM1,Y,0,,0,N,0,,R,"C00009",,"16 N.S ROAD LILUAH",,"",,,,,,,,0,,,,,
NE000220180404103933,"M.M KHADYA BHANDAR",9830035168,Liluah,"Liluah",M1,Y,0,,0,N,0,,R,"C00009",,"16 N.S ROAD LILUAH",,"",,,,,,,,0,,,,,
NE000220180404104152,"RAJ GENRAL STORE",7003925242,Liluah,"Liluah",SM1,Y,0,,0,N,0,,R,"C00009",,"24 N.S ROAD LILUAH",,"",,,,,,,,0,,,,,
NE000220180404104152,"RAJ GENRAL STORE",7003925242,Liluah,"Liluah",M1,Y,0,,0,N,0,,R,"C00009",,"24 N.S ROAD LILUAH",,"",,,,,,,,0,,,,,
NE000220180404104657,"RADHESHYAM STORE",7044026397,Liluah,"Liluah",SM1,Y,0,,0,N,0,,R,"C00009",,"1 N.S ROAD LILUAH",,"",,,,,,,,0,,,,,
NE000220180404104657,"RADHESHYAM STORE",7044026397,Liluah,"Liluah",M1,Y,0,,0,N,0,,R,"C00009",,"1 N.S ROAD LILUAH",,"",,,,,,,,0,,,,,
NE000220180404105449,"RAJESH GENRAL STORE",7605853676,Liluah,"Liluah",SM1,Y,0,,0,N,0,,R,"C00009",,"14/1 RAVINDRA SARNI SHREE KRISHNA APPARTMENT SOAP NO:- 8",,"",,,,,,,,0,,,,,
NE000220180404105449,"RAJESH GENRAL STORE",7605853676,Liluah,"Liluah",M1,Y,0,,0,N,0,,R,"C00009",,"14/1 RAVINDRA SARNI SHREE KRISHNA APPARTMENT SOAP NO:- 8",,"",,,,,,,,0,,,,,
NE000220180404113806,"AGARWAL STORE",9903560117,Liluah,"Liluah",SM1,Y,0,,0,N,0,,R,"C00009",,"16 RAVINDRA SARNI LILUAH",26452753,"",,,,,,,,0,,,,,
NE000220180404113806,"AGARWAL STORE",9903560117,Liluah,"Liluah",M1,Y,0,,0,N,0,,R,"C00009",,"16 RAVINDRA SARNI LILUAH",26452753,"",,,,,,,,0,,,,,
NE000220180404133549,"R.S AGARWAL",9331803647,Liluah,"Liluah",SM1,Y,0,,0,N,0,,R,"C00009",,"9 RAVINDRA SARNI LILUAH",,"",,,,,,,,0,,,,,
NE000220180404133549,"R.S AGARWAL",9331803647,Liluah,"Liluah",M1,Y,0,,0,N,0,,R,"C00009",,"9 RAVINDRA SARNI LILUAH",,"",,,,,,,,0,,,,,
NE000220180404133814,"D.N PRASAD",8013767545,Liluah,"Liluah",SM1,Y,0,,0,N,0,,R,"C00009",,"16 RAVINDRA SARNI LILUAH",,"",,,,,,,,0,,,,,
NE000220180404133814,"D.N PRASAD",8013767545,Liluah,"Liluah",M1,Y,0,,0,N,0,,R,"C00009",,"16 RAVINDRA SARNI LILUAH",,"",,,,,,,,0,,,,,
NE000220180404134021,"ARUN TRADERS",9830308564,Liluah,"Liluah",SM1,Y,0,,0,N,0,,R,"C00009",,"16 RAVINDRA SARNI LILUAH",,"",,,,,,,,0,,,,,
NE000220180404134021,"ARUN TRADERS",9830308564,Liluah,"Liluah",M1,Y,0,,0,N,0,,R,"C00009",,"16 RAVINDRA SARNI LILUAH",,"",,,,,,,,0,,,,,
NE000220180404134525,"NILANCHAL",9143689003,Liluah,"Liluah",SM1,Y,0,,0,N,0,,R,"C00009",,"18 RAVINDRA SARNI LILUAH",,"",,,,,,,,0,,,,,
NE000220180404134525,"NILANCHAL",9143689003,Liluah,"Liluah",M1,Y,0,,0,N,0,,R,"C00009",,"18 RAVINDRA SARNI LILUAH",,"",,,,,,,,0,,,,,
NE000220180404134811,"GOYAL STORE",8697444728,Liluah,"Liluah",SM1,Y,0,,0,N,0,,R,"C00009",,"17 RAVINDRA SARNI LILUAH",,"",,,,,,,,0,,,,,
NE000220180404134811,"GOYAL STORE",8697444728,Liluah,"Liluah",M1,Y,0,,0,N,0,,R,"C00009",,"17 RAVINDRA SARNI LILUAH",,"",,,,,,,,0,,,,,
NE000220180404135125,"BISHNU BHANDAR",9903033651,Liluah,"Liluah",SM1,Y,0,,0,N,0,,R,"C00009",,"17 RAVINDRA SARNI LILUAH",,"",,,,,,,,0,,,,,
NE000220180404135125,"BISHNU BHANDAR",9903033651,Liluah,"Liluah",M1,Y,0,,0,N,0,,R,"C00009",,"17 RAVINDRA SARNI LILUAH",,"",,,,,,,,0,,,,,
NE000220180404135303,"ANPURNA BHANDAR",9831893555,Liluah,"Liluah",SM1,Y,0,,0,N,0,,R,"C00009",,"7 DEVI MANDIR LANE LILUAH",,"",,,,,,,,0,,,,,
NE000220180404135303,"ANPURNA BHANDAR",9831893555,Liluah,"Liluah",M1,Y,0,,0,N,0,,R,"C00009",,"7 DEVI MANDIR LANE LILUAH",,"",,,,,,,,0,,,,,
NE000220180404135805,"RAJ LAKSHMI STORE",9903168337,Liluah,"Liluah",SM1,Y,0,,0,N,0,,R,"C00009",,"26 RAVINDRA SARNI LILUAH",,"",,,,,,,,0,,,,,
NE000220180404135805,"RAJ LAKSHMI STORE",9903168337,Liluah,"Liluah",M1,Y,0,,0,N,0,,R,"C00009",,"26 RAVINDRA SARNI LILUAH",,"",,,,,,,,0,,,,,
NE000220180404141147,"K.K BHOWMICK",9230616980,Liluah,"Liluah",SM1,Y,0,,0,N,0,,R,"C00009",,"26 RAVINDRA SARNI LILUAH",,"",,,,,,,,0,,,,,
NE000220180404141147,"K.K BHOWMICK",9230616980,Liluah,"Liluah",M1,Y,0,,0,N,0,,R,"C00009",,"26 RAVINDRA SARNI LILUAH",,"",,,,,,,,0,,,,,
NE000220180404141305,"SUBHAS TRADERS",9831789083,Liluah,"Liluah",SM1,Y,0,,0,N,0,,R,"C00009",,"36/1 RAVINDRA SARNI LILUAH",,"",,,,,,,,0,,,,,
NE000220180404141305,"SUBHAS TRADERS",9831789083,Liluah,"Liluah",M1,Y,0,,0,N,0,,R,"C00009",,"36/1 RAVINDRA SARNI LILUAH",,"",,,,,,,,0,,,,,
NE000220180404141448,"SHREE SAI BABA",9051308013,Liluah,"Liluah",SM1,Y,0,,0,N,0,,R,"C00009",,"48/I/1 RAVINDRA SARNI LILUAH",,"",,,,,,,,0,,,,,
NE000220180404141448,"SHREE SAI BABA",9051308013,Liluah,"Liluah",M1,Y,0,,0,N,0,,R,"C00009",,"48/I/1 RAVINDRA SARNI LILUAH",,"",,,,,,,,0,,,,,
NE000220180404141606,"DEEPAK STORE",7890352755,Liluah,"Liluah",SM1,Y,0,,0,N,0,,R,"C00009",,"7 GUHA PARK LILUAH",,"",,,,,,,,0,,,,,
NE000220180404141606,"DEEPAK STORE",7890352755,Liluah,"Liluah",M1,Y,0,,0,N,0,,R,"C00009",,"7 GUHA PARK LILUAH",,"",,,,,,,,0,,,,,
NE000220180404141821,"GOPAL STORE",9883442151,Liluah,"Liluah",SM1,Y,0,,0,N,0,,R,"C00009",,"5/4 GUHA PARK LILUAH",,"",,,,,,,,0,,,,,
NE000220180404141821,"GOPAL STORE",9883442151,Liluah,"Liluah",M1,Y,0,,0,N,0,,R,"C00009",,"5/4 GUHA PARK LILUAH",,"",,,,,,,,0,,,,,
NE000220180404141947,"KAPIL STORE",9073236176,Liluah,"Liluah",SM1,Y,0,,0,N,0,,R,"C00009",,"8 PANNA LAL BASHAK LANE LILUAH",,"",,,,,,,,0,,,,,
NE000220180404141947,"KAPIL STORE",9073236176,Liluah,"Liluah",M1,Y,0,,0,N,0,,R,"C00009",,"8 PANNA LAL BASHAK LANE LILUAH",,"",,,,,,,,0,,,,,
NE000220180405103718,"SUNIL STORE",7044241757,,"LAKE MARKET",SM1,N,0,,0,N,0,,R,"C00004",,"MANIKPUR BAZAR KANKINARA",,"",,,,,,,,0,,,,,
NE000220180405103718,"SUNIL STORE",7044241757,Katadanga,"Katadanga",M1,Y,0,,0,N,0,,R,"C00004",,"MANIKPUR BAZAR KANKINARA",,"",,,,,,,,0,,,,,
NE000220180405105956,"T.K KUNDU",9831301860,,"LAKE MARKET",SM1,N,0,,0,N,0,,R,"C00004",,"B.L NO 16 KACHARI ROAD KANKINARA",,"",,,,,,,,0,,,,,
NE000220180405105956,"T.K KUNDU",9831301860,Katadanga,"Katadanga",M1,Y,0,,0,N,0,,R,"C00004",,"B.L NO 16 KACHARI ROAD KANKINARA",,"",,,,,,,,0,,,,,
NE000220180405111234,"DURGA SHAW",9007389952,,"LAKE MARKET",SM1,N,0,,0,N,0,,R,"C00004",,"KANKINARA LINE",,"",,,,,,,,0,,,,,
NE000220180405111234,"DURGA SHAW",9007389952,Katadanga,"Katadanga",M1,Y,0,,0,N,0,,R,"C00004",,"KANKINARA LINE",,"",,,,,,,,0,,,,,
NE000220180405111801,"SUNIL STORE 2",9038331252,,"LAKE MARKET",SM1,N,0,,0,N,0,,R,"C00004",,"KANKINARA LINE",,"",,,,,,,,0,,,,,
NE000220180405111801,"SUNIL STORE 2",9038331252,Katadanga,"Katadanga",M1,Y,0,,0,N,0,,R,"C00004",,"KANKINARA LINE",,"",,,,,,,,0,,,,,
NE000220180405113524,"SHIV NANDAN STORE",8420853077,,"LAKE MARKET",SM1,N,0,,0,N,0,,R,"C00004",,"KANKINARA LINE",,"",,,,,,,,0,,,,,
NE000220180405113524,"SHIV NANDAN STORE",8420853077,Katadanga,"Katadanga",M1,Y,0,,0,N,0,,R,"C00004",,"KANKINARA LINE",,"",,,,,,,,0,,,,,
NE000220180405122533,"NEW MURARI STORE",8981816874,,"LAKE MARKET",SM1,N,0,,0,N,0,,R,"C00004",,"BHAT PARA BAZAR KANKINARA",,"",,,,,,,,0,,,,,
NE000220180405122533,"NEW MURARI STORE",8981816874,Katadanga,"Katadanga",M1,Y,0,,0,N,0,,R,"C00004",,"BHAT PARA BAZAR KANKINARA",,"",,,,,,,,0,,,,,
NE000220180405125143,"S.R PAL",9903560117,,"LAKE MARKET",SM1,N,0,,0,N,0,,R,"C00004",,"A.V ROAD RATH TALLA KANKINARA",,"",,,,,,,,0,,,,,
NE000220180405125143,"S.R PAL",9903560117,Katadanga,"Katadanga",M1,Y,0,,0,N,0,,R,"C00004",,"A.V ROAD RATH TALLA KANKINARA",,"",,,,,,,,0,,,,,
NE000220180405125330,"IMAN STORE",9331216296,,"LAKE MARKET",SM1,N,0,,0,N,0,,R,"C00004",,"25 A.V ROAD RATH TALLA KANKINARA",,"",,,,,,,,0,,,,,
NE000220180405125330,"IMAN STORE",9331216296,Katadanga,"Katadanga",M1,Y,0,,0,N,0,,R,"C00004",,"25 A.V ROAD RATH TALLA KANKINARA",,"",,,,,,,,0,,,,,
NE000220180405150533,"ANIMA STORE",9038358687,,"LAKE MARKET",SM1,N,0,,0,N,0,,R,"C00004",,"A.V ROAD RATH TALLA KANKINARA",,"",,,,,,,,0,,,,,
NE000220180405150533,"ANIMA STORE",9038358687,Katadanga,"Katadanga",M1,Y,0,,0,N,0,,R,"C00004",,"A.V ROAD RATH TALLA KANKINARA",,"",,,,,,,,0,,,,,
NE000220180405150638,"PAPAI STORE",9830947840,,"LAKE MARKET",SM1,N,0,,0,N,0,,R,"C00004",,"A.V ROAD RATH TALLA KANKINARA",,"",,,,,,,,0,,,,,
NE000220180405150638,"PAPAI STORE",9830947840,Katadanga,"Katadanga",M1,Y,0,,0,N,0,,R,"C00004",,"A.V ROAD RATH TALLA KANKINARA",,"",,,,,,,,0,,,,,
NE000220180405151519,"BISHWAS STORE",9681215072,,"LAKE MARKET",SM1,N,0,,0,N,0,,R,"C00004",,"A.V ROAD RATH TALLA KANKINARA",,"",,,,,,,,0,,,,,
NE000220180405151519,"BISHWAS STORE",9681215072,Katadanga,"Katadanga",M1,Y,0,,0,N,0,,R,"C00004",,"A.V ROAD RATH TALLA KANKINARA",,"",,,,,,,,0,,,,,
NE000220180405160435,"LAKHI COSMETICS",9804007811,,"LAKE MARKET",SM1,N,0,,0,N,0,,R,"C00004",,"RATH TALLA BRIGE KANKINARA",,"",,,,,,,,0,,,,,
NE000220180405160435,"LAKHI COSMETICS",9804007811,Katadanga,"Katadanga",M1,Y,0,,0,N,0,,R,"C00004",,"RATH TALLA BRIGE KANKINARA",,"",,,,,,,,0,,,,,
NE000220180405160707,"PRABHU SHAW",8583822652,,"LAKE MARKET",SM1,N,0,,0,N,0,,R,"C00004",,"2 KATADANGA KANKINARA",,"",,,,,,,,0,,,,,
NE000220180405160707,"PRABHU SHAW",8583822652,Katadanga,"Katadanga",M1,Y,0,,0,N,0,,R,"C00004",,"2 KATADANGA KANKINARA",,"",,,,,,,,0,,,,,
NE000220180405160801,"SANDHYA STORE",8981983689,,"LAKE MARKET",SM1,N,0,,0,N,0,,R,"C00004",,"RAVINDRA NAGAR KATADANGA KANKINARA",,"",,,,,,,,0,,,,,
NE000220180405160801,"SANDHYA STORE",8981983689,Katadanga,"Katadanga",M1,Y,0,,0,N,0,,R,"C00004",,"RAVINDRA NAGAR KATADANGA KANKINARA",,"",,,,,,,,0,,,,,
NE000220180405160912,"BINOD STORE",7605828825,,"LAKE MARKET",SM1,N,0,,0,N,0,,R,"C00004",,"RAMNAFAR COLONY KATADANGA KANKINARA",,"",,,,,,,,0,,,,,
NE000220180405160912,"BINOD STORE",7605828825,Katadanga,"Katadanga",M1,Y,0,,0,N,0,,R,"C00004",,"RAMNAFAR COLONY KATADANGA KANKINARA",,"",,,,,,,,0,,,,,
NE000220180405161046,"AANAND LAL SHAW",9331270334,,"LAKE MARKET",SM1,N,0,,0,N,0,,R,"C00004",,"RAM NAGAR COLONY KANKINARA",,"",,,,,,,,0,,,,,
NE000220180405161046,"AANAND LAL SHAW",9331270334,Katadanga,"Katadanga",M1,Y,0,,0,N,0,,R,"C00004",,"RAM NAGAR COLONY KANKINARA",,"",,,,,,,,0,,,,,
NE000220180405161138,"ARCHNA STORE",9331827619,,"LAKE MARKET",SM1,N,0,,0,N,0,,R,"C00004",,"2NO KATADANGA KANKINARA",,"",,,,,,,,0,,,,,
NE000220180405161138,"ARCHNA STORE",9331827619,Katadanga,"Katadanga",M1,Y,0,,0,N,0,,R,"C00004",,"2NO KATADANGA KANKINARA",,"",,,,,,,,0,,,,,
NE000220180405161228,"SABINAY TRADERS",8640880948,,"LAKE MARKET",SM1,N,0,,0,N,0,,R,"C00004",,"2NO KATADANGA KANKINARA",,"",,,,,,,,0,,,,,
NE000220180405161228,"SABINAY TRADERS",8640880948,Katadanga,"Katadanga",M1,Y,0,,0,N,0,,R,"C00004",,"2NO KATADANGA KANKINARA",,"",,,,,,,,0,,,,,
NE000220180405161350,"BABLU STORE",8910238857,,"LAKE MARKET",SM1,N,0,,0,N,0,,R,"C00004",,"T.C.I ROAD KANKINARA",,"",,,,,,,,0,,,,,
NE000220180405161350,"BABLU STORE",8910238857,Katadanga,"Katadanga",M1,Y,0,,0,N,0,,R,"C00004",,"T.C.I ROAD KANKINARA",,"",,,,,,,,0,,,,,
NE000220180406100729,"M.L SHAW",8420049611,Belur Station to Patua Para,"Belur Station to Patua Para",SM1,Y,0,,0,N,0,,R,"C00009",,"EAST SAPUIPARA BELUR",,"",,,,,,,,0,,,,,
NE000220180406100729,"M.L SHAW",8420049611,Belur Station to Patua Para,"Belur Station to Patua Para",M1,Y,0,,0,N,0,,R,"C00009",,"EAST SAPUIPARA BELUR",,"",,,,,,,,0,,,,,
NE000220180406101435,"RATNISH RICE",8013480957,Belur Station to Patua Para,"Belur Station to Patua Para",SM1,Y,0,,0,N,0,,R,"C00009",,"EAST SAPUIPARA BELUR",,"",,,,,,,,0,,,,,
NE000220180406101435,"RATNISH RICE",8013480957,Belur Station to Patua Para,"Belur Station to Patua Para",M1,Y,0,,0,N,0,,R,"C00009",,"EAST SAPUIPARA BELUR",,"",,,,,,,,0,,,,,
NE000220180406103253,"BHOLA BHANDAR",9836117354,Belur Station to Patua Para,"Belur Station to Patua Para",SM1,Y,0,,0,N,0,,R,"C00009",,"EAST SAPUIPARA BELUR",,"",,,,,,,,0,,,,,
NE000220180406103253,"BHOLA BHANDAR",9836117354,Belur Station to Patua Para,"Belur Station to Patua Para",M1,Y,0,,0,N,0,,R,"C00009",,"EAST SAPUIPARA BELUR",,"",,,,,,,,0,,,,,
NE000220180406103902,"NATRAJ STORE",9051079002,Belur Station to Patua Para,"Belur Station to Patua Para",SM1,Y,0,,0,N,0,,R,"C00009",,"EAST SAPUIPARA BELUR",,"",,,,,,,,0,,,,,
NE000220180406103902,"NATRAJ STORE",9051079002,Belur Station to Patua Para,"Belur Station to Patua Para",M1,Y,0,,0,N,0,,R,"C00009",,"EAST SAPUIPARA BELUR",,"",,,,,,,,0,,,,,
NE000220180406125349,"JOYRAM STORE",9903074012,Belur Station to Patua Para,"Belur Station to Patua Para",SM1,Y,0,,0,N,0,,R,"C00009",,"EAST SAPUIPARA BELUR",,"",,,,,,,,0,,,,,
NE000220180406125349,"JOYRAM STORE",9903074012,Belur Station to Patua Para,"Belur Station to Patua Para",M1,Y,0,,0,N,0,,R,"C00009",,"EAST SAPUIPARA BELUR",,"",,,,,,,,0,,,,,
NE000220180406130048,"BALAJI STORE",7890352755,Belur Station to Patua Para,"Belur Station to Patua Para",SM1,Y,0,,0,N,0,,R,"C00009",,"EAST SAPUIPARA BELUR",,"",,,,,,,,0,,,,,
NE000220180406130048,"BALAJI STORE",7890352755,Belur Station to Patua Para,"Belur Station to Patua Para",M1,Y,0,,0,N,0,,R,"C00009",,"EAST SAPUIPARA BELUR",,"",,,,,,,,0,,,,,
NE000220180406130309,"SARDA BHANDAR",9804505071,Belur Station to Patua Para,"Belur Station to Patua Para",SM1,Y,0,,0,N,0,,R,"C00009",,"75 DHRAMTALLA ROAD BELUR",,"",,,,,,,,0,,,,,
NE000220180406130309,"SARDA BHANDAR",9804505071,Belur Station to Patua Para,"Belur Station to Patua Para",M1,Y,0,,0,N,0,,R,"C00009",,"75 DHRAMTALLA ROAD BELUR",,"",,,,,,,,0,,,,,
NE000220180406130543,"VAISHNO DEVI SANKHO BHANDAR",9030390655,Belur Station to Patua Para,"Belur Station to Patua Para",SM1,Y,0,,0,N,0,,R,"C00009",,"13/A/3 M.L.B ROAD BELUR",,"",,,,,,,,0,,,,,
NE000220180406130543,"VAISHNO DEVI SANKHO BHANDAR",9030390655,Belur Station to Patua Para,"Belur Station to Patua Para",M1,Y,0,,0,N,0,,R,"C00009",,"13/A/3 M.L.B ROAD BELUR",,"",,,,,,,,0,,,,,
NE000220180406130834,"MAA MANSA BHANDAR",9804378218,Belur Station to Patua Para,"Belur Station to Patua Para",SM1,Y,0,,0,N,0,,R,"C00009",,"13/19 M.L.B ROAD BELUR",,"",,,,,,,,0,,,,,
NE000220180406130834,"MAA MANSA BHANDAR",9804378218,Belur Station to Patua Para,"Belur Station to Patua Para",M1,Y,0,,0,N,0,,R,"C00009",,"13/19 M.L.B ROAD BELUR",,"",,,,,,,,0,,,,,
NE000220180406131006,"GAYTRI GENRAL STORE",8981540253,Belur Station to Patua Para,"Belur Station to Patua Para",SM1,Y,0,,0,N,0,,R,"C00009",,"13/1/6 M.L.B ROAD BELUR",,"",,,,,,,,0,,,,,
NE000220180406131006,"GAYTRI GENRAL STORE",8981540253,Belur Station to Patua Para,"Belur Station to Patua Para",M1,Y,0,,0,N,0,,R,"C00009",,"13/1/6 M.L.B ROAD BELUR",,"",,,,,,,,0,,,,,
NE000220180406144531,"PAL STORE",9007959340,Belur Station to Patua Para,"Belur Station to Patua Para",SM1,Y,0,,0,N,0,,R,"C00009",,"31 B.D ROAD PATUAPARA LILUAH",,"",,,,,,,,0,,,,,
NE000220180406144531,"PAL STORE",9007959340,Belur Station to Patua Para,"Belur Station to Patua Para",M1,Y,0,,0,N,0,,R,"C00009",,"31 B.D ROAD PATUAPARA LILUAH",,"",,,,,,,,0,,,,,
NE000220180406144733,"SIDHESHWARI SANKHO BHANDAR",9836032843,Belur Station to Patua Para,"Belur Station to Patua Para",SM1,Y,0,,0,N,0,,R,"C00009",,"31 B.D ROAD PATUAPARA LILUAH",,"",,,,,,,,0,,,,,
NE000220180406144733,"SIDHESHWARI SANKHO BHANDAR",9836032843,Belur Station to Patua Para,"Belur Station to Patua Para",M1,Y,0,,0,N,0,,R,"C00009",,"31 B.D ROAD PATUAPARA LILUAH",,"",,,,,,,,0,,,,,
NE000220180407150006,"N.K AGARWAL",7687031817,Bandel,"Bandel",SM1,Y,0,,0,N,0,,R,"C00013",,"BANDEL BAZAR",,"",,,,,,,,0,,,,,
NE000220180407150006,"N.K AGARWAL",7687031817,Bandel,"Bandel",M1,Y,0,,0,N,0,,R,"C00013",,"BANDEL BAZAR",,"",,,,,,,,0,,,,,
NE000220180407150102,"GOYAL STORE",9903523433,Bandel,"Bandel",SM1,Y,0,,0,N,0,,R,"C00013",,"BANDEL BAZAR",,"",,,,,,,,0,,,,,
NE000220180407150102,"GOYAL STORE",9903523433,Bandel,"Bandel",M1,Y,0,,0,N,0,,R,"C00013",,"BANDEL BAZAR",,"",,,,,,,,0,,,,,
NE000220180407150154,"RANG MAHAL",8296627223,Bandel,"Bandel",SM1,Y,0,,0,N,0,,R,"C00013",,"BANDEL BAZAR",,"",,,,,,,,0,,,,,
NE000220180407150154,"RANG MAHAL",8296627223,Bandel,"Bandel",M1,Y,0,,0,N,0,,R,"C00013",,"BANDEL BAZAR",,"",,,,,,,,0,,,,,
NE000220180407150247,"GITA STORE",9476184371,Bandel,"Bandel",SM1,Y,0,,0,N,0,,R,"C00013",,"BANDEL BAZAR",,"",,,,,,,,0,,,,,
NE000220180407150247,"GITA STORE",9476184371,Bandel,"Bandel",M1,Y,0,,0,N,0,,R,"C00013",,"BANDEL BAZAR",,"",,,,,,,,0,,,,,
NE000220180407150416,"JAI GURU STORE",9433369049,Bandel,"Bandel",SM1,Y,0,,0,N,0,,R,"C00013",,"STATION ROAD BANDEL",,"",,,,,,,,0,,,,,
NE000220180407150416,"JAI GURU STORE",9433369049,Bandel,"Bandel",M1,Y,0,,0,N,0,,R,"C00013",,"STATION ROAD BANDEL",,"",,,,,,,,0,,,,,
NE000220180407150524,"SINGH STORE",9874290789,Bandel,"Bandel",SM1,Y,0,,0,N,0,,R,"C00013",,"STATION ROAD BANDEL",,"",,,,,,,,0,,,,,
NE000220180407150524,"SINGH STORE",9874290789,Bandel,"Bandel",M1,Y,0,,0,N,0,,R,"C00013",,"STATION ROAD BANDEL",,"",,,,,,,,0,,,,,
NE000220180407150620,"AANAND STORE",9836184008,Bandel,"Bandel",SM1,Y,0,,0,N,0,,R,"C00013",,"STATION ROAD BANDEL",,"",,,,,,,,0,,,,,
NE000220180407150620,"AANAND STORE",9836184008,Bandel,"Bandel",M1,Y,0,,0,N,0,,R,"C00013",,"STATION ROAD BANDEL",,"",,,,,,,,0,,,,,
NE000220180407150721,"PADMA STORE",9038019600,Bandel,"Bandel",SM1,Y,0,,0,N,0,,R,"C00013",,"G.T ROAD BANDEL MORE",,"",,,,,,,,0,,,,,
NE000220180407150721,"PADMA STORE",9038019600,Bandel,"Bandel",M1,Y,0,,0,N,0,,R,"C00013",,"G.T ROAD BANDEL MORE",,"",,,,,,,,0,,,,,
NE000220180407151237,"BANDEL GENRAL STORE",9073732888,Bandel,"Bandel",SM1,Y,0,,0,N,0,,R,"C00013",,"BANDEL BAZAR",,"",,,,,,,,0,,,,,
NE000220180407151237,"BANDEL GENRAL STORE",9073732888,Bandel,"Bandel",M1,Y,0,,0,N,0,,R,"C00013",,"BANDEL BAZAR",,"",,,,,,,,0,,,,,
NE000220180407174138,"SATNARAYAN BHANDAR",9038529592,Chinsurah,"Chinsurah",SM1,Y,0,,0,N,0,,R,"C00013",,"AAKHAN BAZAR CHINSURAH",,"",,,,,,,,0,,,,,
NE000220180407174138,"SATNARAYAN BHANDAR",9038529592,Chinsurah,"Chinsurah",M1,Y,0,,0,N,0,,R,"C00013",,"AAKHAN BAZAR CHINSURAH",,"",,,,,,,,0,,,,,
NE000220180414130058,"R. K BHANDAR",9903560117,Kakinara to Naihati,"Kakinara to Naihati",SM1,Y,0,,0,N,0,,R,"C00004",,"29 RAIL GATE KANKINARA",,"",,,,,,,,0,,,,,
NE000220180414130058,"R. K BHANDAR",9903560117,Kakinara to Naihati,"Kakinara to Naihati",M1,Y,0,,0,N,0,,R,"C00004",,"29 RAIL GATE KANKINARA",,"",,,,,,,,0,,,,,
NE000220180414130249,"L.S KIRANA BHANDAR",7439532201,Kakinara to Naihati,"Kakinara to Naihati",SM1,Y,0,,0,N,0,,R,"C00004",,"KATADANGA ROAD KANKINARA NEAR INCHEK GATE",,"",,,,,,,,0,,,,,
NE000220180414130249,"L.S KIRANA BHANDAR",7439532201,Kakinara to Naihati,"Kakinara to Naihati",M1,Y,0,,0,N,0,,R,"C00004",,"KATADANGA ROAD KANKINARA NEAR INCHEK GATE",,"",,,,,,,,0,,,,,
NE000220180414130355,"ASHOK SHAW",8617221358,Kakinara to Naihati,"Kakinara to Naihati",SM1,Y,0,,0,N,0,,R,"C00004",,"KATADANGA ROAD KANKINARA",,"",,,,,,,,0,,,,,
NE000220180414130355,"ASHOK SHAW",8617221358,Kakinara to Naihati,"Kakinara to Naihati",M1,Y,0,,0,N,0,,R,"C00004",,"KATADANGA ROAD KANKINARA",,"",,,,,,,,0,,,,,
NE000220180414130511,"KARTIK STORE",8961340713,Kakinara to Naihati,"Kakinara to Naihati",SM1,Y,0,,0,N,0,,R,"C00004",,"RAY BAHADUR ROAD RATHTALLA",,"",,,,,,,,0,,,,,
NE000220180414130511,"KARTIK STORE",8961340713,Kakinara to Naihati,"Kakinara to Naihati",M1,Y,0,,0,N,0,,R,"C00004",,"RAY BAHADUR ROAD RATHTALLA",,"",,,,,,,,0,,,,,
NE000220180414130659,"CHANDAN SINGH",9903560117,Kakinara to Naihati,"Kakinara to Naihati",SM1,Y,0,,0,N,0,,R,"C00004",,"RAY BAHADUR ROAD RATH TALLA",,"",,,,,,,,0,,,,,
NE000220180414130659,"CHANDAN SINGH",9903560117,Kakinara to Naihati,"Kakinara to Naihati",M1,Y,0,,0,N,0,,R,"C00004",,"RAY BAHADUR ROAD RATH TALLA",,"",,,,,,,,0,,,,,
NE000220180414154622,"LOKNATH STORE",9239678341,Kakinara to Naihati,"Kakinara to Naihati",SM1,Y,0,,0,N,0,,R,"C00004",,"RAVINDRA PULLY NAIHATI",,"",,,,,,,,0,,,,,
NE000220180414154622,"LOKNATH STORE",9239678341,Kakinara to Naihati,"Kakinara to Naihati",M1,Y,0,,0,N,0,,R,"C00004",,"RAVINDRA PULLY NAIHATI",,"",,,,,,,,0,,,,,
NE000220180414154812,"KALI BHANDAR",9903560117,Kakinara to Naihati,"Kakinara to Naihati",SM1,Y,0,,0,N,0,,R,"C00004",,"RAVINDRA PULLY NAIHATI",,"",,,,,,,,0,,,,,
NE000220180414154812,"KALI BHANDAR",9903560117,Kakinara to Naihati,"Kakinara to Naihati",M1,Y,0,,0,N,0,,R,"C00004",,"RAVINDRA PULLY NAIHATI",,"",,,,,,,,0,,,,,
NE000220180414155057,"PARNOB STORE",9830825495,Kakinara to Naihati,"Kakinara to Naihati",SM1,Y,0,,0,N,0,,R,"C00004",,"RAY BAHADUR ROAD NAIHATI",,"",,,,,,,,0,,,,,
NE000220180414155057,"PARNOB STORE",9830825495,Kakinara to Naihati,"Kakinara to Naihati",M1,Y,0,,0,N,0,,R,"C00004",,"RAY BAHADUR ROAD NAIHATI",,"",,,,,,,,0,,,,,
NE000220180414155218,"ACHITO SARKAR",8013000559,Kakinara to Naihati,"Kakinara to Naihati",SM1,Y,0,,0,N,0,,R,"C00004",,"5 VIJAY NAGAR NAIHATI",,"",,,,,,,,0,,,,,
NE000220180414155218,"ACHITO SARKAR",8013000559,Kakinara to Naihati,"Kakinara to Naihati",M1,Y,0,,0,N,0,,R,"C00004",,"5 VIJAY NAGAR NAIHATI",,"",,,,,,,,0,,,,,
NE000220180414155554,"SANJAY STORE",8981983689,Kakinara to Naihati,"Kakinara to Naihati",SM1,Y,0,,0,N,0,,R,"C00004",,"2 KATADANGA KANKINARA",,"",,,,,,,,0,,,,,
NE000220180414155554,"SANJAY STORE",8981983689,Kakinara to Naihati,"Kakinara to Naihati",M1,Y,0,,0,N,0,,R,"C00004",,"2 KATADANGA KANKINARA",,"",,,,,,,,0,,,,,
NE000220180414160224,"LOKHHI STORE",9831890369,Kakinara to Naihati,"Kakinara to Naihati",SM1,Y,0,,0,N,0,,R,"C00004",,"125/1/1 NEW QWATER KANKINARA",,"",,,,,,,,0,,,,,
NE000220180414160224,"LOKHHI STORE",9831890369,Kakinara to Naihati,"Kakinara to Naihati",M1,Y,0,,0,N,0,,R,"C00004",,"125/1/1 NEW QWATER KANKINARA",,"",,,,,,,,0,,,,,
NE000220180416104701,"G.P GENRAL STORE",9883923806,Shibpur,"Shibpur",SM1,Y,0,,0,N,0,,R,"C00002",,"GANGES GARDEN GA- 7",,"",,,,,,,,0,,,,,
NE000220180416104701,"G.P GENRAL STORE",9883923806,Shibpur,"Shibpur",M1,Y,0,,0,N,0,,R,"C00002",,"GANGES GARDEN GA- 7",,"",,,,,,,,0,,,,,
NE000220180416142149,"BALAJI STORE",8420555541,Shibpur,"Shibpur",SM1,Y,0,,0,N,0,,R,"C00002",,"GA-1 GANGES GARDEN SHIVPUR",,"",,,,,,,,0,,,,,
NE000220180416142149,"BALAJI STORE",8420555541,Shibpur,"Shibpur",M1,Y,0,,0,N,0,,R,"C00002",,"GA-1 GANGES GARDEN SHIVPUR",,"",,,,,,,,0,,,,,
NE000220180416142326,"HANUMAN STORE",9748968206,Shibpur,"Shibpur",SM1,Y,0,,0,N,0,,R,"C00002",,"GA-1 GANGES GARDEN SHIVPUR",,"",,,,,,,,0,,,,,
NE000220180416142326,"HANUMAN STORE",9748968206,Shibpur,"Shibpur",M1,Y,0,,0,N,0,,R,"C00002",,"GA-1 GANGES GARDEN SHIVPUR",,"",,,,,,,,0,,,,,
NE000220180416142456,"TULSI VAIRAITY STORE",7044433018,Shibpur,"Shibpur",SM1,Y,0,,0,N,0,,R,"C00002",,"GA-1 GANGES GARDEN SHIVPUR",,"",,,,,,,,0,,,,,
NE000220180416142456,"TULSI VAIRAITY STORE",7044433018,Shibpur,"Shibpur",M1,Y,0,,0,N,0,,R,"C00002",,"GA-1 GANGES GARDEN SHIVPUR",,"",,,,,,,,0,,,,,
NE000220180416142545,"MARWAR",9830046571,Shibpur,"Shibpur",SM1,Y,0,,0,N,0,,R,"C00002",,"A-3 GANGES GARDEN SHIVPUR",,"",,,,,,,,0,,,,,
NE000220180416142545,"MARWAR",9830046571,Shibpur,"Shibpur",M1,Y,0,,0,N,0,,R,"C00002",,"A-3 GANGES GARDEN SHIVPUR",,"",,,,,,,,0,,,,,
NE000220180416142648,"DURGA BHANDAR",9681075582,Shibpur,"Shibpur",SM1,Y,0,,0,N,0,,R,"C00002",,"A-3 GANGES GARDEN SHIVPUR",,"",,,,,,,,0,,,,,
NE000220180416142648,"DURGA BHANDAR",9681075582,Shibpur,"Shibpur",M1,Y,0,,0,N,0,,R,"C00002",,"A-3 GANGES GARDEN SHIVPUR",,"",,,,,,,,0,,,,,
NE000220180416142838,"SHRI RANI SATI STORE",9831070032,Shibpur,"Shibpur",SM1,Y,0,,0,N,0,,R,"C00002",,"A-2 GANGES GARDEN SHIVPUR",,"",,,,,,,,0,,,,,
NE000220180416142838,"SHRI RANI SATI STORE",9831070032,Shibpur,"Shibpur",M1,Y,0,,0,N,0,,R,"C00002",,"A-2 GANGES GARDEN SHIVPUR",,"",,,,,,,,0,,,,,
NE000220180416142951,"KESHERWANI",9903352733,Shibpur,"Shibpur",SM1,Y,0,,0,N,0,,R,"C00002",,"157 G.T ROAD SHIVPUR",,"",,,,,,,,0,,,,,
NE000220180416142951,"KESHERWANI",9903352733,Shibpur,"Shibpur",M1,Y,0,,0,N,0,,R,"C00002",,"157 G.T ROAD SHIVPUR",,"",,,,,,,,0,,,,,
NE000220180416143351,"AANAND BHANDAR",9831752034,Shibpur,"Shibpur",SM1,Y,0,,0,N,0,,R,"C00002",,"156 G.T ROAD SHIVPUR",,"",,,,,,,,0,,,,,
NE000220180416143351,"AANAND BHANDAR",9831752034,Shibpur,"Shibpur",M1,Y,0,,0,N,0,,R,"C00002",,"156 G.T ROAD SHIVPUR",,"",,,,,,,,0,,,,,
NE000220180416145142,"BALAJI STORE CHHOTA BAZAR",8981686366,Shibpur,"Shibpur",SM1,Y,0,,0,N,0,,R,"C00002",,"493/B/1 G.T ROAD PANCHSHIL APPARTMENT SHIVPUR",,"",,,,,,,,0,,,,,
NE000220180416145142,"BALAJI STORE CHHOTA BAZAR",8981686366,Shibpur,"Shibpur",M1,Y,0,,0,N,0,,R,"C00002",,"493/B/1 G.T ROAD PANCHSHIL APPARTMENT SHIVPUR",,"",,,,,,,,0,,,,,
NE000220180416145439,"GANBHOG",9339238087,Shibpur,"Shibpur",SM1,Y,0,,0,N,0,,R,"C00002",,"493/B/1 PANCHSHIL APPARTMENT SHIVPUR",,"",,,,,,,,0,,,,,
NE000220180416145439,"GANBHOG",9339238087,Shibpur,"Shibpur",M1,Y,0,,0,N,0,,R,"C00002",,"493/B/1 PANCHSHIL APPARTMENT SHIVPUR",,"",,,,,,,,0,,,,,
NE000220180416145654,"SHREE BALAJI STORE",9831752034,Shibpur,"Shibpur",SM1,Y,0,,0,N,0,,R,"C00002",,"493/B G.T ROAD SHIVPUR",,"",,,,,,,,0,,,,,
NE000220180416145654,"SHREE BALAJI STORE",9831752034,Shibpur,"Shibpur",M1,Y,0,,0,N,0,,R,"C00002",,"493/B G.T ROAD SHIVPUR",,"",,,,,,,,0,,,,,
NE000220180416150530,"SHREE SHYAM STORE",9903388149,Shibpur,"Shibpur",SM1,Y,0,,0,N,0,,R,"C00002",,"493/B G.T ROAD SHIVPUR",,"",,,,,,,,0,,,,,
NE000220180416150530,"SHREE SHYAM STORE",9903388149,Shibpur,"Shibpur",M1,Y,0,,0,N,0,,R,"C00002",,"493/B G.T ROAD SHIVPUR",,"",,,,,,,,0,,,,,
NE000220180416150804,"SHIV SHAKTI BHANDAR",9903560117,Shibpur,"Shibpur",SM1,Y,0,,0,N,0,,R,"C00002",,"493/B G.T ROAD SHIVPUR",26400477,"",,,,,,,,0,,,,,
NE000220180416150804,"SHIV SHAKTI BHANDAR",9903560117,Shibpur,"Shibpur",M1,Y,0,,0,N,0,,R,"C00002",,"493/B G.T ROAD SHIVPUR",26400477,"",,,,,,,,0,,,,,
NE000220180416151111,"NITESH STORE",9681821130,Shibpur,"Shibpur",SM1,Y,0,,0,N,0,,R,"C00002",,"493/B G.T ROAD VIKRAM BIHAR SHIVPUR SHIVPUR",,"",,,,,,,,0,,,,,
NE000220180416151111,"NITESH STORE",9681821130,Shibpur,"Shibpur",M1,Y,0,,0,N,0,,R,"C00002",,"493/B G.T ROAD VIKRAM BIHAR SHIVPUR SHIVPUR",,"",,,,,,,,0,,,,,
NE000220180416151306,"KARNI BHANDAR",9831557955,Shibpur,"Shibpur",SM1,Y,0,,0,N,0,,R,"C00002",,"138 G.T ROAD SHIVPUR",,"",,,,,,,,0,,,,,
NE000220180416151306,"KARNI BHANDAR",9831557955,Shibpur,"Shibpur",M1,Y,0,,0,N,0,,R,"C00002",,"138 G.T ROAD SHIVPUR",,"",,,,,,,,0,,,,,
NE000220180416151418,"SHYAM BHANDAR 1",9831557955,Shibpur,"Shibpur",SM1,Y,0,,0,N,0,,R,"C00002",,"138 G.T ROAD SHIVPUR",,"",,,,,,,,0,,,,,
NE000220180416151418,"SHYAM BHANDAR 1",9831557955,Shibpur,"Shibpur",M1,Y,0,,0,N,0,,R,"C00002",,"138 G.T ROAD SHIVPUR",,"",,,,,,,,0,,,,,
NE000220180416151621,"SHYAM BHANDAR",9831994115,Shibpur,"Shibpur",SM1,Y,0,,0,N,0,,R,"C00002",,"138 G.T ROAD SHIVPUR",,"",,,,,,,,0,,,,,
NE000220180416151621,"SHYAM BHANDAR",9831994115,Shibpur,"Shibpur",M1,Y,0,,0,N,0,,R,"C00002",,"138 G.T ROAD SHIVPUR",,"",,,,,,,,0,,,,,
NE000220180416151739,"SHYAM BHANDAR 2",9831994115,Shibpur,"Shibpur",SM1,Y,0,,0,N,0,,R,"C00002",,"138 G.T ROAD SHIVPUR",,"",,,,,,,,0,,,,,
NE000220180416151739,"SHYAM BHANDAR 2",9831994115,Shibpur,"Shibpur",M1,Y,0,,0,N,0,,R,"C00002",,"138 G.T ROAD SHIVPUR",,"",,,,,,,,0,,,,,
NE000220180416151944,"ARIHANT STORE",9903560117,Shibpur,"Shibpur",SM1,Y,0,,0,N,0,,R,"C00002",,"138 G.T ROAD SHIVPUR",26415580,"",,,,,,,,0,,,,,
NE000220180416151944,"ARIHANT STORE",9903560117,Shibpur,"Shibpur",M1,Y,0,,0,N,0,,R,"C00002",,"138 G.T ROAD SHIVPUR",26415580,"",,,,,,,,0,,,,,
NE000220180416152632,"OM STORE",8961867304,Shibpur,"Shibpur",SM1,Y,0,,0,N,0,,R,"C00002",,"137 G.T ROAD SHIVPUR",,"",,,,,,,,0,,,,,
NE000220180416152632,"OM STORE",8961867304,Shibpur,"Shibpur",M1,Y,0,,0,N,0,,R,"C00002",,"137 G.T ROAD SHIVPUR",,"",,,,,,,,0,,,,,
NE000220180416152718,"K.K SUPER MART",9038910435,Shibpur,"Shibpur",SM1,Y,0,,0,N,0,,R,"C00002",,"125 G.T ROAD SHIVPUR",,"",,,,,,,,0,,,,,
NE000220180416152718,"K.K SUPER MART",9038910435,Shibpur,"Shibpur",M1,Y,0,,0,N,0,,R,"C00002",,"125 G.T ROAD SHIVPUR",,"",,,,,,,,0,,,,,
NE000220180417150228,"SUNITA VARIETY STORE",7044253292,Belur Bazar,"Belur Bazar",SM1,Y,0,,0,N,0,,R,"C00009",,"236 G.T ROAD BELUR BAZAR",,"",,,,,,,,0,,,,,
NE000220180417150228,"SUNITA VARIETY STORE",7044253292,Belur Bazar,"Belur Bazar",M1,Y,0,,0,N,0,,R,"C00009",,"236 G.T ROAD BELUR BAZAR",,"",,,,,,,,0,,,,,
NE000220180417150403,"SANDHANI STORE",9830519058,Belur Bazar,"Belur Bazar",SM1,Y,0,,0,N,0,,R,"C00009",,"232A/5 G.T ROAD BELUR BAZAR",,"",,,,,,,,0,,,,,
NE000220180417150403,"SANDHANI STORE",9830519058,Belur Bazar,"Belur Bazar",M1,Y,0,,0,N,0,,R,"C00009",,"232A/5 G.T ROAD BELUR BAZAR",,"",,,,,,,,0,,,,,
NE000220180418154143,"SETH SAWARIA",8910196356,Liluah,"Liluah",SM1,Y,0,,0,N,0,,R,"C00009",,"RAVINDRA SARNI",,"",,,,,,,,0,,,,,
NE000220180418154143,"SETH SAWARIA",8910196356,Liluah,"Liluah",M1,Y,0,,0,N,0,,R,"C00009",,"RAVINDRA SARNI",,"",,,,,,,,0,,,,,
NE000220180418154510,"SEQUAL",8584880940,Liluah,"Liluah",SM1,Y,0,,0,N,0,,R,"C00009",,"GUHA PARK LILUAH",,"",,,,,,,,0,,,,,
NE000220180418154510,"SEQUAL",8584880940,Liluah,"Liluah",M1,Y,0,,0,N,0,,R,"C00009",,"GUHA PARK LILUAH",,"",,,,,,,,0,,,,,
NE000220180419150037,"BANARSILAL",9830857609,Sealdah to Baithak Khana,"Sealdah to Baithak Khana",SM1,Y,0,,0,N,0,,R,"C00009",,"1NO BAITHAK KHANA BAZAR SEALDAH",,"",,,,,,,,0,,,,,
NE000220180419150037,"BANARSILAL",9830857609,Sealdah to Baithak Khana,"Sealdah to Baithak Khana",M1,Y,0,,0,N,0,,R,"C00009",,"1NO BAITHAK KHANA BAZAR SEALDAH",,"",,,,,,,,0,,,,,
NE000220180419150223,"MAHAVIR AGARWAL",9231652506,Sealdah to Baithak Khana,"Sealdah to Baithak Khana",SM1,Y,0,,0,N,0,,R,"C00009",,"166 BAITHAK KHANA BAZAR SEALDAH",,"",,,,,,,,0,,,,,
NE000220180419150223,"MAHAVIR AGARWAL",9231652506,Sealdah to Baithak Khana,"Sealdah to Baithak Khana",M1,Y,0,,0,N,0,,R,"C00009",,"166 BAITHAK KHANA BAZAR SEALDAH",,"",,,,,,,,0,,,,,
NE000220180419150356,"SAYANTAN",8961389312,Sealdah to Baithak Khana,"Sealdah to Baithak Khana",SM1,Y,0,,0,N,0,,R,"C00009",,"165A BAITHAK KHANA BAZAR SEALDAH",,"",,,,,,,,0,,,,,
NE000220180419150356,"SAYANTAN",8961389312,Sealdah to Baithak Khana,"Sealdah to Baithak Khana",M1,Y,0,,0,N,0,,R,"C00009",,"165A BAITHAK KHANA BAZAR SEALDAH",,"",,,,,,,,0,,,,,
NE000220180419150654,"RAJENDRA SHAW",7044133276,Sealdah to Baithak Khana,"Sealdah to Baithak Khana",SM1,Y,0,,0,N,0,,R,"C00009",,"16 BAITHAK KHANA BAZAR SEALDAH",,"",,,,,,,,0,,,,,
NE000220180419150654,"RAJENDRA SHAW",7044133276,Sealdah to Baithak Khana,"Sealdah to Baithak Khana",M1,Y,0,,0,N,0,,R,"C00009",,"16 BAITHAK KHANA BAZAR SEALDAH",,"",,,,,,,,0,,,,,
NE000220180419151222,"RAJ STORE",9836233863,Sealdah to Baithak Khana,"Sealdah to Baithak Khana",SM1,Y,0,,0,N,0,,R,"C00009",,"22 M.G ROAD NEAR S.N COLLAGE SEALDAH",,"",,,,,,,,0,,,,,
NE000220180419151222,"RAJ STORE",9836233863,Sealdah to Baithak Khana,"Sealdah to Baithak Khana",M1,Y,0,,0,N,0,,R,"C00009",,"22 M.G ROAD NEAR S.N COLLAGE SEALDAH",,"",,,,,,,,0,,,,,
NE000220180419151420,"SANWARMAL AGARWAL",9339500880,Sealdah to Baithak Khana,"Sealdah to Baithak Khana",SM1,Y,0,,0,N,0,,R,"C00009",,"17/1/1 BAITHAK KHANA BAZAR SEALDAH",,"",,,,,,,,0,,,,,
NE000220180419151420,"SANWARMAL AGARWAL",9339500880,Sealdah to Baithak Khana,"Sealdah to Baithak Khana",M1,Y,0,,0,N,0,,R,"C00009",,"17/1/1 BAITHAK KHANA BAZAR SEALDAH",,"",,,,,,,,0,,,,,
NE000220180420132358,"SRINGAR MAHAL",7890705947,Belur Station to Patua Para,"Belur Station to Patua Para",SM1,Y,0,,0,N,0,,R,"C00009",,"D.M MARKET NEAR NISCO GATE",,"",,,,,,,,0,,,,,
NE000220180420132358,"SRINGAR MAHAL",7890705947,Belur Station to Patua Para,"Belur Station to Patua Para",M1,Y,0,,0,N,0,,R,"C00009",,"D.M MARKET NEAR NISCO GATE",,"",,,,,,,,0,,,,,
NE000220180420132535,"PRADIP STORE",9903246381,Belur Station to Patua Para,"Belur Station to Patua Para",SM1,Y,0,,0,N,0,,R,"C00009",,"ABHISHEK SUPAR MARKET SOAP NO:- 7 BELUR",,"",,,,,,,,0,,,,,
NE000220180420132535,"PRADIP STORE",9903246381,Belur Station to Patua Para,"Belur Station to Patua Para",M1,Y,0,,0,N,0,,R,"C00009",,"ABHISHEK SUPAR MARKET SOAP NO:- 7 BELUR",,"",,,,,,,,0,,,,,
NE000220180421132340,"RUPA STORE",9883491300,Bandel,"Bandel",SM1,Y,0,,0,N,0,,R,"C00013",,"STATION ROAD BANDEL",,"",,,,,,,,0,,,,,
NE000220180421132340,"RUPA STORE",9883491300,Bandel,"Bandel",M1,Y,0,,0,N,0,,R,"C00013",,"STATION ROAD BANDEL",,"",,,,,,,,0,,,,,
NE000220180424143140,"DASKARMA BHANDAR",9903560117,Kakinara to Jagatdal II,"Kakinara to Jagatdal II",SM1,Y,0,,0,N,0,,R,"C00004",,"SUKANTO PULLY KANKINARA",,"",,,,,,,,0,,,,,
NE000220180424143140,"DASKARMA BHANDAR",9903560117,Kakinara to Jagatdal II,"Kakinara to Jagatdal II",M1,Y,0,,0,N,0,,R,"C00004",,"SUKANTO PULLY KANKINARA",,"",,,,,,,,0,,,,,
NE000220180424143505,"JAI GURU BHANDAR",9230072395,Kakinara to Jagatdal II,"Kakinara to Jagatdal II",SM1,Y,0,,0,N,0,,R,"C00004",,"SUKANTO PULLY KANKINARA",,"",,,,,,,,0,,,,,
NE000220180424143505,"JAI GURU BHANDAR",9230072395,Kakinara to Jagatdal II,"Kakinara to Jagatdal II",M1,Y,0,,0,N,0,,R,"C00004",,"SUKANTO PULLY KANKINARA",,"",,,,,,,,0,,,,,
NE000220180424143556,"SUBHAY STORE",9143219345,Kakinara to Jagatdal II,"Kakinara to Jagatdal II",SM1,Y,0,,0,N,0,,R,"C00004",,"SUKANTO PULLY KANKINARA",,"",,,,,,,,0,,,,,
NE000220180424143556,"SUBHAY STORE",9143219345,Kakinara to Jagatdal II,"Kakinara to Jagatdal II",M1,Y,0,,0,N,0,,R,"C00004",,"SUKANTO PULLY KANKINARA",,"",,,,,,,,0,,,,,
NE000220180424143712,"SUJIT STORE",9674807366,Kakinara to Jagatdal II,"Kakinara to Jagatdal II",SM1,Y,0,,0,N,0,,R,"C00004",,"GOLGHAT KANKINARA",,"",,,,,,,,0,,,,,
NE000220180424143712,"SUJIT STORE",9674807366,Kakinara to Jagatdal II,"Kakinara to Jagatdal II",M1,Y,0,,0,N,0,,R,"C00004",,"GOLGHAT KANKINARA",,"",,,,,,,,0,,,,,
NE000220180424143921,"NANDI DASKARMA BHANDAR",9838900661,Kakinara to Jagatdal II,"Kakinara to Jagatdal II",SM1,Y,0,,0,N,0,,R,"C00004",,"SANDHYA VILLAGE ROAD KANKINARA",,"",,,,,,,,0,,,,,
NE000220180424143921,"NANDI DASKARMA BHANDAR",9838900661,Kakinara to Jagatdal II,"Kakinara to Jagatdal II",M1,Y,0,,0,N,0,,R,"C00004",,"SANDHYA VILLAGE ROAD KANKINARA",,"",,,,,,,,0,,,,,
NE000220180424144038,"GITA STORE",8013269177,Kakinara to Jagatdal II,"Kakinara to Jagatdal II",SM1,Y,0,,0,N,0,,R,"C00004",,"SANDHYA VILLAGE ROAD KANKINARA",,"",,,,,,,,0,,,,,
NE000220180424144038,"GITA STORE",8013269177,Kakinara to Jagatdal II,"Kakinara to Jagatdal II",M1,Y,0,,0,N,0,,R,"C00004",,"SANDHYA VILLAGE ROAD KANKINARA",,"",,,,,,,,0,,,,,
NE000220180424144225,"SIBUPAL STORE",7685846005,Kakinara to Jagatdal II,"Kakinara to Jagatdal II",SM1,Y,0,,0,N,0,,R,"C00004",,"GOALGHAR JAGATDAL",,"",,,,,,,,0,,,,,
NE000220180424144225,"SIBUPAL STORE",7685846005,Kakinara to Jagatdal II,"Kakinara to Jagatdal II",M1,Y,0,,0,N,0,,R,"C00004",,"GOALGHAR JAGATDAL",,"",,,,,,,,0,,,,,
NE000220180424145110,"LAKHI BAHNDAR",9903473361,Kakinara to Jagatdal II,"Kakinara to Jagatdal II",SM1,Y,0,,0,N,0,,R,"C00004",,"GOAL GHAR JAGATDAL",,"",,,,,,,,0,,,,,
NE000220180424145110,"LAKHI BAHNDAR",9903473361,Kakinara to Jagatdal II,"Kakinara to Jagatdal II",M1,Y,0,,0,N,0,,R,"C00004",,"GOAL GHAR JAGATDAL",,"",,,,,,,,0,,,,,
NE000220180424145230,"MONALISHA STORE",9883414055,Kakinara to Jagatdal II,"Kakinara to Jagatdal II",SM1,Y,0,,0,N,0,,R,"C00004",,"GOAL GHAR JAGATDAL",,"",,,,,,,,0,,,,,
NE000220180424145230,"MONALISHA STORE",9883414055,Kakinara to Jagatdal II,"Kakinara to Jagatdal II",M1,Y,0,,0,N,0,,R,"C00004",,"GOAL GHAR JAGATDAL",,"",,,,,,,,0,,,,,
NE000220180424145459,"JYOTI STORE",9903261816,Kakinara to Jagatdal II,"Kakinara to Jagatdal II",SM1,Y,0,,0,N,0,,R,"C00004",,"GUPTAR BAGAN JAGATDAL",,"",,,,,,,,0,,,,,
NE000220180424145459,"JYOTI STORE",9903261816,Kakinara to Jagatdal II,"Kakinara to Jagatdal II",M1,Y,0,,0,N,0,,R,"C00004",,"GUPTAR BAGAN JAGATDAL",,"",,,,,,,,0,,,,,
NE000220180424145742,"ARCHNA VAIRITY STORE",9062118111,Kakinara to Jagatdal II,"Kakinara to Jagatdal II",SM1,Y,0,,0,N,0,,R,"C00004",,"GOAL GHAR JAGATDAL",,"",,,,,,,,0,,,,,
NE000220180424145742,"ARCHNA VAIRITY STORE",9062118111,Kakinara to Jagatdal II,"Kakinara to Jagatdal II",M1,Y,0,,0,N,0,,R,"C00004",,"GOAL GHAR JAGATDAL",,"",,,,,,,,0,,,,,
NE000220180424145905,"RADHA RANI STORE",9681207547,Kakinara to Jagatdal II,"Kakinara to Jagatdal II",SM1,Y,0,,0,N,0,,R,"C00004",,"GOAL GHAR JAGATDAL",,"",,,,,,,,0,,,,,
NE000220180424145905,"RADHA RANI STORE",9681207547,Kakinara to Jagatdal II,"Kakinara to Jagatdal II",M1,Y,0,,0,N,0,,R,"C00004",,"GOAL GHAR JAGATDAL",,"",,,,,,,,0,,,,,
NE000220180424150028,"KAMLESH STORE",9163036449,Kakinara to Jagatdal II,"Kakinara to Jagatdal II",SM1,Y,0,,0,N,0,,R,"C00004",,"GUPTAR BAGAN JAGATDAL",,"",,,,,,,,0,,,,,
NE000220180424150028,"KAMLESH STORE",9163036449,Kakinara to Jagatdal II,"Kakinara to Jagatdal II",M1,Y,0,,0,N,0,,R,"C00004",,"GUPTAR BAGAN JAGATDAL",,"",,,,,,,,0,,,,,
NE000220180424150148,"GUPTA STORE",8582986572,Kakinara to Jagatdal II,"Kakinara to Jagatdal II",SM1,Y,0,,0,N,0,,R,"C00004",,"GUPTAR BAGAN JAGATDAL",,"",,,,,,,,0,,,,,
NE000220180424150148,"GUPTA STORE",8582986572,Kakinara to Jagatdal II,"Kakinara to Jagatdal II",M1,Y,0,,0,N,0,,R,"C00004",,"GUPTAR BAGAN JAGATDAL",,"",,,,,,,,0,,,,,
NE000220180424150240,"PYARE LAL SHAW",7278768638,Kakinara to Jagatdal II,"Kakinara to Jagatdal II",SM1,Y,0,,0,N,0,,R,"C00004",,"GUPTAR BAGAN JAGATDAL",,"",,,,,,,,0,,,,,
NE000220180424150240,"PYARE LAL SHAW",7278768638,Kakinara to Jagatdal II,"Kakinara to Jagatdal II",M1,Y,0,,0,N,0,,R,"C00004",,"GUPTAR BAGAN JAGATDAL",,"",,,,,,,,0,,,,,
NE000220180424150408,"B.M AGARWAL",8296663571,Kakinara to Jagatdal II,"Kakinara to Jagatdal II",SM1,Y,0,,0,N,0,,R,"C00004",,"BABU QWATER  JAGATDAL",,"",,,,,,,,0,,,,,
NE000220180424150408,"B.M AGARWAL",8296663571,Kakinara to Jagatdal II,"Kakinara to Jagatdal II",M1,Y,0,,0,N,0,,R,"C00004",,"BABU QWATER  JAGATDAL",,"",,,,,,,,0,,,,,
NE000220180424150632,"JAI GURU STORE",9330964606,Kakinara to Jagatdal II,"Kakinara to Jagatdal II",SM1,Y,0,,0,N,0,,R,"C00004",,"BABU QWATER JAGATDAL",,"",,,,,,,,0,,,,,
NE000220180424150632,"JAI GURU STORE",9330964606,Kakinara to Jagatdal II,"Kakinara to Jagatdal II",M1,Y,0,,0,N,0,,R,"C00004",,"BABU QWATER JAGATDAL",,"",,,,,,,,0,,,,,
NE000220180424150715,"ATUL CHANDRA",9231815854,Kakinara to Jagatdal II,"Kakinara to Jagatdal II",SM1,Y,0,,0,N,0,,R,"C00004",,"BABU QWATER JAGATDAL",,"",,,,,,,,0,,,,,
NE000220180424150715,"ATUL CHANDRA",9231815854,Kakinara to Jagatdal II,"Kakinara to Jagatdal II",M1,Y,0,,0,N,0,,R,"C00004",,"BABU QWATER JAGATDAL",,"",,,,,,,,0,,,,,
NE000220180426115418,"AMIT LAL SHAW",9331270223,Katadanga,"Katadanga",SM1,Y,0,,0,N,0,,R,"C00004",,"RAMNAGAR COLONI KANKINARA",,"",,,,,,,,0,,,,,
NE000220180426115418,"AMIT LAL SHAW",9331270223,Katadanga,"Katadanga",M1,Y,0,,0,N,0,,R,"C00004",,"RAMNAGAR COLONI KANKINARA",,"",,,,,,,,0,,,,,
NE000220180426121519,"SANJAY STORE",8981983689,Katadanga,"Katadanga",SM1,Y,0,,0,N,0,,R,"C00004",,"RAVINDRA NAGAR KATADANGA KANKINARA",,"",,,,,,,,0,,,,,
NE000220180426121519,"SANJAY STORE",8981983689,Katadanga,"Katadanga",M1,Y,0,,0,N,0,,R,"C00004",,"RAVINDRA NAGAR KATADANGA KANKINARA",,"",,,,,,,,0,,,,,
NE000220180426123129,"SUNIL STORE ENCHAK GATE",9038240599,Katadanga,"Katadanga",SM1,Y,0,,0,N,0,,R,"C00004",,"KATADANGA ENCHEK GATE KANKINARA",,"",,,,,,,,0,,,,,
NE000220180426123129,"SUNIL STORE ENCHAK GATE",9038240599,Katadanga,"Katadanga",M1,Y,0,,0,N,0,,R,"C00004",,"KATADANGA ENCHEK GATE KANKINARA",,"",,,,,,,,0,,,,,
NE000220180426123620,"RAJKUMAR STORE",7686934932,Katadanga,"Katadanga",SM1,Y,0,,0,N,0,,R,"C00004",,"KATADANGA ENCHAK GATE KANKINARA",,"",,,,,,,,0,,,,,
NE000220180426123620,"RAJKUMAR STORE",7686934932,Katadanga,"Katadanga",M1,Y,0,,0,N,0,,R,"C00004",,"KATADANGA ENCHAK GATE KANKINARA",,"",,,,,,,,0,,,,,
NE000220180426131702,"TAPAS MANDAL",9674437304,Katadanga,"Katadanga",SM1,Y,0,,0,N,0,,R,"C00004",,"CHOTA SRIRAMPUR KANKINARA",,"",,,,,,,,0,,,,,
NE000220180426131702,"TAPAS MANDAL",9674437304,Katadanga,"Katadanga",M1,Y,0,,0,N,0,,R,"C00004",,"CHOTA SRIRAMPUR KANKINARA",,"",,,,,,,,0,,,,,
NE000220180427131344,"JAIDEV GHOSH",9830297489,Belur Station to Patua Para,"Belur Station to Patua Para",SM1,Y,0,,0,N,0,,R,"C00009",,"SAPUIPARA BELUR",,"",,,,,,,,0,,,,,
NE000220180427131344,"JAIDEV GHOSH",9830297489,Belur Station to Patua Para,"Belur Station to Patua Para",M1,Y,0,,0,N,0,,R,"C00009",,"SAPUIPARA BELUR",,"",,,,,,,,0,,,,,
NE000220180428144200,"JAIN TEA CENTER",9073153022,Bandel,"Bandel",SM1,Y,0,,0,N,0,,R,"C00013",,"BANDEL BAZAR",,"",,,,,,,,0,,,,,
NE000220180428144200,"JAIN TEA CENTER",9073153022,Bandel,"Bandel",M1,Y,0,,0,N,0,,R,"C00013",,"BANDEL BAZAR",,"",,,,,,,,0,,,,,
NE000220180428144443,"ALPNA STORE",8240164330,Bandel,"Bandel",SM1,Y,0,,0,N,0,,R,"C00013",,"BANDEL BAZAR",,"",,,,,,,,0,,,,,
NE000220180428144443,"ALPNA STORE",8240164330,Bandel,"Bandel",M1,Y,0,,0,N,0,,R,"C00013",,"BANDEL BAZAR",,"",,,,,,,,0,,,,,
NE000220180428144546,"BIKKI STORE",9831098559,Bandel,"Bandel",SM1,Y,0,,0,N,0,,R,"C00013",,"BANDEL BAZAR",,"",,,,,,,,0,,,,,
NE000220180428144546,"BIKKI STORE",9831098559,Bandel,"Bandel",M1,Y,0,,0,N,0,,R,"C00013",,"BANDEL BAZAR",,"",,,,,,,,0,,,,,
NE000220180428144743,"YOUR CHOICE",9804198189,Bandel,"Bandel",SM1,Y,0,,0,N,0,,R,"C00013",,"BANDEL BAZAR",,"",,,,,,,,0,,,,,
NE000220180428144743,"YOUR CHOICE",9804198189,Bandel,"Bandel",M1,Y,0,,0,N,0,,R,"C00013",,"BANDEL BAZAR",,"",,,,,,,,0,,,,,
NE000220180428144910,"P.S ENTERPRISES",9903560117,Bandel,"Bandel",SM1,Y,0,,0,N,0,,R,"C00013",,"BANDEL BAZAR",,"",,,,,,,,0,,,,,
NE000220180428144910,"P.S ENTERPRISES",9903560117,Bandel,"Bandel",M1,Y,0,,0,N,0,,R,"C00013",,"BANDEL BAZAR",,"",,,,,,,,0,,,,,
NE000220180430142446,"BAJRANG STORE",9681292566,Shibpur,"Shibpur",SM1,Y,0,,0,N,0,,R,"C00002",,"5 NARSING BOSE LANE SHIVPUR",,"",,,,,,,,0,,,,,
NE000220180430142446,"BAJRANG STORE",9681292566,Shibpur,"Shibpur",M1,Y,0,,0,N,0,,R,"C00002",,"5 NARSING BOSE LANE SHIVPUR",,"",,,,,,,,0,,,,,
NE000220180502132725,"B.K STORE",9903055485,Don Bosco to Ghusuri,"Don Bosco to Ghusuri",SM1,Y,0,,0,N,0,,R,"C00009",,"ABHAY GUHA ROAD DONVOSCO",,"",,,,,,,,0,,,,,
NE000220180502132725,"B.K STORE",9903055485,Don Bosco to Ghusuri,"Don Bosco to Ghusuri",M1,Y,0,,0,N,0,,R,"C00009",,"ABHAY GUHA ROAD DONVOSCO",,"",,,,,,,,0,,,,,
NE000220180503145052,"JAI PRAKASH KIRANA",7439519876,Kakinara to Jagatdal I,"Kakinara to Jagatdal I",SM1,Y,0,,0,N,0,,R,"C00004",,"AGRO INDIA JUITE MILL LINE JAGATDAL",,"",,,,,,,,0,,,,,
NE000220180503145052,"JAI PRAKASH KIRANA",7439519876,Kakinara to Jagatdal I,"Kakinara to Jagatdal I",M1,Y,0,,0,N,0,,R,"C00004",,"AGRO INDIA JUITE MILL LINE JAGATDAL",,"",,,,,,,,0,,,,,
NE000220180503145236,"IMTIYAD ANSARI",9903560117,Kakinara to Jagatdal I,"Kakinara to Jagatdal I",SM1,Y,0,,0,N,0,,R,"C00004",,"ARGO INDIA JUITE MILL LINE JAGATDAL",,"",,,,,,,,0,,,,,
NE000220180503145236,"IMTIYAD ANSARI",9903560117,Kakinara to Jagatdal I,"Kakinara to Jagatdal I",M1,Y,0,,0,N,0,,R,"C00004",,"ARGO INDIA JUITE MILL LINE JAGATDAL",,"",,,,,,,,0,,,,,
NE000220180503145342,"SHIV BHANDAR",9330931034,Kakinara to Jagatdal I,"Kakinara to Jagatdal I",SM1,Y,0,,0,N,0,,R,"C00004",,"KELA BAGAN JAGATDAL",,"",,,,,,,,0,,,,,
NE000220180503145342,"SHIV BHANDAR",9330931034,Kakinara to Jagatdal I,"Kakinara to Jagatdal I",M1,Y,0,,0,N,0,,R,"C00004",,"KELA BAGAN JAGATDAL",,"",,,,,,,,0,,,,,
NE000220180503145424,"SAJIR STORE",9330646462,Kakinara to Jagatdal I,"Kakinara to Jagatdal I",SM1,Y,0,,0,N,0,,R,"C00004",,"KELA BAGAN JAGATDAL",,"",,,,,,,,0,,,,,
NE000220180503145424,"SAJIR STORE",9330646462,Kakinara to Jagatdal I,"Kakinara to Jagatdal I",M1,Y,0,,0,N,0,,R,"C00004",,"KELA BAGAN JAGATDAL",,"",,,,,,,,0,,,,,
NE000220180503145514,"RANI STORE",9143401917,Kakinara to Jagatdal I,"Kakinara to Jagatdal I",SM1,Y,0,,0,N,0,,R,"C00004",,"KELA BAGAN JAGATDAL",,"",,,,,,,,0,,,,,
NE000220180503145514,"RANI STORE",9143401917,Kakinara to Jagatdal I,"Kakinara to Jagatdal I",M1,Y,0,,0,N,0,,R,"C00004",,"KELA BAGAN JAGATDAL",,"",,,,,,,,0,,,,,
NE000220180503150113,"AKRAM STORE",8981061427,Kakinara to Jagatdal I,"Kakinara to Jagatdal I",SM1,Y,0,,0,N,0,,R,"C00004",,"KELA BAGAN JAGATDAL",,"",,,,,,,,0,,,,,
NE000220180503150113,"AKRAM STORE",8981061427,Kakinara to Jagatdal I,"Kakinara to Jagatdal I",M1,Y,0,,0,N,0,,R,"C00004",,"KELA BAGAN JAGATDAL",,"",,,,,,,,0,,,,,
NE000220180503150403,"BABLU STORE",7278420704,Kakinara to Jagatdal I,"Kakinara to Jagatdal I",SM1,Y,0,,0,N,0,,R,"C00004",,"PURANI BAZAR JAGATDAL",,"",,,,,,,,0,,,,,
NE000220180503150403,"BABLU STORE",7278420704,Kakinara to Jagatdal I,"Kakinara to Jagatdal I",M1,Y,0,,0,N,0,,R,"C00004",,"PURANI BAZAR JAGATDAL",,"",,,,,,,,0,,,,,
NE000220180503150538,"PRITAM STORE",9831548825,Kakinara to Jagatdal I,"Kakinara to Jagatdal I",SM1,Y,0,,0,N,0,,R,"C00004",,"PURANI BAZAR JAGATDAL AND",,"",,,,,,,,0,,,,,
NE000220180503150538,"PRITAM STORE",9831548825,Kakinara to Jagatdal I,"Kakinara to Jagatdal I",M1,Y,0,,0,N,0,,R,"C00004",,"PURANI BAZAR JAGATDAL AND",,"",,,,,,,,0,,,,,
NE000220180503150741,"PUJA LEADIS CORNER",8013214176,Kakinara to Jagatdal I,"Kakinara to Jagatdal I",SM1,Y,0,,0,N,0,,R,"C00004",,"3/39 PURANI BAZAR JAGATDAL AND",,"",,,,,,,,0,,,,,
NE000220180503150741,"PUJA LEADIS CORNER",8013214176,Kakinara to Jagatdal I,"Kakinara to Jagatdal I",M1,Y,0,,0,N,0,,R,"C00004",,"3/39 PURANI BAZAR JAGATDAL AND",,"",,,,,,,,0,,,,,
NE000220180503153357,"RAJ LAKSHMI BHANDAR",9339159383,Kakinara to Jagatdal I,"Kakinara to Jagatdal I",SM1,Y,0,,0,N,0,,R,"C00004",,"PURANI BAZAR JAGATDAL",,"",,,,,,,,0,,,,,
NE000220180503153357,"RAJ LAKSHMI BHANDAR",9339159383,Kakinara to Jagatdal I,"Kakinara to Jagatdal I",M1,Y,0,,0,N,0,,R,"C00004",,"PURANI BAZAR JAGATDAL",,"",,,,,,,,0,,,,,
NE000220180503153520,"RAJENDRA PRASAD SHAW",9903381004,Kakinara to Jagatdal I,"Kakinara to Jagatdal I",SM1,Y,0,,0,N,0,,R,"C00004",,"PURANI BAZAR JAGATDAL",,"",,,,,,,,0,,,,,
NE000220180503153520,"RAJENDRA PRASAD SHAW",9903381004,Kakinara to Jagatdal I,"Kakinara to Jagatdal I",M1,Y,0,,0,N,0,,R,"C00004",,"PURANI BAZAR JAGATDAL",,"",,,,,,,,0,,,,,
NE000220180503153724,"NOOR STORE",7439169944,Kakinara to Jagatdal I,"Kakinara to Jagatdal I",SM1,Y,0,,0,N,0,,R,"C00004",,"BAKAR MUHALLA PURANI BAZAR JAGATDAL",,"",,,,,,,,0,,,,,
NE000220180503153724,"NOOR STORE",7439169944,Kakinara to Jagatdal I,"Kakinara to Jagatdal I",M1,Y,0,,0,N,0,,R,"C00004",,"BAKAR MUHALLA PURANI BAZAR JAGATDAL",,"",,,,,,,,0,,,,,
NE000220180503153826,"SANJAY STORE (RAMJI)",9331348757,Kakinara to Jagatdal I,"Kakinara to Jagatdal I",SM1,Y,0,,0,N,0,,R,"C00004",,"3 JAGATDAL",,"",,,,,,,,0,,,,,
NE000220180503153826,"SANJAY STORE (RAMJI)",9331348757,Kakinara to Jagatdal I,"Kakinara to Jagatdal I",M1,Y,0,,0,N,0,,R,"C00004",,"3 JAGATDAL",,"",,,,,,,,0,,,,,
NE000220180503154022,"JAI MA BAIBHAV LAKSHMI",9339609962,Kakinara to Jagatdal I,"Kakinara to Jagatdal I",SM1,Y,0,,0,N,0,,R,"C00004",,"B.P ROAD JAGATDAL",,"",,,,,,,,0,,,,,
NE000220180503154022,"JAI MA BAIBHAV LAKSHMI",9339609962,Kakinara to Jagatdal I,"Kakinara to Jagatdal I",M1,Y,0,,0,N,0,,R,"C00004",,"B.P ROAD JAGATDAL",,"",,,,,,,,0,,,,,
NE000220180503154144,"SHANKAR STORE",9831434818,Kakinara to Jagatdal I,"Kakinara to Jagatdal I",SM1,Y,0,,0,N,0,,R,"C00004",,"GHOSH PARA ROAD JAGATDAL",,"",,,,,,,,0,,,,,
NE000220180503154144,"SHANKAR STORE",9831434818,Kakinara to Jagatdal I,"Kakinara to Jagatdal I",M1,Y,0,,0,N,0,,R,"C00004",,"GHOSH PARA ROAD JAGATDAL",,"",,,,,,,,0,,,,,
NE000220180503154237,"SONI STORE",7278186651,Kakinara to Jagatdal I,"Kakinara to Jagatdal I",SM1,Y,0,,0,N,0,,R,"C00004",,"BHAGAT KATRA JAGATDAL",,"",,,,,,,,0,,,,,
NE000220180503154237,"SONI STORE",7278186651,Kakinara to Jagatdal I,"Kakinara to Jagatdal I",M1,Y,0,,0,N,0,,R,"C00004",,"BHAGAT KATRA JAGATDAL",,"",,,,,,,,0,,,,,
NE000220180503155852,"DECENT TAILORE",7278708076,Kakinara to Jagatdal I,"Kakinara to Jagatdal I",SM1,Y,0,,0,N,0,,R,"C00004",,"BADI MASJID JAGATDAL",,"",,,,,,,,0,,,,,
NE000220180503155852,"DECENT TAILORE",7278708076,Kakinara to Jagatdal I,"Kakinara to Jagatdal I",M1,Y,0,,0,N,0,,R,"C00004",,"BADI MASJID JAGATDAL",,"",,,,,,,,0,,,,,
NE000220180505105256,"SHIVAM BHANDAR (SANJAY)",9143245706,Kakinara to Naihati,"Kakinara to Naihati",SM1,Y,0,,0,N,0,,R,"C00004",,"MANIKPIR BAZAR KANKINARA",,"",,,,,,,,0,,,,,
NE000220180505105256,"SHIVAM BHANDAR (SANJAY)",9143245706,Kakinara to Naihati,"Kakinara to Naihati",M1,Y,0,,0,N,0,,R,"C00004",,"MANIKPIR BAZAR KANKINARA",,"",,,,,,,,0,,,,,
NE000220180505141338,"SABINAY STORE",9748968254,Kakinara to Naihati,"Kakinara to Naihati",SM1,Y,0,,0,N,0,,R,"C00004",,"2 KATADANGA ROAD KANKINARA NEAR 26 NO RAIL GATE",,"",,,,,,,,0,,,,,
NE000220180505141338,"SABINAY STORE",9748968254,Kakinara to Naihati,"Kakinara to Naihati",M1,Y,0,,0,N,0,,R,"C00004",,"2 KATADANGA ROAD KANKINARA NEAR 26 NO RAIL GATE",,"",,,,,,,,0,,,,,
NE000220180505141502,"ANPURNA STORE",9339336226,Kakinara to Naihati,"Kakinara to Naihati",SM1,Y,0,,0,N,0,,R,"C00004",,"230 KATADANGA ROAD KANKINARA",,"",,,,,,,,0,,,,,
NE000220180505141502,"ANPURNA STORE",9339336226,Kakinara to Naihati,"Kakinara to Naihati",M1,Y,0,,0,N,0,,R,"C00004",,"230 KATADANGA ROAD KANKINARA",,"",,,,,,,,0,,,,,
NE000220180505141637,"TANUPRIYA",9143733862,Kakinara to Naihati,"Kakinara to Naihati",SM1,Y,0,,0,N,0,,R,"C00004",,"45/2 A.V ROAD KANKINARA",,"",,,,,,,,0,,,,,
NE000220180505141637,"TANUPRIYA",9143733862,Kakinara to Naihati,"Kakinara to Naihati",M1,Y,0,,0,N,0,,R,"C00004",,"45/2 A.V ROAD KANKINARA",,"",,,,,,,,0,,,,,
NE000220180508190251,"SHIV NANDAN STORE",7278782705,Kakinara 2,"Kakinara 2",SM1,Y,0,,0,N,0,,R,"C00004",,"KANKINARA LINE",,"",,,,,,,,0,,,,,
NE000220180508190251,"SHIV NANDAN STORE",7278782705,Kakinara 2,"Kakinara 2",M1,Y,0,,0,N,0,,R,"C00004",,"KANKINARA LINE",,"",,,,,,,,0,,,,,
NE000220180508190353,"KESHRI STORE",7450036581,Kakinara 2,"Kakinara 2",SM1,Y,0,,0,N,0,,R,"C00004",,"NAYA BAZAR KANKINARA B.L NO 3",,"",,,,,,,,0,,,,,
NE000220180508190353,"KESHRI STORE",7450036581,Kakinara 2,"Kakinara 2",M1,Y,0,,0,N,0,,R,"C00004",,"NAYA BAZAR KANKINARA B.L NO 3",,"",,,,,,,,0,,,,,
NE000220180508190521,"SAMIM STORE",9330816189,Kakinara 2,"Kakinara 2",SM1,Y,0,,0,N,0,,R,"C00004",,"NAYA BAZAR KANKINARA",,"",,,,,,,,0,,,,,
NE000220180508190521,"SAMIM STORE",9330816189,Kakinara 2,"Kakinara 2",M1,Y,0,,0,N,0,,R,"C00004",,"NAYA BAZAR KANKINARA",,"",,,,,,,,0,,,,,
NE000220180508190707,"RAJU STORE",8617275440,Kakinara 2,"Kakinara 2",SM1,Y,0,,0,N,0,,R,"C00004",,"NEW CORD ROAD KANKINARA",,"",,,,,,,,0,,,,,
NE000220180508190707,"RAJU STORE",8617275440,Kakinara 2,"Kakinara 2",M1,Y,0,,0,N,0,,R,"C00004",,"NEW CORD ROAD KANKINARA",,"",,,,,,,,0,,,,,
NE000220180508190841,"RAJESH STORE",8646880948,Kakinara 2,"Kakinara 2",SM1,Y,0,,0,N,0,,R,"C00004",,"AARYA SAMAJ ROAD KANKINARA",,"",,,,,,,,0,,,,,
NE000220180508190841,"RAJESH STORE",8646880948,Kakinara 2,"Kakinara 2",M1,Y,0,,0,N,0,,R,"C00004",,"AARYA SAMAJ ROAD KANKINARA",,"",,,,,,,,0,,,,,
NE000220180508191015,"PRADIP KUNDO",8013958571,Kakinara 2,"Kakinara 2",SM1,Y,0,,0,N,0,,R,"C00004",,"AARYA SAMAJ ROAD KANKINARA",,"",,,,,,,,0,,,,,
NE000220180508191015,"PRADIP KUNDO",8013958571,Kakinara 2,"Kakinara 2",M1,Y,0,,0,N,0,,R,"C00004",,"AARYA SAMAJ ROAD KANKINARA",,"",,,,,,,,0,,,,,
NE000220180508191059,"ROHIT STORE",9339525602,Kakinara 2,"Kakinara 2",SM1,Y,0,,0,N,0,,R,"C00004",,"AARYA SAMAJ ROAD KANKINARA",,"",,,,,,,,0,,,,,
NE000220180508191059,"ROHIT STORE",9339525602,Kakinara 2,"Kakinara 2",M1,Y,0,,0,N,0,,R,"C00004",,"AARYA SAMAJ ROAD KANKINARA",,"",,,,,,,,0,,,,,
NE000220180508191310,"BIUTY COLLECTION",9681727411,Kakinara 2,"Kakinara 2",SM1,Y,0,,0,N,0,,R,"C00004",,"AARYA SAMAJ ROAD KANKINARA",,"",,,,,,,,0,,,,,
NE000220180508191310,"BIUTY COLLECTION",9681727411,Kakinara 2,"Kakinara 2",M1,Y,0,,0,N,0,,R,"C00004",,"AARYA SAMAJ ROAD KANKINARA",,"",,,,,,,,0,,,,,
NE000220180508191425,"ROHIT SRINGAR STORE",9331407460,Kakinara 2,"Kakinara 2",SM1,Y,0,,0,N,0,,R,"C00004",,"AARYA SAMAJ ROAD KANKINARA",,"",,,,,,,,0,,,,,
NE000220180508191425,"ROHIT SRINGAR STORE",9331407460,Kakinara 2,"Kakinara 2",M1,Y,0,,0,N,0,,R,"C00004",,"AARYA SAMAJ ROAD KANKINARA",,"",,,,,,,,0,,,,,
NE000220180508191544,"ASHOK BHANDAR",9903560117,Kakinara 2,"Kakinara 2",SM1,Y,0,,0,N,0,,R,"C00004",,"BARAI PARA KANKINARA",,"",,,,,,,,0,,,,,
NE000220180508191544,"ASHOK BHANDAR",9903560117,Kakinara 2,"Kakinara 2",M1,Y,0,,0,N,0,,R,"C00004",,"BARAI PARA KANKINARA",,"",,,,,,,,0,,,,,
NE000220180508191658,"KRISHNA SHAW",8100181871,Kakinara 2,"Kakinara 2",SM1,Y,0,,0,N,0,,R,"C00004",,"GWAL PARA ROAD KANKINARA B.L NO 12",,"",,,,,,,,0,,,,,
NE000220180508191658,"KRISHNA SHAW",8100181871,Kakinara 2,"Kakinara 2",M1,Y,0,,0,N,0,,R,"C00004",,"GWAL PARA ROAD KANKINARA B.L NO 12",,"",,,,,,,,0,,,,,
NE000220180508191838,"PAWAN STORE",9875405121,Kakinara 2,"Kakinara 2",SM1,Y,0,,0,N,0,,R,"C00004",,"KANKINARA B.L NO 13 NEAR PAPER MILL",,"",,,,,,,,0,,,,,
NE000220180508191838,"PAWAN STORE",9875405121,Kakinara 2,"Kakinara 2",M1,Y,0,,0,N,0,,R,"C00004",,"KANKINARA B.L NO 13 NEAR PAPER MILL",,"",,,,,,,,0,,,,,
NE000220180508191946,"KUNDU STORE",9330660840,Kakinara 2,"Kakinara 2",SM1,Y,0,,0,N,0,,R,"C00004",,"11 NO GALI KANKINARA",,"",,,,,,,,0,,,,,
NE000220180508191946,"KUNDU STORE",9330660840,Kakinara 2,"Kakinara 2",M1,Y,0,,0,N,0,,R,"C00004",,"11 NO GALI KANKINARA",,"",,,,,,,,0,,,,,
NE000220180510140559,"DASKARMA BHANDAR",9163500250,Katadanga,"Katadanga",SM1,Y,0,,0,N,0,,R,"C00004",,"RATHTALLA BRIGE KANKINARA",,"",,,,,,,,0,,,,,
NE000220180510140559,"DASKARMA BHANDAR",9163500250,Katadanga,"Katadanga",M1,Y,0,,0,N,0,,R,"C00004",,"RATHTALLA BRIGE KANKINARA",,"",,,,,,,,0,,,,,
NE000220180510145129,"R.P SHAW",9903497211,Katadanga,"Katadanga",SM1,Y,0,,0,N,0,,R,"C00004",,"RATHTALLA BRIGE KANKINARA",,"",,,,,,,,0,,,,,
NE000220180510145129,"R.P SHAW",9903497211,Katadanga,"Katadanga",M1,Y,0,,0,N,0,,R,"C00004",,"RATHTALLA BRIGE KANKINARA",,"",,,,,,,,0,,,,,
NE000220180512180306,"PARAS STORE",9331245098,Bandel,"Bandel",SM1,Y,0,,0,N,0,,R,"C00013",,"BANDEL BAZAR",,"",,,,,,,,0,,,,,
NE000220180512180306,"PARAS STORE",9331245098,Bandel,"Bandel",M1,Y,0,,0,N,0,,R,"C00013",,"BANDEL BAZAR",,"",,,,,,,,0,,,,,
NE000220180516213035,"MAA TARA ENTERPRISES",7278770413,Mandalpara,"Mandalpara",SM1,Y,0,,0,N,0,,R,"C00004",,"5/16 SATIR PARA ROAD KANKINARA",,"",,,,,,,,0,,,,,
NE000220180516213035,"MAA TARA ENTERPRISES",7278770413,Mandalpara,"Mandalpara",M1,Y,0,,0,N,0,,R,"C00004",,"5/16 SATIR PARA ROAD KANKINARA",,"",,,,,,,,0,,,,,
NE000220180516213147,"KISHORI SHAW",9831854571,Mandalpara,"Mandalpara",SM1,Y,0,,0,N,0,,R,"C00004",,"PREM CHAND NAGAR KANKINARA",,"",,,,,,,,0,,,,,
NE000220180516213147,"KISHORI SHAW",9831854571,Mandalpara,"Mandalpara",M1,Y,0,,0,N,0,,R,"C00004",,"PREM CHAND NAGAR KANKINARA",,"",,,,,,,,0,,,,,
NE000220180516213307,"PRAKASH PAL",9330499129,Mandalpara,"Mandalpara",SM1,Y,0,,0,N,0,,R,"C00004",,"SATIRPARA MANDALPARA",,"",,,,,,,,0,,,,,
NE000220180516213307,"PRAKASH PAL",9330499129,Mandalpara,"Mandalpara",M1,Y,0,,0,N,0,,R,"C00004",,"SATIRPARA MANDALPARA",,"",,,,,,,,0,,,,,
NE000220180516213457,"AANAND STORE",9123894051,Mandalpara,"Mandalpara",SM1,Y,0,,0,N,0,,R,"C00004",,"SATIRPARA MANSATALLA MANDALPARA",,"",,,,,,,,0,,,,,
NE000220180516213457,"AANAND STORE",9123894051,Mandalpara,"Mandalpara",M1,Y,0,,0,N,0,,R,"C00004",,"SATIRPARA MANSATALLA MANDALPARA",,"",,,,,,,,0,,,,,
NE000220180516213734,"MAA SARSWATI KIRANA BHANDAR",8240962772,Mandalpara,"Mandalpara",SM1,Y,0,,0,N,0,,R,"C00004",,"STHIRPARA MANSATALLA MANDALPARA",,"",,,,,,,,0,,,,,
NE000220180516213734,"MAA SARSWATI KIRANA BHANDAR",8240962772,Mandalpara,"Mandalpara",M1,Y,0,,0,N,0,,R,"C00004",,"STHIRPARA MANSATALLA MANDALPARA",,"",,,,,,,,0,,,,,
NE000220180516213851,"GORANGO",9903560117,Mandalpara,"Mandalpara",SM1,Y,0,,0,N,0,,R,"C00004",,"BURI BURTALLA MANDALPARA",,"",,,,,,,,0,,,,,
NE000220180516213851,"GORANGO",9903560117,Mandalpara,"Mandalpara",M1,Y,0,,0,N,0,,R,"C00004",,"BURI BURTALLA MANDALPARA",,"",,,,,,,,0,,,,,
NE000220180516214024,"MAA SHITLA BHANDAR",9903560117,Mandalpara,"Mandalpara",SM1,Y,0,,0,N,0,,R,"C00004",,"BURI BURTALLA MANDALPARA",,"",,,,,,,,0,,,,,
NE000220180516214024,"MAA SHITLA BHANDAR",9903560117,Mandalpara,"Mandalpara",M1,Y,0,,0,N,0,,R,"C00004",,"BURI BURTALLA MANDALPARA",,"",,,,,,,,0,,,,,
NE000220180516214204,"RAJEEV MANDAL",9038156018,Mandalpara,"Mandalpara",SM1,Y,0,,0,N,0,,R,"C00004",,"MANDALPARA",,"",,,,,,,,0,,,,,
NE000220180516214204,"RAJEEV MANDAL",9038156018,Mandalpara,"Mandalpara",M1,Y,0,,0,N,0,,R,"C00004",,"MANDALPARA",,"",,,,,,,,0,,,,,
NE000220180516214359,"SANJAY STORE",9831357224,Mandalpara,"Mandalpara",SM1,Y,0,,0,N,0,,R,"C00004",,"MANDALPARA",,"",,,,,,,,0,,,,,
NE000220180516214359,"SANJAY STORE",9831357224,Mandalpara,"Mandalpara",M1,Y,0,,0,N,0,,R,"C00004",,"MANDALPARA",,"",,,,,,,,0,,,,,
NE000220180516214621,"SWATANJLI",9674973120,Mandalpara,"Mandalpara",SM1,Y,0,,0,N,0,,R,"C00004",,"STHIRPARA MANDALPARA",,"",,,,,,,,0,,,,,
NE000220180516214621,"SWATANJLI",9674973120,Mandalpara,"Mandalpara",M1,Y,0,,0,N,0,,R,"C00004",,"STHIRPARA MANDALPARA",,"",,,,,,,,0,,,,,
NE000220180517151133,"RAJU STORE",8617275440,Katadanga,"Katadanga",SM1,Y,0,,0,N,0,,R,"C00004",,"NEW CORT ROAD KANKINARA",,"",,,,,,,,0,,,,,
NE000220180517151133,"RAJU STORE",8617275440,Katadanga,"Katadanga",M1,Y,0,,0,N,0,,R,"C00004",,"NEW CORT ROAD KANKINARA",,"",,,,,,,,0,,,,,
NE000220180519152651,"AOKO BIPANI",9432589893,Kadamtala,"Kadamtala",SM1,Y,0,,0,N,0,,R,"C00002",,"19/2 NARSINGHA DUTTA ROAD",,"",,,,,,,,0,,,,,
NE000220180519152651,"AOKO BIPANI",9432589893,Kadamtala,"Kadamtala",M1,Y,0,,0,N,0,,R,"C00002",,"19/2 NARSINGHA DUTTA ROAD",,"",,,,,,,,0,,,,,
NE000220180519152801,"LEADIS CORNER",9831540014,Kadamtala,"Kadamtala",SM1,Y,0,,0,N,0,,R,"C00002",,"11/2 NARSINGHA DUTTA ROAD KADAMTALLA",,"",,,,,,,,0,,,,,
NE000220180519152801,"LEADIS CORNER",9831540014,Kadamtala,"Kadamtala",M1,Y,0,,0,N,0,,R,"C00002",,"11/2 NARSINGHA DUTTA ROAD KADAMTALLA",,"",,,,,,,,0,,,,,
NE000220180519152912,"KRISHNA COLLECTION",9830191856,Kadamtala,"Kadamtala",SM1,Y,0,,0,N,0,,R,"C00002",,"11&11/1 NARSINGHA DUTTA ROAD KADAMTALLA",,"",,,,,,,,0,,,,,
NE000220180519152912,"KRISHNA COLLECTION",9830191856,Kadamtala,"Kadamtala",M1,Y,0,,0,N,0,,R,"C00002",,"11&11/1 NARSINGHA DUTTA ROAD KADAMTALLA",,"",,,,,,,,0,,,,,
NE000220180519153024,"MAYA STORE",9836177251,Kadamtala,"Kadamtala",SM1,Y,0,,0,N,0,,R,"C00002",,"6/2 NARSINGHA DUTTA ROAD KADAMTALLA NEAR SABJI MANDI",,"",,,,,,,,0,,,,,
NE000220180519153024,"MAYA STORE",9836177251,Kadamtala,"Kadamtala",M1,Y,0,,0,N,0,,R,"C00002",,"6/2 NARSINGHA DUTTA ROAD KADAMTALLA NEAR SABJI MANDI",,"",,,,,,,,0,,,,,
NE000220180519153258,"MAHENDRA SINGH",9903560117,Kadamtala,"Kadamtala",SM1,Y,0,,0,N,0,,R,"C00002",,"2/4 NARSINGHA DUTTA ROAD KADAMTALLA NEAR",,"",,,,,,,,0,,,,,
NE000220180519153258,"MAHENDRA SINGH",9903560117,Kadamtala,"Kadamtala",M1,Y,0,,0,N,0,,R,"C00002",,"2/4 NARSINGHA DUTTA ROAD KADAMTALLA NEAR",,"",,,,,,,,0,,,,,
NE000220180519153529,"S.K SINGH",8420275747,Kadamtala,"Kadamtala",SM1,Y,0,,0,N,0,,R,"C00002",,"1/2 NARSINGHA DUTTA ROAD KADAMTALLA BAZAR",,"",,,,,,,,0,,,,,
NE000220180519153529,"S.K SINGH",8420275747,Kadamtala,"Kadamtala",M1,Y,0,,0,N,0,,R,"C00002",,"1/2 NARSINGHA DUTTA ROAD KADAMTALLA BAZAR",,"",,,,,,,,0,,,,,
NE000220180519153655,"IMITATION MUSIUM",9836516778,Kadamtala,"Kadamtala",SM1,Y,0,,0,N,0,,R,"C00002",,"1 NARSINGHA DUTTA ROAD NEAR BANTRA POLICE STATION KADAMTALLA",,"",,,,,,,,0,,,,,
NE000220180519153655,"IMITATION MUSIUM",9836516778,Kadamtala,"Kadamtala",M1,Y,0,,0,N,0,,R,"C00002",,"1 NARSINGHA DUTTA ROAD NEAR BANTRA POLICE STATION KADAMTALLA",,"",,,,,,,,0,,,,,
NE000220180519153812,"NAGENDRA BHANDAR",9903560117,Kadamtala,"Kadamtala",SM1,Y,0,,0,N,0,,R,"C00002",,"1 NARSINGHA DUTTA ROAD NERA BANTRA POLICE STATION KADAMTALLA",26779394,"",,,,,,,,0,,,,,
NE000220180519153812,"NAGENDRA BHANDAR",9903560117,Kadamtala,"Kadamtala",M1,Y,0,,0,N,0,,R,"C00002",,"1 NARSINGHA DUTTA ROAD NERA BANTRA POLICE STATION KADAMTALLA",26779394,"",,,,,,,,0,,,,,
NE000220180519153956,"SHREE JAGNATH BHANDAR",9836368222,Kadamtala,"Kadamtala",SM1,Y,0,,0,N,0,,R,"C00002",,"65/2 NATBAR PAUL ROAD KADAMTALLA",,"",,,,,,,,0,,,,,
NE000220180519153956,"SHREE JAGNATH BHANDAR",9836368222,Kadamtala,"Kadamtala",M1,Y,0,,0,N,0,,R,"C00002",,"65/2 NATBAR PAUL ROAD KADAMTALLA",,"",,,,,,,,0,,,,,
NE000220180519154059,"KADAMTALA STORE",9062927997,Kadamtala,"Kadamtala",SM1,Y,0,,0,N,0,,R,"C00002",,"14/4 MAKARDA ROAD KADAMTALLA",,"",,,,,,,,0,,,,,
NE000220180519154059,"KADAMTALA STORE",9062927997,Kadamtala,"Kadamtala",M1,Y,0,,0,N,0,,R,"C00002",,"14/4 MAKARDA ROAD KADAMTALLA",,"",,,,,,,,0,,,,,
NE000220180519154338,"ANNAPURNA BHANDAR",9874411680,Kadamtala,"Kadamtala",SM1,Y,0,,0,N,0,,R,"C00002",,"10 NARSINGHA DUTTA ROAD KADAMTALLA",,"",,,,,,,,0,,,,,
NE000220180519154338,"ANNAPURNA BHANDAR",9874411680,Kadamtala,"Kadamtala",M1,Y,0,,0,N,0,,R,"C00002",,"10 NARSINGHA DUTTA ROAD KADAMTALLA",,"",,,,,,,,0,,,,,
NE000220180519154533,"M.N DAS",9903220523,Kadamtala,"Kadamtala",SM1,Y,0,,0,N,0,,R,"C00002",,"132 PANCHAMTALA ROAD NERA POWER HOUSE KADAMTALLA",,"",,,,,,,,0,,,,,
NE000220180519154533,"M.N DAS",9903220523,Kadamtala,"Kadamtala",M1,Y,0,,0,N,0,,R,"C00002",,"132 PANCHAMTALA ROAD NERA POWER HOUSE KADAMTALLA",,"",,,,,,,,0,,,,,
NE000220180519154844,"TARAK NATH BHANDAR",9163686284,Kadamtala,"Kadamtala",SM1,Y,0,,0,N,0,,R,"C00002",,"30 NARSINGHA DUTTA ROAD NEAR POWER HOUSE KADAMTALLA",,"",,,,,,,,0,,,,,
NE000220180519154844,"TARAK NATH BHANDAR",9163686284,Kadamtala,"Kadamtala",M1,Y,0,,0,N,0,,R,"C00002",,"30 NARSINGHA DUTTA ROAD NEAR POWER HOUSE KADAMTALLA",,"",,,,,,,,0,,,,,
NE000220180522151631,"SANTOSH BHANDAR",9330785198,Kakinara to Jagatdal II,"Kakinara to Jagatdal II",SM1,Y,0,,0,N,0,,R,"C00004",,"GOLGHAR BAZAR JAGATDAL",,"",,,,,,,,0,,,,,
NE000220180522151631,"SANTOSH BHANDAR",9330785198,Kakinara to Jagatdal II,"Kakinara to Jagatdal II",M1,Y,0,,0,N,0,,R,"C00004",,"GOLGHAR BAZAR JAGATDAL",,"",,,,,,,,0,,,,,
NE000220180522151818,"LAKSHMAN STORE",9163193385,Kakinara to Jagatdal II,"Kakinara to Jagatdal II",SM1,Y,0,,0,N,0,,R,"C00004",,"CEWIN ROAD JAGATDAL",,"",,,,,,,,0,,,,,
NE000220180522151818,"LAKSHMAN STORE",9163193385,Kakinara to Jagatdal II,"Kakinara to Jagatdal II",M1,Y,0,,0,N,0,,R,"C00004",,"CEWIN ROAD JAGATDAL",,"",,,,,,,,0,,,,,
NE000220180522152103,"JAI MATADI STORE",9883646162,Kakinara to Jagatdal II,"Kakinara to Jagatdal II",SM1,Y,0,,0,N,0,,R,"C00004",,"B.L.NO 7 MOTI BHAWAN JAGATDAL",,"",,,,,,,,0,,,,,
NE000220180522152103,"JAI MATADI STORE",9883646162,Kakinara to Jagatdal II,"Kakinara to Jagatdal II",M1,Y,0,,0,N,0,,R,"C00004",,"B.L.NO 7 MOTI BHAWAN JAGATDAL",,"",,,,,,,,0,,,,,
NE000220180522152240,"SANTOSH STORE",9903718654,Kakinara to Jagatdal I,"Kakinara to Jagatdal I",SM1,Y,0,,0,N,0,,R,"C00004",,"CIRCUS MORE JAGATDAL NEAR BHAGAT KARTA",,"",,,,,,,,0,,,,,
NE000220180522152240,"SANTOSH STORE",9903718654,Kakinara to Jagatdal I,"Kakinara to Jagatdal I",M1,Y,0,,0,N,0,,R,"C00004",,"CIRCUS MORE JAGATDAL NEAR BHAGAT KARTA",,"",,,,,,,,0,,,,,
NE000220180522153343,"RINA STORE",9831811826,Kakinara to Jagatdal I,"Kakinara to Jagatdal I",SM1,Y,0,,0,N,0,,R,"C00004",,"BHAGAT KATRA JAGATDAL",,"",,,,,,,,0,,,,,
NE000220180522153343,"RINA STORE",9831811826,Kakinara to Jagatdal I,"Kakinara to Jagatdal I",M1,Y,0,,0,N,0,,R,"C00004",,"BHAGAT KATRA JAGATDAL",,"",,,,,,,,0,,,,,
NE000220180522153520,"READINT COLLECTION",9681122580,Kakinara to Jagatdal I,"Kakinara to Jagatdal I",SM1,Y,0,,0,N,0,,R,"C00004",,"BHAGAT KARTA JAGATDAL",,"",,,,,,,,0,,,,,
NE000220180522153520,"READINT COLLECTION",9681122580,Kakinara to Jagatdal I,"Kakinara to Jagatdal I",M1,Y,0,,0,N,0,,R,"C00004",,"BHAGAT KARTA JAGATDAL",,"",,,,,,,,0,,,,,
NE000220180522153624,"DULHAN STORE",8820091988,Kakinara to Jagatdal I,"Kakinara to Jagatdal I",SM1,Y,0,,0,N,0,,R,"C00004",,"BHAGAT KARTA JAGATDAL",,"",,,,,,,,0,,,,,
NE000220180522153624,"DULHAN STORE",8820091988,Kakinara to Jagatdal I,"Kakinara to Jagatdal I",M1,Y,0,,0,N,0,,R,"C00004",,"BHAGAT KARTA JAGATDAL",,"",,,,,,,,0,,,,,
NE000220180522153737,"NEW SONI STORE",7059211704,Kakinara to Jagatdal I,"Kakinara to Jagatdal I",SM1,Y,0,,0,N,0,,R,"C00004",,"BHAGAT KARTA JAGATDAL",,"",,,,,,,,0,,,,,
NE000220180522153737,"NEW SONI STORE",7059211704,Kakinara to Jagatdal I,"Kakinara to Jagatdal I",M1,Y,0,,0,N,0,,R,"C00004",,"BHAGAT KARTA JAGATDAL",,"",,,,,,,,0,,,,,
NE000220180522153855,"NEW RINA STORE",9831647580,Kakinara to Jagatdal I,"Kakinara to Jagatdal I",SM1,Y,0,,0,N,0,,R,"C00004",,"BHAGAT KARTA JAGATDAL",,"",,,,,,,,0,,,,,
NE000220180522153855,"NEW RINA STORE",9831647580,Kakinara to Jagatdal I,"Kakinara to Jagatdal I",M1,Y,0,,0,N,0,,R,"C00004",,"BHAGAT KARTA JAGATDAL",,"",,,,,,,,0,,,,,
NE000220180522154021,"IMSHAD VARITY STORE",9007254938,Kakinara to Jagatdal I,"Kakinara to Jagatdal I",SM1,Y,0,,0,N,0,,R,"C00004",,"ATCHALA BAGAN ROAD JAGATDAL",,"",,,,,,,,0,,,,,
NE000220180522154021,"IMSHAD VARITY STORE",9007254938,Kakinara to Jagatdal I,"Kakinara to Jagatdal I",M1,Y,0,,0,N,0,,R,"C00004",,"ATCHALA BAGAN ROAD JAGATDAL",,"",,,,,,,,0,,,,,
NE000220180523154032,"SHIVAM STORE",7003060151,Don Bosco to Ghusuri,"Don Bosco to Ghusuri",SM1,Y,0,,0,N,0,,R,"C00009",,"268/9 G.T ROAD DONVOSCO",,"",,,,,,,,0,,,,,
NE000220180523154032,"SHIVAM STORE",7003060151,Don Bosco to Ghusuri,"Don Bosco to Ghusuri",M1,Y,0,,0,N,0,,R,"C00009",,"268/9 G.T ROAD DONVOSCO",,"",,,,,,,,0,,,,,
NE000220180524130049,"RAJU GIFT HOUSE",8697324529,Khardah,"Khardah",SM1,Y,0,,0,N,0,,R,"C00018",,"P.K BISWASH ROAD  PURANI BAZAR KHARDAH",,"",,,,,,,,0,,,,,
NE000220180524130049,"RAJU GIFT HOUSE",8697324529,Khardah,"Khardah",M1,Y,0,,0,N,0,,R,"C00018",,"P.K BISWASH ROAD  PURANI BAZAR KHARDAH",,"",,,,,,,,0,,,,,
NE000220180524131456,"GIFT HOUSE",9331947208,Khardah,"Khardah",SM1,Y,0,,0,N,0,,R,"C00018",,"P.K BISWASH ROAD PURANI BAZAR KHARDAH",,"",,,,,,,,0,,,,,
NE000220180524131456,"GIFT HOUSE",9331947208,Khardah,"Khardah",M1,Y,0,,0,N,0,,R,"C00018",,"P.K BISWASH ROAD PURANI BAZAR KHARDAH",,"",,,,,,,,0,,,,,
NE000220180524133142,"BASA STORE",8335006372,Khardah,"Khardah",SM1,Y,0,,0,N,0,,R,"C00018",,"4 NO BAZAR STATION ROAD RAHARA KHARDAH",,"",,,,,,,,0,,,,,
NE000220180524133142,"BASA STORE",8335006372,Khardah,"Khardah",M1,Y,0,,0,N,0,,R,"C00018",,"4 NO BAZAR STATION ROAD RAHARA KHARDAH",,"",,,,,,,,0,,,,,
NE000220180524134930,"DEVOLI IMITATION & COSMETICS",8622846311,Khardah,"Khardah",SM1,Y,0,,0,N,0,,R,"C00018",,"4 NO BAZAR STATION ROAD RAHARA KHARDAH",,"",,,,,,,,0,,,,,
NE000220180524134930,"DEVOLI IMITATION & COSMETICS",8622846311,Khardah,"Khardah",M1,Y,0,,0,N,0,,R,"C00018",,"4 NO BAZAR STATION ROAD RAHARA KHARDAH",,"",,,,,,,,0,,,,,
NE000220180524135849,"RADHA RANI COSMETICS",9836283803,Khardah,"Khardah",SM1,Y,0,,0,N,0,,R,"C00018",,"301 READINT PARK RAHARA BAZAR KHARDAH",,"",,,,,,,,0,,,,,
NE000220180524135849,"RADHA RANI COSMETICS",9836283803,Khardah,"Khardah",M1,Y,0,,0,N,0,,R,"C00018",,"301 READINT PARK RAHARA BAZAR KHARDAH",,"",,,,,,,,0,,,,,
NE000220180524141242,"MAA KALI STORE",9903560117,Khardah,"Khardah",SM1,Y,0,,0,N,0,,R,"C00018",,"RAHARA BAZAR KHARDAH",,"",,,,,,,,0,,,,,
NE000220180524141242,"MAA KALI STORE",9903560117,Khardah,"Khardah",M1,Y,0,,0,N,0,,R,"C00018",,"RAHARA BAZAR KHARDAH",,"",,,,,,,,0,,,,,
NE000220180608130450,"BANDHU MAHAL",9143268770,Kestopur,"Kestopur",SM1,Y,0,,0,N,0,,R,"C00007",,"AC :- 1 RAVINDRA PALLY KESTOPUR",,"",,,,,,,,0,,,,,
NE000220180608130450,"BANDHU MAHAL",9143268770,Kestopur,"Kestopur",M1,Y,0,,0,N,0,,R,"C00007",,"AC :- 1 RAVINDRA PALLY KESTOPUR",,"",,,,,,,,0,,,,,
NE000220180608131030,"PRAYOJYANI",9903560117,Kestopur,"Kestopur",SM1,Y,0,,0,N,0,,R,"C00007",,"AC:- 14 RAVINDRA PALLY KESTOPUR",,"",,,,,,,,0,,,,,
NE000220180608131030,"PRAYOJYANI",9903560117,Kestopur,"Kestopur",M1,Y,0,,0,N,0,,R,"C00007",,"AC:- 14 RAVINDRA PALLY KESTOPUR",,"",,,,,,,,0,,,,,
NE000220180608133911,"SAMPURNA",9836889818,Kestopur,"Kestopur",SM1,Y,0,,0,N,0,,R,"C00007",,"56 RAVINDRA PALLY KESTOPUR",,"",,,,,,,,0,,,,,
NE000220180608133911,"SAMPURNA",9836889818,Kestopur,"Kestopur",M1,Y,0,,0,N,0,,R,"C00007",,"56 RAVINDRA PALLY KESTOPUR",,"",,,,,,,,0,,,,,
NE000220180608141523,"JANTA STORE",9051031007,Kestopur,"Kestopur",SM1,Y,0,,0,N,0,,R,"C00007",,"AE:- 5 RAVINDRA PALLY KESTOPUR",,"",,,,,,,,0,,,,,
NE000220180608141523,"JANTA STORE",9051031007,Kestopur,"Kestopur",M1,Y,0,,0,N,0,,R,"C00007",,"AE:- 5 RAVINDRA PALLY KESTOPUR",,"",,,,,,,,0,,,,,
NE000220180608145224,"JAY LOKNATH STORE",9903560117,Kestopur,"Kestopur",SM1,Y,0,,0,N,0,,R,"C00007",,"AE:- 5 RAVINDRA PALLY KESTOPUR",25912234,"",,,,,,,,0,,,,,
NE000220180608145224,"JAY LOKNATH STORE",9903560117,Kestopur,"Kestopur",M1,Y,0,,0,N,0,,R,"C00007",,"AE:- 5 RAVINDRA PALLY KESTOPUR",25912234,"",,,,,,,,0,,,,,
NE000220180608145650,"HANUMAN STORE",9674286616,Kestopur,"Kestopur",SM1,Y,0,,0,N,0,,R,"C00007",,"BE:- 29 RAVINDRA PALLY KESTOPUR",,"",,,,,,,,0,,,,,
NE000220180608145650,"HANUMAN STORE",9674286616,Kestopur,"Kestopur",M1,Y,0,,0,N,0,,R,"C00007",,"BE:- 29 RAVINDRA PALLY KESTOPUR",,"",,,,,,,,0,,,,,
NE000220180608151811,"RUP CHARCHA",8013831682,Kestopur,"Kestopur",SM1,Y,0,,0,N,0,,R,"C00007",,"BF:- 19 HANAPARA KESTOPUR",,"",,,,,,,,0,,,,,
NE000220180608151811,"RUP CHARCHA",8013831682,Kestopur,"Kestopur",M1,Y,0,,0,N,0,,R,"C00007",,"BF:- 19 HANAPARA KESTOPUR",,"",,,,,,,,0,,,,,
NE000220180608151941,"SUVIDHA",9883080092,Kestopur,"Kestopur",SM1,Y,0,,0,N,0,,R,"C00007",,"AG:- 333 HANAPARA KESTOPUR",,"",,,,,,,,0,,,,,
NE000220180608151941,"SUVIDHA",9883080092,Kestopur,"Kestopur",M1,Y,0,,0,N,0,,R,"C00007",,"AG:- 333 HANAPARA KESTOPUR",,"",,,,,,,,0,,,,,
NE000220180609095849,"S.K ENTERPRISES",9883090050,Jessor Road,"Jessor Road",SM1,Y,0,,0,N,0,,R,"C00007",,"119/1 JESSOR ROAD SHYAMNAGAR",,"",,,,,,,,0,,,,,
NE000220180609095849,"S.K ENTERPRISES",9883090050,Jessor Road,"Jessor Road",M1,Y,0,,0,N,0,,R,"C00007",,"119/1 JESSOR ROAD SHYAMNAGAR",,"",,,,,,,,0,,,,,
NE000220180609102747,"CHAUDHARY STORE",9239289701,Jessor Road,"Jessor Road",SM1,Y,0,,0,N,0,,R,"C00007",,"183 SHYAM NAGAR ROAD JESSORE ROAD",,"",,,,,,,,0,,,,,
NE000220180609102747,"CHAUDHARY STORE",9239289701,Jessor Road,"Jessor Road",M1,Y,0,,0,N,0,,R,"C00007",,"183 SHYAM NAGAR ROAD JESSORE ROAD",,"",,,,,,,,0,,,,,
NE000220180609105110,"AGARWAL FOOD STORE",9230424164,Jessor Road,"Jessor Road",SM1,Y,0,,0,N,0,,R,"C00007",,"158A JESSORE ROAD SHYAM NAGAR",,"",,,,,,,,0,,,,,
NE000220180609105110,"AGARWAL FOOD STORE",9230424164,Jessor Road,"Jessor Road",M1,Y,0,,0,N,0,,R,"C00007",,"158A JESSORE ROAD SHYAM NAGAR",,"",,,,,,,,0,,,,,
NE000220180609110027,"GUPTA STORE",9836041902,Jessor Road,"Jessor Road",SM1,Y,0,,0,N,0,,R,"C00007",,"152 JESSORE ROAD SHYAM NAGAR",,"",,,,,,,,0,,,,,
NE000220180609110027,"GUPTA STORE",9836041902,Jessor Road,"Jessor Road",M1,Y,0,,0,N,0,,R,"C00007",,"152 JESSORE ROAD SHYAM NAGAR",,"",,,,,,,,0,,,,,
NE000220180609111245,"SHREE DURGA STORES",9331036954,Jessor Road,"Jessor Road",SM1,Y,0,,0,N,0,,R,"C00007",,"151 JESSORE ROAD SHYAM NAGAR",,"",,,,,,,,0,,,,,
NE000220180609111245,"SHREE DURGA STORES",9331036954,Jessor Road,"Jessor Road",M1,Y,0,,0,N,0,,R,"C00007",,"151 JESSORE ROAD SHYAM NAGAR",,"",,,,,,,,0,,,,,
NE000220180609113654,"OM ENTERPRISES",9903560117,Jessor Road,"Jessor Road",SM1,Y,0,,0,N,0,,R,"C00007",,"244 NAYAPATTY ROAD JESSORE ROAD SHYAM NAGAR",25596952,"",,,,,,,,0,,,,,
NE000220180609113654,"OM ENTERPRISES",9903560117,Jessor Road,"Jessor Road",M1,Y,0,,0,N,0,,R,"C00007",,"244 NAYAPATTY ROAD JESSORE ROAD SHYAM NAGAR",25596952,"",,,,,,,,0,,,,,
NE000220180609124116,"SAAJ GHAR",7059935768,Nagerbazar,"Nagerbazar",SM1,Y,0,,0,N,0,,R,"C00007",,"468/1 JESSORE ROAD NAGAR BAZAR DUMDUM",,"",,,,,,,,0,,,,,
NE000220180609124116,"SAAJ GHAR",7059935768,Nagerbazar,"Nagerbazar",M1,Y,0,,0,N,0,,R,"C00007",,"468/1 JESSORE ROAD NAGAR BAZAR DUMDUM",,"",,,,,,,,0,,,,,
NE000220180609125625,"SANTOSH STORE",9883067201,Nagerbazar,"Nagerbazar",SM1,Y,0,,0,N,0,,R,"C00007",,"479 JESSORE ROAD SATGACHHI NAGAR BAZAR DUMDUM",,"",,,,,,,,0,,,,,
NE000220180609125625,"SANTOSH STORE",9883067201,Nagerbazar,"Nagerbazar",M1,Y,0,,0,N,0,,R,"C00007",,"479 JESSORE ROAD SATGACHHI NAGAR BAZAR DUMDUM",,"",,,,,,,,0,,,,,
NE000220180609133521,"ROSE VERAITY",9330457005,Nagerbazar,"Nagerbazar",SM1,Y,0,,0,N,0,,R,"C00007",,"82A JESSORE ROAD NAGAR BAZAR OREANTAL BANK",,"",,,,,,,,0,,,,,
NE000220180609133521,"ROSE VERAITY",9330457005,Nagerbazar,"Nagerbazar",M1,Y,0,,0,N,0,,R,"C00007",,"82A JESSORE ROAD NAGAR BAZAR OREANTAL BANK",,"",,,,,,,,0,,,,,
NE000220180609133818,"INDO",9830112634,Nagerbazar,"Nagerbazar",SM1,Y,0,,0,N,0,,R,"C00007",,"132 JESSORE ROAD NAGAR BAZAR BABUTALLA DUMDUM",,"",,,,,,,,0,,,,,
NE000220180609133818,"INDO",9830112634,Nagerbazar,"Nagerbazar",M1,Y,0,,0,N,0,,R,"C00007",,"132 JESSORE ROAD NAGAR BAZAR BABUTALLA DUMDUM",,"",,,,,,,,0,,,,,
NE000220180609134401,"IMMITATION CORNER",9433168201,Nagerbazar,"Nagerbazar",SM1,Y,0,,0,N,0,,R,"C00007",,"109 JESSORE ROAD BABUTALLA NAGAR BAZAR DUMDUM",,"",,,,,,,,0,,,,,
NE000220180609134401,"IMMITATION CORNER",9433168201,Nagerbazar,"Nagerbazar",M1,Y,0,,0,N,0,,R,"C00007",,"109 JESSORE ROAD BABUTALLA NAGAR BAZAR DUMDUM",,"",,,,,,,,0,,,,,
NE000220180609135425,"TILLOTAMA",9563722663,Nagerbazar,"Nagerbazar",SM1,Y,0,,0,N,0,,R,"C00007",,"NAGAR BAZAR MARKET",,"",,,,,,,,0,,,,,
NE000220180609135425,"TILLOTAMA",9563722663,Nagerbazar,"Nagerbazar",M1,Y,0,,0,N,0,,R,"C00007",,"NAGAR BAZAR MARKET",,"",,,,,,,,0,,,,,
NE000220180609135603,"ROYS GIFT & COSMETICS",9875342071,Nagerbazar,"Nagerbazar",SM1,Y,0,,0,N,0,,R,"C00007",,"499 JESSORE ROAD NAGAR BAZAR DUMDUM",,"",,,,,,,,0,,,,,
NE000220180609135603,"ROYS GIFT & COSMETICS",9875342071,Nagerbazar,"Nagerbazar",M1,Y,0,,0,N,0,,R,"C00007",,"499 JESSORE ROAD NAGAR BAZAR DUMDUM",,"",,,,,,,,0,,,,,
NE000220180609140312,"SHAW STORE",9903135125,Nagerbazar,"Nagerbazar",SM1,Y,0,,0,N,0,,R,"C00007",,"126 DUMDUM ROAD NAGAR BAZAR DUMDUM",,"",,,,,,,,0,,,,,
NE000220180609140312,"SHAW STORE",9903135125,Nagerbazar,"Nagerbazar",M1,Y,0,,0,N,0,,R,"C00007",,"126 DUMDUM ROAD NAGAR BAZAR DUMDUM",,"",,,,,,,,0,,,,,
NE000220180609141600,"SANJAY STORE",9831103837,Nagerbazar,"Nagerbazar",SM1,Y,0,,0,N,0,,R,"C00007",,"59 DUMDUM ROAD NAGAR BAZAR DUMDUM  NEAR MOTI JHIL",,"",,,,,,,,0,,,,,
NE000220180609141600,"SANJAY STORE",9831103837,Nagerbazar,"Nagerbazar",M1,Y,0,,0,N,0,,R,"C00007",,"59 DUMDUM ROAD NAGAR BAZAR DUMDUM  NEAR MOTI JHIL",,"",,,,,,,,0,,,,,
NE000220180609145438,"M/S  S. RAJA",9831321538,Nagerbazar,"Nagerbazar",SM1,Y,0,,0,N,0,,R,"C00007",,"10/25 K.B SARNI MALL ROAD NAGAR BAZAR",,"",,,,,,,,0,,,,,
NE000220180609145438,"M/S  S. RAJA",9831321538,Nagerbazar,"Nagerbazar",M1,Y,0,,0,N,0,,R,"C00007",,"10/25 K.B SARNI MALL ROAD NAGAR BAZAR",,"",,,,,,,,0,,,,,
NE000220180609150051,"MAA ANPURNA STORE",9477583541,Nagerbazar,"Nagerbazar",SM1,Y,0,,0,N,0,,R,"C00007",,"12 K.B SARNI MALL ROAD NAGAR BAZAR",,"",,,,,,,,0,,,,,
NE000220180609150051,"MAA ANPURNA STORE",9477583541,Nagerbazar,"Nagerbazar",M1,Y,0,,0,N,0,,R,"C00007",,"12 K.B SARNI MALL ROAD NAGAR BAZAR",,"",,,,,,,,0,,,,,
NE000220180609151839,"GHARANA",9903022761,Nagerbazar,"Nagerbazar",SM1,Y,0,,0,N,0,,R,"C00007",,"13 K.B SARNI MALL ROAD NAGAR BAZAR",,"",,,,,,,,0,,,,,
NE000220180609151839,"GHARANA",9903022761,Nagerbazar,"Nagerbazar",M1,Y,0,,0,N,0,,R,"C00007",,"13 K.B SARNI MALL ROAD NAGAR BAZAR",,"",,,,,,,,0,,,,,
NE000220180611102317,"BALAJI STORE",9007588088,Bangur,"Bangur",SM1,Y,0,,0,N,0,,R,"C00007",,"48/4 JESSORE ROAD BANGUR MORE",,"",,,,,,,,0,,,,,
NE000220180611102317,"BALAJI STORE",9007588088,Bangur,"Bangur",M1,Y,0,,0,N,0,,R,"C00007",,"48/4 JESSORE ROAD BANGUR MORE",,"",,,,,,,,0,,,,,
NE000220180611105321,"DARGAR STORE",8981280806,Bangur,"Bangur",SM1,Y,0,,0,N,0,,R,"C00007",,"48/4 JESSORE ROAD BANGUR MORE",,"",,,,,,,,0,,,,,
NE000220180611105321,"DARGAR STORE",8981280806,Bangur,"Bangur",M1,Y,0,,0,N,0,,R,"C00007",,"48/4 JESSORE ROAD BANGUR MORE",,"",,,,,,,,0,,,,,
NE000220180611111446,"SANTI BHANDAR",9903560117,Bangur,"Bangur",SM1,Y,0,,0,N,0,,R,"C00007",,"10 BANGUR AVENUE",,"",,,,,,,,0,,,,,
NE000220180611111446,"SANTI BHANDAR",9903560117,Bangur,"Bangur",M1,Y,0,,0,N,0,,R,"C00007",,"10 BANGUR AVENUE",,"",,,,,,,,0,,,,,
NE000220180611111834,"SANTI BHANDAR 1",9903560117,Bangur,"Bangur",SM1,Y,0,,0,N,0,,R,"C00007",,"292/1 BANGUR AVENUE",,"",,,,,,,,0,,,,,
NE000220180611111834,"SANTI BHANDAR 1",9903560117,Bangur,"Bangur",M1,Y,0,,0,N,0,,R,"C00007",,"292/1 BANGUR AVENUE",,"",,,,,,,,0,,,,,
NE000220180611114800,"SHREE BHAGWATI GENRAL",9030352450,Bangur,"Bangur",SM1,Y,0,,0,N,0,,R,"C00007",,"10 BANGUR AVENUE  BLOCK :- A",,"",,,,,,,,0,,,,,
NE000220180611114800,"SHREE BHAGWATI GENRAL",9030352450,Bangur,"Bangur",M1,Y,0,,0,N,0,,R,"C00007",,"10 BANGUR AVENUE  BLOCK :- A",,"",,,,,,,,0,,,,,
NE000220180611120127,"BANGUR STORE",8902229901,Bangur,"Bangur",SM1,Y,0,,0,N,0,,R,"C00007",,"1/B BANGUR AVENUE BLOCK:- B",,"",,,,,,,,0,,,,,
NE000220180611120127,"BANGUR STORE",8902229901,Bangur,"Bangur",M1,Y,0,,0,N,0,,R,"C00007",,"1/B BANGUR AVENUE BLOCK:- B",,"",,,,,,,,0,,,,,
NE000220180611120711,"AVENUE STORE",9883335654,Bangur,"Bangur",SM1,Y,0,,0,N,0,,R,"C00007",,"5/1 BANGUR AVENUE BLOCK:- B",,"",,,,,,,,0,,,,,
NE000220180611120711,"AVENUE STORE",9883335654,Bangur,"Bangur",M1,Y,0,,0,N,0,,R,"C00007",,"5/1 BANGUR AVENUE BLOCK:- B",,"",,,,,,,,0,,,,,
NE000220180611123130,"RAJ FAMILY STORE",9748133649,Bangur,"Bangur",SM1,Y,0,,0,N,0,,R,"C00007",,"6 BANGUR AVENUE BLOCK:- B",,"",,,,,,,,0,,,,,
NE000220180611123130,"RAJ FAMILY STORE",9748133649,Bangur,"Bangur",M1,Y,0,,0,N,0,,R,"C00007",,"6 BANGUR AVENUE BLOCK:- B",,"",,,,,,,,0,,,,,
NE000220180611124326,"JAGARNATH BHANDAR",9681364685,Bangur,"Bangur",SM1,Y,0,,0,N,0,,R,"C00007",,"57 BANGUR AVENUE BLOCK:- A",,"",,,,,,,,0,,,,,
NE000220180611124326,"JAGARNATH BHANDAR",9681364685,Bangur,"Bangur",M1,Y,0,,0,N,0,,R,"C00007",,"57 BANGUR AVENUE BLOCK:- A",,"",,,,,,,,0,,,,,
NE000220180611130435,"SHREE VINAYAK STORE",9836747060,Bangur,"Bangur",SM1,Y,0,,0,N,0,,R,"C00007",,"67&68 BANGUR AVENUE BLOCK:- A",,"",,,,,,,,0,,,,,
NE000220180611130435,"SHREE VINAYAK STORE",9836747060,Bangur,"Bangur",M1,Y,0,,0,N,0,,R,"C00007",,"67&68 BANGUR AVENUE BLOCK:- A",,"",,,,,,,,0,,,,,
NE000220180611133325,"STAR COSMETICS",9804863608,Bangur,"Bangur",SM1,Y,0,,0,N,0,,R,"C00007",,"103 BANGUR AVENUE BLOCK:- A",,"",,,,,,,,0,,,,,
NE000220180611133325,"STAR COSMETICS",9804863608,Bangur,"Bangur",M1,Y,0,,0,N,0,,R,"C00007",,"103 BANGUR AVENUE BLOCK:- A",,"",,,,,,,,0,,,,,
NE000220180611134055,"KISAN KANHAIYA",9903560117,Bangur,"Bangur",SM1,Y,0,,0,N,0,,R,"C00007",,"89 BANGUR AVENUE BLOCK:- B",22742930,"",,,,,,,,0,,,,,
NE000220180611134055,"KISAN KANHAIYA",9903560117,Bangur,"Bangur",M1,Y,0,,0,N,0,,R,"C00007",,"89 BANGUR AVENUE BLOCK:- B",22742930,"",,,,,,,,0,,,,,
NE000220180611134715,"M/S MANDAL BROTHERS",9330228304,Bangur,"Bangur",SM1,Y,0,,0,N,0,,R,"C00007",,"1/20 BANGUR AVENUE SUPAR MARKET BLOCK :- C",,"",,,,,,,,0,,,,,
NE000220180611134715,"M/S MANDAL BROTHERS",9330228304,Bangur,"Bangur",M1,Y,0,,0,N,0,,R,"C00007",,"1/20 BANGUR AVENUE SUPAR MARKET BLOCK :- C",,"",,,,,,,,0,,,,,
NE000220180611135008,"MAA PARBOTI BHANDAR",9903560117,Bangur,"Bangur",SM1,Y,0,,0,N,0,,R,"C00007",,"1/20 BANGUR AVENUE SUPAR MARKET BLOCK:- C",25742714,"",,,,,,,,0,,,,,
NE000220180611135008,"MAA PARBOTI BHANDAR",9903560117,Bangur,"Bangur",M1,Y,0,,0,N,0,,R,"C00007",,"1/20 BANGUR AVENUE SUPAR MARKET BLOCK:- C",25742714,"",,,,,,,,0,,,,,
NE000220180611135237,"RADHA MOHAN STORE",9903560117,Bangur,"Bangur",SM1,Y,0,,0,N,0,,R,"C00007",,"1/20 BANGUR AVENUE SUPAR MARKET BLOCK:- C",25742659,"",,,,,,,,0,,,,,
NE000220180611135237,"RADHA MOHAN STORE",9903560117,Bangur,"Bangur",M1,Y,0,,0,N,0,,R,"C00007",,"1/20 BANGUR AVENUE SUPAR MARKET BLOCK:- C",25742659,"",,,,,,,,0,,,,,
NE000220180611140046,"LAKSHMI BHANDAR",9903560117,Bangur,"Bangur",SM1,Y,0,,0,N,0,,R,"C00007",,"1/20 BANGUR AVENUE SUPAR MARKET BLOCK:- C",,"",,,,,,,,0,,,,,
NE000220180611140046,"LAKSHMI BHANDAR",9903560117,Bangur,"Bangur",M1,Y,0,,0,N,0,,R,"C00007",,"1/20 BANGUR AVENUE SUPAR MARKET BLOCK:- C",,"",,,,,,,,0,,,,,
NE000220180611142010,"GUPTA STORE",9836137577,Bangur,"Bangur",SM1,Y,0,,0,N,0,,R,"C00007",,"1/20 BANGUR AVENUE SUPAR MARKET BLOCK:- C",,"",,,,,,,,0,,,,,
NE000220180611142010,"GUPTA STORE",9836137577,Bangur,"Bangur",M1,Y,0,,0,N,0,,R,"C00007",,"1/20 BANGUR AVENUE SUPAR MARKET BLOCK:- C",,"",,,,,,,,0,,,,,
NE000220180611143837,"TULSI STORE",9830121207,Bangur,"Bangur",SM1,Y,0,,0,N,0,,R,"C00007",,"P-1/20 BANGUR AVENUE SUPAR MARKET BLOCK:- C SOAP NO :- 10",,"",,,,,,,,0,,,,,
NE000220180611143837,"TULSI STORE",9830121207,Bangur,"Bangur",M1,Y,0,,0,N,0,,R,"C00007",,"P-1/20 BANGUR AVENUE SUPAR MARKET BLOCK:- C SOAP NO :- 10",,"",,,,,,,,0,,,,,
NE000220180611144736,"MANGLAM",9836805690,Bangur,"Bangur",SM1,Y,0,,0,N,0,,R,"C00007",,"31 BANGUR AVENUE BLOCK:- C",,"",,,,,,,,0,,,,,
NE000220180611144736,"MANGLAM",9836805690,Bangur,"Bangur",M1,Y,0,,0,N,0,,R,"C00007",,"31 BANGUR AVENUE BLOCK:- C",,"",,,,,,,,0,,,,,
NE000220180611150601,"SARSWATI STORE",8481910627,Bangur,"Bangur",SM1,Y,0,,0,N,0,,R,"C00007",,"114 BANGUR AVENUE BLOCK:- C",,"",,,,,,,,0,,,,,
NE000220180611150601,"SARSWATI STORE",8481910627,Bangur,"Bangur",M1,Y,0,,0,N,0,,R,"C00007",,"114 BANGUR AVENUE BLOCK:- C",,"",,,,,,,,0,,,,,
NE000220180612130200,"SHYAM SRISTI",9804334718,Kakurgachi,"Kakurgachi",SM1,Y,0,,0,N,0,,R,"C00007",,"P- 187 V.I.P MARKET 1ST FLORE SOAP NO:- 95 KAKURGACHHI",,"",,,,,,,,,,,,,
NE000220180612144240,"RAJESH STORE",9804301736,Kakurgachi,"Kakurgachi",SM1,Y,0,,0,N,0,,R,"C00007",,"P - 54 C.I T ROAD SCHEME - 6A KAKURGACHHI",,"",,,,,,,,,,,,,
NE000220180612150602,"KALPATRU STORE",9674145708,Kakurgachi,"Kakurgachi",SM1,Y,0,,0,N,0,,R,"C00007",,"P- 187 V.I P MARKET SCHEME 6A KAKURGACHHI",,"",,,,,,,,,,,,,
NE000220180612151633,"DAS GUPTA & BROTHERS",9874018202,Kakurgachi,"Kakurgachi",SM1,Y,0,,0,N,0,,R,"C00007",,"P-187 V.I.P MARKET SCHEME 6A KAKURGACHHI",,"",,,,,,,,,,,,,
NE000220180612153644,"MINA DAIRY & CONFECTIONARY",9433339776,Kakurgachi,"Kakurgachi",SM1,Y,0,,0,N,0,,R,"C00007",,"P- 187 V.I.P MARKET SCHEME 6A KAKURGACHHI",,"",,,,,,,,,,,,,
NE000220180612153940,"SONAM",7595889145,Kakurgachi,"Kakurgachi",SM1,Y,0,,0,N,0,,R,"C00007",,"P- 187 V.I. P MARKET 1ST FLORE SCHEME 6A KAKURGACHHI",,"",,,,,,,,,,,,,
NE000220180612154348,"BHAWNA STORE",9831102989,Kakurgachi,"Kakurgachi",SM1,Y,0,,0,N,0,,R,"C00007",,"P- 126 C.I.T ROAD SCHEME 6A KAKURGACHHI",,"",,,,,,,,,,,,,
NE000220180613150009,"SHREE SHYAM FOOD STORE",9831224997,Gora Bazar,"Gora Bazar",SM1,Y,0,,0,N,0,,R,"C00007",,"46/D/1 MUNICIPALITY MARKET GORABAZAR DUMDUM",,"",,,,,,,,,,,,,
NE000220180613150226,"RAJORSHEEK",9051666980,Gora Bazar,"Gora Bazar",SM1,Y,0,,0,N,0,,R,"C00007",,"46/F/18 N.C MITRA ROAD GORABAZAR DUMDUM",,"",,,,,,,,,,,,,
NE000220180613150512,"TOKYO GIFT HOUSE",9874741532,Gora Bazar,"Gora Bazar",SM1,Y,0,,0,N,0,,R,"C00007",,"53/1 A.N TIWARI ROAD NEAR DEBONAIR RESTORENT GORABAZAR DUMDUM",,"",,,,,,,,,,,,,
NE000220180613150803,"PUSHPA COSMETICS",8334881416,Gora Bazar,"Gora Bazar",SM1,Y,0,,0,N,0,,R,"C00007",,"33 N.C MITRA ROAD GORABAZAR DUMDUM",,"",,,,,,,,,,,,,
NE000220180613151027,"TEA HOUSE",9903560117,Gora Bazar,"Gora Bazar",SM1,Y,0,,0,N,0,,R,"C00007",,"48 MANDIR ROAD NEAR POLICE STATION GORABAZAR DUMDUM",25512360,"",,,,,,,,,,,,,
NE000220180613151313,"SAHA BROTHERS",9038535431,Gora Bazar,"Gora Bazar",SM1,Y,0,,0,N,0,,R,"C00007",,"12 BUDHA SHAH STREET OPPOSITE POLICE STATION GORABAZAR DUMDUM",,"",,,,,,,,,,,,,
NE000220180613151912,"RANI",9874189709,Gora Bazar,"Gora Bazar",SM1,Y,0,,0,N,0,,R,"C00007",,"46/G5/1 M.D ROAD GORABAZAR DUMDUM",,"",,,,,,,,,,,,,
NE000220180613152018,"LAKSHMI STORE",9830538104,Gora Bazar,"Gora Bazar",SM1,Y,0,,0,N,0,,R,"C00007",,"46/G/17 M.D ROAD GORABAZAR DUMDUM",,"",,,,,,,,,,,,,
NE000220180613152212,"MAA LAKSHMI STORE",9933081111,Gora Bazar,"Gora Bazar",SM1,Y,0,,0,N,0,,R,"C00007",,"46/G/17 M.D ROAD GORABAZAR DUMDUM",,"",,,,,,,,,,,,,
NE000220180613152958,"NEW SHYAM SUNDAR STORE",9903560117,Gora Bazar,"Gora Bazar",SM1,Y,0,,0,N,0,,R,"C00007",,"19/1 M.D ROAD GORABAZAR DUMDUM",,"",,,,,,,,,,,,,
NE000220180613153613,"VIJAY LAKSHMI BHANDAR",9903560117,Gora Bazar,"Gora Bazar",SM1,Y,0,,0,N,0,,R,"C00007",,"160 HOSPITAL ROAD GORABAZAR DUMDUM",,"",,,,,,,,,,,,,
NE000220180614143705,"SAHA STORE",9239146471,Baguhati,"Baguhati",SM1,Y,0,,0,N,0,,R,"C00007",,"GC- 34 NARAYANTALLA WEST BAGUHATI",,"",,,,,,,,,,,,,
NE000220180614144749,"SHARMA STORE",8697307843,Baguhati,"Baguhati",SM1,Y,0,,0,N,0,,R,"C00007",,"GA- 11 NARAYANTALLA WEST BAGUHATI",,"",,,,,,,,,,,,,
NE000220180614145757,"JOY MAA TARA STORE",9903479596,Baguhati,"Baguhati",SM1,Y,0,,0,N,0,,R,"C00007",,"BAGUHATI GHOSH PARA CHAUL PATTY",,"",,,,,,,,,,,,,
NE000220180614150652,"JAY MALA TRADING",9831994646,Baguhati,"Baguhati",SM1,Y,0,,0,N,0,,R,"C00007",,"BAGUHATI GHOSH PARA CHAUL PATTY",,"",,,,,,,,,,,,,
NE000220180614152654,"ANNAPURNA STORE",9903224729,Baguhati,"Baguhati",SM1,Y,0,,0,N,0,,R,"C00007",,"EB-25 D.B NAGAR BAGUHATI",,"",,,,,,,,,,,,,
NE000220180614153328,"VIJAY GIFT HOUSE",9477668920,Baguhati,"Baguhati",SM1,Y,0,,0,N,0,,R,"C00007",,"EB-21 BAGUHATI ROAD BAGUHATI A.C MARKET SOAP NO :- 10 GROUND FLORE",,"",,,,,,,,,,,,,
NE000220180614154926,"GANDHESHREE STORE",9836536573,Baguhati,"Baguhati",SM1,Y,0,,0,N,0,,R,"C00007",,"BAGUHATI MARKET",,"",,,,,,,,,,,,,
NE000220180614161620,"PRINCE",9830436259,Baguhati,"Baguhati",SM1,Y,0,,0,N,0,,R,"C00007",,"IB/2 ASWANI NAGAR BAGUHATI NEAR - 44 BUSH STAND",,"",,,,,,,,,,,,,
NE000220180615161116,"VINAYAK STORE",8232043001,Tegharia,"Tegharia",SM1,Y,0,,0,N,0,,R,"C00007",,"BC/1 RAJARHAT ROAD TALTALLA MORE TEGHORIA",,"",,,,,,,,,,,,,
NE000220180615161316,"S.S BHANDAR",9831997540,Tegharia,"Tegharia",SM1,Y,0,,0,N,0,,R,"C00007",,"CA/10 RAJARHAT ROAD GOVIND NIWAS TEGHORIA",,"",,,,,,,,,,,,,
NE000220180615161750,"HALKYN FOOD TECHNOLOGIES PRIVATE LIMITED",9231914467,Tegharia,"Tegharia",SM1,Y,0,,0,N,0,,R,"C00007",,"TWIN TOWER RAJARHAT ROAD TEGHORIA",,"",,,,,,,,,,,,,
NE000220180615162406,"DURINAL HYPERMARKET PVT. LTD.",9874421800,Tegharia,"Tegharia",SM1,Y,0,,0,N,0,,R,"C00007",,"T-98 TEGHARIA RAJARHAT ROAD",,"",,,,,,,,,,,,,
NE000220180615170541,"SATELITE PROJECTS PVT. LTD.",9830033531,Tegharia,"Tegharia",SM1,Y,0,,0,N,0,,R,"C00007",,"SPACE TOWN HALDIRAM TEGHORIA",,"",,,,,,,,,,,,,
NE000220180615170951,"SHYAM STORE",9674633044,Tegharia,"Tegharia",SM1,Y,0,,0,N,0,,R,"C00007",,"PANCHWATI APPARTMENT KOYLA BIHAR TEGHORIA",,"",,,,,,,,,,,,,
NE000220180615171139,"SAWARIYA STORE",9831325334,Tegharia,"Tegharia",SM1,Y,0,,0,N,0,,R,"C00007",,"PANCHWATI APPARTMENT KOYLA BIHAR TEGHORIA",,"",,,,,,,,,,,,,
NE000220180615171241,"DARSH STORE",8910965623,Tegharia,"Tegharia",SM1,Y,0,,0,N,0,,R,"C00007",,"PANCHWATI APPARTMENT KOYLA BIHAR TEGHORIA",,"",,,,,,,,,,,,,
NE000220180615172538,"BALAJI STORE",9830301194,Tegharia,"Tegharia",SM1,Y,0,,0,N,0,,R,"C00007",,"ANUPMA MARKET HALDIRAM TEGHORIA",,"",,,,,,,,,,,,,
NE000220180615172736,"SUBH LAKSHMI STORE",8777357184,Tegharia,"Tegharia",SM1,Y,0,,0,N,0,,R,"C00007",,"V.I.P ENCLAVE HALDIRAM TEGHORIA",,"",,,,,,,,,,,,,
NE000220180615185406,"ADS MART",9830632448,Dakhindri,"Dakhindri",SM1,Y,0,,0,N,0,,R,"C00007",,"183 S.K DEB ROAD DAKHINDRI",,"",,,,,,,,,,,,,
NE000220180616132356,"PATANJLI SWADESHI KENDRA BHANDAR",9836918520,Bandel,"Bandel",SM1,Y,0,,0,N,0,,R,"C00013",,"LICHU BAGAN G.T ROAD BANDEL",,"",,,,,,,,,,,,,
NE000220180619103837,"SWEETY STORE",9903560117,Kakinara,"Kakinara",SM1,Y,0,,0,N,0,,R,"C00004",,"MANIKPIR KANKINARA",,"",,,,,,,,,,,,,
NE000220180619104228,"ANUKUL STORE",9836486796,Kakinara,"Kakinara",SM1,Y,0,,0,N,0,,R,"C00004",,"MANIKPIR ROAD KANKINARA",,"",,,,,,,,,,,,,
NE000220180619150654,"RAJA STATIONERS",9330704303,Kakinara,"Kakinara",SM1,Y,0,,0,N,0,,R,"C00004",,"4 MANIKPIR KANKINARA",,"",,,,,,,,,,,,,
NE000220180619150804,"NEW JANTA STORE",8961794815,Kakinara,"Kakinara",SM1,Y,0,,0,N,0,,R,"C00004",,"KACHARI ROAD KANKINARA",,"",,,,,,,,,,,,,
NE000220180619151823,"MAIDAM  COLLECTION",8910348091,Kakinara,"Kakinara",SM1,Y,0,,0,N,0,,R,"C00004",,"G.T ROAD KANKINARA BAZAR",,"",,,,,,,,,,,,,
NE000220180619151948,"RANI GENRAL STORE",9038563558,Kakinara,"Kakinara",SM1,Y,0,,0,N,0,,R,"C00004",,"KANKINARA BAZAR",,"",,,,,,,,,,,,,
NE000220180619152118,"NEW DASKARMA BHANDAR",9830908274,Kakinara,"Kakinara",SM1,Y,0,,0,N,0,,R,"C00004",,"KANKINARA BAZAR",,"",,,,,,,,,,,,,
NE000220180619152220,"LEADY FAISHON",9330134314,Kakinara,"Kakinara",SM1,Y,0,,0,N,0,,R,"C00004",,"KANKINARA BAZAR",,"",,,,,,,,,,,,,
NE000220180619152311,"NEW SAHELI STORE",9038604079,Kakinara,"Kakinara",SM1,Y,0,,0,N,0,,R,"C00004",,"KANKINARA BAZAR",,"",,,,,,,,,,,,,
NE000220180619153105,"PRAKASH STORE",7278563591,Kakinara,"Kakinara",SM1,Y,0,,0,N,0,,R,"C00004",,"KANKINARA BAZAR",,"",,,,,,,,,,,,,
NE000220180619153159,"GARBHU SAH",9051786777,Kakinara,"Kakinara",SM1,Y,0,,0,N,0,,R,"C00004",,"KANKINARA BAZAR",,"",,,,,,,,,,,,,
NE000220180619153323,"HEENA STORE",9883933189,Kakinara,"Kakinara",SM1,Y,0,,0,N,0,,R,"C00004",,"KANKINARA BAZAR",,"",,,,,,,,,,,,,
NE000220180619153414,"LALY STORE",9339339000,Kakinara,"Kakinara",SM1,Y,0,,0,N,0,,R,"C00004",,"KANKINARA BAZAR",,"",,,,,,,,,,,,,
NE000220180619155344,"SAHA STORE",9883981051,Kakinara,"Kakinara",SM1,Y,0,,0,N,0,,R,"C00004",,"12/2 KACHARI ROAD KANKINARA",,"",,,,,,,,,,,,,
NE000220180622152556,"GUPTA STORE",9748302815,Laketown,"Laketown",SM1,Y,0,,0,N,0,,R,"C00007",,"883 LACK TOWN BLOCK:- 1A",,"",,,,,,,,,,,,,
NE000220180622152811,"SHAH STORE",9872771026,Laketown,"Laketown",SM1,Y,0,,0,N,0,,R,"C00007",,"160 LACK TOWN BLOCK:- A",,"",,,,,,,,,,,,,
NE000220180622153304,"YUMPTY RETAILS PVT. LTD.",9830561760,Laketown,"Laketown",SM1,Y,0,,0,N,0,,R,"C00007",,"P-167B LACK TOWN BLOCK:- A OPPOSITE JAYA CINEMA",,"",,,,,,,,,,,,,
NE000220180623114301,"AMBIKA STORE",9830994083,Jessor Road,"Jessor Road",SM1,Y,0,,0,N,0,,R,"C00007",,"210 JESSORE ROAD LACK TOWN",,"",,,,,,,,,,,,,
NE000220180623123733,"ASHUTOSH STORE",9830732984,Jessor Road,"Jessor Road",SM1,Y,0,,0,N,0,,R,"C00007",,"11NO SARAT CHATARJEE ROAD",,"",,,,,,,,,,,,,
NE000220180623144437,"AMAN STORE",9433171913,Jessor Road,"Jessor Road",SM1,Y,0,,0,N,0,,R,"C00007",,"202 JESSORE ROAD",,"",,,,,,,,,,,,,
NE000220180623151234,"JAI MATADI BHANDAR",9674905127,Jessor Road,"Jessor Road",SM1,Y,0,,0,N,0,,R,"C00007",,"426 NASKAR BAGAN NEAR CINA MANDIR JESSORE ROAD",,"",,,,,,,,,,,,,
NE000220180623152024,"KHUSI STORE",9836666998,Jessor Road,"Jessor Road",SM1,Y,0,,0,N,0,,R,"C00007",,"1000 JESSORE ROAD NASKAR BAGAN NEAR CINA MANDIR",,"",,,,,,,,,,,,,
NE000220180623153846,"PAPPU STORE",8334869799,Jessor Road,"Jessor Road",SM1,Y,0,,0,N,0,,R,"C00007",,"879 JESSORE ROAD NASKAR BAGAN NEAR CINA MANDIR",,"",,,,,,,,,,,,,
NE000220180626121946,"NEW STAR COSMETICS",9831936500,Bangur,"Bangur",SM1,Y,0,,0,N,0,,R,"C00007",,"103 BANGUR AVENUE BLOCK:- A",,"",,,,,,,,,,,,,
NE000220180626150046,"SOUMITRA SAHA",9804223613,Kakurgachi,"Kakurgachi",SM1,Y,0,,0,N,0,,R,"C00007",,"P:-187 C.I.T ROAD V.I.P MARKET KAKURGACHHI",,"",,,,,,,,,,,,,
NE000220180627131719,"MAHAMAYA STORE",9903560117,Shrirampur,"Shrirampur",SM1,Y,0,,0,N,0,,R,"C00020",,"N.S AVENUE SERAMPORE",,"",,,,,,,,,,,,,
NE000220180627131909,"YES SIR",9836045569,Shrirampur,"Shrirampur",SM1,Y,0,,0,N,0,,R,"C00020",,"35 N.S AVENUE SHRIRAMPUR",,"",,,,,,,,,,,,,
NE000220180627132015,"R.A AGARWAL",9836458216,Shrirampur,"Shrirampur",SM1,Y,0,,0,N,0,,R,"C00020",,"TIN BAZAR SHRIRAMPUR",,"",,,,,,,,,,,,,
NE000220180627132240,"TARA PADDO SEN",9830430025,Shrirampur,"Shrirampur",SM1,Y,0,,0,N,0,,R,"C00020",,"TIN BAZAR SHRIRAMPUR",,"",,,,,,,,,,,,,
NE000220180627132408,"GANESH BHANDAR",8100908243,Shrirampur,"Shrirampur",SM1,Y,0,,0,N,0,,R,"C00020",,"8 BENIA PATTY LANE TIN BAZAR",,"",,,,,,,,,,,,,
NE000220180627132521,"N.N DUTTA (DASKARMA BHANDAR)",9038460659,Shrirampur,"Shrirampur",SM1,Y,0,,0,N,0,,R,"C00020",,"BENIA PATTY LANE TIN BAZAR",,"",,,,,,,,,,,,,
NE000220180627133110,"UTSHAV",9836239047,Shrirampur,"Shrirampur",SM1,Y,0,,0,N,0,,R,"C00020",,"102 N.S AVENUE  SHRIRAMPUR",,"",,,,,,,,,,,,,
NE000220180627133206,"ABHINANDAN",9674152538,Shrirampur,"Shrirampur",SM1,Y,0,,0,N,0,,R,"C00020",,"N.S AVENUE SHRIRAMPUR",,"",,,,,,,,,,,,,
NE000220180627133825,"RUPAYAN",9830024049,Shrirampur,"Shrirampur",SM1,Y,0,,0,N,0,,R,"C00020",,"156 N.S AVENUE SHRIRAMPUR",,"",,,,,,,,,,,,,
NE000220180627134125,"ARADHNA",9330939239,Shrirampur,"Shrirampur",SM1,Y,0,,0,N,0,,R,"C00020",,"175 N.S AVENUE SHRIRAMPUR",,"",,,,,,,,,,,,,
NE000220180627134429,"KANHAI LAL SETH",8697083716,Shrirampur,"Shrirampur",SM1,Y,0,,0,N,0,,R,"C00020",,"BENIA PATTY LANE TIN BAZAR SHRIRAMPUR",,"",,,,,,,,,,,,,
NE000220180627140550,"MONORAM",9433189852,Shrirampur,"Shrirampur",SM1,Y,0,,0,N,0,,R,"C00020",,"N.S AVENUE SHRIRAMPUR",,"",,,,,,,,,,,,,
NE000220180627141932,"ANKIT STORE",9231914147,Shrirampur,"Shrirampur",SM1,Y,0,,0,N,0,,R,"C00020",,"S.G.S SUPAR MARKET SHRIRAMPUR  SOAP NO:- B- 51",,"",,,,,,,,,,,,,
NE000220180627144430,"STAR CITY GOLD",7450913736,Shrirampur,"Shrirampur",SM1,Y,0,,0,N,0,,R,"C00020",,"S.G.S SUPAR MARKET SHRIRAMPUR SOAP NO :- B-53",,"",,,,,,,,,,,,,
NE000220180627150618,"ASHMA",9339788484,Shrirampur,"Shrirampur",SM1,Y,0,,0,N,0,,R,"C00020",,"S.G.S SUPAR MARKET SHRIRAMPUR SOAP NO:- B-62",,"",,,,,,,,,,,,,
NE000220180627153404,"SRISTI",9748356703,Shrirampur,"Shrirampur",SM1,Y,0,,0,N,0,,R,"C00020",,"S.G.S SUPAR MARKET SHRIRAMPUR SOAP NO:- B-66",,"",,,,,,,,,,,,,
NE000220180627160517,"AARTI",9830167830,Shrirampur,"Shrirampur",SM1,Y,0,,0,N,0,,R,"C00020",,"S.G.S SUPAR MARKET SHRIRAMPUR SOAP NO:- B-88",,"",,,,,,,,,,,,,
NE000220180628144931,"NECESSITY SHOP",9830018816,Kaikhali,"Kaikhali",SM1,Y,0,,0,N,0,,R,"C00007",,"PS MAGNUM V.I.P ROAD KHAIKHALI OPPOSITE HALDIRAM 1ST FLOOR SHOP NO:-101",,"",,,,,,,,,,,,,
NE000220180628153302,"SHREE GANESH STORE",9830084608,Kaikhali,"Kaikhali",SM1,Y,0,,0,N,0,,R,"C00007",,"137 V.I.P ROAD NATURAL HIGHT PODDAR BIHAR KHAIKHALI",,"",,,,,,,,,,,,,
NE000220180629144925,"KAMALA STORE",8961863261,Nagerbazar,"Nagerbazar",SM1,Y,0,,0,N,0,,R,"C00007",,"OLD SARACHI GARDEN NAGAR BAZAR",,"",,,,,,,,,,,,,
NE000220180706133051,"MIRA GIFT",9830226541,Jessor Road,"Jessor Road",SM1,Y,0,,0,N,0,,R,"C00007",,"862 JESSORE ROAD CINA MANDIR BUS STOP",,"",,,,,,,,,,,,,
NE000220180707115446,"PRAKASH OIL MILL",9903560117,Bandel,"Bandel",SM1,Y,0,,0,N,0,,R,"C00013",,"BANDEL BAZAR",26313892,"",,,,,,,,,,,,,
NE000220180718142810,"SUMAN SHREE",9883261872,Prabhas Nagar,"Prabhas Nagar",SM1,Y,0,,0,N,0,,R,"C00020",,"PRABAS NAGAR SERAMPORE",,"",,,,,,,,,,,,,
NE000220180718142948,"PUNAM STORE",8100460845,Prabhas Nagar,"Prabhas Nagar",SM1,Y,0,,0,N,0,,R,"C00020",,"43 SIMLA SATGHRA ROAD PRABAS NAGAR SERAMPORE",,"",,,,,,,,,,,,,
NE000220180718143103,"DULHAN COSMETICS",9883363283,Prabhas Nagar,"Prabhas Nagar",SM1,Y,0,,0,N,0,,R,"C00020",,"PRABAS NAGAR SERAMPORE",,"",,,,,,,,,,,,,
NE000220180718143255,"RAJ GENRAL STORE",9674783157,Prabhas Nagar,"Prabhas Nagar",SM1,Y,0,,0,N,0,,R,"C00020",,"PRABAS NAGAR HOUSING COMPLEX SERAMPORE",,"",,,,,,,,,,,,,
NE000220180718143458,"RAJU GENRAL STORE",8442995174,Prabhas Nagar,"Prabhas Nagar",SM1,Y,0,,0,N,0,,R,"C00020",,"SUBHAS NAGAR HOUSING COMPLEX SERAMPORE",,"",,,,,,,,,,,,,
NE000220180718143714,"SHOM VEARITY",7569981362,Prabhas Nagar,"Prabhas Nagar",SM1,Y,0,,0,N,0,,R,"C00020",,"SUBHAS NAGAR HOUSING COMPLEX SERAMPORE",,"",,,,,,,,,,,,,
NE000220180718143835,"BHOJPURI THAKUR PAN BHANDAR",9804108185,Prabhas Nagar,"Prabhas Nagar",SM1,Y,0,,0,N,0,,R,"C00020",,"SUBHAS NAGAR HOUSING COMPLEX SERAMPORE",,"",,,,,,,,,,,,,
NE000220180718143928,"HINDUSTAN TIMES",8583802345,Prabhas Nagar,"Prabhas Nagar",SM1,Y,0,,0,N,0,,R,"C00020",,"SUBHAS NAGAR HOUSING COMPLEX SERAMPORE",,"",,,,,,,,,,,,,
NE000220180718144117,"PALAK STORE (BOOK HOUSE)",9088018371,Prabhas Nagar,"Prabhas Nagar",SM1,Y,0,,0,N,0,,R,"C00020",,"SUBHAS NAGAR HOUSING COMPLEX SERAMPORE",,"",,,,,,,,,,,,,
NE000220180718144417,"JAY SHREE COOPERATIVE",9903560117,Prabhas Nagar,"Prabhas Nagar",SM1,Y,0,,0,N,0,,R,"C00020",,"PRABAS NAGAR RISHAR",26001233,"",,,,,,,,,,,,,
NE000220180720122124,"SHUDH KHADYA BHANDAR",9231692775,Saltlake,"Saltlake",SM1,Y,0,,0,N,0,,R,"C00007",,"BD-284 SALTLACK CITY",,"",,,,,,,,,,,,,
NE000220180720125956,"SHREE GANESH",9874443921,Saltlake,"Saltlake",SM1,Y,0,,0,N,0,,R,"C00007",,"BF-45 SALTLACK CITY",,"",,,,,,,,,,,,,
NE000220180720132437,"SHREE HANUMAN STORE",9123645059,Saltlake,"Saltlake",SM1,Y,0,,0,N,0,,R,"C00007",,"CF-332 SALTLACK CITY",,"",,,,,,,,,,,,,
NE000220180720142021,"GO RAMU",9816920017,Saltlake,"Saltlake",SM1,Y,0,,0,N,0,,R,"C00007",,"CF-354 SALTLACK CITY NEAR PURTA BHAWAN",,"",,,,,,,,,,,,,
NE000220180720150127,"ABHINANDAN",9831067350,Saltlake,"Saltlake",SM1,Y,0,,0,N,0,,R,"C00007",,"IC- 2 SALTLACK CITY 18 NO TANK",,"",,,,,,,,,,,,,
NE000220180720152835,"SHRI OM GRAHASTI STORE",9831150110,Saltlake,"Saltlake",SM1,Y,0,,0,N,0,,R,"C00007",,"BL-116 SALTLACK CITY NEAR 8NO TANK",,"",,,,,,,,,,,,,
NE000220180723154645,"RUP MAHAL",9674218007,Tegharia,"Tegharia",SM1,Y,0,,0,N,0,,R,"C00007",,"BMC- AS/526 BLOCK-O ANUPMA COMPLEX V.I.P ROAD TEGHARIA",,"",,,,,,,,,,,,,
NE000320180403230050,"PREM BHANDAR",9432105630,,"LAKE MARKET",SM2,N,0,,0,N,0,,R,"C00005",,"20LAKE ROAD",,"",,,,,,,,0,,,,,
NE000320180403230050,"PREM BHANDAR",9432105630,Lake Market,"Lake Market",M1,Y,0,,0,N,0,,R,"C00005",,"20LAKE ROAD",,"",,,,,,,,0,,,,,
NE000320180403230754,"SHREE GANESH BHANDAR",9142142536,,"LAKE MARKET",SM2,N,0,,0,N,0,,R,"C00005",,"1OBLAKE ROAD",,"",,,,,,,,0,,,,,
NE000320180403230754,"SHREE GANESH BHANDAR",9142142536,Lake Market,"Lake Market",M1,Y,0,,0,N,0,,R,"C00005",,"1OBLAKE ROAD",,"",,,,,,,,0,,,,,
NE000320180403231044,"ASHOK BHANDAR",9903150202,,"LAKE MARKET",SM2,N,0,,0,N,0,,R,"C00005",,"20BLAKE ROAD",,"",,,,,,,,0,,,,,
NE000320180403231044,"ASHOK BHANDAR",9903150202,Lake Market,"Lake Market",M1,Y,0,,0,N,0,,R,"C00005",,"20BLAKE ROAD",,"",,,,,,,,0,,,,,
NE000320180403231637,"DASHING STORES",9836542552,,"LAKE MARKET",SM2,N,0,,0,N,0,,R,"C00005",,"20BLAKE ROAD",,"",,,,,,,,0,,,,,
NE000320180403231637,"DASHING STORES",9836542552,Lake Market,"Lake Market",M1,Y,0,,0,N,0,,R,"C00005",,"20BLAKE ROAD",,"",,,,,,,,0,,,,,
NE000320180403232255,"SINCERITY STORES",9141472536,,"LAKE MARKET",SM2,N,0,,0,N,0,,R,"C00005",,"3LAKE ROAD",,"",,,,,,,,0,,,,,
NE000320180403232255,"SINCERITY STORES",9141472536,Lake Market,"Lake Market",M1,Y,0,,0,N,0,,R,"C00005",,"3LAKE ROAD",,"",,,,,,,,0,,,,,
NE000320180403232959,"JAI MAA SANTOSHI BHANDAR",9151412536,,"LAKE MARKET",SM2,N,0,,0,N,0,,R,"C00005",,"4LAKE ROAD",,"",,,,,,,,0,,,,,
NE000320180403232959,"JAI MAA SANTOSHI BHANDAR",9151412536,Lake Market,"Lake Market",M1,Y,0,,0,N,0,,R,"C00005",,"4LAKE ROAD",,"",,,,,,,,0,,,,,
NE000320180403234156,"SHREE HANUMAN BHANDAR",8272142536,,"LAKE MARKET",SM2,N,0,,0,N,0,,R,"C00005",,"4LAKE ROAD",,"",,,,,,,,0,,,,,
NE000320180403234156,"SHREE HANUMAN BHANDAR",8272142536,Lake Market,"Lake Market",M1,Y,0,,0,N,0,,R,"C00005",,"4LAKE ROAD",,"",,,,,,,,0,,,,,
NE000320180403234506,"SHREE DURGA BHANDAR",9830007357,,"LAKE MARKET",SM2,N,0,,0,N,0,,R,"C00005",,"1BLAKE ROAD",,"",,,,,,,,0,,,,,
NE000320180403234506,"SHREE DURGA BHANDAR",9830007357,Lake Market,"Lake Market",M1,Y,0,,0,N,0,,R,"C00005",,"1BLAKE ROAD",,"",,,,,,,,0,,,,,
NE000320180403234801,"SHANTI STORES",9007316129,,"LAKE MARKET",SM2,N,0,,0,N,0,,R,"C00005",,"1BLAKE ROAD",,"",,,,,,,,0,,,,,
NE000320180403234801,"SHANTI STORES",9007316129,Lake Market,"Lake Market",M1,Y,0,,0,N,0,,R,"C00005",,"1BLAKE ROAD",,"",,,,,,,,0,,,,,
NE000320180403235112,"KUBER BHANDAR",9163625920,,"LAKE MARKET",SM2,N,0,,0,N,0,,R,"C00005",,"2BLAKE ROAD",,"",,,,,,,,0,,,,,
NE000320180403235112,"KUBER BHANDAR",9163625920,Lake Market,"Lake Market",M1,Y,0,,0,N,0,,R,"C00005",,"2BLAKE ROAD",,"",,,,,,,,0,,,,,
NE000320180403235432,"FULLA STORES",9901732989,,"LAKE MARKET",SM2,N,0,,0,N,0,,R,"C00005",,"3 LAKE ROAD",,"",,,,,,,,0,,,,,
NE000320180403235432,"FULLA STORES",9901732989,Lake Market,"Lake Market",M1,Y,0,,0,N,0,,R,"C00005",,"3 LAKE ROAD",,"",,,,,,,,0,,,,,
NE000320180404110834,"GIRI DRY",8272154125,Rishra Gate 4 to NS Road,"Rishra Gate 4 to NS Road",SM2,Y,0,,0,N,0,,R,"C00003",,"4 NO. GATE",,"",,,,,,,,0,,,,,
NE000320180404110834,"GIRI DRY",8272154125,Rishra Gate 4 to NS Road,"Rishra Gate 4 to NS Road",M1,Y,0,,0,N,0,,R,"C00003",,"4 NO. GATE",,"",,,,,,,,0,,,,,
NE000320180404111031,"LAXMI BHANDAR",8254174125,Rishra Gate 4 to NS Road,"Rishra Gate 4 to NS Road",SM2,Y,0,,0,N,0,,R,"C00003",,"4. NO GATE",,"",,,,,,,,0,,,,,
NE000320180404111031,"LAXMI BHANDAR",8254174125,Rishra Gate 4 to NS Road,"Rishra Gate 4 to NS Road",M1,Y,0,,0,N,0,,R,"C00003",,"4. NO GATE",,"",,,,,,,,0,,,,,
NE000320180404111205,"CHOUDHARY STORES",9836156028,Rishra Gate 4 to NS Road,"Rishra Gate 4 to NS Road",SM2,Y,0,,0,N,0,,R,"C00003",,"4 NO. GATE",,"",,,,,,,,0,,,,,
NE000320180404111205,"CHOUDHARY STORES",9836156028,Rishra Gate 4 to NS Road,"Rishra Gate 4 to NS Road",M1,Y,0,,0,N,0,,R,"C00003",,"4 NO. GATE",,"",,,,,,,,0,,,,,
NE000320180404122310,"SHIVAM STORES",9331002963,Rishra Gate 4 to NS Road,"Rishra Gate 4 to NS Road",SM2,Y,0,,0,N,0,,R,"C00003",,"40/1N.S.ROAD",,"",,,,,,,,0,,,,,
NE000320180404122310,"SHIVAM STORES",9331002963,Rishra Gate 4 to NS Road,"Rishra Gate 4 to NS Road",M1,Y,0,,0,N,0,,R,"C00003",,"40/1N.S.ROAD",,"",,,,,,,,0,,,,,
NE000320180404134738,"YAMUNA ENTERPRISE",8272142536,Rishra Gate 4 to NS Road,"Rishra Gate 4 to NS Road",SM2,Y,0,,0,N,0,,R,"C00003",,"26/C.N.S.ROAD RISHRA",,"",,,,,,,,0,,,,,
NE000320180404134738,"YAMUNA ENTERPRISE",8272142536,Rishra Gate 4 to NS Road,"Rishra Gate 4 to NS Road",M1,Y,0,,0,N,0,,R,"C00003",,"26/C.N.S.ROAD RISHRA",,"",,,,,,,,0,,,,,
NE000320180404143857,"SRI KRISHNA  BHANDAR",9175412536,Rishra Gate 4 to NS Road,"Rishra Gate 4 to NS Road",SM2,Y,0,,0,N,0,,R,"C00003",,"38/CN.S.ROAD",,"",,,,,,,,0,,,,,
NE000320180404143857,"SRI KRISHNA  BHANDAR",9175412536,Rishra Gate 4 to NS Road,"Rishra Gate 4 to NS Road",M1,Y,0,,0,N,0,,R,"C00003",,"38/CN.S.ROAD",,"",,,,,,,,0,,,,,
NE000320180404144124,"SHYAM BHANDAR",8252412536,Rishra Gate 4 to NS Road,"Rishra Gate 4 to NS Road",SM2,Y,0,,0,N,0,,R,"C00003",,"25/CN.S.ROAD.",,"",,,,,,,,0,,,,,
NE000320180404144124,"SHYAM BHANDAR",8252412536,Rishra Gate 4 to NS Road,"Rishra Gate 4 to NS Road",M1,Y,0,,0,N,0,,R,"C00003",,"25/CN.S.ROAD.",,"",,,,,,,,0,,,,,
NE000320180404144349,"DAS VARIETY",9163412536,Rishra Gate 4 to NS Road,"Rishra Gate 4 to NS Road",SM2,Y,0,,0,N,0,,R,"C00003",,"10.N.S.ROAD",,"",,,,,,,,0,,,,,
NE000320180404144349,"DAS VARIETY",9163412536,Rishra Gate 4 to NS Road,"Rishra Gate 4 to NS Road",M1,Y,0,,0,N,0,,R,"C00003",,"10.N.S.ROAD",,"",,,,,,,,0,,,,,
NE000320180404144530,"BALAJI",8272521425,Rishra Gate 4 to NS Road,"Rishra Gate 4 to NS Road",SM2,Y,0,,0,N,0,,R,"C00003",,"22.N.S.ROAD",,"",,,,,,,,0,,,,,
NE000320180404144530,"BALAJI",8272521425,Rishra Gate 4 to NS Road,"Rishra Gate 4 to NS Road",M1,Y,0,,0,N,0,,R,"C00003",,"22.N.S.ROAD",,"",,,,,,,,0,,,,,
NE000320180404144659,"TARA MAA STORES",9141472536,Rishra Gate 4 to NS Road,"Rishra Gate 4 to NS Road",SM2,Y,0,,0,N,0,,R,"C00003",,"44.N.S.ROAD",,"",,,,,,,,0,,,,,
NE000320180404144659,"TARA MAA STORES",9141472536,Rishra Gate 4 to NS Road,"Rishra Gate 4 to NS Road",M1,Y,0,,0,N,0,,R,"C00003",,"44.N.S.ROAD",,"",,,,,,,,0,,,,,
NE000320180404144917,"JIVAN JYOTI",8272145236,Rishra Gate 4 to NS Road,"Rishra Gate 4 to NS Road",SM2,Y,0,,0,N,0,,R,"C00003",,"44.N.S.ROAD",,"",,,,,,,,0,,,,,
NE000320180404144917,"JIVAN JYOTI",8272145236,Rishra Gate 4 to NS Road,"Rishra Gate 4 to NS Road",M1,Y,0,,0,N,0,,R,"C00003",,"44.N.S.ROAD",,"",,,,,,,,0,,,,,
NE000320180404145059,"UTSAB SNACKS",8574142536,Rishra Gate 4 to NS Road,"Rishra Gate 4 to NS Road",SM2,Y,0,,0,N,0,,R,"C00003",,"22.N.S.ROAD",,"",,,,,,,,0,,,,,
NE000320180404145059,"UTSAB SNACKS",8574142536,Rishra Gate 4 to NS Road,"Rishra Gate 4 to NS Road",M1,Y,0,,0,N,0,,R,"C00003",,"22.N.S.ROAD",,"",,,,,,,,0,,,,,
NE000320180404145323,"RANI SATI BHANDAR",9163251436,Rishra Gate 4 to NS Road,"Rishra Gate 4 to NS Road",SM2,Y,0,,0,N,0,,R,"C00003",,"22.N.S.ROAD",,"",,,,,,,,0,,,,,
NE000320180404145323,"RANI SATI BHANDAR",9163251436,Rishra Gate 4 to NS Road,"Rishra Gate 4 to NS Road",M1,Y,0,,0,N,0,,R,"C00003",,"22.N.S.ROAD",,"",,,,,,,,0,,,,,
NE000320180404145455,"VARIETY STORES",8272521425,Rishra Gate 4 to NS Road,"Rishra Gate 4 to NS Road",SM2,Y,0,,0,N,0,,R,"C00003",,"60.NS.ROAD",,"",,,,,,,,0,,,,,
NE000320180404145455,"VARIETY STORES",8272521425,Rishra Gate 4 to NS Road,"Rishra Gate 4 to NS Road",M1,Y,0,,0,N,0,,R,"C00003",,"60.NS.ROAD",,"",,,,,,,,0,,,,,
NE000320180404161916,"GURU DEV BHANDAR",9830743653,Rishra Gate 4 to NS Road,"Rishra Gate 4 to NS Road",SM2,Y,0,,0,N,0,,R,"C00003",,"7.TC.MUKERJEE STREET",,"",,,,,,,,0,,,,,
NE000320180404161916,"GURU DEV BHANDAR",9830743653,Rishra Gate 4 to NS Road,"Rishra Gate 4 to NS Road",M1,Y,0,,0,N,0,,R,"C00003",,"7.TC.MUKERJEE STREET",,"",,,,,,,,0,,,,,
NE000320180405142052,"S.PAUL DASKARMA BHANDAR",9064675910,Ballygung,"Ballygung",SM2,Y,0,,0,N,0,,R,"C00005",,"47KARAYA ROAD",,"",,,,,,,,0,,,,,
NE000320180405142052,"S.PAUL DASKARMA BHANDAR",9064675910,Ballygung,"Ballygung",M1,Y,0,,0,N,0,,R,"C00005",,"47KARAYA ROAD",,"",,,,,,,,0,,,,,
NE000320180405142355,"M.A.ANSARI",8272412536,Ballygung,"Ballygung",SM2,Y,0,,0,N,0,,R,"C00005",,"47KARAYA ROAD",,"",,,,,,,,0,,,,,
NE000320180405142355,"M.A.ANSARI",8272412536,Ballygung,"Ballygung",M1,Y,0,,0,N,0,,R,"C00005",,"47KARAYA ROAD",,"",,,,,,,,0,,,,,
NE000320180405142626,"ELA STORES",9163412536,Ballygung,"Ballygung",SM2,Y,0,,0,N,0,,R,"C00005",,"47KARAYA ROAD",,"",,,,,,,,0,,,,,
NE000320180405142626,"ELA STORES",9163412536,Ballygung,"Ballygung",M1,Y,0,,0,N,0,,R,"C00005",,"47KARAYA ROAD",,"",,,,,,,,0,,,,,
NE000320180405142949,"SUKANTHA PAUL",8252142536,Ballygung,"Ballygung",SM2,Y,0,,0,N,0,,R,"C00005",,"47KARAYA ROAD",,"",,,,,,,,0,,,,,
NE000320180405142949,"SUKANTHA PAUL",8252142536,Ballygung,"Ballygung",M1,Y,0,,0,N,0,,R,"C00005",,"47KARAYA ROAD",,"",,,,,,,,0,,,,,
NE000320180405143134,"R.S.DUTTA",9652147852,Ballygung,"Ballygung",SM2,Y,0,,0,N,0,,R,"C00005",,"47 KARAYA ROAD",,"",,,,,,,,0,,,,,
NE000320180405143134,"R.S.DUTTA",9652147852,Ballygung,"Ballygung",M1,Y,0,,0,N,0,,R,"C00005",,"47 KARAYA ROAD",,"",,,,,,,,0,,,,,
NE000320180405143443,"AGARWAL STORES",9831534647,Ballygung,"Ballygung",SM2,Y,0,,0,N,0,,R,"C00005",,"52BECKBAGAN",,"",,,,,,,,0,,,,,
NE000320180405143443,"AGARWAL STORES",9831534647,Ballygung,"Ballygung",M1,Y,0,,0,N,0,,R,"C00005",,"52BECKBAGAN",,"",,,,,,,,0,,,,,
NE000320180405143812,"P00JA MINI MART",8622052999,Ballygung,"Ballygung",SM2,Y,0,,0,N,0,,R,"C00005",,"11/11AMAY FAIR ROAD",,"",,,,,,,,0,,,,,
NE000320180405143812,"P00JA MINI MART",8622052999,Ballygung,"Ballygung",M1,Y,0,,0,N,0,,R,"C00005",,"11/11AMAY FAIR ROAD",,"",,,,,,,,0,,,,,
NE000320180405144330,"ONCE MORE",9831420297,Ballygung,"Ballygung",SM2,Y,0,,0,N,0,,R,"C00005",,"12/2APALM AVENUE",,"",,,,,,,,0,,,,,
NE000320180405144330,"ONCE MORE",9831420297,Ballygung,"Ballygung",M1,Y,0,,0,N,0,,R,"C00005",,"12/2APALM AVENUE",,"",,,,,,,,0,,,,,
NE000320180405144704,"SRI RAM BHANDAR",7980977205,Ballygung,"Ballygung",SM2,Y,0,,0,N,0,,R,"C00005",,"20BBROAD STREET",,"",,,,,,,,0,,,,,
NE000320180405144704,"SRI RAM BHANDAR",7980977205,Ballygung,"Ballygung",M1,Y,0,,0,N,0,,R,"C00005",,"20BBROAD STREET",,"",,,,,,,,0,,,,,
NE000320180405145137,"GANDESH WARI BHANDAR",8242142536,Ballygung,"Ballygung",SM2,Y,0,,0,N,0,,R,"C00005",,"13BROAD STREET",,"",,,,,,,,0,,,,,
NE000320180405145137,"GANDESH WARI BHANDAR",8242142536,Ballygung,"Ballygung",M1,Y,0,,0,N,0,,R,"C00005",,"13BROAD STREET",,"",,,,,,,,0,,,,,
NE000320180405145601,"SREE GANESH STORE",8961385200,Ballygung,"Ballygung",SM2,Y,0,,0,N,0,,R,"C00005",,"13ABROAD STREET",,"",,,,,,,,0,,,,,
NE000320180405145601,"SREE GANESH STORE",8961385200,Ballygung,"Ballygung",M1,Y,0,,0,N,0,,R,"C00005",,"13ABROAD STREET",,"",,,,,,,,0,,,,,
NE000320180405150125,"NEW ANNAPURNA BHANDAR",8272142536,Ballygung,"Ballygung",SM2,Y,0,,0,N,0,,R,"C00005",,"11BROAD STREET",,"",,,,,,,,0,,,,,
NE000320180405150125,"NEW ANNAPURNA BHANDAR",8272142536,Ballygung,"Ballygung",M1,Y,0,,0,N,0,,R,"C00005",,"11BROAD STREET",,"",,,,,,,,0,,,,,
NE000320180406140648,"RAJA RAM SHAW",9331946781,Entally to New Market,"Entally to New Market",SM2,Y,0,,0,N,0,,R,"C00011",,"28S.N.BANERJEE ROAD",,"",,,,,,,,0,,,,,
NE000320180406140648,"RAJA RAM SHAW",9331946781,Entally to New Market,"Entally to New Market",M1,Y,0,,0,N,0,,R,"C00011",,"28S.N.BANERJEE ROAD",,"",,,,,,,,0,,,,,
NE000320180406140846,"LAKHAN SHAW",9831204034,Entally to New Market,"Entally to New Market",SM2,Y,0,,0,N,0,,R,"C00011",,"121DS.N BANERJEE ROAD",,"",,,,,,,,0,,,,,
NE000320180406140846,"LAKHAN SHAW",9831204034,Entally to New Market,"Entally to New Market",M1,Y,0,,0,N,0,,R,"C00011",,"121DS.N BANERJEE ROAD",,"",,,,,,,,0,,,,,
NE000320180406141150,"MAA KALI STORES",9801973305,Entally to New Market,"Entally to New Market",SM2,Y,0,,0,N,0,,R,"C00011",,"122S.N.BANERJEE ROAD",,"",,,,,,,,0,,,,,
NE000320180406141150,"MAA KALI STORES",9801973305,Entally to New Market,"Entally to New Market",M1,Y,0,,0,N,0,,R,"C00011",,"122S.N.BANERJEE ROAD",,"",,,,,,,,0,,,,,
NE000320180406141508,"SHANKAR BHANDAR",9836965946,Entally to New Market,"Entally to New Market",SM2,Y,0,,0,N,0,,R,"C00011",,"11RANI RASMANI ROAD",,"",,,,,,,,0,,,,,
NE000320180406141508,"SHANKAR BHANDAR",9836965946,Entally to New Market,"Entally to New Market",M1,Y,0,,0,N,0,,R,"C00011",,"11RANI RASMANI ROAD",,"",,,,,,,,0,,,,,
NE000320180406141818,"BASU STORES",9007204401,Entally to New Market,"Entally to New Market",SM2,Y,0,,0,N,0,,R,"C00011",,"13RANI RASMANI ROAD",,"",,,,,,,,0,,,,,
NE000320180406141818,"BASU STORES",9007204401,Entally to New Market,"Entally to New Market",M1,Y,0,,0,N,0,,R,"C00011",,"13RANI RASMANI ROAD",,"",,,,,,,,0,,,,,
NE000320180406141935,"RAGHU BHANDAR",9748840012,Entally to New Market,"Entally to New Market",SM2,Y,0,,0,N,0,,R,"C00011",,"13RANI RASMANI ROAD",,"",,,,,,,,0,,,,,
NE000320180406141935,"RAGHU BHANDAR",9748840012,Entally to New Market,"Entally to New Market",M1,Y,0,,0,N,0,,R,"C00011",,"13RANI RASMANI ROAD",,"",,,,,,,,0,,,,,
NE000320180406142113,"S.K.NAMKEEN",9681088492,Entally to New Market,"Entally to New Market",SM2,Y,0,,0,N,0,,R,"C00011",,"13RANI RASMANI ROAD",,"",,,,,,,,0,,,,,
NE000320180406142113,"S.K.NAMKEEN",9681088492,Entally to New Market,"Entally to New Market",M1,Y,0,,0,N,0,,R,"C00011",,"13RANI RASMANI ROAD",,"",,,,,,,,0,,,,,
NE000320180406142623,"RADHE SHYAM",7044633816,Entally to New Market,"Entally to New Market",SM2,Y,0,,0,N,0,,R,"C00011",,"13RANI RASMANI ROAD",,"",,,,,,,,0,,,,,
NE000320180406142623,"RADHE SHYAM",7044633816,Entally to New Market,"Entally to New Market",M1,Y,0,,0,N,0,,R,"C00011",,"13RANI RASMANI ROAD",,"",,,,,,,,0,,,,,
NE000320180406142745,"SARDHA STORES",7461876736,Entally to New Market,"Entally to New Market",SM2,Y,0,,0,N,0,,R,"C00011",,"13 RANI RASMANI ROAD",,"",,,,,,,,0,,,,,
NE000320180406142745,"SARDHA STORES",7461876736,Entally to New Market,"Entally to New Market",M1,Y,0,,0,N,0,,R,"C00011",,"13 RANI RASMANI ROAD",,"",,,,,,,,0,,,,,
NE000320180406143042,"MIRAJ STORES",8272451425,Entally to New Market,"Entally to New Market",SM2,Y,0,,0,N,0,,R,"C00011",,"NEW MARKET",,"",,,,,,,,0,,,,,
NE000320180406143042,"MIRAJ STORES",8272451425,Entally to New Market,"Entally to New Market",M1,Y,0,,0,N,0,,R,"C00011",,"NEW MARKET",,"",,,,,,,,0,,,,,
NE000320180406155517,"GUPTA STORES",8981434890,Entally to New Market,"Entally to New Market",SM2,Y,0,,0,N,0,,R,"C00011",,"NEW MARKET",,"",,,,,,,,0,,,,,
NE000320180406155517,"GUPTA STORES",8981434890,Entally to New Market,"Entally to New Market",M1,Y,0,,0,N,0,,R,"C00011",,"NEW MARKET",,"",,,,,,,,0,,,,,
NE000320180406155858,"NEW SAHA STORES",9831412857,Entally to New Market,"Entally to New Market",SM2,Y,0,,0,N,0,,R,"C00011",,"H/EXT-6S.S. HOGG MARKET",,"",,,,,,,,0,,,,,
NE000320180406155858,"NEW SAHA STORES",9831412857,Entally to New Market,"Entally to New Market",M1,Y,0,,0,N,0,,R,"C00011",,"H/EXT-6S.S. HOGG MARKET",,"",,,,,,,,0,,,,,
NE000320180406160105,"JAISWAL STORES",9830837425,Entally to New Market,"Entally to New Market",SM2,Y,0,,0,N,0,,R,"C00011",,"9/CJ.L.N.ROAD",,"",,,,,,,,0,,,,,
NE000320180406160105,"JAISWAL STORES",9830837425,Entally to New Market,"Entally to New Market",M1,Y,0,,0,N,0,,R,"C00011",,"9/CJ.L.N.ROAD",,"",,,,,,,,0,,,,,
NE000320180407154429,"RADHA RANI",7003799719,Dunlop to Kamarhati,"Dunlop to Kamarhati",SM2,Y,0,,0,N,0,,R,"C00012",,"11M.M SHAKOOR ROADKAMARHATTI",,"",,,,,,,,0,,,,,
NE000320180407154429,"RADHA RANI",7003799719,Dunlop to Kamarhati,"Dunlop to Kamarhati",M1,Y,0,,0,N,0,,R,"C00012",,"11M.M SHAKOOR ROADKAMARHATTI",,"",,,,,,,,0,,,,,
NE000320180407154454,"RADHA RANI BHANDAR",7003799719,Dunlop to Kamarhati,"Dunlop to Kamarhati",SM2,Y,0,,0,N,0,,R,"C00012",,"11M.M SHAKOOR ROADKAMARHATTI",,"",,,,,,,,0,,,,,
NE000320180407154454,"RADHA RANI BHANDAR",7003799719,Dunlop to Kamarhati,"Dunlop to Kamarhati",M1,Y,0,,0,N,0,,R,"C00012",,"11M.M SHAKOOR ROADKAMARHATTI",,"",,,,,,,,0,,,,,
NE000320180407154714,"GANESH BHANDAR",9777583132,Dunlop to Kamarhati,"Dunlop to Kamarhati",SM2,Y,0,,0,N,0,,R,"C00012",,"53M.M SHAKOOR ROADKAMARHATTI",,"",,,,,,,,0,,,,,
NE000320180407154714,"GANESH BHANDAR",9777583132,Dunlop to Kamarhati,"Dunlop to Kamarhati",M1,Y,0,,0,N,0,,R,"C00012",,"53M.M SHAKOOR ROADKAMARHATTI",,"",,,,,,,,0,,,,,
NE000320180407154941,"MAHAMAYA BHANDAR",9007574924,Dunlop to Kamarhati,"Dunlop to Kamarhati",SM2,Y,0,,0,N,0,,R,"C00012",,"44M.M. SHAKOOR. ROAD KAMARHATTI",,"",,,,,,,,0,,,,,
NE000320180407154941,"MAHAMAYA BHANDAR",9007574924,Dunlop to Kamarhati,"Dunlop to Kamarhati",M1,Y,0,,0,N,0,,R,"C00012",,"44M.M. SHAKOOR. ROAD KAMARHATTI",,"",,,,,,,,0,,,,,
NE000320180407155202,"STUDENT STATIONERY",8820316627,Dunlop to Kamarhati,"Dunlop to Kamarhati",SM2,Y,0,,0,N,0,,R,"C00012",,"14M.M. SHAKOOR ROAD KAMARHATTI",,"",,,,,,,,0,,,,,
NE000320180407155202,"STUDENT STATIONERY",8820316627,Dunlop to Kamarhati,"Dunlop to Kamarhati",M1,Y,0,,0,N,0,,R,"C00012",,"14M.M. SHAKOOR ROAD KAMARHATTI",,"",,,,,,,,0,,,,,
NE000320180407155310,"FASHION STORES",7003791533,Dunlop to Kamarhati,"Dunlop to Kamarhati",SM2,Y,0,,0,N,0,,R,"C00012",,"37M.M SHAKOOR ROAD KAMARHATTI",,"",,,,,,,,0,,,,,
NE000320180407155310,"FASHION STORES",7003791533,Dunlop to Kamarhati,"Dunlop to Kamarhati",M1,Y,0,,0,N,0,,R,"C00012",,"37M.M SHAKOOR ROAD KAMARHATTI",,"",,,,,,,,0,,,,,
NE000320180407155450,"RAZA LADIES CORNER",9163468818,Dunlop to Kamarhati,"Dunlop to Kamarhati",SM2,Y,0,,0,N,0,,R,"C00012",,"24M.M SHAKOOR ROAD KAMARHATTI",,"",,,,,,,,0,,,,,
NE000320180407155450,"RAZA LADIES CORNER",9163468818,Dunlop to Kamarhati,"Dunlop to Kamarhati",M1,Y,0,,0,N,0,,R,"C00012",,"24M.M SHAKOOR ROAD KAMARHATTI",,"",,,,,,,,0,,,,,
NE000320180407155650,"KALI KRISHNA VARIETY",9932938737,Dunlop to Kamarhati,"Dunlop to Kamarhati",SM2,Y,0,,0,N,0,,R,"C00012",,"4NORTH NAWADA PARA ROAD",,"",,,,,,,,0,,,,,
NE000320180407155650,"KALI KRISHNA VARIETY",9932938737,Dunlop to Kamarhati,"Dunlop to Kamarhati",M1,Y,0,,0,N,0,,R,"C00012",,"4NORTH NAWADA PARA ROAD",,"",,,,,,,,0,,,,,
NE000320180407155941,"GANESH BHANDAR .2",9836862753,Dunlop to Kamarhati,"Dunlop to Kamarhati",SM2,Y,0,,0,N,0,,R,"C00012",,"34B.L.GHOSH ROAD",,"",,,,,,,,0,,,,,
NE000320180407155941,"GANESH BHANDAR .2",9836862753,Dunlop to Kamarhati,"Dunlop to Kamarhati",M1,Y,0,,0,N,0,,R,"C00012",,"34B.L.GHOSH ROAD",,"",,,,,,,,0,,,,,
NE000320180407160150,"GAYETRY STORES",9883383295,Dunlop to Kamarhati,"Dunlop to Kamarhati",SM2,Y,0,,0,N,0,,R,"C00012",,"50B.L.GHOSH ROAD",,"",,,,,,,,0,,,,,
NE000320180407160150,"GAYETRY STORES",9883383295,Dunlop to Kamarhati,"Dunlop to Kamarhati",M1,Y,0,,0,N,0,,R,"C00012",,"50B.L.GHOSH ROAD",,"",,,,,,,,0,,,,,
NE000320180407160406,"SATYANARAYAN BHANDAR",8017825614,Shyam Bazar to Bagh Bazar,"Shyam Bazar to Bagh Bazar",SM2,Y,0,,0,N,0,,R,"C00012",,"114/2ABIDHAN SARANI",,"",,,,,,,,0,,,,,
NE000320180407160406,"SATYANARAYAN BHANDAR",8017825614,Shyam Bazar to Bagh Bazar,"Shyam Bazar to Bagh Bazar",M1,Y,0,,0,N,0,,R,"C00012",,"114/2ABIDHAN SARANI",,"",,,,,,,,0,,,,,
NE000320180407160730,"SHILPI STORES",9830179426,Shyam Bazar to Bagh Bazar,"Shyam Bazar to Bagh Bazar",SM2,Y,0,,0,N,0,,R,"C00012",,"SHYAMBAZAR MARKET",,"",,,,,,,,0,,,,,
NE000320180407160730,"SHILPI STORES",9830179426,Shyam Bazar to Bagh Bazar,"Shyam Bazar to Bagh Bazar",M1,Y,0,,0,N,0,,R,"C00012",,"SHYAMBAZAR MARKET",,"",,,,,,,,0,,,,,
NE000320180407160900,"DINESH STORES",8272514253,Shyam Bazar to Bagh Bazar,"Shyam Bazar to Bagh Bazar",SM2,Y,0,,0,N,0,,R,"C00012",,"SHYAMBAZAR MARKET",,"",,,,,,,,0,,,,,
NE000320180407160900,"DINESH STORES",8272514253,Shyam Bazar to Bagh Bazar,"Shyam Bazar to Bagh Bazar",M1,Y,0,,0,N,0,,R,"C00012",,"SHYAMBAZAR MARKET",,"",,,,,,,,0,,,,,
NE000320180407161114,"NEW LAKSHMI VARIETY STORES",9062184160,Shyam Bazar to Bagh Bazar,"Shyam Bazar to Bagh Bazar",SM2,Y,0,,0,N,0,,R,"C00012",,"24R.G.KAR ROAD",,"",,,,,,,,0,,,,,
NE000320180407161114,"NEW LAKSHMI VARIETY STORES",9062184160,Shyam Bazar to Bagh Bazar,"Shyam Bazar to Bagh Bazar",M1,Y,0,,0,N,0,,R,"C00012",,"24R.G.KAR ROAD",,"",,,,,,,,0,,,,,
NE000320180409123514,"R.C.SEN.BROTHERS",8272412536,Howrah Maidan,"Howrah Maidan",SM2,Y,0,,0,N,0,,R,"C00002",,"27/1G.T ROAD",,"",,,,,,,,0,,,,,
NE000320180409123514,"R.C.SEN.BROTHERS",8272412536,Howrah Maidan,"Howrah Maidan",M1,Y,0,,0,N,0,,R,"C00002",,"27/1G.T ROAD",,"",,,,,,,,0,,,,,
NE000320180409123721,"SHREERUPA STORES",9830249060,Howrah Maidan,"Howrah Maidan",SM2,Y,0,,0,N,0,,R,"C00002",,"80/1C.M.D.ROAD",,"",,,,,,,,0,,,,,
NE000320180409123721,"SHREERUPA STORES",9830249060,Howrah Maidan,"Howrah Maidan",M1,Y,0,,0,N,0,,R,"C00002",,"80/1C.M.D.ROAD",,"",,,,,,,,0,,,,,
NE000320180409124048,"SRI RAM BHANDAR",9330211110,Howrah Maidan,"Howrah Maidan",SM2,Y,0,,0,N,0,,R,"C00002",,"61C.M.D.ROAD",,"",,,,,,,,0,,,,,
NE000320180409124048,"SRI RAM BHANDAR",9330211110,Howrah Maidan,"Howrah Maidan",M1,Y,0,,0,N,0,,R,"C00002",,"61C.M.D.ROAD",,"",,,,,,,,0,,,,,
NE000320180409124209,"NIDHI STORES",9875401403,Howrah Maidan,"Howrah Maidan",SM2,Y,0,,0,N,0,,R,"C00002",,"34C.M.D.ROAD",,"",,,,,,,,0,,,,,
NE000320180409124209,"NIDHI STORES",9875401403,Howrah Maidan,"Howrah Maidan",M1,Y,0,,0,N,0,,R,"C00002",,"34C.M.D.ROAD",,"",,,,,,,,0,,,,,
NE000320180409124404,"JAIN FANCY",9804562505,Howrah Maidan,"Howrah Maidan",SM2,Y,0,,0,N,0,,R,"C00002",,"17K.K.B.LANE",,"",,,,,,,,0,,,,,
NE000320180409124404,"JAIN FANCY",9804562505,Howrah Maidan,"Howrah Maidan",M1,Y,0,,0,N,0,,R,"C00002",,"17K.K.B.LANE",,"",,,,,,,,0,,,,,
NE000320180409124709,"KESARI NANDAN",9903268474,Howrah Maidan,"Howrah Maidan",SM2,Y,0,,0,N,0,,R,"C00002",,"44C.M.D.ROAD.",,"",,,,,,,,0,,,,,
NE000320180409124709,"KESARI NANDAN",9903268474,Howrah Maidan,"Howrah Maidan",M1,Y,0,,0,N,0,,R,"C00002",,"44C.M.D.ROAD.",,"",,,,,,,,0,,,,,
NE000320180409124902,"VISHAL SAH",9163485427,Howrah Maidan,"Howrah Maidan",SM2,Y,0,,0,N,0,,R,"C00002",,"31G.C.M.LANE",,"",,,,,,,,0,,,,,
NE000320180409124902,"VISHAL SAH",9163485427,Howrah Maidan,"Howrah Maidan",M1,Y,0,,0,N,0,,R,"C00002",,"31G.C.M.LANE",,"",,,,,,,,0,,,,,
NE000320180409133512,"AMAN STORES",7003257778,Howrah Maidan,"Howrah Maidan",SM2,Y,0,,0,N,0,,R,"C00002",,"27R.M.LANE",,"",,,,,,,,0,,,,,
NE000320180409133512,"AMAN STORES",7003257778,Howrah Maidan,"Howrah Maidan",M1,Y,0,,0,N,0,,R,"C00002",,"27R.M.LANE",,"",,,,,,,,0,,,,,
NE000320180409133733,"NARESH TRADING COMPANY",9830524448,Howrah Maidan,"Howrah Maidan",SM2,Y,0,,0,N,0,,R,"C00002",,"2R.M.LANE",,"",,,,,,,,0,,,,,
NE000320180409133733,"NARESH TRADING COMPANY",9830524448,Howrah Maidan,"Howrah Maidan",M1,Y,0,,0,N,0,,R,"C00002",,"2R.M.LANE",,"",,,,,,,,0,,,,,
NE000320180409154953,"RANI SATI STORES",8214235365,Howrah Maidan,"Howrah Maidan",SM2,Y,0,,0,N,0,,R,"C00002",,"14C.M.D.ROAD",,"",,,,,,,,0,,,,,
NE000320180409154953,"RANI SATI STORES",8214235365,Howrah Maidan,"Howrah Maidan",M1,Y,0,,0,N,0,,R,"C00002",,"14C.M.D.ROAD",,"",,,,,,,,0,,,,,
NE000320180409155156,"ANAND BHANDAR",9163412785,Howrah Maidan,"Howrah Maidan",SM2,Y,0,,0,N,0,,R,"C00002",,"21C.M.D.ROAD",,"",,,,,,,,0,,,,,
NE000320180409155156,"ANAND BHANDAR",9163412785,Howrah Maidan,"Howrah Maidan",M1,Y,0,,0,N,0,,R,"C00002",,"21C.M.D.ROAD",,"",,,,,,,,0,,,,,
NE000320180410153423,"B.M.AGARWAL",9173521425,Bhawanipur,"Bhawanipur",SM2,Y,0,,0,N,0,,R,"C00005",,"JAGGUBAZAR",,"",,,,,,,,0,,,,,
NE000320180410153423,"B.M.AGARWAL",9173521425,Bhawanipur,"Bhawanipur",M1,Y,0,,0,N,0,,R,"C00005",,"JAGGUBAZAR",,"",,,,,,,,0,,,,,
NE000320180410154516,"GUJRATI PROVISION STORES",9339211420,Bhawanipur,"Bhawanipur",SM2,Y,0,,0,N,0,,R,"C00005",,"JAGGUBAZAR",,"",,,,,,,,0,,,,,
NE000320180410154516,"GUJRATI PROVISION STORES",9339211420,Bhawanipur,"Bhawanipur",M1,Y,0,,0,N,0,,R,"C00005",,"JAGGUBAZAR",,"",,,,,,,,0,,,,,
NE000320180410154901,"LAXMI STORES",8296111223,Bhawanipur,"Bhawanipur",SM2,Y,0,,0,N,0,,R,"C00005",,"JAGGUBAZAR",,"",,,,,,,,0,,,,,
NE000320180410154901,"LAXMI STORES",8296111223,Bhawanipur,"Bhawanipur",M1,Y,0,,0,N,0,,R,"C00005",,"JAGGUBAZAR",,"",,,,,,,,0,,,,,
NE000320180410155402,"VRINDABAN TEA",9163421425,Bhawanipur,"Bhawanipur",SM2,Y,0,,0,N,0,,R,"C00005",,"JAGGUBAZAR",,"",,,,,,,,0,,,,,
NE000320180410155402,"VRINDABAN TEA",9163421425,Bhawanipur,"Bhawanipur",M1,Y,0,,0,N,0,,R,"C00005",,"JAGGUBAZAR",,"",,,,,,,,0,,,,,
NE000320180410155617,"M.P.AGARWAL",8100043757,Bhawanipur,"Bhawanipur",SM2,Y,0,,0,N,0,,R,"C00005",,"JAGGUBAZAR",,"",,,,,,,,0,,,,,
NE000320180410155617,"M.P.AGARWAL",8100043757,Bhawanipur,"Bhawanipur",M1,Y,0,,0,N,0,,R,"C00005",,"JAGGUBAZAR",,"",,,,,,,,0,,,,,
NE000320180410155752,"MAHALAXMI",9831414811,Bhawanipur,"Bhawanipur",SM2,Y,0,,0,N,0,,R,"C00005",,"JAGGUBAZAR",,"",,,,,,,,0,,,,,
NE000320180410155752,"MAHALAXMI",9831414811,Bhawanipur,"Bhawanipur",M1,Y,0,,0,N,0,,R,"C00005",,"JAGGUBAZAR",,"",,,,,,,,0,,,,,
NE000320180410155945,"SRI ARIHANT STORES",9830289277,Bhawanipur,"Bhawanipur",SM2,Y,0,,0,N,0,,R,"C00005",,"JAGGUBAZAR",,"",,,,,,,,0,,,,,
NE000320180410155945,"SRI ARIHANT STORES",9830289277,Bhawanipur,"Bhawanipur",M1,Y,0,,0,N,0,,R,"C00005",,"JAGGUBAZAR",,"",,,,,,,,0,,,,,
NE000320180410160105,"GUPTA STORES",9831535700,Bhawanipur,"Bhawanipur",SM2,Y,0,,0,N,0,,R,"C00005",,"JAGGUBAZAR",,"",,,,,,,,0,,,,,
NE000320180410160105,"GUPTA STORES",9831535700,Bhawanipur,"Bhawanipur",M1,Y,0,,0,N,0,,R,"C00005",,"JAGGUBAZAR",,"",,,,,,,,0,,,,,
NE000320180410160349,"DEY BROTHERS",8272412536,Bhawanipur,"Bhawanipur",SM2,Y,0,,0,N,0,,R,"C00005",,"JAGGUBAZAR",,"",,,,,,,,0,,,,,
NE000320180410160349,"DEY BROTHERS",8272412536,Bhawanipur,"Bhawanipur",M1,Y,0,,0,N,0,,R,"C00005",,"JAGGUBAZAR",,"",,,,,,,,0,,,,,
NE000320180410160525,"HANUMAN STORES",9830463075,Bhawanipur,"Bhawanipur",SM2,Y,0,,0,N,0,,R,"C00005",,"JAGGUBAZAR",,"",,,,,,,,0,,,,,
NE000320180410160525,"HANUMAN STORES",9830463075,Bhawanipur,"Bhawanipur",M1,Y,0,,0,N,0,,R,"C00005",,"JAGGUBAZAR",,"",,,,,,,,0,,,,,
NE000320180410160656,"SRI SATYANARAYAN BHANDAR",9331018575,Bhawanipur,"Bhawanipur",SM2,Y,0,,0,N,0,,R,"C00005",,"JAGGUBAZAR",,"",,,,,,,,0,,,,,
NE000320180410160656,"SRI SATYANARAYAN BHANDAR",9331018575,Bhawanipur,"Bhawanipur",M1,Y,0,,0,N,0,,R,"C00005",,"JAGGUBAZAR",,"",,,,,,,,0,,,,,
NE000320180410161209,"HIND STORES",8697095908,Bhawanipur,"Bhawanipur",SM2,Y,0,,0,N,0,,R,"C00005",,"JAGGUBAZAR",,"",,,,,,,,0,,,,,
NE000320180410161209,"HIND STORES",8697095908,Bhawanipur,"Bhawanipur",M1,Y,0,,0,N,0,,R,"C00005",,"JAGGUBAZAR",,"",,,,,,,,0,,,,,
NE000320180410161448,"LAKHAN SHAW",9830999320,Bhawanipur,"Bhawanipur",SM2,Y,0,,0,N,0,,R,"C00005",,"JAGGUBAZAR",,"",,,,,,,,0,,,,,
NE000320180410161448,"LAKHAN SHAW",9830999320,Bhawanipur,"Bhawanipur",M1,Y,0,,0,N,0,,R,"C00005",,"JAGGUBAZAR",,"",,,,,,,,0,,,,,
NE000320180410161604,"CHARANJEET STORES",9830066507,Bhawanipur,"Bhawanipur",SM2,Y,0,,0,N,0,,R,"C00005",,"JAGGUBAZAR",,"",,,,,,,,0,,,,,
NE000320180410161604,"CHARANJEET STORES",9830066507,Bhawanipur,"Bhawanipur",M1,Y,0,,0,N,0,,R,"C00005",,"JAGGUBAZAR",,"",,,,,,,,0,,,,,
NE000320180410161740,"CHANDAN STORES",9748237999,Bhawanipur,"Bhawanipur",SM2,Y,0,,0,N,0,,R,"C00005",,"JAGGUBAZAR",,"",,,,,,,,0,,,,,
NE000320180410161740,"CHANDAN STORES",9748237999,Bhawanipur,"Bhawanipur",M1,Y,0,,0,N,0,,R,"C00005",,"JAGGUBAZAR",,"",,,,,,,,0,,,,,
NE000320180410161837,"BIMLA STORES",9163421425,Bhawanipur,"Bhawanipur",SM2,Y,0,,0,N,0,,R,"C00005",,"JAGGUBAZAR",,"",,,,,,,,0,,,,,
NE000320180410161837,"BIMLA STORES",9163421425,Bhawanipur,"Bhawanipur",M1,Y,0,,0,N,0,,R,"C00005",,"JAGGUBAZAR",,"",,,,,,,,0,,,,,
NE000320180411120452,"MOHANTO GHORUI",8013090105,Katadanga,"Katadanga",SM2,Y,0,,0,N,0,,R,"C00004",,"STHIRPARA KANTADANGA",,"",,,,,,,,0,,,,,
NE000320180411120452,"MOHANTO GHORUI",8013090105,Katadanga,"Katadanga",M1,Y,0,,0,N,0,,R,"C00004",,"STHIRPARA KANTADANGA",,"",,,,,,,,0,,,,,
NE000320180411124810,"KUNDU VARIETY STORES",9674774025,Katadanga,"Katadanga",SM2,Y,0,,0,N,0,,R,"C00004",,"STHIRPARA KANTADANGA",,"",,,,,,,,0,,,,,
NE000320180411124810,"KUNDU VARIETY STORES",9674774025,Katadanga,"Katadanga",M1,Y,0,,0,N,0,,R,"C00004",,"STHIRPARA KANTADANGA",,"",,,,,,,,0,,,,,
NE000320180411145441,"BIDHAN STORES",9331087414,Katadanga,"Katadanga",SM2,Y,0,,0,N,0,,R,"C00004",,"STHIRPARA",,"",,,,,,,,0,,,,,
NE000320180411145441,"BIDHAN STORES",9331087414,Katadanga,"Katadanga",M1,Y,0,,0,N,0,,R,"C00004",,"STHIRPARA",,"",,,,,,,,0,,,,,
NE000320180411145639,"MAA TARA STORES",8272821436,Katadanga,"Katadanga",SM2,Y,0,,0,N,0,,R,"C00004",,"STHIRPARA",,"",,,,,,,,0,,,,,
NE000320180411145639,"MAA TARA STORES",8272821436,Katadanga,"Katadanga",M1,Y,0,,0,N,0,,R,"C00004",,"STHIRPARA",,"",,,,,,,,0,,,,,
NE000320180411145914,"AMALNATH",9163147425,Katadanga,"Katadanga",SM2,Y,0,,0,N,0,,R,"C00004",,"STHIRPARA",,"",,,,,,,,0,,,,,
NE000320180411145914,"AMALNATH",9163147425,Katadanga,"Katadanga",M1,Y,0,,0,N,0,,R,"C00004",,"STHIRPARA",,"",,,,,,,,0,,,,,
NE000320180411150105,"RABINDER STORES",8252142536,Katadanga,"Katadanga",SM2,Y,0,,0,N,0,,R,"C00004",,"STHIRPARA",,"",,,,,,,,0,,,,,
NE000320180411150105,"RABINDER STORES",8252142536,Katadanga,"Katadanga",M1,Y,0,,0,N,0,,R,"C00004",,"STHIRPARA",,"",,,,,,,,0,,,,,
NE000320180411150235,"MAA SITALA BHANDAR",8252741425,Katadanga,"Katadanga",SM2,Y,0,,0,N,0,,R,"C00004",,"STHIRPARA",,"",,,,,,,,0,,,,,
NE000320180411150235,"MAA SITALA BHANDAR",8252741425,Katadanga,"Katadanga",M1,Y,0,,0,N,0,,R,"C00004",,"STHIRPARA",,"",,,,,,,,0,,,,,
NE000320180411150414,"JOY GURU BHANDAR",9163147525,Katadanga,"Katadanga",SM2,Y,0,,0,N,0,,R,"C00004",,"STHIRPARA",,"",,,,,,,,0,,,,,
NE000320180411150414,"JOY GURU BHANDAR",9163147525,Katadanga,"Katadanga",M1,Y,0,,0,N,0,,R,"C00004",,"STHIRPARA",,"",,,,,,,,0,,,,,
NE000320180412140310,"RAJA STORES",8240558993,Ballygung,"Ballygung",SM2,Y,0,,0,N,0,,R,"C00005",,"PARKCIRCUS",,"",,,,,,,,0,,,,,
NE000320180412140310,"RAJA STORES",8240558993,Ballygung,"Ballygung",M1,Y,0,,0,N,0,,R,"C00005",,"PARKCIRCUS",,"",,,,,,,,0,,,,,
NE000320180412140430,"ABDUL RAFIQ",9831281732,Ballygung,"Ballygung",SM2,Y,0,,0,N,0,,R,"C00005",,"PARKCIRCUS",,"",,,,,,,,0,,,,,
NE000320180412140430,"ABDUL RAFIQ",9831281732,Ballygung,"Ballygung",M1,Y,0,,0,N,0,,R,"C00005",,"PARKCIRCUS",,"",,,,,,,,0,,,,,
NE000320180412140558,"RIMA GENERAL STORES",8697842069,Ballygung,"Ballygung",SM2,Y,0,,0,N,0,,R,"C00005",,"PARKCIRCUS",,"",,,,,,,,0,,,,,
NE000320180412140558,"RIMA GENERAL STORES",8697842069,Ballygung,"Ballygung",M1,Y,0,,0,N,0,,R,"C00005",,"PARKCIRCUS",,"",,,,,,,,0,,,,,
NE000320180413112000,"JOGINDER SHAW",9007209666,Shova Bazar,"Shova Bazar",SM2,Y,0,,0,N,0,,R,"C00011",,"3ARAJA NANA KRISHNA STREET",,"",,,,,,,,0,,,,,
NE000320180413112000,"JOGINDER SHAW",9007209666,Shova Bazar,"Shova Bazar",M1,Y,0,,0,N,0,,R,"C00011",,"3ARAJA NANA KRISHNA STREET",,"",,,,,,,,0,,,,,
NE000320180413125550,"AJAY STORES",9038280258,Shova Bazar,"Shova Bazar",SM2,Y,0,,0,N,0,,R,"C00011",,"SOVABAZAR",,"",,,,,,,,0,,,,,
NE000320180413125550,"AJAY STORES",9038280258,Shova Bazar,"Shova Bazar",M1,Y,0,,0,N,0,,R,"C00011",,"SOVABAZAR",,"",,,,,,,,0,,,,,
NE000320180413125703,"K.C.KUNDU",8420390059,Shova Bazar,"Shova Bazar",SM2,Y,0,,0,N,0,,R,"C00011",,"SOVABAZAR",,"",,,,,,,,0,,,,,
NE000320180413125703,"K.C.KUNDU",8420390059,Shova Bazar,"Shova Bazar",M1,Y,0,,0,N,0,,R,"C00011",,"SOVABAZAR",,"",,,,,,,,0,,,,,
NE000320180413125847,"NANDAN LAL SHAW",9830156609,Shova Bazar,"Shova Bazar",SM2,Y,0,,0,N,0,,R,"C00011",,"SOVABAZAR",,"",,,,,,,,0,,,,,
NE000320180413125847,"NANDAN LAL SHAW",9830156609,Shova Bazar,"Shova Bazar",M1,Y,0,,0,N,0,,R,"C00011",,"SOVABAZAR",,"",,,,,,,,0,,,,,
NE000320180413125941,"DEVASIS STORES",9830214160,Shova Bazar,"Shova Bazar",SM2,Y,0,,0,N,0,,R,"C00011",,"SOVABAZAR",,"",,,,,,,,0,,,,,
NE000320180413125941,"DEVASIS STORES",9830214160,Shova Bazar,"Shova Bazar",M1,Y,0,,0,N,0,,R,"C00011",,"SOVABAZAR",,"",,,,,,,,0,,,,,
NE000320180413130103,"PANKAJ STORES",9681035216,Shova Bazar,"Shova Bazar",SM2,Y,0,,0,N,0,,R,"C00011",,"SOVABAZAR",,"",,,,,,,,0,,,,,
NE000320180413130103,"PANKAJ STORES",9681035216,Shova Bazar,"Shova Bazar",M1,Y,0,,0,N,0,,R,"C00011",,"SOVABAZAR",,"",,,,,,,,0,,,,,
NE000320180413130245,"P.GHOSH",9143447771,Shova Bazar,"Shova Bazar",SM2,Y,0,,0,N,0,,R,"C00011",,"SOVABAZAR",,"",,,,,,,,0,,,,,
NE000320180413130245,"P.GHOSH",9143447771,Shova Bazar,"Shova Bazar",M1,Y,0,,0,N,0,,R,"C00011",,"SOVABAZAR",,"",,,,,,,,0,,,,,
NE000320180413130416,"RADHA FANCY",9331018547,Shova Bazar,"Shova Bazar",SM2,Y,0,,0,N,0,,R,"C00011",,"SOVABAZAR",,"",,,,,,,,0,,,,,
NE000320180413130416,"RADHA FANCY",9331018547,Shova Bazar,"Shova Bazar",M1,Y,0,,0,N,0,,R,"C00011",,"SOVABAZAR",,"",,,,,,,,0,,,,,
NE000320180413151850,"R.P.SHAW",9830614040,College Street to Hati Bagan,"College Street to Hati Bagan",SM2,Y,0,,0,N,0,,R,"C00011",,"HATHIBAGAN MARKET",,"",,,,,,,,0,,,,,
NE000320180413151850,"R.P.SHAW",9830614040,College Street to Hati Bagan,"College Street to Hati Bagan",M1,Y,0,,0,N,0,,R,"C00011",,"HATHIBAGAN MARKET",,"",,,,,,,,0,,,,,
NE000320180413152005,"JAGANNATH SHAW",7278309702,College Street to Hati Bagan,"College Street to Hati Bagan",SM2,Y,0,,0,N,0,,R,"C00011",,"HATHIBAGAN",,"",,,,,,,,0,,,,,
NE000320180413152005,"JAGANNATH SHAW",7278309702,College Street to Hati Bagan,"College Street to Hati Bagan",M1,Y,0,,0,N,0,,R,"C00011",,"HATHIBAGAN",,"",,,,,,,,0,,,,,
NE000320180413152118,"MATRI BHANDAR",9903276462,College Street to Hati Bagan,"College Street to Hati Bagan",SM2,Y,0,,0,N,0,,R,"C00011",,"HATHIBAGAN MARKET",,"",,,,,,,,0,,,,,
NE000320180413152118,"MATRI BHANDAR",9903276462,College Street to Hati Bagan,"College Street to Hati Bagan",M1,Y,0,,0,N,0,,R,"C00011",,"HATHIBAGAN MARKET",,"",,,,,,,,0,,,,,
NE000320180413152230,"NANDALAL HALDAR",9433403054,College Street to Hati Bagan,"College Street to Hati Bagan",SM2,Y,0,,0,N,0,,R,"C00011",,"HATHIBAGAN MARKET",,"",,,,,,,,0,,,,,
NE000320180413152230,"NANDALAL HALDAR",9433403054,College Street to Hati Bagan,"College Street to Hati Bagan",M1,Y,0,,0,N,0,,R,"C00011",,"HATHIBAGAN MARKET",,"",,,,,,,,0,,,,,
NE000320180413152326,"HINDUSTHAN TRADERS",8961521425,College Street to Hati Bagan,"College Street to Hati Bagan",SM2,Y,0,,0,N,0,,R,"C00011",,"HATHIBAGAN MARKET",,"",,,,,,,,0,,,,,
NE000320180413152326,"HINDUSTHAN TRADERS",8961521425,College Street to Hati Bagan,"College Street to Hati Bagan",M1,Y,0,,0,N,0,,R,"C00011",,"HATHIBAGAN MARKET",,"",,,,,,,,0,,,,,
NE000320180413152545,"KHOBSURAT",9830610612,College Street to Hati Bagan,"College Street to Hati Bagan",SM2,Y,0,,0,N,0,,R,"C00011",,"13AARABINDA SARANI",,"",,,,,,,,0,,,,,
NE000320180413152545,"KHOBSURAT",9830610612,College Street to Hati Bagan,"College Street to Hati Bagan",M1,Y,0,,0,N,0,,R,"C00011",,"13AARABINDA SARANI",,"",,,,,,,,0,,,,,
NE000320180413152703,"SRI KRISHNA STORES",7449643058,College Street to Hati Bagan,"College Street to Hati Bagan",SM2,Y,0,,0,N,0,,R,"C00011",,"148ARABINDA SARANI",,"",,,,,,,,0,,,,,
NE000320180413152703,"SRI KRISHNA STORES",7449643058,College Street to Hati Bagan,"College Street to Hati Bagan",M1,Y,0,,0,N,0,,R,"C00011",,"148ARABINDA SARANI",,"",,,,,,,,0,,,,,
NE000320180413152839,"SHANKARI STORES",9477686916,College Street to Hati Bagan,"College Street to Hati Bagan",SM2,Y,0,,0,N,0,,R,"C00011",,"149ABIDHAN SARANI",,"",,,,,,,,0,,,,,
NE000320180413152839,"SHANKARI STORES",9477686916,College Street to Hati Bagan,"College Street to Hati Bagan",M1,Y,0,,0,N,0,,R,"C00011",,"149ABIDHAN SARANI",,"",,,,,,,,0,,,,,
NE000320180415195414,"TARA MAA COSMETIC STORES",9903227689,Alam Bazar to Kasipur,"Alam Bazar to Kasipur",SM2,Y,0,,0,N,0,,R,"C00012",,"80DESBANDHU ROAD",,"",,,,,,,,0,,,,,
NE000320180415195414,"TARA MAA COSMETIC STORES",9903227689,Alam Bazar to Kasipur,"Alam Bazar to Kasipur",M1,Y,0,,0,N,0,,R,"C00012",,"80DESBANDHU ROAD",,"",,,,,,,,0,,,,,
NE000320180415195550,"NEW MAA LAXMI BHANDAR",9123624158,Alam Bazar to Kasipur,"Alam Bazar to Kasipur",SM2,Y,0,,0,N,0,,R,"C00012",,"87DESBANDHU ROAD",,"",,,,,,,,0,,,,,
NE000320180415195550,"NEW MAA LAXMI BHANDAR",9123624158,Alam Bazar to Kasipur,"Alam Bazar to Kasipur",M1,Y,0,,0,N,0,,R,"C00012",,"87DESBANDHU ROAD",,"",,,,,,,,0,,,,,
NE000320180415195851,"SUNIL STORES",9163251425,Alam Bazar to Kasipur,"Alam Bazar to Kasipur",SM2,Y,0,,0,N,0,,R,"C00012",,"57DESBANDHU ROAD",,"",,,,,,,,0,,,,,
NE000320180415195851,"SUNIL STORES",9163251425,Alam Bazar to Kasipur,"Alam Bazar to Kasipur",M1,Y,0,,0,N,0,,R,"C00012",,"57DESBANDHU ROAD",,"",,,,,,,,0,,,,,
NE000320180415200037,"ANNAPURNA BHANDAR",7059133087,Alam Bazar to Kasipur,"Alam Bazar to Kasipur",SM2,Y,0,,0,N,0,,R,"C00012",,"9COSSIPORE ROAD",,"",,,,,,,,0,,,,,
NE000320180415200037,"ANNAPURNA BHANDAR",7059133087,Alam Bazar to Kasipur,"Alam Bazar to Kasipur",M1,Y,0,,0,N,0,,R,"C00012",,"9COSSIPORE ROAD",,"",,,,,,,,0,,,,,
NE000320180415200435,"BANIK VARIETY STORES",8910448668,Alam Bazar to Kasipur,"Alam Bazar to Kasipur",SM2,Y,0,,0,N,0,,R,"C00012",,"66COSSIPORE ROAD",,"",,,,,,,,0,,,,,
NE000320180415200435,"BANIK VARIETY STORES",8910448668,Alam Bazar to Kasipur,"Alam Bazar to Kasipur",M1,Y,0,,0,N,0,,R,"C00012",,"66COSSIPORE ROAD",,"",,,,,,,,0,,,,,
NE000320180415200718,"KALI GANGA",8420749335,Alam Bazar to Kasipur,"Alam Bazar to Kasipur",SM2,Y,0,,0,N,0,,R,"C00012",,"80B COSSIPORE ROAD",,"",,,,,,,,0,,,,,
NE000320180415200718,"KALI GANGA",8420749335,Alam Bazar to Kasipur,"Alam Bazar to Kasipur",M1,Y,0,,0,N,0,,R,"C00012",,"80B COSSIPORE ROAD",,"",,,,,,,,0,,,,,
NE000320180415200932,"K.V.STORES",9432920491,Alam Bazar to Kasipur,"Alam Bazar to Kasipur",SM2,Y,0,,0,N,0,,R,"C00012",,"36COSSIPORE ROAD",,"",,,,,,,,0,,,,,
NE000320180415200932,"K.V.STORES",9432920491,Alam Bazar to Kasipur,"Alam Bazar to Kasipur",M1,Y,0,,0,N,0,,R,"C00012",,"36COSSIPORE ROAD",,"",,,,,,,,0,,,,,
NE000320180415201125,"MAHESH BHANDAR",9142521425,Alam Bazar to Kasipur,"Alam Bazar to Kasipur",SM2,Y,0,,0,N,0,,R,"C00012",,"87COSSIPORE ROAD",,"",,,,,,,,0,,,,,
NE000320180415201125,"MAHESH BHANDAR",9142521425,Alam Bazar to Kasipur,"Alam Bazar to Kasipur",M1,Y,0,,0,N,0,,R,"C00012",,"87COSSIPORE ROAD",,"",,,,,,,,0,,,,,
NE000320180415201441,"SHREE AGARWAL BHANDAR",9836185537,Alam Bazar to Kasipur,"Alam Bazar to Kasipur",SM2,Y,0,,0,N,0,,R,"C00012",,"74/6BBAGHBAZAR STREET",,"",,,,,,,,0,,,,,
NE000320180415201441,"SHREE AGARWAL BHANDAR",9836185537,Alam Bazar to Kasipur,"Alam Bazar to Kasipur",M1,Y,0,,0,N,0,,R,"C00012",,"74/6BBAGHBAZAR STREET",,"",,,,,,,,0,,,,,
NE000320180415201826,"TIRUPATI BALAJI",9830227366,Alam Bazar to Kasipur,"Alam Bazar to Kasipur",SM2,Y,0,,0,N,0,,R,"C00012",,"18GIRISH CHANDRA AVENUE",,"",,,,,,,,0,,,,,
NE000320180415201826,"TIRUPATI BALAJI",9830227366,Alam Bazar to Kasipur,"Alam Bazar to Kasipur",M1,Y,0,,0,N,0,,R,"C00012",,"18GIRISH CHANDRA AVENUE",,"",,,,,,,,0,,,,,
NE000320180415202308,"NEW GANDESHWARI BHANDAR",9883328536,Alam Bazar to Kasipur,"Alam Bazar to Kasipur",SM2,Y,0,,0,N,0,,R,"C00012",,"114/2ABIDHAN SARANI",,"",,,,,,,,0,,,,,
NE000320180415202308,"NEW GANDESHWARI BHANDAR",9883328536,Alam Bazar to Kasipur,"Alam Bazar to Kasipur",M1,Y,0,,0,N,0,,R,"C00012",,"114/2ABIDHAN SARANI",,"",,,,,,,,0,,,,,
NE000320180415202453,"K.G.N",9874438009,Alam Bazar to Kasipur,"Alam Bazar to Kasipur",SM2,Y,0,,0,N,0,,R,"C00012",,"SHYAMBAZAR MARKET",,"",,,,,,,,0,,,,,
NE000320180415202453,"K.G.N",9874438009,Alam Bazar to Kasipur,"Alam Bazar to Kasipur",M1,Y,0,,0,N,0,,R,"C00012",,"SHYAMBAZAR MARKET",,"",,,,,,,,0,,,,,
NE000320180416131329,"ABHILASA",9152142536,Behala,"Behala",SM2,Y,0,,0,N,0,,R,"C00006",,"21ROY BAHADUR ROAD BANGUR COMPLEX",,"",,,,,,,,0,,,,,
NE000320180416131329,"ABHILASA",9152142536,Behala,"Behala",M1,Y,0,,0,N,0,,R,"C00006",,"21ROY BAHADUR ROAD BANGUR COMPLEX",,"",,,,,,,,0,,,,,
NE000320180416131619,"MAHESH WARI TRADING",8272412536,Behala,"Behala",SM2,Y,0,,0,N,0,,R,"C00006",,"14ROY BAHADUR ROAD",,"",,,,,,,,0,,,,,
NE000320180416131619,"MAHESH WARI TRADING",8272412536,Behala,"Behala",M1,Y,0,,0,N,0,,R,"C00006",,"14ROY BAHADUR ROAD",,"",,,,,,,,0,,,,,
NE000320180416131819,"SHANTI STORES",9163251436,Behala,"Behala",SM2,Y,0,,0,N,0,,R,"C00006",,"27ROY BAHADUR ROAD",,"",,,,,,,,0,,,,,
NE000320180416131819,"SHANTI STORES",9163251436,Behala,"Behala",M1,Y,0,,0,N,0,,R,"C00006",,"27ROY BAHADUR ROAD",,"",,,,,,,,0,,,,,
NE000320180416132059,"GOBINDAM",8617412536,Behala,"Behala",SM2,Y,0,,0,N,0,,R,"C00006",,"32BIREN ROY ROAD",,"",,,,,,,,0,,,,,
NE000320180416132059,"GOBINDAM",8617412536,Behala,"Behala",M1,Y,0,,0,N,0,,R,"C00006",,"32BIREN ROY ROAD",,"",,,,,,,,0,,,,,
NE000320180416132457,"ONE STOP SHOPHE",9142142536,Behala,"Behala",SM2,Y,0,,0,N,0,,R,"C00006",,"32BIREN ROY ROAD",,"",,,,,,,,0,,,,,
NE000320180416132457,"ONE STOP SHOPHE",9142142536,Behala,"Behala",M1,Y,0,,0,N,0,,R,"C00006",,"32BIREN ROY ROAD",,"",,,,,,,,0,,,,,
NE000320180417174133,"NEW POPULAR STORES",9830564129,Tirrhatti,"Tirrhatti",SM2,Y,0,,0,N,0,,R,"C00011",,"T1RHATTI MARKET",,"",,,,,,,,0,,,,,
NE000320180417174133,"NEW POPULAR STORES",9830564129,Tirrhatti,"Tirrhatti",M1,Y,0,,0,N,0,,R,"C00011",,"T1RHATTI MARKET",,"",,,,,,,,0,,,,,
NE000320180417174956,"BHAGIRATI FLOOR MILL",9163155236,Tirrhatti,"Tirrhatti",SM2,Y,0,,0,N,0,,R,"C00011",,"TIRHATTI MARKET",,"",,,,,,,,0,,,,,
NE000320180417174956,"BHAGIRATI FLOOR MILL",9163155236,Tirrhatti,"Tirrhatti",M1,Y,0,,0,N,0,,R,"C00011",,"TIRHATTI MARKET",,"",,,,,,,,0,,,,,
NE000320180417175108,"VISHNU BHANDAR",9163933317,Tirrhatti,"Tirrhatti",SM2,Y,0,,0,N,0,,R,"C00011",,"TIRHATTI MARKET",,"",,,,,,,,0,,,,,
NE000320180417175108,"VISHNU BHANDAR",9163933317,Tirrhatti,"Tirrhatti",M1,Y,0,,0,N,0,,R,"C00011",,"TIRHATTI MARKET",,"",,,,,,,,0,,,,,
NE000320180417201518,"OM BHANDAR",9903791852,Tirrhatti,"Tirrhatti",SM2,Y,0,,0,N,0,,R,"C00011",,"TIRHATTI MARKET",,"",,,,,,,,0,,,,,
NE000320180417201518,"OM BHANDAR",9903791852,Tirrhatti,"Tirrhatti",M1,Y,0,,0,N,0,,R,"C00011",,"TIRHATTI MARKET",,"",,,,,,,,0,,,,,
NE000320180417201939,"NEW BEAUTY",9748626156,Tirrhatti,"Tirrhatti",SM2,Y,0,,0,N,0,,R,"C00011",,"TIRHATTI MARKET",,"",,,,,,,,0,,,,,
NE000320180417201939,"NEW BEAUTY",9748626156,Tirrhatti,"Tirrhatti",M1,Y,0,,0,N,0,,R,"C00011",,"TIRHATTI MARKET",,"",,,,,,,,0,,,,,
NE000320180417202806,"ROYS STORES",8017283433,Tirrhatti,"Tirrhatti",SM2,Y,0,,0,N,0,,R,"C00011",,"22/1BIDHAN SARANI",,"",,,,,,,,0,,,,,
NE000320180417202806,"ROYS STORES",8017283433,Tirrhatti,"Tirrhatti",M1,Y,0,,0,N,0,,R,"C00011",,"22/1BIDHAN SARANI",,"",,,,,,,,0,,,,,
NE000320180417202946,"ASHOK INTERPRISE",9903031969,Tirrhatti,"Tirrhatti",SM2,Y,0,,0,N,0,,R,"C00011",,"MANICTALLA MARKET",,"",,,,,,,,0,,,,,
NE000320180417202946,"ASHOK INTERPRISE",9903031969,Tirrhatti,"Tirrhatti",M1,Y,0,,0,N,0,,R,"C00011",,"MANICTALLA MARKET",,"",,,,,,,,0,,,,,
NE000320180417203135,"PRASAD STORES",9903618099,Tirrhatti,"Tirrhatti",SM2,Y,0,,0,N,0,,R,"C00011",,"MANICTALLA MARKET",,"",,,,,,,,0,,,,,
NE000320180417203135,"PRASAD STORES",9903618099,Tirrhatti,"Tirrhatti",M1,Y,0,,0,N,0,,R,"C00011",,"MANICTALLA MARKET",,"",,,,,,,,0,,,,,
NE000320180417203318,"MEENA COSMETICS",9875319398,Tirrhatti,"Tirrhatti",SM2,Y,0,,0,N,0,,R,"C00011",,"212VIVEKANAND ROAD",,"",,,,,,,,0,,,,,
NE000320180417203318,"MEENA COSMETICS",9875319398,Tirrhatti,"Tirrhatti",M1,Y,0,,0,N,0,,R,"C00011",,"212VIVEKANAND ROAD",,"",,,,,,,,0,,,,,
NE000320180418151011,"SANANDA",9831365914,Rishra Gate 4 to NS Road,"Rishra Gate 4 to NS Road",SM2,Y,0,,0,N,0,,R,"C00003",,"21K.C.SEN ROAD",,"",,,,,,,,0,,,,,
NE000320180418151011,"SANANDA",9831365914,Rishra Gate 4 to NS Road,"Rishra Gate 4 to NS Road",M1,Y,0,,0,N,0,,R,"C00003",,"21K.C.SEN ROAD",,"",,,,,,,,0,,,,,
NE000320180418151206,"ANUPAM STORES",9432072167,Rishra Gate 4 to NS Road,"Rishra Gate 4 to NS Road",SM2,Y,0,,0,N,0,,R,"C00003",,"4.NO GATE",,"",,,,,,,,0,,,,,
NE000320180418151206,"ANUPAM STORES",9432072167,Rishra Gate 4 to NS Road,"Rishra Gate 4 to NS Road",M1,Y,0,,0,N,0,,R,"C00003",,"4.NO GATE",,"",,,,,,,,0,,,,,
NE000320180418152035,"MAA LAKSHMI BHANDAR",9883692478,Rishra Gate 4 to NS Road,"Rishra Gate 4 to NS Road",SM2,Y,0,,0,N,0,,R,"C00003",,"3/2BULLA MIA ROAD (CHAI ROAD)",,"",,,,,,,,0,,,,,
NE000320180418152035,"MAA LAKSHMI BHANDAR",9883692478,Rishra Gate 4 to NS Road,"Rishra Gate 4 to NS Road",M1,Y,0,,0,N,0,,R,"C00003",,"3/2BULLA MIA ROAD (CHAI ROAD)",,"",,,,,,,,0,,,,,
NE000320180418152235,"RANI FASHION",9163254125,Rishra Gate 4 to NS Road,"Rishra Gate 4 to NS Road",SM2,Y,0,,0,N,0,,R,"C00003",,"JODHAN SINGH ROAD (GANDHI SARAK)",,"",,,,,,,,0,,,,,
NE000320180418152235,"RANI FASHION",9163254125,Rishra Gate 4 to NS Road,"Rishra Gate 4 to NS Road",M1,Y,0,,0,N,0,,R,"C00003",,"JODHAN SINGH ROAD (GANDHI SARAK)",,"",,,,,,,,0,,,,,
NE000320180420105223,"M.L.AGARWAL",9163254136,Entally to New Market,"Entally to New Market",SM2,Y,0,,0,N,0,,R,"C00011",,"95A.J.C.BOSE ROAD",,"",,,,,,,,0,,,,,
NE000320180420105223,"M.L.AGARWAL",9163254136,Entally to New Market,"Entally to New Market",M1,Y,0,,0,N,0,,R,"C00011",,"95A.J.C.BOSE ROAD",,"",,,,,,,,0,,,,,
NE000320180420110754,"SHREE BALAJI STORES",9831229145,Entally to New Market,"Entally to New Market",SM2,Y,0,,0,N,0,,R,"C00011",,"1DURGA CHARAN DOCTOR LANE",,"",,,,,,,,0,,,,,
NE000320180420110754,"SHREE BALAJI STORES",9831229145,Entally to New Market,"Entally to New Market",M1,Y,0,,0,N,0,,R,"C00011",,"1DURGA CHARAN DOCTOR LANE",,"",,,,,,,,0,,,,,
NE000320180420111602,"HIRA LAL SHAW",9007867633,Entally to New Market,"Entally to New Market",SM2,Y,0,,0,N,0,,R,"C00011",,"INTALLY MARKET",,"",,,,,,,,0,,,,,
NE000320180420111602,"HIRA LAL SHAW",9007867633,Entally to New Market,"Entally to New Market",M1,Y,0,,0,N,0,,R,"C00011",,"INTALLY MARKET",,"",,,,,,,,0,,,,,
NE000320180420111739,"MOTI LAL SHAW",9748223440,Entally to New Market,"Entally to New Market",SM2,Y,0,,0,N,0,,R,"C00011",,"INTALLY MARKET",,"",,,,,,,,0,,,,,
NE000320180420111739,"MOTI LAL SHAW",9748223440,Entally to New Market,"Entally to New Market",M1,Y,0,,0,N,0,,R,"C00011",,"INTALLY MARKET",,"",,,,,,,,0,,,,,
NE000320180420112030,"A.V.S.STORES",9038591179,Entally to New Market,"Entally to New Market",SM2,Y,0,,0,N,0,,R,"C00011",,"INTALLY MARKET",,"",,,,,,,,0,,,,,
NE000320180420112030,"A.V.S.STORES",9038591179,Entally to New Market,"Entally to New Market",M1,Y,0,,0,N,0,,R,"C00011",,"INTALLY MARKET",,"",,,,,,,,0,,,,,
NE000320180420120129,"R.N.PANJA",9874115449,Entally to New Market,"Entally to New Market",SM2,Y,0,,0,N,0,,R,"C00011",,"INTALLY MARKET",,"",,,,,,,,0,,,,,
NE000320180420120129,"R.N.PANJA",9874115449,Entally to New Market,"Entally to New Market",M1,Y,0,,0,N,0,,R,"C00011",,"INTALLY MARKET",,"",,,,,,,,0,,,,,
NE000320180420122659,"K.C.SHAW",8981965944,Entally to New Market,"Entally to New Market",SM2,Y,0,,0,N,0,,R,"C00011",,"58/1S.N.BANERJEE ROAD",,"",,,,,,,,0,,,,,
NE000320180420122659,"K.C.SHAW",8981965944,Entally to New Market,"Entally to New Market",M1,Y,0,,0,N,0,,R,"C00011",,"58/1S.N.BANERJEE ROAD",,"",,,,,,,,0,,,,,
NE000320180420125957,"OM PRAKASH AGARWAL",9339046784,Entally to New Market,"Entally to New Market",SM2,Y,0,,0,N,0,,R,"C00011",,"34AS.N.BANERJEE ROAD",,"",,,,,,,,0,,,,,
NE000320180420125957,"OM PRAKASH AGARWAL",9339046784,Entally to New Market,"Entally to New Market",M1,Y,0,,0,N,0,,R,"C00011",,"34AS.N.BANERJEE ROAD",,"",,,,,,,,0,,,,,
NE000320180420134421,"SITA RAM SHAW",9831744362,Entally to New Market,"Entally to New Market",SM2,Y,0,,0,N,0,,R,"C00011",,"18/3S.N.BANERJEE ROAD",,"",,,,,,,,0,,,,,
NE000320180420134421,"SITA RAM SHAW",9831744362,Entally to New Market,"Entally to New Market",M1,Y,0,,0,N,0,,R,"C00011",,"18/3S.N.BANERJEE ROAD",,"",,,,,,,,0,,,,,
NE000320180420135310,"DILIP SHAW",9831228941,Entally to New Market,"Entally to New Market",SM2,Y,0,,0,N,0,,R,"C00011",,"Q3/ARANI RASMANI ROAD",,"",,,,,,,,0,,,,,
NE000320180420135310,"DILIP SHAW",9831228941,Entally to New Market,"Entally to New Market",M1,Y,0,,0,N,0,,R,"C00011",,"Q3/ARANI RASMANI ROAD",,"",,,,,,,,0,,,,,
NE000320180420143004,"OM BHANDAR",8017040967,Entally to New Market,"Entally to New Market",SM2,Y,0,,0,N,0,,R,"C00011",,"24CRANI RASMANI ROAD",,"",,,,,,,,0,,,,,
NE000320180420143004,"OM BHANDAR",8017040967,Entally to New Market,"Entally to New Market",M1,Y,0,,0,N,0,,R,"C00011",,"24CRANI RASMANI ROAD",,"",,,,,,,,0,,,,,
NE000320180420151227,"ARZOO STORES",9051830043,Entally to New Market,"Entally to New Market",SM2,Y,0,,0,N,0,,R,"C00011",,"NEW MARKET",,"",,,,,,,,0,,,,,
NE000320180420151227,"ARZOO STORES",9051830043,Entally to New Market,"Entally to New Market",M1,Y,0,,0,N,0,,R,"C00011",,"NEW MARKET",,"",,,,,,,,0,,,,,
NE000320180420151536,"SADHU STORES",9831150970,Entally to New Market,"Entally to New Market",SM2,Y,0,,0,N,0,,R,"C00011",,"NEWMARKET",,"",,,,,,,,0,,,,,
NE000320180420151536,"SADHU STORES",9831150970,Entally to New Market,"Entally to New Market",M1,Y,0,,0,N,0,,R,"C00011",,"NEWMARKET",,"",,,,,,,,0,,,,,
NE000320180420155031,"B.L.SHAW",9339089184,Entally to New Market,"Entally to New Market",SM2,Y,0,,0,N,0,,R,"C00011",,"NEWMARKET",,"",,,,,,,,0,,,,,
NE000320180420155031,"B.L.SHAW",9339089184,Entally to New Market,"Entally to New Market",M1,Y,0,,0,N,0,,R,"C00011",,"NEWMARKET",,"",,,,,,,,0,,,,,
NE000320180420155146,"EVERGREEN",9830260335,Entally to New Market,"Entally to New Market",SM2,Y,0,,0,N,0,,R,"C00011",,"NEWMARKET",,"",,,,,,,,0,,,,,
NE000320180420155146,"EVERGREEN",9830260335,Entally to New Market,"Entally to New Market",M1,Y,0,,0,N,0,,R,"C00011",,"NEWMARKET",,"",,,,,,,,0,,,,,
NE000320180420155405,"G.N.STORES",9831380016,Entally to New Market,"Entally to New Market",SM2,Y,0,,0,N,0,,R,"C00011",,"H/EXT-1-2S.S HOGG MARKET",,"",,,,,,,,0,,,,,
NE000320180420155405,"G.N.STORES",9831380016,Entally to New Market,"Entally to New Market",M1,Y,0,,0,N,0,,R,"C00011",,"H/EXT-1-2S.S HOGG MARKET",,"",,,,,,,,0,,,,,
NE000320180420161320,"SHANKAR BHANDAR-2",9831365123,Entally to New Market,"Entally to New Market",SM2,Y,0,,0,N,0,,R,"C00011",,"NEWMARKET",,"",,,,,,,,0,,,,,
NE000320180420161320,"SHANKAR BHANDAR-2",9831365123,Entally to New Market,"Entally to New Market",M1,Y,0,,0,N,0,,R,"C00011",,"NEWMARKET",,"",,,,,,,,0,,,,,
NE000320180421111842,"SWEET PLAZA",9339550015,Nutun Bazar to Nimtalla,"Nutun Bazar to Nimtalla",SM2,Y,0,,0,N,0,,R,"C00011",,"2B.K.PAUL",,"",,,,,,,,0,,,,,
NE000320180421111842,"SWEET PLAZA",9339550015,Nutun Bazar to Nimtalla,"Nutun Bazar to Nimtalla",M1,Y,0,,0,N,0,,R,"C00011",,"2B.K.PAUL",,"",,,,,,,,0,,,,,
NE000320180421112019,"MAA MANASA BHANDAR",9163251436,Nutun Bazar to Nimtalla,"Nutun Bazar to Nimtalla",SM2,Y,0,,0,N,0,,R,"C00011",,"2B.K.PAUL.",,"",,,,,,,,0,,,,,
NE000320180421112019,"MAA MANASA BHANDAR",9163251436,Nutun Bazar to Nimtalla,"Nutun Bazar to Nimtalla",M1,Y,0,,0,N,0,,R,"C00011",,"2B.K.PAUL.",,"",,,,,,,,0,,,,,
NE000320180421113238,"RADHA GOVINDA BHANDAR",8013565227,Nutun Bazar to Nimtalla,"Nutun Bazar to Nimtalla",SM2,Y,0,,0,N,0,,R,"C00011",,"86NIMTALLA GHAT STREET",,"",,,,,,,,0,,,,,
NE000320180421113238,"RADHA GOVINDA BHANDAR",8013565227,Nutun Bazar to Nimtalla,"Nutun Bazar to Nimtalla",M1,Y,0,,0,N,0,,R,"C00011",,"86NIMTALLA GHAT STREET",,"",,,,,,,,0,,,,,
NE000320180421114530,"S.N.SAHA",9331525146,Nutun Bazar to Nimtalla,"Nutun Bazar to Nimtalla",SM2,Y,0,,0,N,0,,R,"C00011",,"86NIMTALLA GHAT STREET",,"",,,,,,,,0,,,,,
NE000320180421114530,"S.N.SAHA",9331525146,Nutun Bazar to Nimtalla,"Nutun Bazar to Nimtalla",M1,Y,0,,0,N,0,,R,"C00011",,"86NIMTALLA GHAT STREET",,"",,,,,,,,0,,,,,
NE000320180421114730,"S.K.SAHA",9748184982,Nutun Bazar to Nimtalla,"Nutun Bazar to Nimtalla",SM2,Y,0,,0,N,0,,R,"C00011",,"86NIMTALLA GHAT STREET",,"",,,,,,,,0,,,,,
NE000320180421114730,"S.K.SAHA",9748184982,Nutun Bazar to Nimtalla,"Nutun Bazar to Nimtalla",M1,Y,0,,0,N,0,,R,"C00011",,"86NIMTALLA GHAT STREET",,"",,,,,,,,0,,,,,
NE000320180421122051,"SHREE BALAJI STORES",7687907998,Nutun Bazar to Nimtalla,"Nutun Bazar to Nimtalla",SM2,Y,0,,0,N,0,,R,"C00011",,"105M.D.ROAD",,"",,,,,,,,0,,,,,
NE000320180421122051,"SHREE BALAJI STORES",7687907998,Nutun Bazar to Nimtalla,"Nutun Bazar to Nimtalla",M1,Y,0,,0,N,0,,R,"C00011",,"105M.D.ROAD",,"",,,,,,,,0,,,,,
NE000320180421140028,"RAJESH STORES",9163317966,Nutun Bazar to Nimtalla,"Nutun Bazar to Nimtalla",SM2,Y,0,,0,N,0,,R,"C00011",,"11AHIRITOLA STREET",,"",,,,,,,,0,,,,,
NE000320180421140028,"RAJESH STORES",9163317966,Nutun Bazar to Nimtalla,"Nutun Bazar to Nimtalla",M1,Y,0,,0,N,0,,R,"C00011",,"11AHIRITOLA STREET",,"",,,,,,,,0,,,,,
NE000320180421140151,"POOJA STORES",9830457790,Nutun Bazar to Nimtalla,"Nutun Bazar to Nimtalla",SM2,Y,0,,0,N,0,,R,"C00011",,"12/1AHIRITOLA STREET",,"",,,,,,,,0,,,,,
NE000320180421140151,"POOJA STORES",9830457790,Nutun Bazar to Nimtalla,"Nutun Bazar to Nimtalla",M1,Y,0,,0,N,0,,R,"C00011",,"12/1AHIRITOLA STREET",,"",,,,,,,,0,,,,,
NE000320180421140508,"SAVITRY STORES",9874110082,Shova Bazar,"Shova Bazar",SM2,Y,0,,0,N,0,,R,"C00011",,"520.RABINDRA SARANI",,"",,,,,,,,0,,,,,
NE000320180421140508,"SAVITRY STORES",9874110082,Shova Bazar,"Shova Bazar",M1,Y,0,,0,N,0,,R,"C00011",,"520.RABINDRA SARANI",,"",,,,,,,,0,,,,,
NE000320180421140740,"KRISHNA STORES",7678474194,Shova Bazar,"Shova Bazar",SM2,Y,0,,0,N,0,,R,"C00011",,"520RABINDRA SARANI",,"",,,,,,,,0,,,,,
NE000320180421140740,"KRISHNA STORES",7678474194,Shova Bazar,"Shova Bazar",M1,Y,0,,0,N,0,,R,"C00011",,"520RABINDRA SARANI",,"",,,,,,,,0,,,,,
NE000320180421140913,"KAMALA STORES",9831566799,Shova Bazar,"Shova Bazar",SM2,Y,0,,0,N,0,,R,"C00011",,"486RABINDRA SARANI",,"",,,,,,,,0,,,,,
NE000320180421140913,"KAMALA STORES",9831566799,Shova Bazar,"Shova Bazar",M1,Y,0,,0,N,0,,R,"C00011",,"486RABINDRA SARANI",,"",,,,,,,,0,,,,,
NE000320180421141115,"SANJAY KR.JAISWAL",9830247930,Shova Bazar,"Shova Bazar",SM2,Y,0,,0,N,0,,R,"C00011",,"SOVABAZAR MARKET",,"",,,,,,,,0,,,,,
NE000320180421141115,"SANJAY KR.JAISWAL",9830247930,Shova Bazar,"Shova Bazar",M1,Y,0,,0,N,0,,R,"C00011",,"SOVABAZAR MARKET",,"",,,,,,,,0,,,,,
NE000320180421141228,"K.K.GUPTA",9831149153,Shova Bazar,"Shova Bazar",SM2,Y,0,,0,N,0,,R,"C00011",,"SOVABAZAR MARKET",,"",,,,,,,,0,,,,,
NE000320180421141228,"K.K.GUPTA",9831149153,Shova Bazar,"Shova Bazar",M1,Y,0,,0,N,0,,R,"C00011",,"SOVABAZAR MARKET",,"",,,,,,,,0,,,,,
NE000320180423123028,"ANMOL TRADING",7044736254,Howrah Maidan,"Howrah Maidan",SM2,Y,0,,0,N,0,,R,"C00002",,"12GIRISH BANERJEE LANE",,"",,,,,,,,0,,,,,
NE000320180423123028,"ANMOL TRADING",7044736254,Howrah Maidan,"Howrah Maidan",M1,Y,0,,0,N,0,,R,"C00002",,"12GIRISH BANERJEE LANE",,"",,,,,,,,0,,,,,
NE000320180423123220,"RADHA STORES",7890457499,Howrah Maidan,"Howrah Maidan",SM2,Y,0,,0,N,0,,R,"C00002",,"10GIRISH BANERJEE LANE",,"",,,,,,,,0,,,,,
NE000320180423123220,"RADHA STORES",7890457499,Howrah Maidan,"Howrah Maidan",M1,Y,0,,0,N,0,,R,"C00002",,"10GIRISH BANERJEE LANE",,"",,,,,,,,0,,,,,
NE000320180423132540,"JAIN FANCY-2",9432223163,Howrah Maidan,"Howrah Maidan",SM2,Y,0,,0,N,0,,R,"C00002",,"54/1C.M.D.ROAD",,"",,,,,,,,0,,,,,
NE000320180423132540,"JAIN FANCY-2",9432223163,Howrah Maidan,"Howrah Maidan",M1,Y,0,,0,N,0,,R,"C00002",,"54/1C.M.D.ROAD",,"",,,,,,,,0,,,,,
NE000320180423140823,"BHAGAWATI STORES",9163251425,Howrah Maidan,"Howrah Maidan",SM2,Y,0,,0,N,0,,R,"C00002",,"12RAMESHWAR MALIA LANE",,"",,,,,,,,0,,,,,
NE000320180423140823,"BHAGAWATI STORES",9163251425,Howrah Maidan,"Howrah Maidan",M1,Y,0,,0,N,0,,R,"C00002",,"12RAMESHWAR MALIA LANE",,"",,,,,,,,0,,,,,
NE000320180424114334,"SARASWTI VARIETY STORES",9681734159,Kakinara,"Kakinara",SM2,Y,0,,0,N,0,,R,"C00004",,"18GALI MANICPIR KACHARI ROAD",,"",,,,,,,,0,,,,,
NE000320180424114334,"SARASWTI VARIETY STORES",9681734159,Kakinara,"Kakinara",M1,Y,0,,0,N,0,,R,"C00004",,"18GALI MANICPIR KACHARI ROAD",,"",,,,,,,,0,,,,,
NE000320180424122927,"BINOD BHANDAR",9681734159,Kakinara,"Kakinara",SM2,Y,0,,0,N,0,,R,"C00004",,"8GALI.KACHARI ROAD",,"",,,,,,,,0,,,,,
NE000320180424122927,"BINOD BHANDAR",9681734159,Kakinara,"Kakinara",M1,Y,0,,0,N,0,,R,"C00004",,"8GALI.KACHARI ROAD",,"",,,,,,,,0,,,,,
NE000320180424124628,"VISHAL STORES",9478454987,Kakinara,"Kakinara",SM2,Y,0,,0,N,0,,R,"C00004",,"KANKINARA BAZAAR",,"",,,,,,,,0,,,,,
NE000320180424124628,"VISHAL STORES",9478454987,Kakinara,"Kakinara",M1,Y,0,,0,N,0,,R,"C00004",,"KANKINARA BAZAAR",,"",,,,,,,,0,,,,,
NE000320180424125755,"SABANA STORES",8820632048,Kakinara,"Kakinara",SM2,Y,0,,0,N,0,,R,"C00004",,"KANKINARA BAZAAR",,"",,,,,,,,0,,,,,
NE000320180424125755,"SABANA STORES",8820632048,Kakinara,"Kakinara",M1,Y,0,,0,N,0,,R,"C00004",,"KANKINARA BAZAAR",,"",,,,,,,,0,,,,,
NE000320180424125903,"PAYAL STORES",9339996100,Kakinara,"Kakinara",SM2,Y,0,,0,N,0,,R,"C00004",,"KANKINARA BAZAAR",,"",,,,,,,,0,,,,,
NE000320180424125903,"PAYAL STORES",9339996100,Kakinara,"Kakinara",M1,Y,0,,0,N,0,,R,"C00004",,"KANKINARA BAZAAR",,"",,,,,,,,0,,,,,
NE000320180424140358,"CHAND STORES",8420843962,Kakinara,"Kakinara",SM2,Y,0,,0,N,0,,R,"C00004",,"KANKINARA BAZAAR",,"",,,,,,,,0,,,,,
NE000320180424140358,"CHAND STORES",8420843962,Kakinara,"Kakinara",M1,Y,0,,0,N,0,,R,"C00004",,"KANKINARA BAZAAR",,"",,,,,,,,0,,,,,
NE000320180424140645,"SHRI SHYAM DASKARMA BHANDAR",9038177113,Kakinara,"Kakinara",SM2,Y,0,,0,N,0,,R,"C00004",,"KANKINARA BAZAAR",,"",,,,,,,,0,,,,,
NE000320180424140645,"SHRI SHYAM DASKARMA BHANDAR",9038177113,Kakinara,"Kakinara",M1,Y,0,,0,N,0,,R,"C00004",,"KANKINARA BAZAAR",,"",,,,,,,,0,,,,,
NE000320180424143152,"JANATA STORES",9831267325,Kakinara,"Kakinara",SM2,Y,0,,0,N,0,,R,"C00004",,"KANKINARA BAZAAR",,"",,,,,,,,0,,,,,
NE000320180424143152,"JANATA STORES",9831267325,Kakinara,"Kakinara",M1,Y,0,,0,N,0,,R,"C00004",,"KANKINARA BAZAAR",,"",,,,,,,,0,,,,,
NE000320180424143541,"ANNAPURNA BHANDAR",9331725413,Kakinara,"Kakinara",SM2,Y,0,,0,N,0,,R,"C00004",,"KANKINARA BAZAAR",,"",,,,,,,,0,,,,,
NE000320180424143541,"ANNAPURNA BHANDAR",9331725413,Kakinara,"Kakinara",M1,Y,0,,0,N,0,,R,"C00004",,"KANKINARA BAZAAR",,"",,,,,,,,0,,,,,
NE000320180424143932,"ANJALI VARIETY",8981521426,Kakinara,"Kakinara",SM2,Y,0,,0,N,0,,R,"C00004",,"KANKINARA BAZAAR",,"",,,,,,,,0,,,,,
NE000320180424143932,"ANJALI VARIETY",8981521426,Kakinara,"Kakinara",M1,Y,0,,0,N,0,,R,"C00004",,"KANKINARA BAZAAR",,"",,,,,,,,0,,,,,
NE000320180424145435,"S.N.BHANDAR",8961254125,Kakinara,"Kakinara",SM2,Y,0,,0,N,0,,R,"C00004",,"KANKINARA BAZAAR",,"",,,,,,,,0,,,,,
NE000320180424145435,"S.N.BHANDAR",8961254125,Kakinara,"Kakinara",M1,Y,0,,0,N,0,,R,"C00004",,"KANKINARA BAZAAR",,"",,,,,,,,0,,,,,
NE000320180424145555,"SHAW BHANDAR",9337425368,Kakinara,"Kakinara",SM2,Y,0,,0,N,0,,R,"C00004",,"KANKINARA BAZAAR",,"",,,,,,,,0,,,,,
NE000320180424145555,"SHAW BHANDAR",9337425368,Kakinara,"Kakinara",M1,Y,0,,0,N,0,,R,"C00004",,"KANKINARA BAZAAR",,"",,,,,,,,0,,,,,
NE000320180425104208,"ANNAPURNA BHANDAR",9330034259,Rishra Gate 4 to NS Road,"Rishra Gate 4 to NS Road",SM2,Y,0,,0,N,0,,R,"C00003",,"49/4RABINDRA SARANI",,"",,,,,,,,0,,,,,
NE000320180425104208,"ANNAPURNA BHANDAR",9330034259,Rishra Gate 4 to NS Road,"Rishra Gate 4 to NS Road",M1,Y,0,,0,N,0,,R,"C00003",,"49/4RABINDRA SARANI",,"",,,,,,,,0,,,,,
NE000320180425133810,"MAA DURGA BHANDAR",9163521425,Rishra Gate 4 to NS Road,"Rishra Gate 4 to NS Road",SM2,Y,0,,0,N,0,,R,"C00003",,"12N.S.ROAD",,"",,,,,,,,0,,,,,
NE000320180425133810,"MAA DURGA BHANDAR",9163521425,Rishra Gate 4 to NS Road,"Rishra Gate 4 to NS Road",M1,Y,0,,0,N,0,,R,"C00003",,"12N.S.ROAD",,"",,,,,,,,0,,,,,
NE000320180426122932,"MAHENDI STORES",8820757037,Ballygung,"Ballygung",SM2,Y,0,,0,N,0,,R,"C00005",,"PARK CIRCUS",,"",,,,,,,,0,,,,,
NE000320180426122932,"MAHENDI STORES",8820757037,Ballygung,"Ballygung",M1,Y,0,,0,N,0,,R,"C00005",,"PARK CIRCUS",,"",,,,,,,,0,,,,,
NE000320180426124319,"MILAN STORES",9831991809,Ballygung,"Ballygung",SM2,Y,0,,0,N,0,,R,"C00005",,"PARK CIRCUS",,"",,,,,,,,0,,,,,
NE000320180426124319,"MILAN STORES",9831991809,Ballygung,"Ballygung",M1,Y,0,,0,N,0,,R,"C00005",,"PARK CIRCUS",,"",,,,,,,,0,,,,,
NE000320180427135559,"MADANLAL",9007584547,Sealdah to Baithak Khana,"Sealdah to Baithak Khana",SM2,Y,0,,0,N,0,,R,"C00009",,"152BAITHAK KHANA",,"",,,,,,,,0,,,,,
NE000320180427135559,"MADANLAL",9007584547,Sealdah to Baithak Khana,"Sealdah to Baithak Khana",M1,Y,0,,0,N,0,,R,"C00009",,"152BAITHAK KHANA",,"",,,,,,,,0,,,,,
NE000320180427151031,"MAA TARA STORES",8961466134,Sealdah to Baithak Khana,"Sealdah to Baithak Khana",SM2,Y,0,,0,N,0,,R,"C00009",,"9BAITHAK KHANA 1ST LANE",,"",,,,,,,,0,,,,,
NE000320180427151031,"MAA TARA STORES",8961466134,Sealdah to Baithak Khana,"Sealdah to Baithak Khana",M1,Y,0,,0,N,0,,R,"C00009",,"9BAITHAK KHANA 1ST LANE",,"",,,,,,,,0,,,,,
NE000320180427151853,"SRI SRI SARADESHWARI BHANDAR",8697294333,Sealdah to Baithak Khana,"Sealdah to Baithak Khana",SM2,Y,0,,0,N,0,,R,"C00009",,"31ABAITHAK KHANA",,"",,,,,,,,0,,,,,
NE000320180427151853,"SRI SRI SARADESHWARI BHANDAR",8697294333,Sealdah to Baithak Khana,"Sealdah to Baithak Khana",M1,Y,0,,0,N,0,,R,"C00009",,"31ABAITHAK KHANA",,"",,,,,,,,0,,,,,
NE000320180427152017,"DAS INTERPRISE",9674469702,Sealdah to Baithak Khana,"Sealdah to Baithak Khana",SM2,Y,0,,0,N,0,,R,"C00009",,"168BBAITHAK KHANA",,"",,,,,,,,0,,,,,
NE000320180427152017,"DAS INTERPRISE",9674469702,Sealdah to Baithak Khana,"Sealdah to Baithak Khana",M1,Y,0,,0,N,0,,R,"C00009",,"168BBAITHAK KHANA",,"",,,,,,,,0,,,,,
NE000320180427152153,"B.P.Y.STORES",8013792709,Sealdah to Baithak Khana,"Sealdah to Baithak Khana",SM2,Y,0,,0,N,0,,R,"C00009",,"169BAITHAK KHANA",,"",,,,,,,,0,,,,,
NE000320180427152153,"B.P.Y.STORES",8013792709,Sealdah to Baithak Khana,"Sealdah to Baithak Khana",M1,Y,0,,0,N,0,,R,"C00009",,"169BAITHAK KHANA",,"",,,,,,,,0,,,,,
NE000320180427152314,"SAKSHAM STORES",8017327385,Sealdah to Baithak Khana,"Sealdah to Baithak Khana",SM2,Y,0,,0,N,0,,R,"C00009",,"17BAITHAK KHANA",,"",,,,,,,,0,,,,,
NE000320180427152314,"SAKSHAM STORES",8017327385,Sealdah to Baithak Khana,"Sealdah to Baithak Khana",M1,Y,0,,0,N,0,,R,"C00009",,"17BAITHAK KHANA",,"",,,,,,,,0,,,,,
NE000320180427152435,"SRI LAKSHMI STORES",9748672453,Sealdah to Baithak Khana,"Sealdah to Baithak Khana",SM2,Y,0,,0,N,0,,R,"C00009",,"18/ABAITHAK KHANA",,"",,,,,,,,0,,,,,
NE000320180427152435,"SRI LAKSHMI STORES",9748672453,Sealdah to Baithak Khana,"Sealdah to Baithak Khana",M1,Y,0,,0,N,0,,R,"C00009",,"18/ABAITHAK KHANA",,"",,,,,,,,0,,,,,
NE000320180427152548,"ASHOK STORES",8607060147,Sealdah to Baithak Khana,"Sealdah to Baithak Khana",SM2,Y,0,,0,N,0,,R,"C00009",,"165ABAITHAK KHANA",,"",,,,,,,,0,,,,,
NE000320180427152548,"ASHOK STORES",8607060147,Sealdah to Baithak Khana,"Sealdah to Baithak Khana",M1,Y,0,,0,N,0,,R,"C00009",,"165ABAITHAK KHANA",,"",,,,,,,,0,,,,,
NE000320180428135143,"SIDDESWARI STORES",7278638038,Chinsurah,"Chinsurah",SM2,Y,0,,0,N,0,,R,"C00013",,"STATION ROAD",,"",,,,,,,,0,,,,,
NE000320180428135143,"SIDDESWARI STORES",7278638038,Chinsurah,"Chinsurah",M1,Y,0,,0,N,0,,R,"C00013",,"STATION ROAD",,"",,,,,,,,0,,,,,
NE000320180428135609,"SWAPNA",9804389334,Chinsurah,"Chinsurah",SM2,Y,0,,0,N,0,,R,"C00013",,"STATION ROAD",,"",,,,,,,,0,,,,,
NE000320180428135609,"SWAPNA",9804389334,Chinsurah,"Chinsurah",M1,Y,0,,0,N,0,,R,"C00013",,"STATION ROAD",,"",,,,,,,,0,,,,,
NE000320180428135826,"LADIES CORNER",9874175458,Chinsurah,"Chinsurah",SM2,Y,0,,0,N,0,,R,"C00013",,"AMRATALLA LANE",,"",,,,,,,,0,,,,,
NE000320180428135826,"LADIES CORNER",9874175458,Chinsurah,"Chinsurah",M1,Y,0,,0,N,0,,R,"C00013",,"AMRATALLA LANE",,"",,,,,,,,0,,,,,
NE000320180428135941,"RUPASHREE",9830070925,Chinsurah,"Chinsurah",SM2,Y,0,,0,N,0,,R,"C00013",,"AMRATALLA LANE",,"",,,,,,,,0,,,,,
NE000320180428135941,"RUPASHREE",9830070925,Chinsurah,"Chinsurah",M1,Y,0,,0,N,0,,R,"C00013",,"AMRATALLA LANE",,"",,,,,,,,0,,,,,
NE000320180428140101,"SATHI",9903319805,Chinsurah,"Chinsurah",SM2,Y,0,,0,N,0,,R,"C00013",,"GHADI MORE",,"",,,,,,,,0,,,,,
NE000320180428140101,"SATHI",9903319805,Chinsurah,"Chinsurah",M1,Y,0,,0,N,0,,R,"C00013",,"GHADI MORE",,"",,,,,,,,0,,,,,
NE000320180428140346,"KANJILAL STORES",9903235403,Chinsurah,"Chinsurah",SM2,Y,0,,0,N,0,,R,"C00013",,"STATION ROAD",,"",,,,,,,,0,,,,,
NE000320180428140346,"KANJILAL STORES",9903235403,Chinsurah,"Chinsurah",M1,Y,0,,0,N,0,,R,"C00013",,"STATION ROAD",,"",,,,,,,,0,,,,,
NE000320180428140449,"MAHAMAYA BHANDAR",8582931295,Chinsurah,"Chinsurah",SM2,Y,0,,0,N,0,,R,"C00013",,"STATION ROAD",,"",,,,,,,,0,,,,,
NE000320180428140449,"MAHAMAYA BHANDAR",8582931295,Chinsurah,"Chinsurah",M1,Y,0,,0,N,0,,R,"C00013",,"STATION ROAD",,"",,,,,,,,0,,,,,
NE000320180428140657,"SAVITRY VARIETY STORES",9088835910,Chinsurah,"Chinsurah",SM2,Y,0,,0,N,0,,R,"C00013",,"STATION ROAD",,"",,,,,,,,0,,,,,
NE000320180428140657,"SAVITRY VARIETY STORES",9088835910,Chinsurah,"Chinsurah",M1,Y,0,,0,N,0,,R,"C00013",,"STATION ROAD",,"",,,,,,,,0,,,,,
NE000320180428140751,"SAJNEE",9335414256,Chinsurah,"Chinsurah",SM2,Y,0,,0,N,0,,R,"C00013",,"STATION ROAD",,"",,,,,,,,0,,,,,
NE000320180428140751,"SAJNEE",9335414256,Chinsurah,"Chinsurah",M1,Y,0,,0,N,0,,R,"C00013",,"STATION ROAD",,"",,,,,,,,0,,,,,
NE000320180428140849,"PAUL VARIETY STORES",8572712536,Chinsurah,"Chinsurah",SM2,Y,0,,0,N,0,,R,"C00013",,"STATION ROAD",,"",,,,,,,,0,,,,,
NE000320180428140849,"PAUL VARIETY STORES",8572712536,Chinsurah,"Chinsurah",M1,Y,0,,0,N,0,,R,"C00013",,"STATION ROAD",,"",,,,,,,,0,,,,,
NE000320180428141004,"ARCHANAG",8272521725,Chinsurah,"Chinsurah",SM2,Y,0,,0,N,0,,R,"C00013",,"STATION ROAD",,"",,,,,,,,0,,,,,
NE000320180428141004,"ARCHANAG",8272521725,Chinsurah,"Chinsurah",M1,Y,0,,0,N,0,,R,"C00013",,"STATION ROAD",,"",,,,,,,,0,,,,,
NE000320180430135728,"VACHI",9831225280,Howrah Maidan,"Howrah Maidan",SM2,Y,0,,0,N,0,,R,"C00002",,"6K.K.BHATTACHARJEE LANE",,"",,,,,,,,0,,,,,
NE000320180430135728,"VACHI",9831225280,Howrah Maidan,"Howrah Maidan",M1,Y,0,,0,N,0,,R,"C00002",,"6K.K.BHATTACHARJEE LANE",,"",,,,,,,,0,,,,,
NE000320180430135914,"SHANKAR LAL SHAW",9163254136,Howrah Maidan,"Howrah Maidan",SM2,Y,0,,0,N,0,,R,"C00002",,"22K.BANERJEE LANE",,"",,,,,,,,0,,,,,
NE000320180430135914,"SHANKAR LAL SHAW",9163254136,Howrah Maidan,"Howrah Maidan",M1,Y,0,,0,N,0,,R,"C00002",,"22K.BANERJEE LANE",,"",,,,,,,,0,,,,,
NE000320180430140406,"LADIESH CORNER",7044213892,Howrah Maidan,"Howrah Maidan",SM2,Y,0,,0,N,0,,R,"C00002",,"13N.S.ROAD (MULLIC PHATAK)",,"",,,,,,,,0,,,,,
NE000320180430140406,"LADIESH CORNER",7044213892,Howrah Maidan,"Howrah Maidan",M1,Y,0,,0,N,0,,R,"C00002",,"13N.S.ROAD (MULLIC PHATAK)",,"",,,,,,,,0,,,,,
NE000320180430140629,"TARAK NATH SHAW",9831900760,Howrah Maidan,"Howrah Maidan",SM2,Y,0,,0,N,0,,R,"C00002",,"17/1DR.P.K.BANERJEE ROAD",,"",,,,,,,,0,,,,,
NE000320180430140629,"TARAK NATH SHAW",9831900760,Howrah Maidan,"Howrah Maidan",M1,Y,0,,0,N,0,,R,"C00002",,"17/1DR.P.K.BANERJEE ROAD",,"",,,,,,,,0,,,,,
NE000320180430140812,"RAJASTHAN STORES",9830474387,Howrah Maidan,"Howrah Maidan",SM2,Y,0,,0,N,0,,R,"C00002",,"8RAMESHWAR MALIA LANE",,"",,,,,,,,0,,,,,
NE000320180430140812,"RAJASTHAN STORES",9830474387,Howrah Maidan,"Howrah Maidan",M1,Y,0,,0,N,0,,R,"C00002",,"8RAMESHWAR MALIA LANE",,"",,,,,,,,0,,,,,
NE000320180430141123,"KAILASH TRADING CO.",9836521436,Howrah Maidan,"Howrah Maidan",SM2,Y,0,,0,N,0,,R,"C00002",,"KALI BABU BAZAAR",,"",,,,,,,,0,,,,,
NE000320180430141123,"KAILASH TRADING CO.",9836521436,Howrah Maidan,"Howrah Maidan",M1,Y,0,,0,N,0,,R,"C00002",,"KALI BABU BAZAAR",,"",,,,,,,,0,,,,,
NE000320180503122636,"RATAN LAL AGARWAL",9748799846,Ballygung,"Ballygung",SM2,Y,0,,0,N,0,,R,"C00005",,"PARKCIRCUS",,"",,,,,,,,0,,,,,
NE000320180503122636,"RATAN LAL AGARWAL",9748799846,Ballygung,"Ballygung",M1,Y,0,,0,N,0,,R,"C00005",,"PARKCIRCUS",,"",,,,,,,,0,,,,,
NE000320180504230351,"AMAR DEV",9564348386,Munsirhat,"Munsirhat",SM2,Y,0,,0,N,0,,R,"C00014",,"MUNSHIRHAT",,"",,,,,,,,0,,,,,
NE000320180504230351,"AMAR DEV",9564348386,Munsirhat,"Munsirhat",M1,Y,0,,0,N,0,,R,"C00014",,"MUNSHIRHAT",,"",,,,,,,,0,,,,,
NE000320180504230625,"SRI KRISHNA TRADERS",9684293824,Munsirhat,"Munsirhat",SM2,Y,0,,0,N,0,,R,"C00014",,"MUNSHIRHAT BAZAAR",,"",,,,,,,,0,,,,,
NE000320180504230625,"SRI KRISHNA TRADERS",9684293824,Munsirhat,"Munsirhat",M1,Y,0,,0,N,0,,R,"C00014",,"MUNSHIRHAT BAZAAR",,"",,,,,,,,0,,,,,
NE000320180504230809,"BHUPATI SANTRA",9647321315,Munsirhat,"Munsirhat",SM2,Y,0,,0,N,0,,R,"C00014",,"MUNSHIRHAT BAZAAR",,"",,,,,,,,0,,,,,
NE000320180504230809,"BHUPATI SANTRA",9647321315,Munsirhat,"Munsirhat",M1,Y,0,,0,N,0,,R,"C00014",,"MUNSHIRHAT BAZAAR",,"",,,,,,,,0,,,,,
NE000320180504230907,"RANNAGHAR",8961258431,Munsirhat,"Munsirhat",SM2,Y,0,,0,N,0,,R,"C00014",,"MUNSHIRHAT BAZAAR",,"",,,,,,,,0,,,,,
NE000320180504230907,"RANNAGHAR",8961258431,Munsirhat,"Munsirhat",M1,Y,0,,0,N,0,,R,"C00014",,"MUNSHIRHAT BAZAAR",,"",,,,,,,,0,,,,,
NE000320180504231044,"SWAPNA",9733739830,Munsirhat,"Munsirhat",SM2,Y,0,,0,N,0,,R,"C00014",,"MUNSHIRHAT BAZAAR",,"",,,,,,,,0,,,,,
NE000320180504231044,"SWAPNA",9733739830,Munsirhat,"Munsirhat",M1,Y,0,,0,N,0,,R,"C00014",,"MUNSHIRHAT BAZAAR",,"",,,,,,,,0,,,,,
NE000320180504231209,"DILIP DEY",9609374385,Munsirhat,"Munsirhat",SM2,Y,0,,0,N,0,,R,"C00014",,"MUNSHIRHAT BAZAAR",,"",,,,,,,,0,,,,,
NE000320180504231209,"DILIP DEY",9609374385,Munsirhat,"Munsirhat",M1,Y,0,,0,N,0,,R,"C00014",,"MUNSHIRHAT BAZAAR",,"",,,,,,,,0,,,,,
NE000320180504231321,"RANJAN PAUL",9681412536,Munsirhat,"Munsirhat",SM2,Y,0,,0,N,0,,R,"C00014",,"MUNSHIRHAT BAZAAR",,"",,,,,,,,0,,,,,
NE000320180504231321,"RANJAN PAUL",9681412536,Munsirhat,"Munsirhat",M1,Y,0,,0,N,0,,R,"C00014",,"MUNSHIRHAT BAZAAR",,"",,,,,,,,0,,,,,
NE000320180504231447,"TARA MAA VARIETYS",8272412536,Munsirhat,"Munsirhat",SM2,Y,0,,0,N,0,,R,"C00014",,"MUNSHIRHAT BAZAAR",,"",,,,,,,,0,,,,,
NE000320180504231447,"TARA MAA VARIETYS",8272412536,Munsirhat,"Munsirhat",M1,Y,0,,0,N,0,,R,"C00014",,"MUNSHIRHAT BAZAAR",,"",,,,,,,,0,,,,,
NE000320180504231558,"SRI KRISHNA BHANDAR",9683412536,Munsirhat,"Munsirhat",SM2,Y,0,,0,N,0,,R,"C00014",,"MUNSHIRHAT BAZAAR",,"",,,,,,,,0,,,,,
NE000320180504231558,"SRI KRISHNA BHANDAR",9683412536,Munsirhat,"Munsirhat",M1,Y,0,,0,N,0,,R,"C00014",,"MUNSHIRHAT BAZAAR",,"",,,,,,,,0,,,,,
NE000320180504231739,"N.C.PAUL",8272514253,Munsirhat,"Munsirhat",SM2,Y,0,,0,N,0,,R,"C00014",,"MUNSHIRHAT BAZAAR",,"",,,,,,,,0,,,,,
NE000320180504231739,"N.C.PAUL",8272514253,Munsirhat,"Munsirhat",M1,Y,0,,0,N,0,,R,"C00014",,"MUNSHIRHAT BAZAAR",,"",,,,,,,,0,,,,,
NE000320180505101359,"OM PRAKASHAGARWAL",9903637476,Alam Bazar to Kasipur,"Alam Bazar to Kasipur",SM2,Y,0,,0,N,0,,R,"C00012",,"73/1SURYA SEN ROAD",,"",,,,,,,,0,,,,,
NE000320180505101359,"OM PRAKASHAGARWAL",9903637476,Alam Bazar to Kasipur,"Alam Bazar to Kasipur",M1,Y,0,,0,N,0,,R,"C00012",,"73/1SURYA SEN ROAD",,"",,,,,,,,0,,,,,
NE000320180505103312,"PATANJALI STORES",9339107685,Alam Bazar to Kasipur,"Alam Bazar to Kasipur",SM2,Y,0,,0,N,0,,R,"C00012",,"48SURYA SEN ROAD",,"",,,,,,,,0,,,,,
NE000320180505103312,"PATANJALI STORES",9339107685,Alam Bazar to Kasipur,"Alam Bazar to Kasipur",M1,Y,0,,0,N,0,,R,"C00012",,"48SURYA SEN ROAD",,"",,,,,,,,0,,,,,
NE000320180505120617,"SATYANARAYAN AGARWAL",8961521436,Alam Bazar to Kasipur,"Alam Bazar to Kasipur",SM2,Y,0,,0,N,0,,R,"C00012",,"75SURYA SEN ROAD",,"",,,,,,,,0,,,,,
NE000320180505120617,"SATYANARAYAN AGARWAL",8961521436,Alam Bazar to Kasipur,"Alam Bazar to Kasipur",M1,Y,0,,0,N,0,,R,"C00012",,"75SURYA SEN ROAD",,"",,,,,,,,0,,,,,
NE000320180505121319,"BHOOTNATH",9073715078,Alam Bazar to Kasipur,"Alam Bazar to Kasipur",SM2,Y,0,,0,N,0,,R,"C00012",,"141DESBANDHU ROAD",,"",,,,,,,,0,,,,,
NE000320180505121319,"BHOOTNATH",9073715078,Alam Bazar to Kasipur,"Alam Bazar to Kasipur",M1,Y,0,,0,N,0,,R,"C00012",,"141DESBANDHU ROAD",,"",,,,,,,,0,,,,,
NE000320180505121615,"THE ROSE",9051458722,Alam Bazar to Kasipur,"Alam Bazar to Kasipur",SM2,Y,0,,0,N,0,,R,"C00012",,"69COSSIPORE ROAD",,"",,,,,,,,0,,,,,
NE000320180505121615,"THE ROSE",9051458722,Alam Bazar to Kasipur,"Alam Bazar to Kasipur",M1,Y,0,,0,N,0,,R,"C00012",,"69COSSIPORE ROAD",,"",,,,,,,,0,,,,,
NE000320180505123158,"GANESH VARIETY STORES",7980007586,Alam Bazar to Kasipur,"Alam Bazar to Kasipur",SM2,Y,0,,0,N,0,,R,"C00012",,"86COSSIPORE ROAD",,"",,,,,,,,0,,,,,
NE000320180505123158,"GANESH VARIETY STORES",7980007586,Alam Bazar to Kasipur,"Alam Bazar to Kasipur",M1,Y,0,,0,N,0,,R,"C00012",,"86COSSIPORE ROAD",,"",,,,,,,,0,,,,,
NE000320180505124300,"USHA STORES",9830315130,Alam Bazar to Kasipur,"Alam Bazar to Kasipur",SM2,Y,0,,0,N,0,,R,"C00012",,"35/1COSSIPORE ROAD",,"",,,,,,,,0,,,,,
NE000320180505124300,"USHA STORES",9830315130,Alam Bazar to Kasipur,"Alam Bazar to Kasipur",M1,Y,0,,0,N,0,,R,"C00012",,"35/1COSSIPORE ROAD",,"",,,,,,,,0,,,,,
NE000320180505124807,"SAVITRY STORES",8961529739,Alam Bazar to Kasipur,"Alam Bazar to Kasipur",SM2,Y,0,,0,N,0,,R,"C00012",,"29/72COSSIPORE ROAD",,"",,,,,,,,0,,,,,
NE000320180505124807,"SAVITRY STORES",8961529739,Alam Bazar to Kasipur,"Alam Bazar to Kasipur",M1,Y,0,,0,N,0,,R,"C00012",,"29/72COSSIPORE ROAD",,"",,,,,,,,0,,,,,
NE000320180505130914,"KUMKUM",9123020418,Alam Bazar to Kasipur,"Alam Bazar to Kasipur",SM2,Y,0,,0,N,0,,R,"C00012",,"58/13COSSIPORE ROAD",,"",,,,,,,,0,,,,,
NE000320180505130914,"KUMKUM",9123020418,Alam Bazar to Kasipur,"Alam Bazar to Kasipur",M1,Y,0,,0,N,0,,R,"C00012",,"58/13COSSIPORE ROAD",,"",,,,,,,,0,,,,,
NE000320180505131144,"WALI ALAM",9073015078,Alam Bazar to Kasipur,"Alam Bazar to Kasipur",SM2,Y,0,,0,N,0,,R,"C00012",,"98COSSIPORE ROAD",,"",,,,,,,,0,,,,,
NE000320180505131144,"WALI ALAM",9073015078,Alam Bazar to Kasipur,"Alam Bazar to Kasipur",M1,Y,0,,0,N,0,,R,"C00012",,"98COSSIPORE ROAD",,"",,,,,,,,0,,,,,
NE000320180505132003,"AAFREEN VARIETY STORES",9903967936,Alam Bazar to Kasipur,"Alam Bazar to Kasipur",SM2,Y,0,,0,N,0,,R,"C00012",,"99/H/12/1COSSIPORE ROAD",,"",,,,,,,,0,,,,,
NE000320180505132003,"AAFREEN VARIETY STORES",9903967936,Alam Bazar to Kasipur,"Alam Bazar to Kasipur",M1,Y,0,,0,N,0,,R,"C00012",,"99/H/12/1COSSIPORE ROAD",,"",,,,,,,,0,,,,,
NE000320180505134807,"KESHARI STORES",9831522570,Alam Bazar to Kasipur,"Alam Bazar to Kasipur",SM2,Y,0,,0,N,0,,R,"C00012",,"22COSSIPORE ROAD",,"",,,,,,,,0,,,,,
NE000320180505134807,"KESHARI STORES",9831522570,Alam Bazar to Kasipur,"Alam Bazar to Kasipur",M1,Y,0,,0,N,0,,R,"C00012",,"22COSSIPORE ROAD",,"",,,,,,,,0,,,,,
NE000320180505144717,"GUPTA STORES",9038415582,Alam Bazar to Kasipur,"Alam Bazar to Kasipur",SM2,Y,0,,0,N,0,,R,"C00012",,"22/1COSSIPORE ROAD",,"",,,,,,,,0,,,,,
NE000320180505144717,"GUPTA STORES",9038415582,Alam Bazar to Kasipur,"Alam Bazar to Kasipur",M1,Y,0,,0,N,0,,R,"C00012",,"22/1COSSIPORE ROAD",,"",,,,,,,,0,,,,,
NE000320180505144830,"NIGAM STORES",9038415582,Alam Bazar to Kasipur,"Alam Bazar to Kasipur",SM2,Y,0,,0,N,0,,R,"C00012",,"23/1COSSIPORE ROAD",,"",,,,,,,,0,,,,,
NE000320180505144830,"NIGAM STORES",9038415582,Alam Bazar to Kasipur,"Alam Bazar to Kasipur",M1,Y,0,,0,N,0,,R,"C00012",,"23/1COSSIPORE ROAD",,"",,,,,,,,0,,,,,
NE000320180505144957,"SHREE AMBEY STORES",9831057053,Alam Bazar to Kasipur,"Alam Bazar to Kasipur",SM2,Y,0,,0,N,0,,R,"C00012",,"22/1COSSIPORE ROAD",,"",,,,,,,,0,,,,,
NE000320180505144957,"SHREE AMBEY STORES",9831057053,Alam Bazar to Kasipur,"Alam Bazar to Kasipur",M1,Y,0,,0,N,0,,R,"C00012",,"22/1COSSIPORE ROAD",,"",,,,,,,,0,,,,,
NE000320180505145110,"SATYANARAYAN STORES",9038715075,Alam Bazar to Kasipur,"Alam Bazar to Kasipur",SM2,Y,0,,0,N,0,,R,"C00012",,"23/1COSSIPORE ROAD",,"",,,,,,,,0,,,,,
NE000320180505145110,"SATYANARAYAN STORES",9038715075,Alam Bazar to Kasipur,"Alam Bazar to Kasipur",M1,Y,0,,0,N,0,,R,"C00012",,"23/1COSSIPORE ROAD",,"",,,,,,,,0,,,,,
NE000320180505145524,"MAA JAGDHATRI STORES",9836272765,Alam Bazar to Kasipur,"Alam Bazar to Kasipur",SM2,N,0,,0,N,0,,R,"C00012",,"22/2ABAGHBAZAR STREET",,"",,,,,,,,0,,,,,
NE000320180505145524,"MAA JAGDHATRI STORES",9836272765,Shyam Bazar to Bagh Bazar,"Shyam Bazar to Bagh Bazar",M1,Y,0,,0,N,0,,R,"C00012",,"22/2ABAGHBAZAR STREET",,"",,,,,,,,0,,,,,
NE000320180505150801,"MAHADEV BHANDAR",8961251436,Alam Bazar to Kasipur,"Alam Bazar to Kasipur",SM2,N,0,,0,N,0,,R,"C00012",,"SHYAMBAZAAR",,"",,,,,,,,0,,,,,
NE000320180505150801,"MAHADEV BHANDAR",8961251436,Shyam Bazar to Bagh Bazar,"Shyam Bazar to Bagh Bazar",M1,Y,0,,0,N,0,,R,"C00012",,"SHYAMBAZAAR",,"",,,,,,,,0,,,,,
NE000320180505164831,"HAJI STORES",9163728080,Alam Bazar to Kasipur,"Alam Bazar to Kasipur",SM2,N,0,,0,N,0,,R,"C00012",,"SHYAMBAZAAR",,"",,,,,,,,0,,,,,
NE000320180505164831,"HAJI STORES",9163728080,Alam Bazar to Kasipur,"Alam Bazar to Kasipur",M1,N,0,,0,N,0,,R,"C00012",,"SHYAMBAZAAR",,"",,,,,,,,0,,,,,
NE000320180505165121,"HAJI STORES",9163728080,Shyam Bazar to Bagh Bazar,"Shyam Bazar to Bagh Bazar",SM2,Y,0,,0,N,0,,R,"C00012",,"SHYAMBAZAR",,"",,,,,,,,0,,,,,
NE000320180505165121,"HAJI STORES",9163728080,Shyam Bazar to Bagh Bazar,"Shyam Bazar to Bagh Bazar",M1,Y,0,,0,N,0,,R,"C00012",,"SHYAMBAZAR",,"",,,,,,,,0,,,,,
NE000320180505165306,"GHOSH BROTHER",9804551083,Shyam Bazar to Bagh Bazar,"Shyam Bazar to Bagh Bazar",SM2,Y,0,,0,N,0,,R,"C00012",,"SHYAMBAZAR",,"",,,,,,,,0,,,,,
NE000320180505165306,"GHOSH BROTHER",9804551083,Shyam Bazar to Bagh Bazar,"Shyam Bazar to Bagh Bazar",M1,Y,0,,0,N,0,,R,"C00012",,"SHYAMBAZAR",,"",,,,,,,,0,,,,,
NE000320180507122822,"NEW RAJASTHAN STORES",9903853024,Shibpur,"Shibpur",SM2,Y,0,,0,N,0,,R,"C00002",,"493/B/18G.T ROAD",,"",,,,,,,,0,,,,,
NE000320180507122822,"NEW RAJASTHAN STORES",9903853024,Shibpur,"Shibpur",M1,Y,0,,0,N,0,,R,"C00002",,"493/B/18G.T ROAD",,"",,,,,,,,0,,,,,
NE000320180507141655,"ASHRAFI GENERAL STORES",9339740731,Shibpur,"Shibpur",SM2,Y,0,,0,N,0,,R,"C00002",,"149G.T ROAD SHIBPUR",,"",,,,,,,,0,,,,,
NE000320180507141655,"ASHRAFI GENERAL STORES",9339740731,Shibpur,"Shibpur",M1,Y,0,,0,N,0,,R,"C00002",,"149G.T ROAD SHIBPUR",,"",,,,,,,,0,,,,,
NE000320180508112146,"DIVINE STORES",9903851771,Dunlop to Kamarhati,"Dunlop to Kamarhati",SM2,Y,0,,0,N,0,,R,"C00012",,"141AB.T.ROADDUNLOP",,"",,,,,,,,0,,,,,
NE000320180508112146,"DIVINE STORES",9903851771,Dunlop to Kamarhati,"Dunlop to Kamarhati",M1,Y,0,,0,N,0,,R,"C00012",,"141AB.T.ROADDUNLOP",,"",,,,,,,,0,,,,,
NE000320180508112312,"MONA DASKARMA",8420922859,Dunlop to Kamarhati,"Dunlop to Kamarhati",SM2,Y,0,,0,N,0,,R,"C00012",,"SUPER MARKETDUNLOP",,"",,,,,,,,0,,,,,
NE000320180508112312,"MONA DASKARMA",8420922859,Dunlop to Kamarhati,"Dunlop to Kamarhati",M1,Y,0,,0,N,0,,R,"C00012",,"SUPER MARKETDUNLOP",,"",,,,,,,,0,,,,,
NE000320180508113335,"APARUPA COSMETICS",9830427096,Dunlop to Kamarhati,"Dunlop to Kamarhati",SM2,Y,0,,0,N,0,,R,"C00012",,"140B.T.ROADDUNLOP",,"",,,,,,,,0,,,,,
NE000320180508113335,"APARUPA COSMETICS",9830427096,Dunlop to Kamarhati,"Dunlop to Kamarhati",M1,Y,0,,0,N,0,,R,"C00012",,"140B.T.ROADDUNLOP",,"",,,,,,,,0,,,,,
NE000320180509135641,"LAKSHMI STORES",8272910031,Rishra Gate 4 to NS Road,"Rishra Gate 4 to NS Road",SM2,Y,0,,0,N,0,,R,"C00003",,"51/9N.S.ROAD",,"",,,,,,,,0,,,,,
NE000320180509135641,"LAKSHMI STORES",8272910031,Rishra Gate 4 to NS Road,"Rishra Gate 4 to NS Road",M1,Y,0,,0,N,0,,R,"C00003",,"51/9N.S.ROAD",,"",,,,,,,,0,,,,,
NE000320180510160609,"KISHOR STORES",8961251436,Ballygung,"Ballygung",SM2,Y,0,,0,N,0,,R,"C00005",,"BALLYGUNGE",,"",,,,,,,,0,,,,,
NE000320180510160609,"KISHOR STORES",8961251436,Ballygung,"Ballygung",M1,Y,0,,0,N,0,,R,"C00005",,"BALLYGUNGE",,"",,,,,,,,0,,,,,
NE000320180512145846,"SWASTI BIPONI",9062224470,Chinsurah,"Chinsurah",SM2,Y,0,,0,N,0,,R,"C00013",,"MAHAMAYA COLONY",,"",,,,,,,,0,,,,,
NE000320180512145846,"SWASTI BIPONI",9062224470,Chinsurah,"Chinsurah",M1,Y,0,,0,N,0,,R,"C00013",,"MAHAMAYA COLONY",,"",,,,,,,,0,,,,,
NE000320180512150217,"KAMALA STORES",9230214139,Chinsurah,"Chinsurah",SM2,Y,0,,0,N,0,,R,"C00013",,"RABINDRA NAGAR",,"",,,,,,,,0,,,,,
NE000320180512150217,"KAMALA STORES",9230214139,Chinsurah,"Chinsurah",M1,Y,0,,0,N,0,,R,"C00013",,"RABINDRA NAGAR",,"",,,,,,,,0,,,,,
NE000320180514114118,"PUNIT KR.SHAW",9038548910,Shova Bazar,"Shova Bazar",SM2,Y,0,,0,N,0,,R,"C00011",,"3GRAJA NABA KRISHNA ST.",,"",,,,,,,,0,,,,,
NE000320180514114118,"PUNIT KR.SHAW",9038548910,Shova Bazar,"Shova Bazar",M1,Y,0,,0,N,0,,R,"C00011",,"3GRAJA NABA KRISHNA ST.",,"",,,,,,,,0,,,,,
NE000320180514131553,"AKKHI MAA BHANDAR",9831268701,Shova Bazar,"Shova Bazar",SM2,Y,0,,0,N,0,,R,"C00011",,"SOVABAZAR MARKET",,"",,,,,,,,0,,,,,
NE000320180514131553,"AKKHI MAA BHANDAR",9831268701,Shova Bazar,"Shova Bazar",M1,Y,0,,0,N,0,,R,"C00011",,"SOVABAZAR MARKET",,"",,,,,,,,0,,,,,
NE000320180514131720,"ADI LAKHI BHANDAR",9152412536,Shova Bazar,"Shova Bazar",SM2,Y,0,,0,N,0,,R,"C00011",,"484SOVABAZAR MARKET",,"",,,,,,,,0,,,,,
NE000320180514131720,"ADI LAKHI BHANDAR",9152412536,Shova Bazar,"Shova Bazar",M1,Y,0,,0,N,0,,R,"C00011",,"484SOVABAZAR MARKET",,"",,,,,,,,0,,,,,
NE000320180514132143,"KIRPA DASKARMA BHANDAR",9903843945,Shova Bazar,"Shova Bazar",SM2,Y,0,,0,N,0,,R,"C00011",,"SOVABAZAR MARKET",,"",,,,,,,,0,,,,,
NE000320180514132143,"KIRPA DASKARMA BHANDAR",9903843945,Shova Bazar,"Shova Bazar",M1,Y,0,,0,N,0,,R,"C00011",,"SOVABAZAR MARKET",,"",,,,,,,,0,,,,,
NE000320180514132720,"G.L.AGARWAL",9906325146,Shova Bazar,"Shova Bazar",SM2,Y,0,,0,N,0,,R,"C00011",,"SOVABAZAR MARKET",,"",,,,,,,,0,,,,,
NE000320180514132720,"G.L.AGARWAL",9906325146,Shova Bazar,"Shova Bazar",M1,Y,0,,0,N,0,,R,"C00011",,"SOVABAZAR MARKET",,"",,,,,,,,0,,,,,
NE000320180514132919,"MAA TARA STORES",9335241366,Shova Bazar,"Shova Bazar",SM2,Y,0,,0,N,0,,R,"C00011",,"SOVABAZAR MARKET",,"",,,,,,,,0,,,,,
NE000320180514132919,"MAA TARA STORES",9335241366,Shova Bazar,"Shova Bazar",M1,Y,0,,0,N,0,,R,"C00011",,"SOVABAZAR MARKET",,"",,,,,,,,0,,,,,
NE000320180514142230,"SHAW FOOD STORES",9874487333,College Street to Hati Bagan,"College Street to Hati Bagan",SM2,Y,0,,0,N,0,,R,"C00011",,"HATHIBAGAN MARKET",,"",,,,,,,,0,,,,,
NE000320180514142230,"SHAW FOOD STORES",9874487333,College Street to Hati Bagan,"College Street to Hati Bagan",M1,Y,0,,0,N,0,,R,"C00011",,"HATHIBAGAN MARKET",,"",,,,,,,,0,,,,,
NE000320180515123448,"SHANKAR STORES",9831908559,Maniktalla,"Maniktalla",SM2,Y,0,,0,N,0,,R,"C00011",,"MANICTALLA BAZAAR",,"",,,,,,,,0,,,,,
NE000320180515123448,"SHANKAR STORES",9831908559,Maniktalla,"Maniktalla",M1,Y,0,,0,N,0,,R,"C00011",,"MANICTALLA BAZAAR",,"",,,,,,,,0,,,,,
NE000320180515123600,"NEW TRINATH BHANDAR",9883170541,Maniktalla,"Maniktalla",SM2,Y,0,,0,N,0,,R,"C00011",,"MANICTALLA BAZAAR",,"",,,,,,,,0,,,,,
NE000320180515123600,"NEW TRINATH BHANDAR",9883170541,Maniktalla,"Maniktalla",M1,Y,0,,0,N,0,,R,"C00011",,"MANICTALLA BAZAAR",,"",,,,,,,,0,,,,,
NE000320180515123656,"NABIN STORES",8910371200,Maniktalla,"Maniktalla",SM2,Y,0,,0,N,0,,R,"C00011",,"MANICTALLA BAZAAR",,"",,,,,,,,0,,,,,
NE000320180515123656,"NABIN STORES",8910371200,Maniktalla,"Maniktalla",M1,Y,0,,0,N,0,,R,"C00011",,"MANICTALLA BAZAAR",,"",,,,,,,,0,,,,,
NE000320180515123856,"MEENA COSMETICS",9875319398,Maniktalla,"Maniktalla",SM2,Y,0,,0,N,0,,R,"C00011",,"212VIVEKANAND ROAD",,"",,,,,,,,0,,,,,
NE000320180515123856,"MEENA COSMETICS",9875319398,Maniktalla,"Maniktalla",M1,Y,0,,0,N,0,,R,"C00011",,"212VIVEKANAND ROAD",,"",,,,,,,,0,,,,,
NE000320180515124058,"MANGALDEEP",8981682558,Maniktalla,"Maniktalla",SM2,Y,0,,0,N,0,,R,"C00011",,"212VIVEKANAND ROAD",,"",,,,,,,,0,,,,,
NE000320180515124058,"MANGALDEEP",8981682558,Maniktalla,"Maniktalla",M1,Y,0,,0,N,0,,R,"C00011",,"212VIVEKANAND ROAD",,"",,,,,,,,0,,,,,
NE000320180515124222,"MAYURI INTERPRISE",8420299832,Maniktalla,"Maniktalla",SM2,Y,0,,0,N,0,,R,"C00011",,"212VIVEKANAND ROAD",,"",,,,,,,,0,,,,,
NE000320180515124222,"MAYURI INTERPRISE",8420299832,Maniktalla,"Maniktalla",M1,Y,0,,0,N,0,,R,"C00011",,"212VIVEKANAND ROAD",,"",,,,,,,,0,,,,,
NE000320180515124342,"GUPTA STORES",9903618099,Maniktalla,"Maniktalla",SM2,Y,0,,0,N,0,,R,"C00011",,"212 VIVEKANAND ROAD",,"",,,,,,,,0,,,,,
NE000320180515124342,"GUPTA STORES",9903618099,Maniktalla,"Maniktalla",M1,Y,0,,0,N,0,,R,"C00011",,"212 VIVEKANAND ROAD",,"",,,,,,,,0,,,,,
NE000320180515124441,"PRASAD STORES",9903618099,Maniktalla,"Maniktalla",SM2,Y,0,,0,N,0,,R,"C00011",,"212 VIVEKANAND ROAD",,"",,,,,,,,0,,,,,
NE000320180515124441,"PRASAD STORES",9903618099,Maniktalla,"Maniktalla",M1,Y,0,,0,N,0,,R,"C00011",,"212 VIVEKANAND ROAD",,"",,,,,,,,0,,,,,
NE000320180515132117,"ROYS STORES",8017283433,Maniktalla,"Maniktalla",SM2,Y,0,,0,N,0,,R,"C00011",,"22/1BIDHAN SARANI",,"",,,,,,,,0,,,,,
NE000320180515132117,"ROYS STORES",8017283433,Maniktalla,"Maniktalla",M1,Y,0,,0,N,0,,R,"C00011",,"22/1BIDHAN SARANI",,"",,,,,,,,0,,,,,
NE000320180515132234,"NEW CALCUTTA STORES",9836322359,Maniktalla,"Maniktalla",SM2,Y,0,,0,N,0,,R,"C00011",,"206BIDHAN SARANI",,"",,,,,,,,0,,,,,
NE000320180515132234,"NEW CALCUTTA STORES",9836322359,Maniktalla,"Maniktalla",M1,Y,0,,0,N,0,,R,"C00011",,"206BIDHAN SARANI",,"",,,,,,,,0,,,,,
NE000320180518112328,"GAZIPUR PERFUMERY HOUSE",9433876754,Entally to New Market,"Entally to New Market",SM2,Y,0,,0,N,0,,R,"C00011",,"INTALLY MARKET",,"",,,,,,,,0,,,,,
NE000320180518112328,"GAZIPUR PERFUMERY HOUSE",9433876754,Entally to New Market,"Entally to New Market",M1,Y,0,,0,N,0,,R,"C00011",,"INTALLY MARKET",,"",,,,,,,,0,,,,,
NE000320180518112745,"NEW SATYANARAYAN BHANDAR",9432653035,Entally to New Market,"Entally to New Market",SM2,Y,0,,0,N,0,,R,"C00011",,"INTALLY MARKET",,"",,,,,,,,0,,,,,
NE000320180518112745,"NEW SATYANARAYAN BHANDAR",9432653035,Entally to New Market,"Entally to New Market",M1,Y,0,,0,N,0,,R,"C00011",,"INTALLY MARKET",,"",,,,,,,,0,,,,,
NE000320180518113719,"STATIONERS PROGATI COSMETICS",9836557640,Entally to New Market,"Entally to New Market",SM2,Y,0,,0,N,0,,R,"C00011",,"INTALLY MARKET",,"",,,,,,,,0,,,,,
NE000320180518113719,"STATIONERS PROGATI COSMETICS",9836557640,Entally to New Market,"Entally to New Market",M1,Y,0,,0,N,0,,R,"C00011",,"INTALLY MARKET",,"",,,,,,,,0,,,,,
NE000320180518114801,"NEW DASKARMA BHANDAR",9830009895,Entally to New Market,"Entally to New Market",SM2,Y,0,,0,N,0,,R,"C00011",,"INTALLY MARKET",,"",,,,,,,,0,,,,,
NE000320180518114801,"NEW DASKARMA BHANDAR",9830009895,Entally to New Market,"Entally to New Market",M1,Y,0,,0,N,0,,R,"C00011",,"INTALLY MARKET",,"",,,,,,,,0,,,,,
NE000320180518115555,"PARIJAT STORES",9836922805,Entally to New Market,"Entally to New Market",SM2,Y,0,,0,N,0,,R,"C00011",,"INTALLY MARKET",,"",,,,,,,,0,,,,,
NE000320180518115555,"PARIJAT STORES",9836922805,Entally to New Market,"Entally to New Market",M1,Y,0,,0,N,0,,R,"C00011",,"INTALLY MARKET",,"",,,,,,,,0,,,,,
NE000320180518115952,"SUNIL STORES",9339070559,Entally to New Market,"Entally to New Market",SM2,Y,0,,0,N,0,,R,"C00011",,"INTALLY MARKET",,"",,,,,,,,0,,,,,
NE000320180518115952,"SUNIL STORES",9339070559,Entally to New Market,"Entally to New Market",M1,Y,0,,0,N,0,,R,"C00011",,"INTALLY MARKET",,"",,,,,,,,0,,,,,
NE000320180518121520,"KASHMIR DRY FRUITS",9007274113,Entally to New Market,"Entally to New Market",SM2,Y,0,,0,N,0,,R,"C00011",,"INTALLY MARKET",,"",,,,,,,,0,,,,,
NE000320180518121520,"KASHMIR DRY FRUITS",9007274113,Entally to New Market,"Entally to New Market",M1,Y,0,,0,N,0,,R,"C00011",,"INTALLY MARKET",,"",,,,,,,,0,,,,,
NE000320180518122122,"GOPAL BHANDAR",9610008523,Entally to New Market,"Entally to New Market",SM2,Y,0,,0,N,0,,R,"C00011",,"INTALLY MARKET",,"",,,,,,,,0,,,,,
NE000320180518122122,"GOPAL BHANDAR",9610008523,Entally to New Market,"Entally to New Market",M1,Y,0,,0,N,0,,R,"C00011",,"INTALLY MARKET",,"",,,,,,,,0,,,,,
NE000320180518135702,"TINKAURI CHAWL",8915214366,Entally to New Market,"Entally to New Market",SM2,Y,0,,0,N,0,,R,"C00011",,"22AS.N.BANERJEE ROAD",,"",,,,,,,,0,,,,,
NE000320180518135702,"TINKAURI CHAWL",8915214366,Entally to New Market,"Entally to New Market",M1,Y,0,,0,N,0,,R,"C00011",,"22AS.N.BANERJEE ROAD",,"",,,,,,,,0,,,,,
NE000320180518141005,"GUPTA TRADERS",9143494380,Entally to New Market,"Entally to New Market",SM2,Y,0,,0,N,0,,R,"C00011",,"20BS.N.BANERJEE ROAD",,"",,,,,,,,0,,,,,
NE000320180518141005,"GUPTA TRADERS",9143494380,Entally to New Market,"Entally to New Market",M1,Y,0,,0,N,0,,R,"C00011",,"20BS.N.BANERJEE ROAD",,"",,,,,,,,0,,,,,
NE000320180518170609,"BUDHAN SHAW",8961113639,Entally to New Market,"Entally to New Market",SM2,Y,0,,0,N,0,,R,"C00011",,"NEWMARKET",,"",,,,,,,,0,,,,,
NE000320180518170609,"BUDHAN SHAW",8961113639,Entally to New Market,"Entally to New Market",M1,Y,0,,0,N,0,,R,"C00011",,"NEWMARKET",,"",,,,,,,,0,,,,,
NE000320180520161741,"SONU STORES",8961254125,Alam Bazar to Kasipur,"Alam Bazar to Kasipur",SM2,Y,0,,0,N,0,,R,"C00012",,"99COSSIPORE ROAD",,"",,,,,,,,0,,,,,
NE000320180520161741,"SONU STORES",8961254125,Alam Bazar to Kasipur,"Alam Bazar to Kasipur",M1,Y,0,,0,N,0,,R,"C00012",,"99COSSIPORE ROAD",,"",,,,,,,,0,,,,,
NE000320180520162135,"PRIETY STORES",7282521725,Alam Bazar to Kasipur,"Alam Bazar to Kasipur",SM2,Y,0,,0,N,0,,R,"C00012",,"22/6COSSIPORE ROAD",,"",,,,,,,,0,,,,,
NE000320180520162135,"PRIETY STORES",7282521725,Alam Bazar to Kasipur,"Alam Bazar to Kasipur",M1,Y,0,,0,N,0,,R,"C00012",,"22/6COSSIPORE ROAD",,"",,,,,,,,0,,,,,
NE000320180520162650,"SHREE TIRUPATI BALAJI",9830227366,Shyam Bazar to Bagh Bazar,"Shyam Bazar to Bagh Bazar",SM2,Y,0,,0,N,0,,R,"C00012",,"18GIRISH AVENUE",,"",,,,,,,,0,,,,,
NE000320180520162650,"SHREE TIRUPATI BALAJI",9830227366,Shyam Bazar to Bagh Bazar,"Shyam Bazar to Bagh Bazar",M1,Y,0,,0,N,0,,R,"C00012",,"18GIRISH AVENUE",,"",,,,,,,,0,,,,,
NE000320180520162929,"NEW GANDESHWARI BHANDAR",9830754466,Shyam Bazar to Bagh Bazar,"Shyam Bazar to Bagh Bazar",SM2,Y,0,,0,N,0,,R,"C00012",,"SHYAMBAZAR MARKET",,"",,,,,,,,0,,,,,
NE000320180520162929,"NEW GANDESHWARI BHANDAR",9830754466,Shyam Bazar to Bagh Bazar,"Shyam Bazar to Bagh Bazar",M1,Y,0,,0,N,0,,R,"C00012",,"SHYAMBAZAR MARKET",,"",,,,,,,,0,,,,,
NE000320180521110723,"MATRI BHANDAR",8017000289,Tirrhatti,"Tirrhatti",SM2,Y,0,,0,N,0,,R,"C00011",,"174RABINDRA SARANI",,"",,,,,,,,0,,,,,
NE000320180521110723,"MATRI BHANDAR",8017000289,Tirrhatti,"Tirrhatti",M1,Y,0,,0,N,0,,R,"C00011",,"174RABINDRA SARANI",,"",,,,,,,,0,,,,,
NE000320180521112423,"SHREE GUPTA BHANDAR",8272521425,Tirrhatti,"Tirrhatti",SM2,Y,0,,0,N,0,,R,"C00011",,"MACHUA BAZAAR",,"",,,,,,,,0,,,,,
NE000320180521112423,"SHREE GUPTA BHANDAR",8272521425,Tirrhatti,"Tirrhatti",M1,Y,0,,0,N,0,,R,"C00011",,"MACHUA BAZAAR",,"",,,,,,,,0,,,,,
NE000320180521112528,"SHREE LAXMI BHANDAR",9614125856,Tirrhatti,"Tirrhatti",SM2,Y,0,,0,N,0,,R,"C00011",,"MACHUA BAZAAR",,"",,,,,,,,0,,,,,
NE000320180521112528,"SHREE LAXMI BHANDAR",9614125856,Tirrhatti,"Tirrhatti",M1,Y,0,,0,N,0,,R,"C00011",,"MACHUA BAZAAR",,"",,,,,,,,0,,,,,
NE000320180521112713,"P.AND.CO",9661857214,Tirrhatti,"Tirrhatti",SM2,Y,0,,0,N,0,,R,"C00011",,"MACHUA BAZAAR",,"",,,,,,,,0,,,,,
NE000320180521112713,"P.AND.CO",9661857214,Tirrhatti,"Tirrhatti",M1,Y,0,,0,N,0,,R,"C00011",,"MACHUA BAZAAR",,"",,,,,,,,0,,,,,
NE000320180521113129,"ASHOK KOLEY",8615285476,Tirrhatti,"Tirrhatti",SM2,Y,0,,0,N,0,,R,"C00011",,"124RABINDRA SARANI",,"",,,,,,,,0,,,,,
NE000320180521113129,"ASHOK KOLEY",8615285476,Tirrhatti,"Tirrhatti",M1,Y,0,,0,N,0,,R,"C00011",,"124RABINDRA SARANI",,"",,,,,,,,0,,,,,
NE000320180521115047,"CHANDI DAS KUNDU.SONS",9477705045,Tirrhatti,"Tirrhatti",SM2,Y,0,,0,N,0,,R,"C00011",,"163RABINDRA SARANI",,"",,,,,,,,0,,,,,
NE000320180521115047,"CHANDI DAS KUNDU.SONS",9477705045,Tirrhatti,"Tirrhatti",M1,Y,0,,0,N,0,,R,"C00011",,"163RABINDRA SARANI",,"",,,,,,,,0,,,,,
NE000320180521150635,"DIPAK STORES",8479862035,Tirrhatti,"Tirrhatti",SM2,Y,0,,0,N,0,,R,"C00011",,"TIRHATTI MARKET",,"",,,,,,,,0,,,,,
NE000320180521150635,"DIPAK STORES",8479862035,Tirrhatti,"Tirrhatti",M1,Y,0,,0,N,0,,R,"C00011",,"TIRHATTI MARKET",,"",,,,,,,,0,,,,,
NE000320180522115432,"M/S K.P",8272521436,Sealdah to Baithak Khana,"Sealdah to Baithak Khana",SM2,Y,0,,0,N,0,,R,"C00009",,"162/ABAITHAK KHANA ROAD",23525151,"",,,,,,,,0,,,,,
NE000320180522115432,"M/S K.P",8272521436,Sealdah to Baithak Khana,"Sealdah to Baithak Khana",M1,Y,0,,0,N,0,,R,"C00009",,"162/ABAITHAK KHANA ROAD",23525151,"",,,,,,,,0,,,,,
NE000320180522122149,"PAWAN STORES",9231125183,Sealdah to Baithak Khana,"Sealdah to Baithak Khana",SM2,Y,0,,0,N,0,,R,"C00009",,"17BAITHAK KHANA ROAD",,"",,,,,,,,0,,,,,
NE000320180522122149,"PAWAN STORES",9231125183,Sealdah to Baithak Khana,"Sealdah to Baithak Khana",M1,Y,0,,0,N,0,,R,"C00009",,"17BAITHAK KHANA ROAD",,"",,,,,,,,0,,,,,
NE000320180522152324,"PADMA VARIETY STORES",9830840668,Sealdah to Baithak Khana,"Sealdah to Baithak Khana",SM2,Y,0,,0,N,0,,R,"C00009",,"4A.P.C.R0AD",,"",,,,,,,,0,,,,,
NE000320180522152324,"PADMA VARIETY STORES",9830840668,Sealdah to Baithak Khana,"Sealdah to Baithak Khana",M1,Y,0,,0,N,0,,R,"C00009",,"4A.P.C.R0AD",,"",,,,,,,,0,,,,,
NE000320180522152448,"NEW PADMA VARIETY STORES",9830314583,Sealdah to Baithak Khana,"Sealdah to Baithak Khana",SM2,Y,0,,0,N,0,,R,"C00009",,"4A.P.C.R0AD",,"",,,,,,,,0,,,,,
NE000320180522152448,"NEW PADMA VARIETY STORES",9830314583,Sealdah to Baithak Khana,"Sealdah to Baithak Khana",M1,Y,0,,0,N,0,,R,"C00009",,"4A.P.C.R0AD",,"",,,,,,,,0,,,,,
NE000320180522152635,"MAA PADMA VARIETY STORES",8017143122,Sealdah to Baithak Khana,"Sealdah to Baithak Khana",SM2,Y,0,,0,N,0,,R,"C00009",,"4A.P.C.R0AD",,"",,,,,,,,0,,,,,
NE000320180522152635,"MAA PADMA VARIETY STORES",8017143122,Sealdah to Baithak Khana,"Sealdah to Baithak Khana",M1,Y,0,,0,N,0,,R,"C00009",,"4A.P.C.R0AD",,"",,,,,,,,0,,,,,
NE000320180524134734,"SHREE GURU BHANDAR",9831499252,Ballygung,"Ballygung",SM2,Y,0,,0,N,0,,R,"C00005",,"8BONDEL ROAD",,"",,,,,,,,0,,,,,
NE000320180524134734,"SHREE GURU BHANDAR",9831499252,Ballygung,"Ballygung",M1,Y,0,,0,N,0,,R,"C00005",,"8BONDEL ROAD",,"",,,,,,,,0,,,,,
NE000320180525110222,"RABINDER PRASAD SHAW",9681226354,Shova Bazar,"Shova Bazar",SM2,Y,0,,0,N,0,,R,"C00011",,"11RAJA NABA KRISHNA STREET",,"",,,,,,,,0,,,,,
NE000320180525110222,"RABINDER PRASAD SHAW",9681226354,Shova Bazar,"Shova Bazar",M1,Y,0,,0,N,0,,R,"C00011",,"11RAJA NABA KRISHNA STREET",,"",,,,,,,,0,,,,,
NE000320180525110339,"RAJINDER PRASAD SHAW",9681226354,Shova Bazar,"Shova Bazar",SM2,Y,0,,0,N,0,,R,"C00011",,"11RAJA NABA KRISHNA STREET",,"",,,,,,,,0,,,,,
NE000320180525110339,"RAJINDER PRASAD SHAW",9681226354,Shova Bazar,"Shova Bazar",M1,Y,0,,0,N,0,,R,"C00011",,"11RAJA NABA KRISHNA STREET",,"",,,,,,,,0,,,,,
NE000320180525130407,"GOURANGA STORES",8017187266,Shova Bazar,"Shova Bazar",SM2,Y,0,,0,N,0,,R,"C00011",,"I27B.K.PAUL",,"",,,,,,,,0,,,,,
NE000320180525130407,"GOURANGA STORES",8017187266,Shova Bazar,"Shova Bazar",M1,Y,0,,0,N,0,,R,"C00011",,"I27B.K.PAUL",,"",,,,,,,,0,,,,,
NE000320180525130935,"ASHA TRADING",9903611831,Shova Bazar,"Shova Bazar",SM2,Y,0,,0,N,0,,R,"C00011",,"96B.K.PAUL",,"",,,,,,,,0,,,,,
NE000320180525130935,"ASHA TRADING",9903611831,Shova Bazar,"Shova Bazar",M1,Y,0,,0,N,0,,R,"C00011",,"96B.K.PAUL",,"",,,,,,,,0,,,,,
NE000320180525131331,"PAYEL",8697011747,Shova Bazar,"Shova Bazar",SM2,Y,0,,0,N,0,,R,"C00011",,"92B.K.PAUL",,"",,,,,,,,0,,,,,
NE000320180525131331,"PAYEL",8697011747,Shova Bazar,"Shova Bazar",M1,Y,0,,0,N,0,,R,"C00011",,"92B.K.PAUL",,"",,,,,,,,0,,,,,
NE000320180525133012,"SAGHAR",9830390764,Shova Bazar,"Shova Bazar",SM2,Y,0,,0,N,0,,R,"C00011",,"36B.K.PAUL",,"",,,,,,,,0,,,,,
NE000320180525133012,"SAGHAR",9830390764,Shova Bazar,"Shova Bazar",M1,Y,0,,0,N,0,,R,"C00011",,"36B.K.PAUL",,"",,,,,,,,0,,,,,
NE000320180525141040,"M/S.JAGANNATH PRAAD",9748497131,Shova Bazar,"Shova Bazar",SM2,Y,0,,0,N,0,,R,"C00011",,"400RABINDER SARANI",,"",,,,,,,,0,,,,,
NE000320180525141040,"M/S.JAGANNATH PRAAD",9748497131,Shova Bazar,"Shova Bazar",M1,Y,0,,0,N,0,,R,"C00011",,"400RABINDER SARANI",,"",,,,,,,,0,,,,,
NE000320180525142235,"SHREE SHYAM BHANDAR",9903688148,Shova Bazar,"Shova Bazar",SM2,Y,0,,0,N,0,,R,"C00011",,"400RABINDER SARANI",,"",,,,,,,,0,,,,,
NE000320180525142235,"SHREE SHYAM BHANDAR",9903688148,Shova Bazar,"Shova Bazar",M1,Y,0,,0,N,0,,R,"C00011",,"400RABINDER SARANI",,"",,,,,,,,0,,,,,
NE000320180525143736,"KAMALA STORES-2",9230334822,Shova Bazar,"Shova Bazar",SM2,Y,0,,0,N,0,,R,"C00011",,"400RABINDER SARANI",,"",,,,,,,,0,,,,,
NE000320180525143736,"KAMALA STORES-2",9230334822,Shova Bazar,"Shova Bazar",M1,Y,0,,0,N,0,,R,"C00011",,"400RABINDER SARANI",,"",,,,,,,,0,,,,,
NE000320180525144750,"MANTI STORES",7980299472,Shova Bazar,"Shova Bazar",SM2,Y,0,,0,N,0,,R,"C00011",,"390RABINDRA SARANI",,"",,,,,,,,0,,,,,
NE000320180525144750,"MANTI STORES",7980299472,Shova Bazar,"Shova Bazar",M1,Y,0,,0,N,0,,R,"C00011",,"390RABINDRA SARANI",,"",,,,,,,,0,,,,,
NE000320180526105518,"MONDAL STORES",9836863067,Dunlop to Kamarhati,"Dunlop to Kamarhati",SM2,Y,0,,0,N,0,,R,"C00012",,"9SOUTH NAWADA PARA ROAD",,"",,,,,,,,0,,,,,
NE000320180526105518,"MONDAL STORES",9836863067,Dunlop to Kamarhati,"Dunlop to Kamarhati",M1,Y,0,,0,N,0,,R,"C00012",,"9SOUTH NAWADA PARA ROAD",,"",,,,,,,,0,,,,,
NE000320180526110124,"GUPTA VARIETY STORES",7596964376,Dunlop to Kamarhati,"Dunlop to Kamarhati",SM2,Y,0,,0,N,0,,R,"C00012",,"2SOUTH NAWADA PARA ROAD",,"",,,,,,,,0,,,,,
NE000320180526110124,"GUPTA VARIETY STORES",7596964376,Dunlop to Kamarhati,"Dunlop to Kamarhati",M1,Y,0,,0,N,0,,R,"C00012",,"2SOUTH NAWADA PARA ROAD",,"",,,,,,,,0,,,,,
NE000320180526110333,"MIRA LADIES CORNER",9903450879,Dunlop to Kamarhati,"Dunlop to Kamarhati",SM2,Y,0,,0,N,0,,R,"C00012",,"1SOUTH NAWADA PARA ROAD",,"",,,,,,,,0,,,,,
NE000320180526110333,"MIRA LADIES CORNER",9903450879,Dunlop to Kamarhati,"Dunlop to Kamarhati",M1,Y,0,,0,N,0,,R,"C00012",,"1SOUTH NAWADA PARA ROAD",,"",,,,,,,,0,,,,,
NE000320180526110520,"KALI SHANKAR BHANDAR",9836315403,Dunlop to Kamarhati,"Dunlop to Kamarhati",SM2,Y,0,,0,N,0,,R,"C00012",,"2SOUTH NAWADA PARA ROAD",,"",,,,,,,,0,,,,,
NE000320180526110520,"KALI SHANKAR BHANDAR",9836315403,Dunlop to Kamarhati,"Dunlop to Kamarhati",M1,Y,0,,0,N,0,,R,"C00012",,"2SOUTH NAWADA PARA ROAD",,"",,,,,,,,0,,,,,
NE000320180526111317,"SWAGHATAM",9433366938,Dunlop to Kamarhati,"Dunlop to Kamarhati",SM2,Y,0,,0,N,0,,R,"C00012",,"1SOUTH NAWADA PARA ROAD",,"",,,,,,,,0,,,,,
NE000320180526111317,"SWAGHATAM",9433366938,Dunlop to Kamarhati,"Dunlop to Kamarhati",M1,Y,0,,0,N,0,,R,"C00012",,"1SOUTH NAWADA PARA ROAD",,"",,,,,,,,0,,,,,
NE000320180526112251,"BALRAM BHANDAR",8820053612,Dunlop to Kamarhati,"Dunlop to Kamarhati",SM2,Y,0,,0,N,0,,R,"C00012",,"23/1BIHARI LAL GHOSH ROAD",,"",,,,,,,,0,,,,,
NE000320180526112251,"BALRAM BHANDAR",8820053612,Dunlop to Kamarhati,"Dunlop to Kamarhati",M1,Y,0,,0,N,0,,R,"C00012",,"23/1BIHARI LAL GHOSH ROAD",,"",,,,,,,,0,,,,,
NE000320180526113537,"HAPPY STORES",9051802549,Dunlop to Kamarhati,"Dunlop to Kamarhati",SM2,Y,0,,0,N,0,,R,"C00012",,"34B.L.GHOSH ROAD",,"",,,,,,,,0,,,,,
NE000320180526113537,"HAPPY STORES",9051802549,Dunlop to Kamarhati,"Dunlop to Kamarhati",M1,Y,0,,0,N,0,,R,"C00012",,"34B.L.GHOSH ROAD",,"",,,,,,,,0,,,,,
NE000320180526114646,"NEW SANJU STORES",9836353459,Dunlop to Kamarhati,"Dunlop to Kamarhati",SM2,Y,0,,0,N,0,,R,"C00012",,"82B.L.GHOSH ROAD",,"",,,,,,,,0,,,,,
NE000320180526114646,"NEW SANJU STORES",9836353459,Dunlop to Kamarhati,"Dunlop to Kamarhati",M1,Y,0,,0,N,0,,R,"C00012",,"82B.L.GHOSH ROAD",,"",,,,,,,,0,,,,,
NE000320180526115937,"SHREE PAWAN STORES",9331087517,Dunlop to Kamarhati,"Dunlop to Kamarhati",SM2,Y,0,,0,N,0,,R,"C00012",,"156/5D/5CB.T.ROAD",,"",,,,,,,,0,,,,,
NE000320180526115937,"SHREE PAWAN STORES",9331087517,Dunlop to Kamarhati,"Dunlop to Kamarhati",M1,Y,0,,0,N,0,,R,"C00012",,"156/5D/5CB.T.ROAD",,"",,,,,,,,0,,,,,
NE000320180526121059,"MAA TARA DASKARMA BHANDAR",9831502834,Dunlop to Kamarhati,"Dunlop to Kamarhati",SM2,Y,0,,0,N,0,,R,"C00012",,"DUNLOPBLOCKBMARKET",,"",,,,,,,,0,,,,,
NE000320180526121059,"MAA TARA DASKARMA BHANDAR",9831502834,Dunlop to Kamarhati,"Dunlop to Kamarhati",M1,Y,0,,0,N,0,,R,"C00012",,"DUNLOPBLOCKBMARKET",,"",,,,,,,,0,,,,,
NE000320180526123133,"ANAND MELA",9836734799,Dunlop to Kamarhati,"Dunlop to Kamarhati",SM2,Y,0,,0,N,0,,R,"C00012",,"114B.T.ROADBLOCK-ESUPERMARKET",,"",,,,,,,,0,,,,,
NE000320180526123133,"ANAND MELA",9836734799,Dunlop to Kamarhati,"Dunlop to Kamarhati",M1,Y,0,,0,N,0,,R,"C00012",,"114B.T.ROADBLOCK-ESUPERMARKET",,"",,,,,,,,0,,,,,
NE000320180526125104,"LABANYA",9830363739,Dunlop to Kamarhati,"Dunlop to Kamarhati",SM2,Y,0,,0,N,0,,R,"C00012",,"140B.T.ROAD .DUNLOP SUPERMARKET",,"",,,,,,,,0,,,,,
NE000320180526125104,"LABANYA",9830363739,Dunlop to Kamarhati,"Dunlop to Kamarhati",M1,Y,0,,0,N,0,,R,"C00012",,"140B.T.ROAD .DUNLOP SUPERMARKET",,"",,,,,,,,0,,,,,
NE000320180526125846,"ALANKAR",9163434608,Dunlop to Kamarhati,"Dunlop to Kamarhati",SM2,Y,0,,0,N,0,,R,"C00012",,"DUNLOP SUPERMARKET",,"",,,,,,,,0,,,,,
NE000320180526125846,"ALANKAR",9163434608,Dunlop to Kamarhati,"Dunlop to Kamarhati",M1,Y,0,,0,N,0,,R,"C00012",,"DUNLOP SUPERMARKET",,"",,,,,,,,0,,,,,
NE000320180526130235,"SHREE GOPAL STORES",9830221385,Dunlop to Kamarhati,"Dunlop to Kamarhati",SM2,Y,0,,0,N,0,,R,"C00012",,"DUNLOP SUPERMARKET",,"",,,,,,,,0,,,,,
NE000320180526130235,"SHREE GOPAL STORES",9830221385,Dunlop to Kamarhati,"Dunlop to Kamarhati",M1,Y,0,,0,N,0,,R,"C00012",,"DUNLOP SUPERMARKET",,"",,,,,,,,0,,,,,
NE000320180526133403,"SHREE BALAJI STORES",9433476998,Dunlop to Kamarhati,"Dunlop to Kamarhati",SM2,Y,0,,0,N,0,,R,"C00012",,"4B.T.ROAD SINTHIMORE",,"",,,,,,,,0,,,,,
NE000320180526133403,"SHREE BALAJI STORES",9433476998,Dunlop to Kamarhati,"Dunlop to Kamarhati",M1,Y,0,,0,N,0,,R,"C00012",,"4B.T.ROAD SINTHIMORE",,"",,,,,,,,0,,,,,
NE000320180526141456,"BARNALI COSMETICS",9073424357,Dunlop to Kamarhati,"Dunlop to Kamarhati",SM2,Y,0,,0,N,0,,R,"C00012",,"2CKALI CHARAN GHOSH ROAD",,"",,,,,,,,0,,,,,
NE000320180526141456,"BARNALI COSMETICS",9073424357,Dunlop to Kamarhati,"Dunlop to Kamarhati",M1,Y,0,,0,N,0,,R,"C00012",,"2CKALI CHARAN GHOSH ROAD",,"",,,,,,,,0,,,,,
NE000320180526142207,"SAHIL IMITATION",9051013121,Dunlop to Kamarhati,"Dunlop to Kamarhati",SM2,Y,0,,0,N,0,,R,"C00012",,"1KALI CHARAN GHOSH ROAD",,"",,,,,,,,0,,,,,
NE000320180526142207,"SAHIL IMITATION",9051013121,Dunlop to Kamarhati,"Dunlop to Kamarhati",M1,Y,0,,0,N,0,,R,"C00012",,"1KALI CHARAN GHOSH ROAD",,"",,,,,,,,0,,,,,
NE000320180526144625,"SHASHI STORES",9163254152,Dunlop to Kamarhati,"Dunlop to Kamarhati",SM2,Y,0,,0,N,0,,R,"C00012",,"31CB.T.ROAD",,"",,,,,,,,0,,,,,
NE000320180526144625,"SHASHI STORES",9163254152,Dunlop to Kamarhati,"Dunlop to Kamarhati",M1,Y,0,,0,N,0,,R,"C00012",,"31CB.T.ROAD",,"",,,,,,,,0,,,,,
NE000320180526150007,"J.P.GUPTA",9748583881,Dunlop to Kamarhati,"Dunlop to Kamarhati",SM2,Y,0,,0,N,0,,R,"C00012",,"67/1B.T.ROADPARK PARA",,"",,,,,,,,0,,,,,
NE000320180526150007,"J.P.GUPTA",9748583881,Dunlop to Kamarhati,"Dunlop to Kamarhati",M1,Y,0,,0,N,0,,R,"C00012",,"67/1B.T.ROADPARK PARA",,"",,,,,,,,0,,,,,
NE000320180526161552,"K.G.N. STORES",8272521425,Shyam Bazar to Bagh Bazar,"Shyam Bazar to Bagh Bazar",SM2,Y,0,,0,N,0,,R,"C00012",,"SHYAMBAZAR MARKET",,"",,,,,,,,0,,,,,
NE000320180526161552,"K.G.N. STORES",8272521425,Shyam Bazar to Bagh Bazar,"Shyam Bazar to Bagh Bazar",M1,Y,0,,0,N,0,,R,"C00012",,"SHYAMBAZAR MARKET",,"",,,,,,,,0,,,,,
NE000320180528150949,"RITA STORES",7890656522,New Alipore,"New Alipore",SM2,Y,0,,0,N,0,,R,"C00005",,"STALL-22NEW ALIPORE MARKET",,"",,,,,,,,0,,,,,
NE000320180528150949,"RITA STORES",7890656522,New Alipore,"New Alipore",M1,Y,0,,0,N,0,,R,"C00005",,"STALL-22NEW ALIPORE MARKET",,"",,,,,,,,0,,,,,
NE000320180528151311,"NEW LAKE ANNAPURNA",9163541145,New Alipore,"New Alipore",SM2,Y,0,,0,N,0,,R,"C00005",,"STALL-B-7NEW ALIPORE MARKET",,"",,,,,,,,0,,,,,
NE000320180528151311,"NEW LAKE ANNAPURNA",9163541145,New Alipore,"New Alipore",M1,Y,0,,0,N,0,,R,"C00005",,"STALL-B-7NEW ALIPORE MARKET",,"",,,,,,,,0,,,,,
NE000320180528151451,"ANNAPURNA BHANDAR",9433986457,New Alipore,"New Alipore",SM2,Y,0,,0,N,0,,R,"C00005",,"NEW ALIPORE MARKET",,"",,,,,,,,0,,,,,
NE000320180528151451,"ANNAPURNA BHANDAR",9433986457,New Alipore,"New Alipore",M1,Y,0,,0,N,0,,R,"C00005",,"NEW ALIPORE MARKET",,"",,,,,,,,0,,,,,
NE000320180528151709,"MITHU STORES",9830508291,New Alipore,"New Alipore",SM2,Y,0,,0,N,0,,R,"C00005",,"SLALL-2NEW ALIPORE MARKET",,"",,,,,,,,0,,,,,
NE000320180528151709,"MITHU STORES",9830508291,New Alipore,"New Alipore",M1,Y,0,,0,N,0,,R,"C00005",,"SLALL-2NEW ALIPORE MARKET",,"",,,,,,,,0,,,,,
NE000320180528151841,"LADIES CORNER",9831931217,New Alipore,"New Alipore",SM2,Y,0,,0,N,0,,R,"C00005",,"T.C.ROADNEW ALIPORE",,"",,,,,,,,0,,,,,
NE000320180528151841,"LADIES CORNER",9831931217,New Alipore,"New Alipore",M1,Y,0,,0,N,0,,R,"C00005",,"T.C.ROADNEW ALIPORE",,"",,,,,,,,0,,,,,
NE000320180528152120,"A TO Z",7985006934,New Alipore,"New Alipore",SM2,Y,0,,0,N,0,,R,"C00005",,"T.C.ROADNEW ALIPORE",24007012,"",,,,,,,,0,,,,,
NE000320180528152120,"A TO Z",7985006934,New Alipore,"New Alipore",M1,Y,0,,0,N,0,,R,"C00005",,"T.C.ROADNEW ALIPORE",24007012,"",,,,,,,,0,,,,,
NE000320180528152328,"VINOD STORES",9831552613,New Alipore,"New Alipore",SM2,Y,0,,0,N,0,,R,"C00005",,"698-BBLOCK-PNEW ALIPORE",,"",,,,,,,,0,,,,,
NE000320180528152328,"VINOD STORES",9831552613,New Alipore,"New Alipore",M1,Y,0,,0,N,0,,R,"C00005",,"698-BBLOCK-PNEW ALIPORE",,"",,,,,,,,0,,,,,
NE000320180528152550,"ESWAR PRASAD SHAW",9143285665,New Alipore,"New Alipore",SM2,Y,0,,0,N,0,,R,"C00005",,"31/38T.C.ROADNEW ALIPORE",,"",,,,,,,,0,,,,,
NE000320180528152550,"ESWAR PRASAD SHAW",9143285665,New Alipore,"New Alipore",M1,Y,0,,0,N,0,,R,"C00005",,"31/38T.C.ROADNEW ALIPORE",,"",,,,,,,,0,,,,,
NE000320180528152901,"VIJAY STORES",9331013699,New Alipore,"New Alipore",SM2,Y,0,,0,N,0,,R,"C00005",,"33T.C.ROADNEW ALIPORE",,"",,,,,,,,0,,,,,
NE000320180528152901,"VIJAY STORES",9331013699,New Alipore,"New Alipore",M1,Y,0,,0,N,0,,R,"C00005",,"33T.C.ROADNEW ALIPORE",,"",,,,,,,,0,,,,,
NE000320180528153146,"MAYA MANDIR",9038931696,New Alipore,"New Alipore",SM2,Y,0,,0,N,0,,R,"C00005",,"27/1T.C.ROADNEW ALIPORE",,"",,,,,,,,0,,,,,
NE000320180528153146,"MAYA MANDIR",9038931696,New Alipore,"New Alipore",M1,Y,0,,0,N,0,,R,"C00005",,"27/1T.C.ROADNEW ALIPORE",,"",,,,,,,,0,,,,,
NE000320180529121913,"COSMOS STORES",9331613877,Entally to New Market,"Entally to New Market",SM2,Y,0,,0,N,0,,R,"C00011",,"2CLOCK TOWERNEWMARKET",,"",,,,,,,,0,,,,,
NE000320180529121913,"COSMOS STORES",9331613877,Entally to New Market,"Entally to New Market",M1,Y,0,,0,N,0,,R,"C00011",,"2CLOCK TOWERNEWMARKET",,"",,,,,,,,0,,,,,
NE000320180529123057,"R.K.BROTHERS",9123678376,Entally to New Market,"Entally to New Market",SM2,Y,0,,0,N,0,,R,"C00011",,"NEWMARKET",,"",,,,,,,,0,,,,,
NE000320180529123057,"R.K.BROTHERS",9123678376,Entally to New Market,"Entally to New Market",M1,Y,0,,0,N,0,,R,"C00011",,"NEWMARKET",,"",,,,,,,,0,,,,,
NE000320180529123826,"RAJA STORES",9831607686,Entally to New Market,"Entally to New Market",SM2,Y,0,,0,N,0,,R,"C00011",,"NEWMARKET",,"",,,,,,,,0,,,,,
NE000320180529123826,"RAJA STORES",9831607686,Entally to New Market,"Entally to New Market",M1,Y,0,,0,N,0,,R,"C00011",,"NEWMARKET",,"",,,,,,,,0,,,,,
NE000320180529125127,"AGNU SHAW",8296828683,Entally to New Market,"Entally to New Market",SM2,Y,0,,0,N,0,,R,"C00011",,"NEWMARKET",,"",,,,,,,,0,,,,,
NE000320180529125127,"AGNU SHAW",8296828683,Entally to New Market,"Entally to New Market",M1,Y,0,,0,N,0,,R,"C00011",,"NEWMARKET",,"",,,,,,,,0,,,,,
NE000320180529133648,"SURESH STORES",9883192289,Entally to New Market,"Entally to New Market",SM2,Y,0,,0,N,0,,R,"C00011",,"NEWMARKET",,"",,,,,,,,0,,,,,
NE000320180529133648,"SURESH STORES",9883192289,Entally to New Market,"Entally to New Market",M1,Y,0,,0,N,0,,R,"C00011",,"NEWMARKET",,"",,,,,,,,0,,,,,
NE000320180529141427,"ROZI TEA",8420516797,Entally to New Market,"Entally to New Market",SM2,Y,0,,0,N,0,,R,"C00011",,"10S.S . HOGG MARKET",,"",,,,,,,,0,,,,,
NE000320180529141427,"ROZI TEA",8420516797,Entally to New Market,"Entally to New Market",M1,Y,0,,0,N,0,,R,"C00011",,"10S.S . HOGG MARKET",,"",,,,,,,,0,,,,,
NE000320180529143746,"ROYAL COSMETICS",8481839147,Entally to New Market,"Entally to New Market",SM2,Y,0,,0,N,0,,R,"C00011",,"G-58NEWMARKET",,"",,,,,,,,0,,,,,
NE000320180529143746,"ROYAL COSMETICS",8481839147,Entally to New Market,"Entally to New Market",M1,Y,0,,0,N,0,,R,"C00011",,"G-58NEWMARKET",,"",,,,,,,,0,,,,,
NE000320180529150143,"JAWED HABIB",8001935065,Entally to New Market,"Entally to New Market",SM2,Y,0,,0,N,0,,R,"C00011",,"SREE RAM ARCADE",,"",,,,,,,,0,,,,,
NE000320180529150143,"JAWED HABIB",8001935065,Entally to New Market,"Entally to New Market",M1,Y,0,,0,N,0,,R,"C00011",,"SREE RAM ARCADE",,"",,,,,,,,0,,,,,
NE000320180529150520,"DAFTURY,S",9836632982,Entally to New Market,"Entally to New Market",SM2,Y,0,,0,N,0,,R,"C00011",,"G-14NEWMARKET",,"",,,,,,,,0,,,,,
NE000320180529150520,"DAFTURY,S",9836632982,Entally to New Market,"Entally to New Market",M1,Y,0,,0,N,0,,R,"C00011",,"G-14NEWMARKET",,"",,,,,,,,0,,,,,
NE000320180529151025,"DEVA AGENCY",8961263251,Entally to New Market,"Entally to New Market",SM2,Y,0,,0,N,0,,R,"C00011",,"A-39NEWMARKET",,"",,,,,,,,0,,,,,
NE000320180529151025,"DEVA AGENCY",8961263251,Entally to New Market,"Entally to New Market",M1,Y,0,,0,N,0,,R,"C00011",,"A-39NEWMARKET",,"",,,,,,,,0,,,,,
NE000320180529152943,"GEETANJALI",9331666095,Entally to New Market,"Entally to New Market",SM2,Y,0,,0,N,0,,R,"C00011",,"SHOPPING NOA-17NEWMARKET",,"",,,,,,,,0,,,,,
NE000320180529152943,"GEETANJALI",9331666095,Entally to New Market,"Entally to New Market",M1,Y,0,,0,N,0,,R,"C00011",,"SHOPPING NOA-17NEWMARKET",,"",,,,,,,,0,,,,,
NE000320180529155116,"JUGAL.S.CO.",9477804847,Entally to New Market,"Entally to New Market",SM2,Y,0,,0,N,0,,R,"C00011",,"B-76NEWMARKET",,"",,,,,,,,0,,,,,
NE000320180529155116,"JUGAL.S.CO.",9477804847,Entally to New Market,"Entally to New Market",M1,Y,0,,0,N,0,,R,"C00011",,"B-76NEWMARKET",,"",,,,,,,,0,,,,,
NE000320180529155933,"MINARVA STORES",9903934985,Entally to New Market,"Entally to New Market",SM2,Y,0,,0,N,0,,R,"C00011",,"B35/36NEWMARKET",,"",,,,,,,,0,,,,,
NE000320180529155933,"MINARVA STORES",9903934985,Entally to New Market,"Entally to New Market",M1,Y,0,,0,N,0,,R,"C00011",,"B35/36NEWMARKET",,"",,,,,,,,0,,,,,
NE000320180530112931,"GOURI BHANDAR",9038431465,College Street to Hati Bagan,"College Street to Hati Bagan",SM2,Y,0,,0,N,0,,R,"C00011",,"211A.P.CROAD",,"",,,,,,,,0,,,,,
NE000320180530112931,"GOURI BHANDAR",9038431465,College Street to Hati Bagan,"College Street to Hati Bagan",M1,Y,0,,0,N,0,,R,"C00011",,"211A.P.CROAD",,"",,,,,,,,0,,,,,
NE000320180530114236,"GHOSE COUSIN VARIETY",9143118932,College Street to Hati Bagan,"College Street to Hati Bagan",SM2,Y,0,,0,N,0,,R,"C00011",,"108/1ABIDHAN SARANI",,"",,,,,,,,0,,,,,
NE000320180530114236,"GHOSE COUSIN VARIETY",9143118932,College Street to Hati Bagan,"College Street to Hati Bagan",M1,Y,0,,0,N,0,,R,"C00011",,"108/1ABIDHAN SARANI",,"",,,,,,,,0,,,,,
NE000320180530120341,"MODERN MUSEUM",8981263625,College Street to Hati Bagan,"College Street to Hati Bagan",SM2,Y,0,,0,N,0,,R,"C00011",,"137/1ABIDHAN SARANI",25554646,"",,,,,,,,0,,,,,
NE000320180530120341,"MODERN MUSEUM",8981263625,College Street to Hati Bagan,"College Street to Hati Bagan",M1,Y,0,,0,N,0,,R,"C00011",,"137/1ABIDHAN SARANI",25554646,"",,,,,,,,0,,,,,
NE000320180530122501,"NATIONAL VARIETY STORES",9874989432,College Street to Hati Bagan,"College Street to Hati Bagan",SM2,Y,0,,0,N,0,,R,"C00011",,"137/1/ABIDHAN SARANI",,"",,,,,,,,0,,,,,
NE000320180530122501,"NATIONAL VARIETY STORES",9874989432,College Street to Hati Bagan,"College Street to Hati Bagan",M1,Y,0,,0,N,0,,R,"C00011",,"137/1/ABIDHAN SARANI",,"",,,,,,,,0,,,,,
NE000320180530125025,"ANNAPURNA VARIETY",7980060188,College Street to Hati Bagan,"College Street to Hati Bagan",SM2,Y,0,,0,N,0,,R,"C00011",,"107/BAUROBINDA SARANI",,"",,,,,,,,0,,,,,
NE000320180530125025,"ANNAPURNA VARIETY",7980060188,College Street to Hati Bagan,"College Street to Hati Bagan",M1,Y,0,,0,N,0,,R,"C00011",,"107/BAUROBINDA SARANI",,"",,,,,,,,0,,,,,
NE000320180530131421,"SRI KRISHNA BHANDAR",9432352646,College Street to Hati Bagan,"College Street to Hati Bagan",SM2,Y,0,,0,N,0,,R,"C00011",,"HATHIBAGAN MARKET",,"",,,,,,,,0,,,,,
NE000320180530131421,"SRI KRISHNA BHANDAR",9432352646,College Street to Hati Bagan,"College Street to Hati Bagan",M1,Y,0,,0,N,0,,R,"C00011",,"HATHIBAGAN MARKET",,"",,,,,,,,0,,,,,
NE000320180530132215,"TARA MAA BHANDAR",9874139761,College Street to Hati Bagan,"College Street to Hati Bagan",SM2,Y,0,,0,N,0,,R,"C00011",,"HATHIBAGAN MARKET",,"",,,,,,,,0,,,,,
NE000320180530132215,"TARA MAA BHANDAR",9874139761,College Street to Hati Bagan,"College Street to Hati Bagan",M1,Y,0,,0,N,0,,R,"C00011",,"HATHIBAGAN MARKET",,"",,,,,,,,0,,,,,
NE000320180530133726,"ADI . GANDESHWARI BHANDAR",9831133392,College Street to Hati Bagan,"College Street to Hati Bagan",SM2,Y,0,,0,N,0,,R,"C00011",,"HATHIBAGAN MARKET",,"",,,,,,,,0,,,,,
NE000320180530133726,"ADI . GANDESHWARI BHANDAR",9831133392,College Street to Hati Bagan,"College Street to Hati Bagan",M1,Y,0,,0,N,0,,R,"C00011",,"HATHIBAGAN MARKET",,"",,,,,,,,0,,,,,
NE000320180530141019,"BABU DAA",8017351596,College Street to Hati Bagan,"College Street to Hati Bagan",SM2,Y,0,,0,N,0,,R,"C00011",,"HATHIBAGANPETROL PUMP",,"",,,,,,,,0,,,,,
NE000320180530141019,"BABU DAA",8017351596,College Street to Hati Bagan,"College Street to Hati Bagan",M1,Y,0,,0,N,0,,R,"C00011",,"HATHIBAGANPETROL PUMP",,"",,,,,,,,0,,,,,
NE000320180530141927,"MOTI LAL AGARWAL",9830139359,College Street to Hati Bagan,"College Street to Hati Bagan",SM2,Y,0,,0,N,0,,R,"C00011",,"76/1BIDHAN SARANI",,"",,,,,,,,0,,,,,
NE000320180530141927,"MOTI LAL AGARWAL",9830139359,College Street to Hati Bagan,"College Street to Hati Bagan",M1,Y,0,,0,N,0,,R,"C00011",,"76/1BIDHAN SARANI",,"",,,,,,,,0,,,,,
NE000320180530143141,"NEW MAYURI ENTERPRISE",9681054200,College Street to Hati Bagan,"College Street to Hati Bagan",SM2,Y,0,,0,N,0,,R,"C00011",,"185BIDHAN SARANI",,"",,,,,,,,0,,,,,
NE000320180530143141,"NEW MAYURI ENTERPRISE",9681054200,College Street to Hati Bagan,"College Street to Hati Bagan",M1,Y,0,,0,N,0,,R,"C00011",,"185BIDHAN SARANI",,"",,,,,,,,0,,,,,
NE000320180530143704,"ZENITH ELECTRIC STORES",9830870813,College Street to Hati Bagan,"College Street to Hati Bagan",SM2,Y,0,,0,N,0,,R,"C00011",,"197BIDHAN SARANI",,"",,,,,,,,0,,,,,
NE000320180530143704,"ZENITH ELECTRIC STORES",9830870813,College Street to Hati Bagan,"College Street to Hati Bagan",M1,Y,0,,0,N,0,,R,"C00011",,"197BIDHAN SARANI",,"",,,,,,,,0,,,,,
NE000320180530144023,"ASHALATA STORES",9831231560,College Street to Hati Bagan,"College Street to Hati Bagan",SM2,Y,0,,0,N,0,,R,"C00011",,"198BIDHAN SARANI",,"",,,,,,,,0,,,,,
NE000320180530144023,"ASHALATA STORES",9831231560,College Street to Hati Bagan,"College Street to Hati Bagan",M1,Y,0,,0,N,0,,R,"C00011",,"198BIDHAN SARANI",,"",,,,,,,,0,,,,,
NE000320180530145112,"NEW CALCUTTA STORES",9331879985,College Street to Hati Bagan,"College Street to Hati Bagan",SM2,Y,0,,0,N,0,,R,"C00011",,"206BIDHAN SARANI",,"",,,,,,,,0,,,,,
NE000320180530145112,"NEW CALCUTTA STORES",9331879985,College Street to Hati Bagan,"College Street to Hati Bagan",M1,Y,0,,0,N,0,,R,"C00011",,"206BIDHAN SARANI",,"",,,,,,,,0,,,,,
NE000320180530150111,"NEW BENGAL VARIETY",9613214523,College Street to Hati Bagan,"College Street to Hati Bagan",SM2,Y,0,,0,N,0,,R,"C00011",,"221BIDHAN SARANI",22413101,"",,,,,,,,0,,,,,
NE000320180530150111,"NEW BENGAL VARIETY",9613214523,College Street to Hati Bagan,"College Street to Hati Bagan",M1,Y,0,,0,N,0,,R,"C00011",,"221BIDHAN SARANI",22413101,"",,,,,,,,0,,,,,
NE000320180530151335,"PANKAJ STORES",9804579013,College Street to Hati Bagan,"College Street to Hati Bagan",SM2,Y,0,,0,N,0,,R,"C00011",,"EP-13COLLEGE STREET MARKET",,"",,,,,,,,0,,,,,
NE000320180530151335,"PANKAJ STORES",9804579013,College Street to Hati Bagan,"College Street to Hati Bagan",M1,Y,0,,0,N,0,,R,"C00011",,"EP-13COLLEGE STREET MARKET",,"",,,,,,,,0,,,,,
NE000320180530152813,"AKRAM STORES",9163666219,College Street to Hati Bagan,"College Street to Hati Bagan",SM2,Y,0,,0,N,0,,R,"C00011",,"TOWER4/1COLLEGE STREET MARKET",,"",,,,,,,,0,,,,,
NE000320180530152813,"AKRAM STORES",9163666219,College Street to Hati Bagan,"College Street to Hati Bagan",M1,Y,0,,0,N,0,,R,"C00011",,"TOWER4/1COLLEGE STREET MARKET",,"",,,,,,,,0,,,,,
NE000320180530153648,"ADI PAUL CO.",9732731736,College Street to Hati Bagan,"College Street to Hati Bagan",SM2,Y,0,,0,N,0,,R,"C00011",,"B(P)47COLLEGE STREET MARKET",,"",,,,,,,,0,,,,,
NE000320180530153648,"ADI PAUL CO.",9732731736,College Street to Hati Bagan,"College Street to Hati Bagan",M1,Y,0,,0,N,0,,R,"C00011",,"B(P)47COLLEGE STREET MARKET",,"",,,,,,,,0,,,,,
NE000320180601114537,"JOY DURGA BHANDAR",9433670050,Entally to New Market,"Entally to New Market",SM2,Y,0,,0,N,0,,R,"C00011",,"INTALLY MARKET",,"",,,,,,,,0,,,,,
NE000320180601114537,"JOY DURGA BHANDAR",9433670050,Entally to New Market,"Entally to New Market",M1,Y,0,,0,N,0,,R,"C00011",,"INTALLY MARKET",,"",,,,,,,,0,,,,,
NE000320180601120816,"MISHRY LAL SHAW",9051035322,Entally to New Market,"Entally to New Market",SM2,Y,0,,0,N,0,,R,"C00011",,"INTALLY MARKET",,"",,,,,,,,0,,,,,
NE000320180601120816,"MISHRY LAL SHAW",9051035322,Entally to New Market,"Entally to New Market",M1,Y,0,,0,N,0,,R,"C00011",,"INTALLY MARKET",,"",,,,,,,,0,,,,,
NE000320180601121114,"DURGA SHAW",9903081224,Entally to New Market,"Entally to New Market",SM2,Y,0,,0,N,0,,R,"C00011",,"INTALLY MARKET",,"",,,,,,,,0,,,,,
NE000320180601121114,"DURGA SHAW",9903081224,Entally to New Market,"Entally to New Market",M1,Y,0,,0,N,0,,R,"C00011",,"INTALLY MARKET",,"",,,,,,,,0,,,,,
NE000320180601123911,"KHUSBOO STORES",9574611828,Entally to New Market,"Entally to New Market",SM2,Y,0,,0,N,0,,R,"C00011",,"INTALLY MARKET",,"",,,,,,,,0,,,,,
NE000320180601123911,"KHUSBOO STORES",9574611828,Entally to New Market,"Entally to New Market",M1,Y,0,,0,N,0,,R,"C00011",,"INTALLY MARKET",,"",,,,,,,,0,,,,,
NE000320180601124511,"IDRIS KHAN",9831794900,Entally to New Market,"Entally to New Market",SM2,Y,0,,0,N,0,,R,"C00011",,"INTALLY MARKET",,"",,,,,,,,0,,,,,
NE000320180601124511,"IDRIS KHAN",9831794900,Entally to New Market,"Entally to New Market",M1,Y,0,,0,N,0,,R,"C00011",,"INTALLY MARKET",,"",,,,,,,,0,,,,,
NE000320180601125342,"KHAN STORES",7910401494,Entally to New Market,"Entally to New Market",SM2,Y,0,,0,N,0,,R,"C00011",,"INTALLY MARKET",,"",,,,,,,,0,,,,,
NE000320180601125342,"KHAN STORES",7910401494,Entally to New Market,"Entally to New Market",M1,Y,0,,0,N,0,,R,"C00011",,"INTALLY MARKET",,"",,,,,,,,0,,,,,
NE000320180601130906,"JUGNU STORES",9804903643,Entally to New Market,"Entally to New Market",SM2,Y,0,,0,N,0,,R,"C00011",,"INTALLY MARKET",,"",,,,,,,,0,,,,,
NE000320180601130906,"JUGNU STORES",9804903643,Entally to New Market,"Entally to New Market",M1,Y,0,,0,N,0,,R,"C00011",,"INTALLY MARKET",,"",,,,,,,,0,,,,,
NE000320180601131128,"AZHAR DRY FRUITS",9903268794,Entally to New Market,"Entally to New Market",SM2,Y,0,,0,N,0,,R,"C00011",,"INTALLY MARKET",,"",,,,,,,,0,,,,,
NE000320180601131128,"AZHAR DRY FRUITS",9903268794,Entally to New Market,"Entally to New Market",M1,Y,0,,0,N,0,,R,"C00011",,"INTALLY MARKET",,"",,,,,,,,0,,,,,
NE000320180601151408,"SHANKAR'S",9230082240,Entally to New Market,"Entally to New Market",SM2,Y,0,,0,N,0,,R,"C00011",,"30/5DRANI RASHMONI ROADJAANBAZAR",,"",,,,,,,,0,,,,,
NE000320180601151408,"SHANKAR'S",9230082240,Entally to New Market,"Entally to New Market",M1,Y,0,,0,N,0,,R,"C00011",,"30/5DRANI RASHMONI ROADJAANBAZAR",,"",,,,,,,,0,,,,,
NE000320180601152323,"JAANBAZAR MASALA STORES",9831330543,Entally to New Market,"Entally to New Market",SM2,Y,0,,0,N,0,,R,"C00011",,"22ARANI RASMANI ROAD",,"",,,,,,,,0,,,,,
NE000320180601152323,"JAANBAZAR MASALA STORES",9831330543,Entally to New Market,"Entally to New Market",M1,Y,0,,0,N,0,,R,"C00011",,"22ARANI RASMANI ROAD",,"",,,,,,,,0,,,,,
NE000320180602102458,"OM STORES",8296689611,Alam Bazar to Kasipur,"Alam Bazar to Kasipur",SM2,Y,0,,0,N,0,,R,"C00012",,"86SURYA SEN ROADALAM BAZAAR",,"",,,,,,,,0,,,,,
NE000320180602102458,"OM STORES",8296689611,Alam Bazar to Kasipur,"Alam Bazar to Kasipur",M1,Y,0,,0,N,0,,R,"C00012",,"86SURYA SEN ROADALAM BAZAAR",,"",,,,,,,,0,,,,,
NE000320180602103307,"SAKAMBARI BHANDAR",9051061040,Alam Bazar to Kasipur,"Alam Bazar to Kasipur",SM2,Y,0,,0,N,0,,R,"C00012",,"59SURYA SEN ROAD",,"",,,,,,,,0,,,,,
NE000320180602103307,"SAKAMBARI BHANDAR",9051061040,Alam Bazar to Kasipur,"Alam Bazar to Kasipur",M1,Y,0,,0,N,0,,R,"C00012",,"59SURYA SEN ROAD",,"",,,,,,,,0,,,,,
NE000320180602105211,"NABI BHANDAR",9831915209,Alam Bazar to Kasipur,"Alam Bazar to Kasipur",SM2,Y,0,,0,N,0,,R,"C00012",,"8KALI KRISHNA TAGORE ROADALAMBAZAAR",,"",,,,,,,,0,,,,,
NE000320180602105211,"NABI BHANDAR",9831915209,Alam Bazar to Kasipur,"Alam Bazar to Kasipur",M1,Y,0,,0,N,0,,R,"C00012",,"8KALI KRISHNA TAGORE ROADALAMBAZAAR",,"",,,,,,,,0,,,,,
NE000320180602105924,"FANCY STORES",9831101553,Alam Bazar to Kasipur,"Alam Bazar to Kasipur",SM2,Y,0,,0,N,0,,R,"C00012",,"263M.N.K.ROADNORTHALAMBAZAAR",,"",,,,,,,,0,,,,,
NE000320180602105924,"FANCY STORES",9831101553,Alam Bazar to Kasipur,"Alam Bazar to Kasipur",M1,Y,0,,0,N,0,,R,"C00012",,"263M.N.K.ROADNORTHALAMBAZAAR",,"",,,,,,,,0,,,,,
NE000320180602114816,"SAJGHAR",7890608203,Alam Bazar to Kasipur,"Alam Bazar to Kasipur",SM2,Y,0,,0,N,0,,R,"C00012",,"4DESBANDHU ROAD",,"",,,,,,,,0,,,,,
NE000320180602114816,"SAJGHAR",7890608203,Alam Bazar to Kasipur,"Alam Bazar to Kasipur",M1,Y,0,,0,N,0,,R,"C00012",,"4DESBANDHU ROAD",,"",,,,,,,,0,,,,,
NE000320180602122813,"HAVE IT",7980238363,Alam Bazar to Kasipur,"Alam Bazar to Kasipur",SM2,Y,0,,0,N,0,,R,"C00012",,"65ACOSSIPORE ROAD",,"",,,,,,,,0,,,,,
NE000320180602122813,"HAVE IT",7980238363,Alam Bazar to Kasipur,"Alam Bazar to Kasipur",M1,Y,0,,0,N,0,,R,"C00012",,"65ACOSSIPORE ROAD",,"",,,,,,,,0,,,,,
NE000320180602145707,"DASKARMA BHANDAR",8697823468,Shyam Bazar to Bagh Bazar,"Shyam Bazar to Bagh Bazar",SM2,Y,0,,0,N,0,,R,"C00012",,"114/3BIDHAN SARANI",,"",,,,,,,,0,,,,,
NE000320180602145707,"DASKARMA BHANDAR",8697823468,Shyam Bazar to Bagh Bazar,"Shyam Bazar to Bagh Bazar",M1,Y,0,,0,N,0,,R,"C00012",,"114/3BIDHAN SARANI",,"",,,,,,,,0,,,,,
NE000320180602152745,"NANI GOPAL",9830524942,Shyam Bazar to Bagh Bazar,"Shyam Bazar to Bagh Bazar",SM2,Y,0,,0,N,0,,R,"C00012",,"SHYAMBAZAR MARKET",,"",,,,,,,,0,,,,,
NE000320180602152745,"NANI GOPAL",9830524942,Shyam Bazar to Bagh Bazar,"Shyam Bazar to Bagh Bazar",M1,Y,0,,0,N,0,,R,"C00012",,"SHYAMBAZAR MARKET",,"",,,,,,,,0,,,,,
NE000320180604121129,"POPULAR VARIETY STORES",7282521436,New Alipore,"New Alipore",SM2,Y,0,,0,N,0,,R,"C00005",,"NEW ALIPORE MARKET",,"",,,,,,,,0,,,,,
NE000320180604121129,"POPULAR VARIETY STORES",7282521436,New Alipore,"New Alipore",M1,Y,0,,0,N,0,,R,"C00005",,"NEW ALIPORE MARKET",,"",,,,,,,,0,,,,,
NE000320180604121740,"FANCY STORES",9051398017,New Alipore,"New Alipore",SM2,Y,0,,0,N,0,,R,"C00005",,"NEW ALIPORE MARKET",,"",,,,,,,,0,,,,,
NE000320180604121740,"FANCY STORES",9051398017,New Alipore,"New Alipore",M1,Y,0,,0,N,0,,R,"C00005",,"NEW ALIPORE MARKET",,"",,,,,,,,0,,,,,
NE000320180604125414,"VISHNU STORES",8336982522,New Alipore,"New Alipore",SM2,Y,0,,0,N,0,,R,"C00005",,"268S.N.ROY. ROAD",,"",,,,,,,,0,,,,,
NE000320180604125414,"VISHNU STORES",8336982522,New Alipore,"New Alipore",M1,Y,0,,0,N,0,,R,"C00005",,"268S.N.ROY. ROAD",,"",,,,,,,,0,,,,,
NE000320180605111839,"NEW BHARAT STORES",8272632514,Tirrhatti,"Tirrhatti",SM2,Y,0,,0,N,0,,R,"C00011",,"TIRHATTI MARKET",22219313,"",,,,,,,,0,,,,,
NE000320180605111839,"NEW BHARAT STORES",8272632514,Tirrhatti,"Tirrhatti",M1,Y,0,,0,N,0,,R,"C00011",,"TIRHATTI MARKET",22219313,"",,,,,,,,0,,,,,
NE000320180605113356,"SANJAY STORES",7980207840,Tirrhatti,"Tirrhatti",SM2,Y,0,,0,N,0,,R,"C00011",,"TIRHATTI MARKET",,"",,,,,,,,0,,,,,
NE000320180605113356,"SANJAY STORES",7980207840,Tirrhatti,"Tirrhatti",M1,Y,0,,0,N,0,,R,"C00011",,"TIRHATTI MARKET",,"",,,,,,,,0,,,,,
NE000320180605114122,"NEW JANATA",9007538216,Tirrhatti,"Tirrhatti",SM2,Y,0,,0,N,0,,R,"C00011",,"TIRHATTI MARKET",,"",,,,,,,,0,,,,,
NE000320180605114122,"NEW JANATA",9007538216,Tirrhatti,"Tirrhatti",M1,Y,0,,0,N,0,,R,"C00011",,"TIRHATTI MARKET",,"",,,,,,,,0,,,,,
NE000320180605115036,"SINGHAR STORES",8674931128,Tirrhatti,"Tirrhatti",SM2,Y,0,,0,N,0,,R,"C00011",,"TIRHATTI MARKET",,"",,,,,,,,0,,,,,
NE000320180605115036,"SINGHAR STORES",8674931128,Tirrhatti,"Tirrhatti",M1,Y,0,,0,N,0,,R,"C00011",,"TIRHATTI MARKET",,"",,,,,,,,0,,,,,
NE000320180605120157,"GUPTA BROTHERS",9062169691,Tirrhatti,"Tirrhatti",SM2,Y,0,,0,N,0,,R,"C00011",,"TIRHATTI MARKET",,"",,,,,,,,0,,,,,
NE000320180605120157,"GUPTA BROTHERS",9062169691,Tirrhatti,"Tirrhatti",M1,Y,0,,0,N,0,,R,"C00011",,"TIRHATTI MARKET",,"",,,,,,,,0,,,,,
NE000320180605120850,"KALPANA SAHA",9903618042,Tirrhatti,"Tirrhatti",SM2,Y,0,,0,N,0,,R,"C00011",,"TIRHATTI MARKET",,"",,,,,,,,0,,,,,
NE000320180605120850,"KALPANA SAHA",9903618042,Tirrhatti,"Tirrhatti",M1,Y,0,,0,N,0,,R,"C00011",,"TIRHATTI MARKET",,"",,,,,,,,0,,,,,
NE000320180605121734,"BABU STORES",9163194750,Tirrhatti,"Tirrhatti",SM2,Y,0,,0,N,0,,R,"C00011",,"TIRHATTI MARKET",,"",,,,,,,,0,,,,,
NE000320180605121734,"BABU STORES",9163194750,Tirrhatti,"Tirrhatti",M1,Y,0,,0,N,0,,R,"C00011",,"TIRHATTI MARKET",,"",,,,,,,,0,,,,,
NE000320180605122214,"NEW BABU STORES",8013383992,Tirrhatti,"Tirrhatti",SM2,Y,0,,0,N,0,,R,"C00011",,"22RABINDRA SARANI BISCUIT PATTYGATE-NO-9TIRHATTI MARKET",,"",,,,,,,,0,,,,,
NE000320180605122214,"NEW BABU STORES",8013383992,Tirrhatti,"Tirrhatti",M1,Y,0,,0,N,0,,R,"C00011",,"22RABINDRA SARANI BISCUIT PATTYGATE-NO-9TIRHATTI MARKET",,"",,,,,,,,0,,,,,
NE000320180605133117,"DIPLAL SHAW",8406921761,Maniktalla,"Maniktalla",SM2,Y,0,,0,N,0,,R,"C00011",,"MANICTALLA BAZAAR",,"",,,,,,,,0,,,,,
NE000320180605133117,"DIPLAL SHAW",8406921761,Maniktalla,"Maniktalla",M1,Y,0,,0,N,0,,R,"C00011",,"MANICTALLA BAZAAR",,"",,,,,,,,0,,,,,
NE000320180605133918,"NEW LAXMI STORES",8481819431,Maniktalla,"Maniktalla",SM2,Y,0,,0,N,0,,R,"C00011",,"MANICTALLA BAZAAR",,"",,,,,,,,0,,,,,
NE000320180605133918,"NEW LAXMI STORES",8481819431,Maniktalla,"Maniktalla",M1,Y,0,,0,N,0,,R,"C00011",,"MANICTALLA BAZAAR",,"",,,,,,,,0,,,,,
NE000320180605135826,"BHAGAWATI STORES",9831004914,Maniktalla,"Maniktalla",SM2,Y,0,,0,N,0,,R,"C00011",,"MANICTALLA BAZAAR",,"",,,,,,,,0,,,,,
NE000320180605135826,"BHAGAWATI STORES",9831004914,Maniktalla,"Maniktalla",M1,Y,0,,0,N,0,,R,"C00011",,"MANICTALLA BAZAAR",,"",,,,,,,,0,,,,,
NE000320180605140436,"GUPTA STORES-2",9748833343,Maniktalla,"Maniktalla",SM2,Y,0,,0,N,0,,R,"C00011",,"187VIVEKANAND ROAD",,"",,,,,,,,0,,,,,
NE000320180605140436,"GUPTA STORES-2",9748833343,Maniktalla,"Maniktalla",M1,Y,0,,0,N,0,,R,"C00011",,"187VIVEKANAND ROAD",,"",,,,,,,,0,,,,,
NE000320180606114336,"SHREE HANUMAN BHANDAR",9830709579,,"LAKE MARKET",SM2,Y,0,,0,N,0,,R,"C00005",,"4LAKE ROAD",,"",,,,,,,,0,,,,,
NE000320180606114336,"SHREE HANUMAN BHANDAR",9830709579,,"LAKE MARKET",M1,Y,0,,0,N,0,,R,"C00005",,"4LAKE ROAD",,"",,,,,,,,0,,,,,
NE000320180606115634,"SHREE DURGA BHANDAR",9831016077,,"LAKE MARKET",SM2,Y,0,,0,N,0,,R,"C00005",,"1BLAKE ROAD",,"",,,,,,,,0,,,,,
NE000320180606115634,"SHREE DURGA BHANDAR",9831016077,,"LAKE MARKET",M1,Y,0,,0,N,0,,R,"C00005",,"1BLAKE ROAD",,"",,,,,,,,0,,,,,
NE000320180606121949,"SHREE GANESH BHANDAR",9618754256,,"LAKE MARKET",SM2,Y,0,,0,N,0,,R,"C00005",,"10BLAKE ROAD",,"",,,,,,,,0,,,,,
NE000320180606121949,"SHREE GANESH BHANDAR",9618754256,,"LAKE MARKET",M1,Y,0,,0,N,0,,R,"C00005",,"10BLAKE ROAD",,"",,,,,,,,0,,,,,
NE000320180606122652,"KUBER BHANDAR",9433384930,,"LAKE MARKET",SM2,Y,0,,0,N,0,,R,"C00005",,"11ALAKE ROAD",,"",,,,,,,,0,,,,,
NE000320180606122652,"KUBER BHANDAR",9433384930,,"LAKE MARKET",M1,Y,0,,0,N,0,,R,"C00005",,"11ALAKE ROAD",,"",,,,,,,,0,,,,,
NE000320180606123125,"PREM BHANDAR",9432105630,,"LAKE MARKET",SM2,Y,0,,0,N,0,,R,"C00005",,"20BLAKE ROAD",,"",,,,,,,,0,,,,,
NE000320180606123125,"PREM BHANDAR",9432105630,,"LAKE MARKET",M1,Y,0,,0,N,0,,R,"C00005",,"20BLAKE ROAD",,"",,,,,,,,0,,,,,
NE000320180606125326,"SHREE GANPATI BHANDAR",9903150202,,"LAKE MARKET",SM2,Y,0,,0,N,0,,R,"C00005",,"20BLAKE ROAD",,"",,,,,,,,0,,,,,
NE000320180606125326,"SHREE GANPATI BHANDAR",9903150202,,"LAKE MARKET",M1,Y,0,,0,N,0,,R,"C00005",,"20BLAKE ROAD",,"",,,,,,,,0,,,,,
NE000320180606130233,"SHANTI STORES",7980032699,,"LAKE MARKET",SM2,Y,0,,0,N,0,,R,"C00005",,"24ALAKE ROAD",24647120,"",,,,,,,,0,,,,,
NE000320180606130233,"SHANTI STORES",7980032699,,"LAKE MARKET",M1,Y,0,,0,N,0,,R,"C00005",,"24ALAKE ROAD",24647120,"",,,,,,,,0,,,,,
NE000320180606131157,"YEH HAI APP KI DUKAAN",8051968210,,"LAKE MARKET",SM2,Y,0,,0,N,0,,R,"C00005",,"19LAKE ROAD",,"",,,,,,,,0,,,,,
NE000320180606131157,"YEH HAI APP KI DUKAAN",8051968210,,"LAKE MARKET",M1,Y,0,,0,N,0,,R,"C00005",,"19LAKE ROAD",,"",,,,,,,,0,,,,,
NE000320180606132838,"DAKSHIN STORES",9836542552,,"LAKE MARKET",SM2,Y,0,,0,N,0,,R,"C00005",,"24BLAKE ROAD",,"",,,,,,,,0,,,,,
NE000320180606132838,"DAKSHIN STORES",9836542552,,"LAKE MARKET",M1,Y,0,,0,N,0,,R,"C00005",,"24BLAKE ROAD",,"",,,,,,,,0,,,,,
NE000320180606134810,"JAI MAA SANTOSHI BHANDAR",9831504211,,"LAKE MARKET",SM2,Y,0,,0,N,0,,R,"C00005",,"4LAKE ROAD",,"",,,,,,,,0,,,,,
NE000320180606134810,"JAI MAA SANTOSHI BHANDAR",9831504211,,"LAKE MARKET",M1,Y,0,,0,N,0,,R,"C00005",,"4LAKE ROAD",,"",,,,,,,,0,,,,,
NE000320180608122257,"AMBA STORES",8981821224,Shova Bazar,"Shova Bazar",SM2,Y,0,,0,N,0,,R,"C00011",,"SOVABAZAR MARKET",,"",,,,,,,,0,,,,,
NE000320180608122257,"AMBA STORES",8981821224,Shova Bazar,"Shova Bazar",M1,Y,0,,0,N,0,,R,"C00011",,"SOVABAZAR MARKET",,"",,,,,,,,0,,,,,
NE000320180608124644,"BHARATI STORES",9830818992,Shova Bazar,"Shova Bazar",SM2,Y,0,,0,N,0,,R,"C00011",,"471RABINDRA SARANI",,"",,,,,,,,0,,,,,
NE000320180608124644,"BHARATI STORES",9830818992,Shova Bazar,"Shova Bazar",M1,Y,0,,0,N,0,,R,"C00011",,"471RABINDRA SARANI",,"",,,,,,,,0,,,,,
NE000320180608135230,"URMY STORES",9432107586,Shova Bazar,"Shova Bazar",SM2,Y,0,,0,N,0,,R,"C00011",,"476RABINDRA SARANI",,"",,,,,,,,0,,,,,
NE000320180608135230,"URMY STORES",9432107586,Shova Bazar,"Shova Bazar",M1,Y,0,,0,N,0,,R,"C00011",,"476RABINDRA SARANI",,"",,,,,,,,0,,,,,
NE000320180608140554,"ANNAPURNA STORES",8697334817,Shova Bazar,"Shova Bazar",SM2,Y,0,,0,N,0,,R,"C00011",,"397ERABINDRA SARANI",,"",,,,,,,,0,,,,,
NE000320180608140554,"ANNAPURNA STORES",8697334817,Shova Bazar,"Shova Bazar",M1,Y,0,,0,N,0,,R,"C00011",,"397ERABINDRA SARANI",,"",,,,,,,,0,,,,,
NE000320180608140940,"BHAVANI BHANDAR",9836470918,Shova Bazar,"Shova Bazar",SM2,Y,0,,0,N,0,,R,"C00011",,"404RABINDRA SARANI",,"",,,,,,,,0,,,,,
NE000320180608140940,"BHAVANI BHANDAR",9836470918,Shova Bazar,"Shova Bazar",M1,Y,0,,0,N,0,,R,"C00011",,"404RABINDRA SARANI",,"",,,,,,,,0,,,,,
NE000320180609103342,"SAHIL STORES",9433188130,Dunlop to Kamarhati,"Dunlop to Kamarhati",SM2,Y,0,,0,N,0,,R,"C00012",,"5KATHAL BAGAANKAMARHATTI",,"",,,,,,,,0,,,,,
NE000320180609103342,"SAHIL STORES",9433188130,Dunlop to Kamarhati,"Dunlop to Kamarhati",M1,Y,0,,0,N,0,,R,"C00012",,"5KATHAL BAGAANKAMARHATTI",,"",,,,,,,,0,,,,,
NE000320180609105433,"SHREE BHAGWAN SHAW",9143200730,Dunlop to Kamarhati,"Dunlop to Kamarhati",SM2,Y,0,,0,N,0,,R,"C00012",,"16MUSHLIM ROADKAMARHATTI",,"",,,,,,,,0,,,,,
NE000320180609105433,"SHREE BHAGWAN SHAW",9143200730,Dunlop to Kamarhati,"Dunlop to Kamarhati",M1,Y,0,,0,N,0,,R,"C00012",,"16MUSHLIM ROADKAMARHATTI",,"",,,,,,,,0,,,,,
NE000320180609111226,"ROSE COSMETICS",8420181330,Dunlop to Kamarhati,"Dunlop to Kamarhati",SM2,Y,0,,0,N,0,,R,"C00012",,"25GRAHAM ROAD",,"",,,,,,,,0,,,,,
NE000320180609111226,"ROSE COSMETICS",8420181330,Dunlop to Kamarhati,"Dunlop to Kamarhati",M1,Y,0,,0,N,0,,R,"C00012",,"25GRAHAM ROAD",,"",,,,,,,,0,,,,,
NE000320180609112225,"GULAM RASOOL",9681136756,Dunlop to Kamarhati,"Dunlop to Kamarhati",SM2,Y,0,,0,N,0,,R,"C00012",,"A-26CHAI MARKETKAMARHATTI",,"",,,,,,,,0,,,,,
NE000320180609112225,"GULAM RASOOL",9681136756,Dunlop to Kamarhati,"Dunlop to Kamarhati",M1,Y,0,,0,N,0,,R,"C00012",,"A-26CHAI MARKETKAMARHATTI",,"",,,,,,,,0,,,,,
NE000320180609120255,"JHILMIL STORES",9143194672,Dunlop to Kamarhati,"Dunlop to Kamarhati",SM2,Y,0,,0,N,0,,R,"C00012",,"19M.M.SHAKOOR ROAD",,"",,,,,,,,0,,,,,
NE000320180609120255,"JHILMIL STORES",9143194672,Dunlop to Kamarhati,"Dunlop to Kamarhati",M1,Y,0,,0,N,0,,R,"C00012",,"19M.M.SHAKOOR ROAD",,"",,,,,,,,0,,,,,
NE000320180609120900,"DIAMOND STORES",9883456717,Dunlop to Kamarhati,"Dunlop to Kamarhati",SM2,Y,0,,0,N,0,,R,"C00012",,"71CHAI MARKET",,"",,,,,,,,0,,,,,
NE000320180609120900,"DIAMOND STORES",9883456717,Dunlop to Kamarhati,"Dunlop to Kamarhati",M1,Y,0,,0,N,0,,R,"C00012",,"71CHAI MARKET",,"",,,,,,,,0,,,,,
NE000320180609121735,"IMRAN LADIES CORNER",9831502964,Dunlop to Kamarhati,"Dunlop to Kamarhati",SM2,Y,0,,0,N,0,,R,"C00012",,"KAMARHATTI",,"",,,,,,,,0,,,,,
NE000320180609121735,"IMRAN LADIES CORNER",9831502964,Dunlop to Kamarhati,"Dunlop to Kamarhati",M1,Y,0,,0,N,0,,R,"C00012",,"KAMARHATTI",,"",,,,,,,,0,,,,,
NE000320180609123217,"RAJU LADIES CORNER",9123056698,Dunlop to Kamarhati,"Dunlop to Kamarhati",SM2,Y,0,,0,N,0,,R,"C00012",,"KAMARHATTI",,"",,,,,,,,0,,,,,
NE000320180609123217,"RAJU LADIES CORNER",9123056698,Dunlop to Kamarhati,"Dunlop to Kamarhati",M1,Y,0,,0,N,0,,R,"C00012",,"KAMARHATTI",,"",,,,,,,,0,,,,,
NE000320180609124303,"BENGAL STORES",9613541256,Dunlop to Kamarhati,"Dunlop to Kamarhati",SM2,Y,0,,0,N,0,,R,"C00012",,"KAMARHATTI",,"",,,,,,,,0,,,,,
NE000320180609124303,"BENGAL STORES",9613541256,Dunlop to Kamarhati,"Dunlop to Kamarhati",M1,Y,0,,0,N,0,,R,"C00012",,"KAMARHATTI",,"",,,,,,,,0,,,,,
NE000320180609134609,"KHUSHI DASKARMA BHANDAR",9748296275,Dunlop to Kamarhati,"Dunlop to Kamarhati",SM2,Y,0,,0,N,0,,R,"C00012",,"DUNLOP SUPERMARKETB-B",,"",,,,,,,,0,,,,,
NE000320180609134609,"KHUSHI DASKARMA BHANDAR",9748296275,Dunlop to Kamarhati,"Dunlop to Kamarhati",M1,Y,0,,0,N,0,,R,"C00012",,"DUNLOP SUPERMARKETB-B",,"",,,,,,,,0,,,,,
NE000320180611130626,"SHREE GANESH BHANDAR",9830557346,New Alipore,"New Alipore",SM2,Y,0,,0,N,0,,R,"C00005",,"651B-ONEW ALIPORE",,"",,,,,,,,0,,,,,
NE000320180611130626,"SHREE GANESH BHANDAR",9830557346,New Alipore,"New Alipore",M1,Y,0,,0,N,0,,R,"C00005",,"651B-ONEW ALIPORE",,"",,,,,,,,0,,,,,
NE000320180612114918,"M/S.JAISWAL.KHADYA BHANDAR",9038667903,Entally to New Market,"Entally to New Market",SM2,Y,0,,0,N,0,,R,"C00011",,"38/H/2MARKET STREET",,"",,,,,,,,,,,,,
NE000320180612115200,"SHIVAM KUMAR . SONS",9903866725,Entally to New Market,"Entally to New Market",SM2,Y,0,,0,N,0,,R,"C00011",,"MARKET STREET",,"",,,,,,,,,,,,,
NE000320180612115923,"M/S.SHREE KRISHNA STORES",9830812833,Entally to New Market,"Entally to New Market",SM2,Y,0,,0,N,0,,R,"C00011",,"B/38A/HMARKET STREET",,"",,,,,,,,,,,,,
NE000320180612142456,"ROSEBERRY RED",9906521436,Entally to New Market,"Entally to New Market",SM2,Y,0,,0,N,0,,R,"C00011",,"RYG-49/2NEWMARKET",22528787,"",,,,,,,,,,,,,
NE000320180612164149,"RADHA RANI",9874365251,Entally to New Market,"Entally to New Market",SM2,Y,0,,0,N,0,,R,"C00011",,"119GRANT STREET",,"",,,,,,,,,,,,,
NE000320180612164324,"S.LAL SHAW",9831021422,Entally to New Market,"Entally to New Market",SM2,Y,0,,0,N,0,,R,"C00011",,"9BJ.L.N.ROAD",,"",,,,,,,,,,,,,
NE000320180613141657,"TIMCY'S",9836572090,Lake Market,"Lake Market",SM2,Y,0,,0,N,0,,R,"C00005",,"1CLAKE ROAD",,"",,,,,,,,,,,,,
NE000320180615113651,"DASKARMA BHANDAR",9051797115,Entally to New Market,"Entally to New Market",SM2,Y,0,,0,N,0,,R,"C00011",,"INTALLY MARKET",,"",,,,,,,,,,,,,
NE000320180616100653,"ARYA RETIAL PVT. LMT.",9051111481,Alam Bazar to Kasipur,"Alam Bazar to Kasipur",SM2,Y,0,,0,N,0,,R,"C00012",,"52/1/ESURYA SEN ROAD",,"",,,,,,,,,,,,,
NE000320180616101742,"ADI GANDESHWARI BHANDAR",9674341181,Alam Bazar to Kasipur,"Alam Bazar to Kasipur",SM2,Y,0,,0,N,0,,R,"C00012",,"127/1SURYA SEN ROAD",,"",,,,,,,,,,,,,
NE000320180616104221,"KIRPAMOYEE",8420382224,Alam Bazar to Kasipur,"Alam Bazar to Kasipur",SM2,Y,0,,0,N,0,,R,"C00012",,"90DESBANDHU ROAD",,"",,,,,,,,,,,,,
NE000320180616105043,"ROOPSINGHAR",8777853469,Alam Bazar to Kasipur,"Alam Bazar to Kasipur",SM2,Y,0,,0,N,0,,R,"C00012",,"93DESBANDHU ROAD",,"",,,,,,,,,,,,,
NE000320180616132930,"SUBHADRA VARIETY STORES",9830075058,Alam Bazar to Kasipur,"Alam Bazar to Kasipur",SM2,Y,0,,0,N,0,,R,"C00012",,"95/1COSSIPORE ROAD",,"",,,,,,,,,,,,,
NE000320180616145344,"GLAMOUR",8334092561,Shyam Bazar to Bagh Bazar,"Shyam Bazar to Bagh Bazar",SM2,Y,0,,0,N,0,,R,"C00012",,"125BIDHAN SARANI",,"",,,,,,,,,,,,,
NE000320180616151927,"K.P.MISHRA",9831040418,Shyam Bazar to Bagh Bazar,"Shyam Bazar to Bagh Bazar",SM2,Y,0,,0,N,0,,R,"C00012",,"SHYAMBAZAR MARKET",,"",,,,,,,,,,,,,
NE000320180619120032,"CHANDIMATA STORES",9804776920,College Street to Hati Bagan,"College Street to Hati Bagan",SM2,Y,0,,0,N,0,,R,"C00011",,"HATHIBAGAN MARKET",,"",,,,,,,,,,,,,
NE000320180619131631,"MALTI ZARDA",8276055145,College Street to Hati Bagan,"College Street to Hati Bagan",SM2,Y,0,,0,N,0,,R,"C00011",,"HATHIBAGANCORPORATION BUILDING",,"",,,,,,,,,,,,,
NE000320180619134717,"NEW LAXMI BHANDAR",9163829540,College Street to Hati Bagan,"College Street to Hati Bagan",SM2,Y,0,,0,N,0,,R,"C00011",,"25BIDHAN SARANI",,"",,,,,,,,,,,,,
NE000320180619142231,"SRI RAM BHANDAR",8820543316,College Street to Hati Bagan,"College Street to Hati Bagan",SM2,Y,0,,0,N,0,,R,"C00011",,"BLOCK-P66COLLEGE STREET MARKET",,"",,,,,,,,,,,,,
NE000320180620150521,"P.NANDY,P.K.NANDY",9611852145,Lake Market,"Lake Market",SM2,Y,0,,0,N,0,,R,"C00005",,"LAKE ROADMARKET",24633984,"",,,,,,,,,,,,,
NE000320180620150631,"S.JANA",9674997758,Lake Market,"Lake Market",SM2,Y,0,,0,N,0,,R,"C00005",,"LAKE ROADMARKET",,"",,,,,,,,,,,,,
NE000320180620151733,"RANJIT VARIETY STORES",9874551257,Lake Market,"Lake Market",SM2,Y,0,,0,N,0,,R,"C00005",,"61RASH BIHARI AVENUEOPP LAKE MARKET",,"",,,,,,,,,,,,,
NE000320180620153210,"SHREE SHREEMAA STORES",9143012824,Lake Market,"Lake Market",SM2,Y,0,,0,N,0,,R,"C00005",,"55RASH BIHARI AVENUE",,"",,,,,,,,,,,,,
NE000320180622105534,"ANJALI VARIETY STORES",9681913211,Nutun Bazar to Nimtalla,"Nutun Bazar to Nimtalla",SM2,Y,0,,0,N,0,,R,"C00011",,"NUTAN BAZAAR",,"",,,,,,,,,,,,,
NE000320180622110722,"POONAM VARIETY STORES",8100710457,Nutun Bazar to Nimtalla,"Nutun Bazar to Nimtalla",SM2,Y,0,,0,N,0,,R,"C00011",,"NUTAN BAZAAR",,"",,,,,,,,,,,,,
NE000320180622123251,"GANDESHWARI BHANDAR",9433184720,Nutun Bazar to Nimtalla,"Nutun Bazar to Nimtalla",SM2,Y,0,,0,N,0,,R,"C00011",,"421BRABINDRA SARANI",,"",,,,,,,,,,,,,
NE000320180622124131,"INDIRA KUMOKAR",9611521425,Shova Bazar,"Shova Bazar",SM2,Y,0,,0,N,0,,R,"C00011",,"476RABINDRA SARANI",,"",,,,,,,,,,,,,
NE000320180623103709,"R.S.TRADING",9331997570,Dunlop to Kamarhati,"Dunlop to Kamarhati",SM2,Y,0,,0,N,0,,R,"C00012",,"12MUSHLIM ROADKAMARHATTI",,"",,,,,,,,,,,,,
NE000320180623111947,"A.ALI GENERAL STORES",9681742167,Dunlop to Kamarhati,"Dunlop to Kamarhati",SM2,Y,0,,0,N,0,,R,"C00012",,"KAMARHATTI",,"",,,,,,,,,,,,,
NE000320180706112147,"VIJAY STORES",9007275270,Nutun Bazar to Nimtalla,"Nutun Bazar to Nimtalla",SM2,Y,0,,0,N,0,,R,"C00011",,"NUTAN BAZAAR",,"",,,,,,,,,,,,,
NE000320180706113436,"BABA BHUTNATH BHANDAR",9830724189,Nutun Bazar to Nimtalla,"Nutun Bazar to Nimtalla",SM2,Y,0,,0,N,0,,R,"C00011",,"NUTAN BAZAAR",,"",,,,,,,,,,,,,
NE000320180706114624,"JAYA CHURI STORES",9615214255,Nutun Bazar to Nimtalla,"Nutun Bazar to Nimtalla",SM2,Y,0,,0,N,0,,R,"C00011",,"NUTAN BAZAAR",,"",,,,,,,,,,,,,
NE000320180706115927,"SWETA STORES",9831157766,Nutun Bazar to Nimtalla,"Nutun Bazar to Nimtalla",SM2,Y,0,,0,N,0,,R,"C00011",,"NUTAN BAZAAR",,"",,,,,,,,,,,,,
NE000320180706121901,"K.C.KUNDU",9433458838,Nutun Bazar to Nimtalla,"Nutun Bazar to Nimtalla",SM2,Y,0,,0,N,0,,R,"C00011",,"NUTAN BAZAAR",,"",,,,,,,,,,,,,
NE000320180707131718,"JAI MAA SANTOSHI STORES",8013068575,Alam Bazar to Kasipur,"Alam Bazar to Kasipur",SM2,Y,0,,0,N,0,,R,"C00012",,"87A/H7COSSIPORE ROAD",,"",,,,,,,,,,,,,
NE000320180707155239,"GOURI BHANDAR",9038431465,Shyam Bazar to Bagh Bazar,"Shyam Bazar to Bagh Bazar",SM2,Y,0,,0,N,0,,R,"C00012",,"SHYAMBAZAR",,"",,,,,,,,,,,,,
NE000320180709113943,"SHREE OM BHANDAR",8272412575,New Alipore,"New Alipore",SM2,Y,0,,0,N,0,,R,"C00005",,"NEW ALIPORE",,"",,,,,,,,,,,,,
NE000320180710113418,"AWADESH KUMAR",9230561782,Dunlop to Kamarhati,"Dunlop to Kamarhati",SM2,Y,0,,0,N,0,,R,"C00012",,"SETH BABU BAZAARKAMARHATTI",,"",,,,,,,,,,,,,
NE000320180710124158,"D.K.INTERPRISE",9062401627,Dunlop to Kamarhati,"Dunlop to Kamarhati",SM2,Y,0,,0,N,0,,R,"C00012",,"17KATHAL BAGAANKAMARHATTI",,"",,,,,,,,,,,,,
NE000320180711135004,"HANUMAN FOOD STORES",9830766595,Lake Market,"Lake Market",SM2,Y,0,,0,N,0,,R,"C00005",,"111SOUTHERN EVENUELAKE VIEW",,"",,,,,,,,,,,,,
NE000320180713225336,"SUBHAYAN STORES",8961251425,Kakinara to Garulia,"Kakinara to Garulia",SM2,Y,0,,0,N,0,,R,"C00004",,"GARULIA BAZAAR",,"",,,,,,,,,,,,,
NE000320180713225508,"RATAN BISWAS",9230122790,Kakinara to Garulia,"Kakinara to Garulia",SM2,Y,0,,0,N,0,,R,"C00004",,"GARULIA BAZAAR",,"",,,,,,,,,,,,,
NE000320180713225654,"MANOJ S.T.D",9088363248,Kakinara to Garulia,"Kakinara to Garulia",SM2,Y,0,,0,N,0,,R,"C00004",,"GARULIA BAZAAR",,"",,,,,,,,,,,,,
NE000320180713225934,"RAVI CHOUDHARY",9618514258,Kakinara to Garulia,"Kakinara to Garulia",SM2,Y,0,,0,N,0,,R,"C00004",,"GARULIA BAZAAR",,"",,,,,,,,,,,,,
NE000320180713230120,"N.C.SADHUKHAN",8336856368,Kakinara to Garulia,"Kakinara to Garulia",SM2,Y,0,,0,N,0,,R,"C00004",,"GARULIA BAZAAR",,"",,,,,,,,,,,,,
NE000320180713230849,"S.N.STORES",8981729629,Kakinara to Garulia,"Kakinara to Garulia",SM2,Y,0,,0,N,0,,R,"C00004",,"GARULIA BAZAAR",,"",,,,,,,,,,,,,
NE000320180713231007,"HAMZAH STORES",7998426034,Kakinara to Garulia,"Kakinara to Garulia",SM2,Y,0,,0,N,0,,R,"C00004",,"GARULIA BAZAAR",,"",,,,,,,,,,,,,
NE000320180713231412,"ASHOK JAISWAL",9903036732,Kakinara to Garulia,"Kakinara to Garulia",SM2,Y,0,,0,N,0,,R,"C00004",,"GARULIA BAZAAR",,"",,,,,,,,,,,,,
NE000320180713231515,"SHANKAR STORES",9618325146,Kakinara to Garulia,"Kakinara to Garulia",SM2,Y,0,,0,N,0,,R,"C00004",,"GARULIA BAZAAR",,"",,,,,,,,,,,,,
NE000320180713231617,"JAI GURU BHANDAR",8272521425,Kakinara to Garulia,"Kakinara to Garulia",SM2,Y,0,,0,N,0,,R,"C00004",,"GARULIA BAZAAR",,"",,,,,,,,,,,,,
NE000320180717145023,"PRAKASH STORES",7278533916,Kakinara,"Kakinara",SM2,Y,0,,0,N,0,,R,"C00004",,"KANKINARA BAZAAR",,"",,,,,,,,,,,,,
NE000320180717145557,"SURAJ STORES",9123014025,Kakinara,"Kakinara",SM2,Y,0,,0,N,0,,R,"C00004",,"8GALIKACHARI ROAD",,"",,,,,,,,,,,,,
NE000320180717145816,"VINOD STORES",8961172023,Kakinara,"Kakinara",SM2,Y,0,,0,N,0,,R,"C00004",,"8GALIKACHARI ROAD",,"",,,,,,,,,,,,,
NE000320180717150009,"MADAM COLLECTION",9038177113,Kakinara,"Kakinara",SM2,Y,0,,0,N,0,,R,"C00004",,"KANKINARA BAZAAR",,"",,,,,,,,,,,,,
NE000320180719121716,"GLITTER",9903449101,Ballygung,"Ballygung",SM2,Y,0,,0,N,0,,R,"C00005",,"101/2KARAYA ROAD",,"",,,,,,,,,,,,,
NE000320180720140016,"SUNNY  STORES",8910602057,Entally to New Market,"Entally to New Market",SM2,Y,0,,0,N,0,,R,"C00011",,"JAANBAZAR",,"",,,,,,,,,,,,,
NE000320180721153909,"BABY  STORES",9903166127,Shyam Bazar to Bagh Bazar,"Shyam Bazar to Bagh Bazar",SM2,Y,0,,0,N,0,,R,"C00012",,"SHYAMBAZAR  MARKET",,"",,,,,,,,,,,,,
NE000320180724125334,"TARA MAA BHANDAR",8961521425,Maniktalla,"Maniktalla",SM2,Y,0,,0,N,0,,R,"C00011",,"MANICTALLA BAZAAR",,"",,,,,,,,,,,,,
NE000320180725141243,"TULSI BHANDAR",9874238014,Lake Market,"Lake Market",SM2,Y,0,,0,N,0,,R,"C00005",,"20ALAKE VIEW ROAD",,"",,,,,,,,,,,,,
NE000420180403204528,"KISHAN STORE",9051770399,Don Bosco to Ghusuri,"Don Bosco to Ghusuri",SM3,Y,0,,0,N,0,,R,"C00009",,"268/10 G.T.ROAD DONBOSCO",,"",,,,,,,,0,,,,,
NE000420180403204528,"KISHAN STORE",9051770399,Don Bosco to Ghusuri,"Don Bosco to Ghusuri",M1,Y,0,,0,N,0,,R,"C00009",,"268/10 G.T.ROAD DONBOSCO",,"",,,,,,,,0,,,,,
NE000420180403204917,"RANI SATI FOOD STORE",9836597330,Don Bosco to Ghusuri,"Don Bosco to Ghusuri",SM3,Y,0,,0,N,0,,R,"C00009",,"268/2AG.T.ROADDONBOSCO",,"",,,,,,,,0,,,,,
NE000420180403204917,"RANI SATI FOOD STORE",9836597330,Don Bosco to Ghusuri,"Don Bosco to Ghusuri",M1,Y,0,,0,N,0,,R,"C00009",,"268/2AG.T.ROADDONBOSCO",,"",,,,,,,,0,,,,,
NE000420180403210442,"ASHOK STORE",9903507574,Don Bosco to Ghusuri,"Don Bosco to Ghusuri",SM3,Y,0,,0,N,0,,R,"C00009",,"268/2AG.T.ROADDONBOSCO",,"",,,,,,,,0,,,,,
NE000420180403210442,"ASHOK STORE",9903507574,Don Bosco to Ghusuri,"Don Bosco to Ghusuri",M1,Y,0,,0,N,0,,R,"C00009",,"268/2AG.T.ROADDONBOSCO",,"",,,,,,,,0,,,,,
NE000420180403212313,"NIRMAL STORE",9163918494,Don Bosco to Ghusuri,"Don Bosco to Ghusuri",SM3,Y,0,,0,N,0,,R,"C00009",,"105/17/1GIRISH GHOSH ROADVIVEKANAND COLLONIDONBOSCO",,"",,,,,,,,0,,,,,
NE000420180403212313,"NIRMAL STORE",9163918494,Don Bosco to Ghusuri,"Don Bosco to Ghusuri",M1,Y,0,,0,N,0,,R,"C00009",,"105/17/1GIRISH GHOSH ROADVIVEKANAND COLLONIDONBOSCO",,"",,,,,,,,0,,,,,
NE000420180403212752,"SRI SAPNA PROVISION STORE",9836657580,Don Bosco to Ghusuri,"Don Bosco to Ghusuri",SM3,Y,0,,0,N,0,,R,"C00009",,"132GIRISH GHOSH ROADVIVEKANAND COLLONIDONBOSCO",,"",,,,,,,,0,,,,,
NE000420180403212752,"SRI SAPNA PROVISION STORE",9836657580,Don Bosco to Ghusuri,"Don Bosco to Ghusuri",M1,Y,0,,0,N,0,,R,"C00009",,"132GIRISH GHOSH ROADVIVEKANAND COLLONIDONBOSCO",,"",,,,,,,,0,,,,,
NE000420180403213154,"SRI GANESH STORE",9748791734,Don Bosco to Ghusuri,"Don Bosco to Ghusuri",SM3,Y,0,,0,N,0,,R,"C00009",,"116/1BGIRISH GHOSH ROADDONBOSCO",,"",,,,,,,,0,,,,,
NE000420180403213154,"SRI GANESH STORE",9748791734,Don Bosco to Ghusuri,"Don Bosco to Ghusuri",M1,Y,0,,0,N,0,,R,"C00009",,"116/1BGIRISH GHOSH ROADDONBOSCO",,"",,,,,,,,0,,,,,
NE000420180403214303,"VAIBHAV STORE",8981224357,Don Bosco to Ghusuri,"Don Bosco to Ghusuri",SM3,Y,0,,0,N,0,,R,"C00009",,"116/1B GIRISH GHOSH ROAD DONBOSCO",,"",,,,,,,,0,,,,,
NE000420180403214303,"VAIBHAV STORE",8981224357,Don Bosco to Ghusuri,"Don Bosco to Ghusuri",M1,Y,0,,0,N,0,,R,"C00009",,"116/1B GIRISH GHOSH ROAD DONBOSCO",,"",,,,,,,,0,,,,,
NE000420180403214808,"SHYAMA STORE",9831879446,Don Bosco to Ghusuri,"Don Bosco to Ghusuri",SM3,Y,0,,0,N,0,,R,"C00009",,"44 GIRISH GHOSH ROAD DONBOSCO",,"",,,,,,,,0,,,,,
NE000420180403214808,"SHYAMA STORE",9831879446,Don Bosco to Ghusuri,"Don Bosco to Ghusuri",M1,Y,0,,0,N,0,,R,"C00009",,"44 GIRISH GHOSH ROAD DONBOSCO",,"",,,,,,,,0,,,,,
NE000420180403215050,"RADHA RANI COLLECTION",9674654803,Don Bosco to Ghusuri,"Don Bosco to Ghusuri",SM3,Y,0,,0,N,0,,R,"C00009",,"99/1A GIRISH GHOSH ROAD DONBOSCO",,"",,,,,,,,0,,,,,
NE000420180403215050,"RADHA RANI COLLECTION",9674654803,Don Bosco to Ghusuri,"Don Bosco to Ghusuri",M1,Y,0,,0,N,0,,R,"C00009",,"99/1A GIRISH GHOSH ROAD DONBOSCO",,"",,,,,,,,0,,,,,
NE000420180403215736,"LOKHNATH LEADIES",9477218848,Don Bosco to Ghusuri,"Don Bosco to Ghusuri",SM3,Y,0,,0,N,0,,R,"C00009",,"99A GIRISH GHOSH ROADDONBOSCO",,"",,,,,,,,0,,,,,
NE000420180403215736,"LOKHNATH LEADIES",9477218848,Don Bosco to Ghusuri,"Don Bosco to Ghusuri",M1,Y,0,,0,N,0,,R,"C00009",,"99A GIRISH GHOSH ROADDONBOSCO",,"",,,,,,,,0,,,,,
NE000420180403220344,"RIDHI SIDHI BHANDAR",8961542325,Don Bosco to Ghusuri,"Don Bosco to Ghusuri",SM3,Y,0,,0,N,0,,R,"C00009",,"109 GIRISH GHOSH ROADDONBOSCOGHUSURI",,"",,,,,,,,0,,,,,
NE000420180403220344,"RIDHI SIDHI BHANDAR",8961542325,Don Bosco to Ghusuri,"Don Bosco to Ghusuri",M1,Y,0,,0,N,0,,R,"C00009",,"109 GIRISH GHOSH ROADDONBOSCOGHUSURI",,"",,,,,,,,0,,,,,
NE000420180403220847,"SABIR ALI",9804761761,Don Bosco to Ghusuri,"Don Bosco to Ghusuri",SM3,Y,0,,0,N,0,,R,"C00009",,"146 GIRISH GHOSH ROADGHUSURI",,"",,,,,,,,0,,,,,
NE000420180403220847,"SABIR ALI",9804761761,Don Bosco to Ghusuri,"Don Bosco to Ghusuri",M1,Y,0,,0,N,0,,R,"C00009",,"146 GIRISH GHOSH ROADGHUSURI",,"",,,,,,,,0,,,,,
NE000420180403221119,"SHYAM STORES",9903689716,Don Bosco to Ghusuri,"Don Bosco to Ghusuri",SM3,Y,0,,0,N,0,,R,"C00009",,"40 GIRISH GHOSH LANE GHUSURI",,"",,,,,,,,0,,,,,
NE000420180403221119,"SHYAM STORES",9903689716,Don Bosco to Ghusuri,"Don Bosco to Ghusuri",M1,Y,0,,0,N,0,,R,"C00009",,"40 GIRISH GHOSH LANE GHUSURI",,"",,,,,,,,0,,,,,
NE000420180403221442,"R.K.TRADERS",9331913630,Don Bosco to Ghusuri,"Don Bosco to Ghusuri",SM3,Y,0,,0,N,0,,R,"C00009",,"40 GIRISH GHOSH LANEGHUSURI",,"",,,,,,,,0,,,,,
NE000420180403221442,"R.K.TRADERS",9331913630,Don Bosco to Ghusuri,"Don Bosco to Ghusuri",M1,Y,0,,0,N,0,,R,"C00009",,"40 GIRISH GHOSH LANEGHUSURI",,"",,,,,,,,0,,,,,
NE000420180403221704,"SUNIL STORE",9331025724,Don Bosco to Ghusuri,"Don Bosco to Ghusuri",SM3,Y,0,,0,N,0,,R,"C00009",,"10 GIRISH GHOSH LANE GHUSURI",,"",,,,,,,,0,,,,,
NE000420180403221704,"SUNIL STORE",9331025724,Don Bosco to Ghusuri,"Don Bosco to Ghusuri",M1,Y,0,,0,N,0,,R,"C00009",,"10 GIRISH GHOSH LANE GHUSURI",,"",,,,,,,,0,,,,,
NE000420180403222446,"MATRI BHANDAR(1)",9836468902,Don Bosco to Ghusuri,"Don Bosco to Ghusuri",SM3,Y,0,,0,N,0,,R,"C00009",,"2 GIRISH GHOSH LANE",,"",,,,,,,,0,,,,,
NE000420180403222446,"MATRI BHANDAR(1)",9836468902,Don Bosco to Ghusuri,"Don Bosco to Ghusuri",M1,Y,0,,0,N,0,,R,"C00009",,"2 GIRISH GHOSH LANE",,"",,,,,,,,0,,,,,
NE000420180403222714,"MATRI BHANDAR(2)",9007425049,Don Bosco to Ghusuri,"Don Bosco to Ghusuri",SM3,Y,0,,0,N,0,,R,"C00009",,"2 GIRISH GHOSH LANE GHUSURI",,"",,,,,,,,0,,,,,
NE000420180403222714,"MATRI BHANDAR(2)",9007425049,Don Bosco to Ghusuri,"Don Bosco to Ghusuri",M1,Y,0,,0,N,0,,R,"C00009",,"2 GIRISH GHOSH LANE GHUSURI",,"",,,,,,,,0,,,,,
NE000420180403222935,"AKASH  BHANDAR",8981816939,Don Bosco to Ghusuri,"Don Bosco to Ghusuri",SM3,Y,0,,0,N,0,,R,"C00009",,"2 GIRISH GHOSH LANE GHUSURI",,"",,,,,,,,0,,,,,
NE000420180403222935,"AKASH  BHANDAR",8981816939,Don Bosco to Ghusuri,"Don Bosco to Ghusuri",M1,Y,0,,0,N,0,,R,"C00009",,"2 GIRISH GHOSH LANE GHUSURI",,"",,,,,,,,0,,,,,
NE000420180403223106,"KALI BHANDAR",9836598747,Don Bosco to Ghusuri,"Don Bosco to Ghusuri",SM3,Y,0,,0,N,0,,R,"C00009",,"127 GIRISH GHOSH LANE GHUSURI",,"",,,,,,,,0,,,,,
NE000420180403223106,"KALI BHANDAR",9836598747,Don Bosco to Ghusuri,"Don Bosco to Ghusuri",M1,Y,0,,0,N,0,,R,"C00009",,"127 GIRISH GHOSH LANE GHUSURI",,"",,,,,,,,0,,,,,
NE000420180403223338,"SHREE SHYAM BHANDAR",9903955461,Don Bosco to Ghusuri,"Don Bosco to Ghusuri",SM3,Y,0,,0,N,0,,R,"C00009",,"262/2 G.T.ROAD LILUHA",,"",,,,,,,,0,,,,,
NE000420180403223338,"SHREE SHYAM BHANDAR",9903955461,Don Bosco to Ghusuri,"Don Bosco to Ghusuri",M1,Y,0,,0,N,0,,R,"C00009",,"262/2 G.T.ROAD LILUHA",,"",,,,,,,,0,,,,,
NE000420180404104922,"KAMALA VARIETY STORE",9143011931,Rishra NK Banerjee Road to Bangur Park,"Rishra NK Banerjee Road to Bangur Park",SM3,Y,0,,0,N,0,,R,"C00003",,"N.K.BANERJEE STREETRISHRA",,"",,,,,,,,0,,,,,
NE000420180404104922,"KAMALA VARIETY STORE",9143011931,Rishra NK Banerjee Road to Bangur Park,"Rishra NK Banerjee Road to Bangur Park",M1,Y,0,,0,N,0,,R,"C00003",,"N.K.BANERJEE STREETRISHRA",,"",,,,,,,,0,,,,,
NE000420180404105212,"DREAM LAND",9831786886,Rishra NK Banerjee Road to Bangur Park,"Rishra NK Banerjee Road to Bangur Park",SM3,Y,0,,0,N,0,,R,"C00003",,"89/1E DN.K.BANERJEE STREET",,"",,,,,,,,0,,,,,
NE000420180404105212,"DREAM LAND",9831786886,Rishra NK Banerjee Road to Bangur Park,"Rishra NK Banerjee Road to Bangur Park",M1,Y,0,,0,N,0,,R,"C00003",,"89/1E DN.K.BANERJEE STREET",,"",,,,,,,,0,,,,,
NE000420180404105411,"SURUCHI",9007302981,Rishra NK Banerjee Road to Bangur Park,"Rishra NK Banerjee Road to Bangur Park",SM3,Y,0,,0,N,0,,R,"C00003",,"89/1C N.K.BANERJEE STREET RISHRA",,"",,,,,,,,0,,,,,
NE000420180404105411,"SURUCHI",9007302981,Rishra NK Banerjee Road to Bangur Park,"Rishra NK Banerjee Road to Bangur Park",M1,Y,0,,0,N,0,,R,"C00003",,"89/1C N.K.BANERJEE STREET RISHRA",,"",,,,,,,,0,,,,,
NE000420180404105534,"M.M.GHOSH",9163706016,Rishra NK Banerjee Road to Bangur Park,"Rishra NK Banerjee Road to Bangur Park",SM3,Y,0,,0,N,0,,R,"C00003",,"39/2/3 N.K.BANERJEE STREET RISHRA",,"",,,,,,,,0,,,,,
NE000420180404105534,"M.M.GHOSH",9163706016,Rishra NK Banerjee Road to Bangur Park,"Rishra NK Banerjee Road to Bangur Park",M1,Y,0,,0,N,0,,R,"C00003",,"39/2/3 N.K.BANERJEE STREET RISHRA",,"",,,,,,,,0,,,,,
NE000420180404105706,"AJANTA",8100793100,Rishra NK Banerjee Road to Bangur Park,"Rishra NK Banerjee Road to Bangur Park",SM3,Y,0,,0,N,0,,R,"C00003",,"N.K.BANERJEE STREET RISHRA",,"",,,,,,,,0,,,,,
NE000420180404105706,"AJANTA",8100793100,Rishra NK Banerjee Road to Bangur Park,"Rishra NK Banerjee Road to Bangur Park",M1,Y,0,,0,N,0,,R,"C00003",,"N.K.BANERJEE STREET RISHRA",,"",,,,,,,,0,,,,,
NE000420180404105838,"ALOKA STORE",9831886119,Rishra NK Banerjee Road to Bangur Park,"Rishra NK Banerjee Road to Bangur Park",SM3,Y,0,,0,N,0,,R,"C00003",,"39 N.K.BANERJEE STREETRISHRA",,"",,,,,,,,0,,,,,
NE000420180404105838,"ALOKA STORE",9831886119,Rishra NK Banerjee Road to Bangur Park,"Rishra NK Banerjee Road to Bangur Park",M1,Y,0,,0,N,0,,R,"C00003",,"39 N.K.BANERJEE STREETRISHRA",,"",,,,,,,,0,,,,,
NE000420180404115115,"RAJA SHREE",8902902446,Rishra NK Banerjee Road to Bangur Park,"Rishra NK Banerjee Road to Bangur Park",SM3,Y,0,,0,N,0,,R,"C00003",,"89/P/1AVIVEKANANDAROADBANGURPARK",,"",,,,,,,,0,,,,,
NE000420180404115115,"RAJA SHREE",8902902446,Rishra NK Banerjee Road to Bangur Park,"Rishra NK Banerjee Road to Bangur Park",M1,Y,0,,0,N,0,,R,"C00003",,"89/P/1AVIVEKANANDAROADBANGURPARK",,"",,,,,,,,0,,,,,
NE000420180404115317,"RIDHI SIDHI",9062602604,Rishra NK Banerjee Road to Bangur Park,"Rishra NK Banerjee Road to Bangur Park",SM3,Y,0,,0,N,0,,R,"C00003",,"89/3/A K.C.ASH LANEBANGURPARK",,"",,,,,,,,0,,,,,
NE000420180404115317,"RIDHI SIDHI",9062602604,Rishra NK Banerjee Road to Bangur Park,"Rishra NK Banerjee Road to Bangur Park",M1,Y,0,,0,N,0,,R,"C00003",,"89/3/A K.C.ASH LANEBANGURPARK",,"",,,,,,,,0,,,,,
NE000420180404115521,"GIFT CONNER",9163649680,Rishra NK Banerjee Road to Bangur Park,"Rishra NK Banerjee Road to Bangur Park",SM3,Y,0,,0,N,0,,R,"C00003",,"89/3/2 BANGURPARK RANI MARKET",,"",,,,,,,,0,,,,,
NE000420180404115521,"GIFT CONNER",9163649680,Rishra NK Banerjee Road to Bangur Park,"Rishra NK Banerjee Road to Bangur Park",M1,Y,0,,0,N,0,,R,"C00003",,"89/3/2 BANGURPARK RANI MARKET",,"",,,,,,,,0,,,,,
NE000420180404115821,"JYOTSNA IMITATION",9830216076,Rishra NK Banerjee Road to Bangur Park,"Rishra NK Banerjee Road to Bangur Park",SM3,Y,0,,0,N,0,,R,"C00003",,"89/3AK.C.ASH.LANE",,"",,,,,,,,0,,,,,
NE000420180404115821,"JYOTSNA IMITATION",9830216076,Rishra NK Banerjee Road to Bangur Park,"Rishra NK Banerjee Road to Bangur Park",M1,Y,0,,0,N,0,,R,"C00003",,"89/3AK.C.ASH.LANE",,"",,,,,,,,0,,,,,
NE000420180404120006,"BEAUTY",9830064028,Rishra NK Banerjee Road to Bangur Park,"Rishra NK Banerjee Road to Bangur Park",SM3,Y,0,,0,N,0,,R,"C00003",,"89/3/A/14 ASH LANEBANGURPARK",,"",,,,,,,,0,,,,,
NE000420180404120006,"BEAUTY",9830064028,Rishra NK Banerjee Road to Bangur Park,"Rishra NK Banerjee Road to Bangur Park",M1,Y,0,,0,N,0,,R,"C00003",,"89/3/A/14 ASH LANEBANGURPARK",,"",,,,,,,,0,,,,,
NE000420180404120203,"AGARWAL IMITATION",9674520885,Rishra NK Banerjee Road to Bangur Park,"Rishra NK Banerjee Road to Bangur Park",SM3,Y,0,,0,N,0,,R,"C00003",,"89/3/AK.C.ASH.LANEBANGURPARK",,"",,,,,,,,0,,,,,
NE000420180404120203,"AGARWAL IMITATION",9674520885,Rishra NK Banerjee Road to Bangur Park,"Rishra NK Banerjee Road to Bangur Park",M1,Y,0,,0,N,0,,R,"C00003",,"89/3/AK.C.ASH.LANEBANGURPARK",,"",,,,,,,,0,,,,,
NE000420180404120409,"BINA BOUTIQUE",9748903819,Rishra NK Banerjee Road to Bangur Park,"Rishra NK Banerjee Road to Bangur Park",SM3,Y,0,,0,N,0,,R,"C00003",,"89/3/AK.C.ASH.LANE BANGURPARK",,"",,,,,,,,0,,,,,
NE000420180404120409,"BINA BOUTIQUE",9748903819,Rishra NK Banerjee Road to Bangur Park,"Rishra NK Banerjee Road to Bangur Park",M1,Y,0,,0,N,0,,R,"C00003",,"89/3/AK.C.ASH.LANE BANGURPARK",,"",,,,,,,,0,,,,,
NE000420180404120911,"AMAR SUHAG",9432804171,Rishra NK Banerjee Road to Bangur Park,"Rishra NK Banerjee Road to Bangur Park",SM3,Y,0,,0,N,0,,R,"C00003",,"89/3/2 VIVEKANAND ROAD BANGURPARK(RANIMARKET)",,"",,,,,,,,0,,,,,
NE000420180404120911,"AMAR SUHAG",9432804171,Rishra NK Banerjee Road to Bangur Park,"Rishra NK Banerjee Road to Bangur Park",M1,Y,0,,0,N,0,,R,"C00003",,"89/3/2 VIVEKANAND ROAD BANGURPARK(RANIMARKET)",,"",,,,,,,,0,,,,,
NE000420180404121036,"NILESH STORE",8420886895,Rishra NK Banerjee Road to Bangur Park,"Rishra NK Banerjee Road to Bangur Park",SM3,Y,0,,0,N,0,,R,"C00003",,"BANGURPARK3RD LANE",,"",,,,,,,,0,,,,,
NE000420180404121036,"NILESH STORE",8420886895,Rishra NK Banerjee Road to Bangur Park,"Rishra NK Banerjee Road to Bangur Park",M1,Y,0,,0,N,0,,R,"C00003",,"BANGURPARK3RD LANE",,"",,,,,,,,0,,,,,
NE000420180404140253,"SHYAM BHANDAR",8981962054,Rishra NK Banerjee Road to Bangur Park,"Rishra NK Banerjee Road to Bangur Park",SM3,Y,0,,0,N,0,,R,"C00003",,"89/109/5 VIVEKANANDA ROADBANGURPARK",,"",,,,,,,,0,,,,,
NE000420180404140253,"SHYAM BHANDAR",8981962054,Rishra NK Banerjee Road to Bangur Park,"Rishra NK Banerjee Road to Bangur Park",M1,Y,0,,0,N,0,,R,"C00003",,"89/109/5 VIVEKANANDA ROADBANGURPARK",,"",,,,,,,,0,,,,,
NE000420180404140445,"AAHAR",8013357474,Rishra NK Banerjee Road to Bangur Park,"Rishra NK Banerjee Road to Bangur Park",SM3,Y,0,,0,N,0,,R,"C00003",,"30A/158DR.P.T.LAHA.STREETBANGURPARK",,"",,,,,,,,0,,,,,
NE000420180404140445,"AAHAR",8013357474,Rishra NK Banerjee Road to Bangur Park,"Rishra NK Banerjee Road to Bangur Park",M1,Y,0,,0,N,0,,R,"C00003",,"30A/158DR.P.T.LAHA.STREETBANGURPARK",,"",,,,,,,,0,,,,,
NE000420180404140905,"BAJRANG BHANDAR",8420997655,Rishra NK Banerjee Road to Bangur Park,"Rishra NK Banerjee Road to Bangur Park",SM3,Y,0,,0,N,0,,R,"C00003",,"123BANGURPARK",,"",,,,,,,,0,,,,,
NE000420180404140905,"BAJRANG BHANDAR",8420997655,Rishra NK Banerjee Road to Bangur Park,"Rishra NK Banerjee Road to Bangur Park",M1,Y,0,,0,N,0,,R,"C00003",,"123BANGURPARK",,"",,,,,,,,0,,,,,
NE000420180404141944,"SWYAM",9432200749,Rishra NK Banerjee Road to Bangur Park,"Rishra NK Banerjee Road to Bangur Park",SM3,Y,0,,0,N,0,,R,"C00003",,"171 BANGURPARK",,"",,,,,,,,0,,,,,
NE000420180404141944,"SWYAM",9432200749,Rishra NK Banerjee Road to Bangur Park,"Rishra NK Banerjee Road to Bangur Park",M1,Y,0,,0,N,0,,R,"C00003",,"171 BANGURPARK",,"",,,,,,,,0,,,,,
NE000420180404142150,"GANPATI GENERAL STORE",8481875263,Rishra NK Banerjee Road to Bangur Park,"Rishra NK Banerjee Road to Bangur Park",SM3,Y,0,,0,N,0,,R,"C00003",,"89/250 BANGURPARK",,"",,,,,,,,0,,,,,
NE000420180404142150,"GANPATI GENERAL STORE",8481875263,Rishra NK Banerjee Road to Bangur Park,"Rishra NK Banerjee Road to Bangur Park",M1,Y,0,,0,N,0,,R,"C00003",,"89/250 BANGURPARK",,"",,,,,,,,0,,,,,
NE000420180404142348,"SHREE SHYAM BALAJI STORE",9339604620,Rishra NK Banerjee Road to Bangur Park,"Rishra NK Banerjee Road to Bangur Park",SM3,Y,0,,0,N,0,,R,"C00003",,"89/303 NILKANTH APPERMENT BANGURPARK",,"",,,,,,,,0,,,,,
NE000420180404142348,"SHREE SHYAM BALAJI STORE",9339604620,Rishra NK Banerjee Road to Bangur Park,"Rishra NK Banerjee Road to Bangur Park",M1,Y,0,,0,N,0,,R,"C00003",,"89/303 NILKANTH APPERMENT BANGURPARK",,"",,,,,,,,0,,,,,
NE000420180404142616,"PALABI STORE",8910373947,Rishra NK Banerjee Road to Bangur Park,"Rishra NK Banerjee Road to Bangur Park",SM3,Y,0,,0,N,0,,R,"C00003",,"303 NILKANTH APPERMENT BANGURPARK",,"",,,,,,,,0,,,,,
NE000420180404142616,"PALABI STORE",8910373947,Rishra NK Banerjee Road to Bangur Park,"Rishra NK Banerjee Road to Bangur Park",M1,Y,0,,0,N,0,,R,"C00003",,"303 NILKANTH APPERMENT BANGURPARK",,"",,,,,,,,0,,,,,
NE000420180404142747,"SHARMA STORE",9674255388,Rishra NK Banerjee Road to Bangur Park,"Rishra NK Banerjee Road to Bangur Park",SM3,Y,0,,0,N,0,,R,"C00003",,"89/350BANGURPARK",,"",,,,,,,,0,,,,,
NE000420180404142747,"SHARMA STORE",9674255388,Rishra NK Banerjee Road to Bangur Park,"Rishra NK Banerjee Road to Bangur Park",M1,Y,0,,0,N,0,,R,"C00003",,"89/350BANGURPARK",,"",,,,,,,,0,,,,,
NE000420180404143004,"AMAN STORE",8420887053,Rishra NK Banerjee Road to Bangur Park,"Rishra NK Banerjee Road to Bangur Park",SM3,Y,0,,0,N,0,,R,"C00003",,"89/351 KIRTI APPERMENT BANGURPARK",,"",,,,,,,,0,,,,,
NE000420180404143004,"AMAN STORE",8420887053,Rishra NK Banerjee Road to Bangur Park,"Rishra NK Banerjee Road to Bangur Park",M1,Y,0,,0,N,0,,R,"C00003",,"89/351 KIRTI APPERMENT BANGURPARK",,"",,,,,,,,0,,,,,
NE000420180404143323,"SATYAM STORE",9831199425,Rishra NK Banerjee Road to Bangur Park,"Rishra NK Banerjee Road to Bangur Park",SM3,Y,0,,0,N,0,,R,"C00003",,"89/317 BANGUR PARK",,"",,,,,,,,0,,,,,
NE000420180404143323,"SATYAM STORE",9831199425,Rishra NK Banerjee Road to Bangur Park,"Rishra NK Banerjee Road to Bangur Park",M1,Y,0,,0,N,0,,R,"C00003",,"89/317 BANGUR PARK",,"",,,,,,,,0,,,,,
NE000420180404143703,"SHOURDHYA",9330717561,Rishra NK Banerjee Road to Bangur Park,"Rishra NK Banerjee Road to Bangur Park",SM3,Y,0,,0,N,0,,R,"C00003",,"K.C.ASH LANE BANGURPARK",,"",,,,,,,,0,,,,,
NE000420180404143703,"SHOURDHYA",9330717561,Rishra NK Banerjee Road to Bangur Park,"Rishra NK Banerjee Road to Bangur Park",M1,Y,0,,0,N,0,,R,"C00003",,"K.C.ASH LANE BANGURPARK",,"",,,,,,,,0,,,,,
NE000420180404143946,"OMKAR",8296564850,Rishra NK Banerjee Road to Bangur Park,"Rishra NK Banerjee Road to Bangur Park",SM3,Y,0,,0,N,0,,R,"C00003",,"39/2/2 N.K.BANERJEE STREET",,"",,,,,,,,0,,,,,
NE000420180404143946,"OMKAR",8296564850,Rishra NK Banerjee Road to Bangur Park,"Rishra NK Banerjee Road to Bangur Park",M1,Y,0,,0,N,0,,R,"C00003",,"39/2/2 N.K.BANERJEE STREET",,"",,,,,,,,0,,,,,
NE000420180404144329,"SUSMITA",9038242130,Rishra NK Banerjee Road to Bangur Park,"Rishra NK Banerjee Road to Bangur Park",SM3,Y,0,,0,N,0,,R,"C00003",,"87/2 N.K.BANERJEE STREET",,"",,,,,,,,0,,,,,
NE000420180404144329,"SUSMITA",9038242130,Rishra NK Banerjee Road to Bangur Park,"Rishra NK Banerjee Road to Bangur Park",M1,Y,0,,0,N,0,,R,"C00003",,"87/2 N.K.BANERJEE STREET",,"",,,,,,,,0,,,,,
NE000420180405125333,"DUTTA BHANDAR",9051725758,College Street to Hati Bagan,"College Street to Hati Bagan",SM3,Y,0,,0,N,0,,R,"C00011",,"E(P)114COLLEGE STREET MARKET",,"",,,,,,,,0,,,,,
NE000420180405125333,"DUTTA BHANDAR",9051725758,College Street to Hati Bagan,"College Street to Hati Bagan",M1,Y,0,,0,N,0,,R,"C00011",,"E(P)114COLLEGE STREET MARKET",,"",,,,,,,,0,,,,,
NE000420180405125544,"DILIP STORE",9748870225,College Street to Hati Bagan,"College Street to Hati Bagan",SM3,Y,0,,0,N,0,,R,"C00011",,"E(P)46COLLEGE STREETMARKET",,"",,,,,,,,0,,,,,
NE000420180405125544,"DILIP STORE",9748870225,College Street to Hati Bagan,"College Street to Hati Bagan",M1,Y,0,,0,N,0,,R,"C00011",,"E(P)46COLLEGE STREETMARKET",,"",,,,,,,,0,,,,,
NE000420180405125741,"BASUKI BHANDAR",9073141402,College Street to Hati Bagan,"College Street to Hati Bagan",SM3,Y,0,,0,N,0,,R,"C00011",,"E(P)64COLLEGE STREETMARKET",,"",,,,,,,,0,,,,,
NE000420180405125741,"BASUKI BHANDAR",9073141402,College Street to Hati Bagan,"College Street to Hati Bagan",M1,Y,0,,0,N,0,,R,"C00011",,"E(P)64COLLEGE STREETMARKET",,"",,,,,,,,0,,,,,
NE000420180405130206,"SHAW STORE",9830757359,College Street to Hati Bagan,"College Street to Hati Bagan",SM3,Y,0,,0,N,0,,R,"C00011",,"E(P)87/6COLLEGE STREET",,"",,,,,,,,0,,,,,
NE000420180405130206,"SHAW STORE",9830757359,College Street to Hati Bagan,"College Street to Hati Bagan",M1,Y,0,,0,N,0,,R,"C00011",,"E(P)87/6COLLEGE STREET",,"",,,,,,,,0,,,,,
NE000420180405130421,"SHIV BHANDAR",8697233486,College Street to Hati Bagan,"College Street to Hati Bagan",SM3,Y,0,,0,N,0,,R,"C00011",,"E(P)49/1COLLEGE STREETMARKET",,"",,,,,,,,0,,,,,
NE000420180405130421,"SHIV BHANDAR",8697233486,College Street to Hati Bagan,"College Street to Hati Bagan",M1,Y,0,,0,N,0,,R,"C00011",,"E(P)49/1COLLEGE STREETMARKET",,"",,,,,,,,0,,,,,
NE000420180405130628,"MAA KALI BHANDAR",9163876171,College Street to Hati Bagan,"College Street to Hati Bagan",SM3,Y,0,,0,N,0,,R,"C00011",,"E(P)32COLLEGE STREETMARKET",,"",,,,,,,,0,,,,,
NE000420180405130628,"MAA KALI BHANDAR",9163876171,College Street to Hati Bagan,"College Street to Hati Bagan",M1,Y,0,,0,N,0,,R,"C00011",,"E(P)32COLLEGE STREETMARKET",,"",,,,,,,,0,,,,,
NE000420180405132104,"M.D.KAMAL STORE",8337061375,College Street to Hati Bagan,"College Street to Hati Bagan",SM3,Y,0,,0,N,0,,R,"C00011",,"E(P)26COLLEGE STREETMARKET",,"",,,,,,,,0,,,,,
NE000420180405132104,"M.D.KAMAL STORE",8337061375,College Street to Hati Bagan,"College Street to Hati Bagan",M1,Y,0,,0,N,0,,R,"C00011",,"E(P)26COLLEGE STREETMARKET",,"",,,,,,,,0,,,,,
NE000420180405132308,"ANNAPURNA BHANDAR",9433533399,College Street to Hati Bagan,"College Street to Hati Bagan",SM3,Y,0,,0,N,0,,R,"C00011",,"E(P)11COLLEGE STREETMARKET",,"",,,,,,,,0,,,,,
NE000420180405132308,"ANNAPURNA BHANDAR",9433533399,College Street to Hati Bagan,"College Street to Hati Bagan",M1,Y,0,,0,N,0,,R,"C00011",,"E(P)11COLLEGE STREETMARKET",,"",,,,,,,,0,,,,,
NE000420180405132612,"ADYA SAKTHI DASAKARMA BHANDAR",8697843284,College Street to Hati Bagan,"College Street to Hati Bagan",SM3,Y,0,,0,N,0,,R,"C00011",,"E(P)86/5COLLEGE STREET",,"",,,,,,,,0,,,,,
NE000420180405132612,"ADYA SAKTHI DASAKARMA BHANDAR",8697843284,College Street to Hati Bagan,"College Street to Hati Bagan",M1,Y,0,,0,N,0,,R,"C00011",,"E(P)86/5COLLEGE STREET",,"",,,,,,,,0,,,,,
NE000420180405132942,"H.P.SHAW",9748535576,College Street to Hati Bagan,"College Street to Hati Bagan",SM3,Y,0,,0,N,0,,R,"C00011",,"E(P)41COLLEGE STREETMARKET",,"",,,,,,,,0,,,,,
NE000420180405132942,"H.P.SHAW",9748535576,College Street to Hati Bagan,"College Street to Hati Bagan",M1,Y,0,,0,N,0,,R,"C00011",,"E(P)41COLLEGE STREETMARKET",,"",,,,,,,,0,,,,,
NE000420180405133229,"K.G.BANGLE(COSMETIC)",8420017404,College Street to Hati Bagan,"College Street to Hati Bagan",SM3,Y,0,,0,N,0,,R,"C00011",,"A(P)112 COLLEGE STREETMARKET",,"",,,,,,,,0,,,,,
NE000420180405133229,"K.G.BANGLE(COSMETIC)",8420017404,College Street to Hati Bagan,"College Street to Hati Bagan",M1,Y,0,,0,N,0,,R,"C00011",,"A(P)112 COLLEGE STREETMARKET",,"",,,,,,,,0,,,,,
NE000420180405133550,"KAMALA STORE",9163641348,College Street to Hati Bagan,"College Street to Hati Bagan",SM3,Y,0,,0,N,0,,R,"C00011",,"A(P)82/83COLLEGE STREETMARKET",,"",,,,,,,,0,,,,,
NE000420180405133550,"KAMALA STORE",9163641348,College Street to Hati Bagan,"College Street to Hati Bagan",M1,Y,0,,0,N,0,,R,"C00011",,"A(P)82/83COLLEGE STREETMARKET",,"",,,,,,,,0,,,,,
NE000420180405133954,"THE NATIONAL VARITY",9433926957,College Street to Hati Bagan,"College Street to Hati Bagan",SM3,Y,0,,0,N,0,,R,"C00011",,"A122/124COLLEGE STREETMARKET",,"",,,,,,,,0,,,,,
NE000420180405133954,"THE NATIONAL VARITY",9433926957,College Street to Hati Bagan,"College Street to Hati Bagan",M1,Y,0,,0,N,0,,R,"C00011",,"A122/124COLLEGE STREETMARKET",,"",,,,,,,,0,,,,,
NE000420180405134229,"AADI CITY VARIETY",9073759362,College Street to Hati Bagan,"College Street to Hati Bagan",SM3,Y,0,,0,N,0,,R,"C00011",,"M.T(P)25/26COLLEGE STREET MARKET",,"",,,,,,,,0,,,,,
NE000420180405134229,"AADI CITY VARIETY",9073759362,College Street to Hati Bagan,"College Street to Hati Bagan",M1,Y,0,,0,N,0,,R,"C00011",,"M.T(P)25/26COLLEGE STREET MARKET",,"",,,,,,,,0,,,,,
NE000420180405134442,"RAJ LAKSHMI STATIONERS",9830075895,College Street to Hati Bagan,"College Street to Hati Bagan",SM3,Y,0,,0,N,0,,R,"C00011",,"56COLLEGE STREET",,"",,,,,,,,0,,,,,
NE000420180405134442,"RAJ LAKSHMI STATIONERS",9830075895,College Street to Hati Bagan,"College Street to Hati Bagan",M1,Y,0,,0,N,0,,R,"C00011",,"56COLLEGE STREET",,"",,,,,,,,0,,,,,
NE000420180405134642,"VARIETY STORES",9432485614,College Street to Hati Bagan,"College Street to Hati Bagan",SM3,Y,0,,0,N,0,,R,"C00011",,"221BIDHAN SARANI",,"",,,,,,,,0,,,,,
NE000420180405134642,"VARIETY STORES",9432485614,College Street to Hati Bagan,"College Street to Hati Bagan",M1,Y,0,,0,N,0,,R,"C00011",,"221BIDHAN SARANI",,"",,,,,,,,0,,,,,
NE000420180406140348,"SHIVAM GENERAL STORE",9903459654,Uriapara to Salkia,"Uriapara to Salkia",SM3,Y,0,,0,N,0,,R,"C00001",,"22 RAMLAL MUKHERJEE LANESALKIA",,"",,,,,,,,0,,,,,
NE000420180406140348,"SHIVAM GENERAL STORE",9903459654,Uriapara to Salkia,"Uriapara to Salkia",M1,Y,0,,0,N,0,,R,"C00001",,"22 RAMLAL MUKHERJEE LANESALKIA",,"",,,,,,,,0,,,,,
NE000420180406140606,"KALIKA FOOD STORE",9339502304,Uriapara to Salkia,"Uriapara to Salkia",SM3,Y,0,,0,N,0,,R,"C00001",,"61UPENDRA NATH MITRA LANESALKIA",,"",,,,,,,,0,,,,,
NE000420180406140606,"KALIKA FOOD STORE",9339502304,Uriapara to Salkia,"Uriapara to Salkia",M1,Y,0,,0,N,0,,R,"C00001",,"61UPENDRA NATH MITRA LANESALKIA",,"",,,,,,,,0,,,,,
NE000420180406141046,"MATRI BHANDAR",8013114605,Uriapara to Salkia,"Uriapara to Salkia",SM3,Y,0,,0,N,0,,R,"C00001",,"UPENDRA NATH MITRA LANE SALKIA",,"",,,,,,,,0,,,,,
NE000420180406141046,"MATRI BHANDAR",8013114605,Uriapara to Salkia,"Uriapara to Salkia",M1,Y,0,,0,N,0,,R,"C00001",,"UPENDRA NATH MITRA LANE SALKIA",,"",,,,,,,,0,,,,,
NE000420180406144019,"ROY AND SONS",9051798991,Uriapara to Salkia,"Uriapara to Salkia",SM3,Y,0,,0,N,0,,R,"C00001",,"28 UPENDRANATH MITRA LANESALKIA",,"",,,,,,,,0,,,,,
NE000420180406144019,"ROY AND SONS",9051798991,Uriapara to Salkia,"Uriapara to Salkia",M1,Y,0,,0,N,0,,R,"C00001",,"28 UPENDRANATH MITRA LANESALKIA",,"",,,,,,,,0,,,,,
NE000420180406144238,"RAM KRISHNA BHANDAR",9163090450,Uriapara to Salkia,"Uriapara to Salkia",SM3,Y,0,,0,N,0,,R,"C00001",,"35/1UPENDRANATH MITRA LANESALKIA",,"",,,,,,,,0,,,,,
NE000420180406144238,"RAM KRISHNA BHANDAR",9163090450,Uriapara to Salkia,"Uriapara to Salkia",M1,Y,0,,0,N,0,,R,"C00001",,"35/1UPENDRANATH MITRA LANESALKIA",,"",,,,,,,,0,,,,,
NE000420180406144554,"JOY GURU BHANDAR",9433015783,Uriapara to Salkia,"Uriapara to Salkia",SM3,Y,0,,0,N,0,,R,"C00001",,"35/1 UPENDRANATH MITRA LANESALKIA",,"",,,,,,,,0,,,,,
NE000420180406144554,"JOY GURU BHANDAR",9433015783,Uriapara to Salkia,"Uriapara to Salkia",M1,Y,0,,0,N,0,,R,"C00001",,"35/1 UPENDRANATH MITRA LANESALKIA",,"",,,,,,,,0,,,,,
NE000420180406145159,"MALTI STORE",9903847068,Uriapara to Salkia,"Uriapara to Salkia",SM3,Y,0,,0,N,0,,R,"C00001",,"84A.B/1 KHETRO MITRO LANESALKIA",,"",,,,,,,,0,,,,,
NE000420180406145159,"MALTI STORE",9903847068,Uriapara to Salkia,"Uriapara to Salkia",M1,Y,0,,0,N,0,,R,"C00001",,"84A.B/1 KHETRO MITRO LANESALKIA",,"",,,,,,,,0,,,,,
NE000420180406145537,"SUBHAS VARIETY STORE",9903319673,Uriapara to Salkia,"Uriapara to Salkia",SM3,Y,0,,0,N,0,,R,"C00001",,"44/1 KALITALA LANE SALKIA",,"",,,,,,,,0,,,,,
NE000420180406145537,"SUBHAS VARIETY STORE",9903319673,Uriapara to Salkia,"Uriapara to Salkia",M1,Y,0,,0,N,0,,R,"C00001",,"44/1 KALITALA LANE SALKIA",,"",,,,,,,,0,,,,,
NE000420180406145753,"TARA MAA STORE",8777578095,Uriapara to Salkia,"Uriapara to Salkia",SM3,Y,0,,0,N,0,,R,"C00001",,"60 TRIPURA ROY LANESALKIA",,"",,,,,,,,0,,,,,
NE000420180406145753,"TARA MAA STORE",8777578095,Uriapara to Salkia,"Uriapara to Salkia",M1,Y,0,,0,N,0,,R,"C00001",,"60 TRIPURA ROY LANESALKIA",,"",,,,,,,,0,,,,,
NE000420180406150234,"DHARAM NATH SHAW",9804233319,Uriapara to Salkia,"Uriapara to Salkia",SM3,Y,0,,0,N,0,,R,"C00001",,"28AUROBINDRO ROAD SALKIA",,"",,,,,,,,0,,,,,
NE000420180406150234,"DHARAM NATH SHAW",9804233319,Uriapara to Salkia,"Uriapara to Salkia",M1,Y,0,,0,N,0,,R,"C00001",,"28AUROBINDRO ROAD SALKIA",,"",,,,,,,,0,,,,,
NE000420180406150643,"MANOJ SHAW",9875501974,Uriapara to Salkia,"Uriapara to Salkia",SM3,Y,0,,0,N,0,,R,"C00001",,"28 AUROBINDO HOROGUNJ BAJARSALKIA",,"",,,,,,,,0,,,,,
NE000420180406150643,"MANOJ SHAW",9875501974,Uriapara to Salkia,"Uriapara to Salkia",M1,Y,0,,0,N,0,,R,"C00001",,"28 AUROBINDO HOROGUNJ BAJARSALKIA",,"",,,,,,,,0,,,,,
NE000420180406151636,"MAHESH STORE",8910503115,Uriapara to Salkia,"Uriapara to Salkia",SM3,Y,0,,0,N,0,,R,"C00001",,"28 AUROBINDOHOROGUNJ BAJARSALKIA",,"",,,,,,,,0,,,,,
NE000420180406151636,"MAHESH STORE",8910503115,Uriapara to Salkia,"Uriapara to Salkia",M1,Y,0,,0,N,0,,R,"C00001",,"28 AUROBINDOHOROGUNJ BAJARSALKIA",,"",,,,,,,,0,,,,,
NE000420180406152002,"AMBIKA CHARAN",9681667238,Uriapara to Salkia,"Uriapara to Salkia",SM3,Y,0,,0,N,0,,R,"C00001",,"28 AUROBINDOHOROGUNJ BAJARSALKIA",,"",,,,,,,,0,,,,,
NE000420180406152002,"AMBIKA CHARAN",9681667238,Uriapara to Salkia,"Uriapara to Salkia",M1,Y,0,,0,N,0,,R,"C00001",,"28 AUROBINDOHOROGUNJ BAJARSALKIA",,"",,,,,,,,0,,,,,
NE000420180406153822,"ABHISHEK JEWELLERY HOUSE",9674760996,Uriapara to Salkia,"Uriapara to Salkia",SM3,Y,0,,0,N,0,,R,"C00001",,"28 AUROBINDO HOROGUNJ BAJARSALKIA",,"",,,,,,,,0,,,,,
NE000420180406153822,"ABHISHEK JEWELLERY HOUSE",9674760996,Uriapara to Salkia,"Uriapara to Salkia",M1,Y,0,,0,N,0,,R,"C00001",,"28 AUROBINDO HOROGUNJ BAJARSALKIA",,"",,,,,,,,0,,,,,
NE000420180406154043,"P.C.DUTTA",8961108109,Uriapara to Salkia,"Uriapara to Salkia",SM3,Y,0,,0,N,0,,R,"C00001",,"80/80 AUROBINDOHOROGUNJ BAJARSALKIA",,"",,,,,,,,0,,,,,
NE000420180406154043,"P.C.DUTTA",8961108109,Uriapara to Salkia,"Uriapara to Salkia",M1,Y,0,,0,N,0,,R,"C00001",,"80/80 AUROBINDOHOROGUNJ BAJARSALKIA",,"",,,,,,,,0,,,,,
NE000420180407130016,"NEW SEN .CO",8902094942,Hindmotar,"Hindmotar",SM3,Y,0,,0,N,0,,R,"C00003",,"199 DEBAI PUKUR ROAD HINDMOTOR",,"",,,,,,,,0,,,,,
NE000420180407130016,"NEW SEN .CO",8902094942,Hindmotar,"Hindmotar",M1,Y,0,,0,N,0,,R,"C00003",,"199 DEBAI PUKUR ROAD HINDMOTOR",,"",,,,,,,,0,,,,,
NE000420180407130210,"DUTTA BHANDAR",8479821662,Hindmotar,"Hindmotar",SM3,Y,0,,0,N,0,,R,"C00003",,"152 DEBAI PUKUR ROAD HINDMOTOR",,"",,,,,,,,0,,,,,
NE000420180407130210,"DUTTA BHANDAR",8479821662,Hindmotar,"Hindmotar",M1,Y,0,,0,N,0,,R,"C00003",,"152 DEBAI PUKUR ROAD HINDMOTOR",,"",,,,,,,,0,,,,,
NE000420180407130348,"S.K.TRADERS",9477574056,Hindmotar,"Hindmotar",SM3,Y,0,,0,N,0,,R,"C00003",,"23JANTA SARANI HINDMOTOR",,"",,,,,,,,0,,,,,
NE000420180407130348,"S.K.TRADERS",9477574056,Hindmotar,"Hindmotar",M1,Y,0,,0,N,0,,R,"C00003",,"23JANTA SARANI HINDMOTOR",,"",,,,,,,,0,,,,,
NE000420180407130624,"VINAYAK MARWARI STORE",9339226126,Hindmotar,"Hindmotar",SM3,Y,0,,0,N,0,,R,"C00003",,"5 JANATA SARANI HINDMOTOR",,"",,,,,,,,0,,,,,
NE000420180407130624,"VINAYAK MARWARI STORE",9339226126,Hindmotar,"Hindmotar",M1,Y,0,,0,N,0,,R,"C00003",,"5 JANATA SARANI HINDMOTOR",,"",,,,,,,,0,,,,,
NE000420180407130738,"RUPMAHAL",9830414649,Hindmotar,"Hindmotar",SM3,Y,0,,0,N,0,,R,"C00003",,"245 B.B.D ROAD HINDMOTOR",,"",,,,,,,,0,,,,,
NE000420180407130738,"RUPMAHAL",9830414649,Hindmotar,"Hindmotar",M1,Y,0,,0,N,0,,R,"C00003",,"245 B.B.D ROAD HINDMOTOR",,"",,,,,,,,0,,,,,
NE000420180407130903,"TARA MAA BHANDAR",9432558922,Hindmotar,"Hindmotar",SM3,Y,0,,0,N,0,,R,"C00003",,"139/1 B.B.D ROAD HINDMOTOR",,"",,,,,,,,0,,,,,
NE000420180407130903,"TARA MAA BHANDAR",9432558922,Hindmotar,"Hindmotar",M1,Y,0,,0,N,0,,R,"C00003",,"139/1 B.B.D ROAD HINDMOTOR",,"",,,,,,,,0,,,,,
NE000420180407131249,"ADARSHA BHANDAR",9830419269,Hindmotar,"Hindmotar",SM3,Y,0,,0,N,0,,R,"C00003",,"179B.B.D ROAD HINDMOTOR",,"",,,,,,,,0,,,,,
NE000420180407131249,"ADARSHA BHANDAR",9830419269,Hindmotar,"Hindmotar",M1,Y,0,,0,N,0,,R,"C00003",,"179B.B.D ROAD HINDMOTOR",,"",,,,,,,,0,,,,,
NE000420180407131538,"JAYSWAL",9038656005,Hindmotar,"Hindmotar",SM3,Y,0,,0,N,0,,R,"C00003",,"184 B.B.D ROAD HINDMOTOR",,"",,,,,,,,0,,,,,
NE000420180407131538,"JAYSWAL",9038656005,Hindmotar,"Hindmotar",M1,Y,0,,0,N,0,,R,"C00003",,"184 B.B.D ROAD HINDMOTOR",,"",,,,,,,,0,,,,,
NE000420180407131735,"NIRMAL COSMETICS",9903500388,Hindmotar,"Hindmotar",SM3,Y,0,,0,N,0,,R,"C00003",,"77B.B.D ROADHINDMOTOR",,"",,,,,,,,0,,,,,
NE000420180407131735,"NIRMAL COSMETICS",9903500388,Hindmotar,"Hindmotar",M1,Y,0,,0,N,0,,R,"C00003",,"77B.B.D ROADHINDMOTOR",,"",,,,,,,,0,,,,,
NE000420180407131849,"RIDDHI SIDDHI",9883329434,Hindmotar,"Hindmotar",SM3,Y,0,,0,N,0,,R,"C00003",,"B.B.D ROAD HINDMOTOR",,"",,,,,,,,0,,,,,
NE000420180407131849,"RIDDHI SIDDHI",9883329434,Hindmotar,"Hindmotar",M1,Y,0,,0,N,0,,R,"C00003",,"B.B.D ROAD HINDMOTOR",,"",,,,,,,,0,,,,,
NE000420180407132110,"RAM KRISHNA BHANDAR",9051230255,Hindmotar,"Hindmotar",SM3,Y,0,,0,N,0,,R,"C00003",,"76 B.B.D ROADHINDMOTOR",,"",,,,,,,,0,,,,,
NE000420180407132110,"RAM KRISHNA BHANDAR",9051230255,Hindmotar,"Hindmotar",M1,Y,0,,0,N,0,,R,"C00003",,"76 B.B.D ROADHINDMOTOR",,"",,,,,,,,0,,,,,
NE000420180407132232,"GUPTA ENTERPRIZE",9239930911,Hindmotar,"Hindmotar",SM3,Y,0,,0,N,0,,R,"C00003",,"75 B.B.D ROADHINDMOTOR",,"",,,,,,,,0,,,,,
NE000420180407132232,"GUPTA ENTERPRIZE",9239930911,Hindmotar,"Hindmotar",M1,Y,0,,0,N,0,,R,"C00003",,"75 B.B.D ROADHINDMOTOR",,"",,,,,,,,0,,,,,
NE000420180407132528,"KUMKUM VARIETY STORE",9874740762,Hindmotar,"Hindmotar",SM3,Y,0,,0,N,0,,R,"C00003",,"4 BATTALA BYE LANEHINDMOTOR",,"",,,,,,,,0,,,,,
NE000420180407132528,"KUMKUM VARIETY STORE",9874740762,Hindmotar,"Hindmotar",M1,Y,0,,0,N,0,,R,"C00003",,"4 BATTALA BYE LANEHINDMOTOR",,"",,,,,,,,0,,,,,
NE000420180407144648,"SHREE GURU LOKHNATH BHANDAR",9831515767,Hindmotar,"Hindmotar",SM3,Y,0,,0,N,0,,R,"C00003",,"15/2 BATTALA BYE LANE HINDMOTOR",,"",,,,,,,,0,,,,,
NE000420180407144648,"SHREE GURU LOKHNATH BHANDAR",9831515767,Hindmotar,"Hindmotar",M1,Y,0,,0,N,0,,R,"C00003",,"15/2 BATTALA BYE LANE HINDMOTOR",,"",,,,,,,,0,,,,,
NE000420180407144924,"GEN STORE",9331743325,Hindmotar,"Hindmotar",SM3,Y,0,,0,N,0,,R,"C00003",,"BATTALA BYE LANE HINDMOTOR",,"",,,,,,,,0,,,,,
NE000420180407144924,"GEN STORE",9331743325,Hindmotar,"Hindmotar",M1,Y,0,,0,N,0,,R,"C00003",,"BATTALA BYE LANE HINDMOTOR",,"",,,,,,,,0,,,,,
NE000420180407145055,"RADHA STORE",7044574136,Hindmotar,"Hindmotar",SM3,Y,0,,0,N,0,,R,"C00003",,"62/1 BATTALA BYE LANEHINDMOTOR",,"",,,,,,,,0,,,,,
NE000420180407145055,"RADHA STORE",7044574136,Hindmotar,"Hindmotar",M1,Y,0,,0,N,0,,R,"C00003",,"62/1 BATTALA BYE LANEHINDMOTOR",,"",,,,,,,,0,,,,,
NE000420180407145854,"NITTANAND BHANDAR",8767771592,Hindmotar,"Hindmotar",SM3,Y,0,,0,N,0,,R,"C00003",,"16 BATTALA BYE LANEHINDMOTOR",,"",,,,,,,,0,,,,,
NE000420180407145854,"NITTANAND BHANDAR",8767771592,Hindmotar,"Hindmotar",M1,Y,0,,0,N,0,,R,"C00003",,"16 BATTALA BYE LANEHINDMOTOR",,"",,,,,,,,0,,,,,
NE000420180407150013,"KALPOTORU",9748359058,Hindmotar,"Hindmotar",SM3,Y,0,,0,N,0,,R,"C00003",,"31BATTALA BYE LANEHINDMOTOR",,"",,,,,,,,0,,,,,
NE000420180407150013,"KALPOTORU",9748359058,Hindmotar,"Hindmotar",M1,Y,0,,0,N,0,,R,"C00003",,"31BATTALA BYE LANEHINDMOTOR",,"",,,,,,,,0,,,,,
NE000420180407150147,"BOLDEB BHANDAR",9163674236,Hindmotar,"Hindmotar",SM3,Y,0,,0,N,0,,R,"C00003",,"25 BATTALA BYE LANEHINDMOTOR",,"",,,,,,,,0,,,,,
NE000420180407150147,"BOLDEB BHANDAR",9163674236,Hindmotar,"Hindmotar",M1,Y,0,,0,N,0,,R,"C00003",,"25 BATTALA BYE LANEHINDMOTOR",,"",,,,,,,,0,,,,,
NE000420180407150312,"PATANJALI",7890477612,Hindmotar,"Hindmotar",SM3,Y,0,,0,N,0,,R,"C00003",,"176/1 NEW STATION ROADHINDMOTOR",,"",,,,,,,,0,,,,,
NE000420180407150312,"PATANJALI",7890477612,Hindmotar,"Hindmotar",M1,Y,0,,0,N,0,,R,"C00003",,"176/1 NEW STATION ROADHINDMOTOR",,"",,,,,,,,0,,,,,
NE000420180407150449,"MAYA STORE",9231822785,Hindmotar,"Hindmotar",SM3,Y,0,,0,N,0,,R,"C00003",,"139 NEW STATION ROADHINDMOTOR",,"",,,,,,,,0,,,,,
NE000420180407150449,"MAYA STORE",9231822785,Hindmotar,"Hindmotar",M1,Y,0,,0,N,0,,R,"C00003",,"139 NEW STATION ROADHINDMOTOR",,"",,,,,,,,0,,,,,
NE000420180407150651,"GAJANAND BHANDAR",9163968754,Hindmotar,"Hindmotar",SM3,Y,0,,0,N,0,,R,"C00003",,"75DESBANDHU ROADHINDMOTOR",,"",,,,,,,,0,,,,,
NE000420180407150651,"GAJANAND BHANDAR",9163968754,Hindmotar,"Hindmotar",M1,Y,0,,0,N,0,,R,"C00003",,"75DESBANDHU ROADHINDMOTOR",,"",,,,,,,,0,,,,,
NE000420180407150834,"PATANJALI-(2)",7044332787,Hindmotar,"Hindmotar",SM3,Y,0,,0,N,0,,R,"C00003",,"B.B.ROADHINDMOTOR",,"",,,,,,,,0,,,,,
NE000420180407150834,"PATANJALI-(2)",7044332787,Hindmotar,"Hindmotar",M1,Y,0,,0,N,0,,R,"C00003",,"B.B.ROADHINDMOTOR",,"",,,,,,,,0,,,,,
NE000420180407151303,"BIYANI'S BHANDAR",9874094067,Hindmotar,"Hindmotar",SM3,Y,0,,0,N,0,,R,"C00003",,"130 SUKANTO SARANIMARWARI PATTYHINDMOTOR",,"",,,,,,,,0,,,,,
NE000420180407151303,"BIYANI'S BHANDAR",9874094067,Hindmotar,"Hindmotar",M1,Y,0,,0,N,0,,R,"C00003",,"130 SUKANTO SARANIMARWARI PATTYHINDMOTOR",,"",,,,,,,,0,,,,,
NE000420180411202949,"ASHA STORE",9748275909,Rishra NK Banerjee Road to Bangur Park,"Rishra NK Banerjee Road to Bangur Park",SM3,Y,0,,0,N,0,,R,"C00003",,"BANGUR PARK RISHRA",,"",,,,,,,,0,,,,,
NE000420180411202949,"ASHA STORE",9748275909,Rishra NK Banerjee Road to Bangur Park,"Rishra NK Banerjee Road to Bangur Park",M1,Y,0,,0,N,0,,R,"C00003",,"BANGUR PARK RISHRA",,"",,,,,,,,0,,,,,
NE000420180412213541,"AGARWAL FOOD STORE",9339192394,Nutun Bazar to Nimtalla,"Nutun Bazar to Nimtalla",SM3,Y,0,,0,N,0,,R,"C00011",,"26P.K.TAGORE STREETNATUNBAJAR",,"",,,,,,,,0,,,,,
NE000420180412213541,"AGARWAL FOOD STORE",9339192394,Nutun Bazar to Nimtalla,"Nutun Bazar to Nimtalla",M1,Y,0,,0,N,0,,R,"C00011",,"26P.K.TAGORE STREETNATUNBAJAR",,"",,,,,,,,0,,,,,
NE000420180412214827,"BINA PANI STORE",8420235869,Nutun Bazar to Nimtalla,"Nutun Bazar to Nimtalla",SM3,Y,0,,0,N,0,,R,"C00011",,"11E.AKHOY DUTTA LANENATUNBAJAR",,"",,,,,,,,0,,,,,
NE000420180412214827,"BINA PANI STORE",8420235869,Nutun Bazar to Nimtalla,"Nutun Bazar to Nimtalla",M1,Y,0,,0,N,0,,R,"C00011",,"11E.AKHOY DUTTA LANENATUNBAJAR",,"",,,,,,,,0,,,,,
NE000420180412215317,"GUPAT'S",9830030677,Nutun Bazar to Nimtalla,"Nutun Bazar to Nimtalla",SM3,Y,0,,0,N,0,,R,"C00011",,"19 P.K.TAGORE STREETNATUNBAJAR",,"",,,,,,,,0,,,,,
NE000420180412215317,"GUPAT'S",9830030677,Nutun Bazar to Nimtalla,"Nutun Bazar to Nimtalla",M1,Y,0,,0,N,0,,R,"C00011",,"19 P.K.TAGORE STREETNATUNBAJAR",,"",,,,,,,,0,,,,,
NE000420180412215733,"GUPTA'S",9830030677,Nutun Bazar to Nimtalla,"Nutun Bazar to Nimtalla",SM3,Y,0,,0,N,0,,R,"C00011",,"19P.K.TAGORE STREETNATUNBAJAR",,"",,,,,,,,0,,,,,
NE000420180412215733,"GUPTA'S",9830030677,Nutun Bazar to Nimtalla,"Nutun Bazar to Nimtalla",M1,Y,0,,0,N,0,,R,"C00011",,"19P.K.TAGORE STREETNATUNBAJAR",,"",,,,,,,,0,,,,,
NE000420180412220333,"JOY TARA BHANDAR",9831438969,Nutun Bazar to Nimtalla,"Nutun Bazar to Nimtalla",SM3,Y,0,,0,N,0,,R,"C00011",,"313RABINDRA SARANI NATUNBAJAR",,"",,,,,,,,0,,,,,
NE000420180412220333,"JOY TARA BHANDAR",9831438969,Nutun Bazar to Nimtalla,"Nutun Bazar to Nimtalla",M1,Y,0,,0,N,0,,R,"C00011",,"313RABINDRA SARANI NATUNBAJAR",,"",,,,,,,,0,,,,,
NE000420180412220838,"SUBHAS STORE",9830545657,Nutun Bazar to Nimtalla,"Nutun Bazar to Nimtalla",SM3,Y,0,,0,N,0,,R,"C00011",,"NIMTALA STREET",,"",,,,,,,,0,,,,,
NE000420180412220838,"SUBHAS STORE",9830545657,Nutun Bazar to Nimtalla,"Nutun Bazar to Nimtalla",M1,Y,0,,0,N,0,,R,"C00011",,"NIMTALA STREET",,"",,,,,,,,0,,,,,
NE000420180412221510,"TIRUPATI COSMETIC",9836868185,Nutun Bazar to Nimtalla,"Nutun Bazar to Nimtalla",SM3,Y,0,,0,N,0,,R,"C00011",,"7K.K.TAGORE STREET",,"",,,,,,,,0,,,,,
NE000420180412221510,"TIRUPATI COSMETIC",9836868185,Nutun Bazar to Nimtalla,"Nutun Bazar to Nimtalla",M1,Y,0,,0,N,0,,R,"C00011",,"7K.K.TAGORE STREET",,"",,,,,,,,0,,,,,
NE000420180413134933,"AMULLA BHANDAR",7292821359,Uriapara to Salkia,"Uriapara to Salkia",SM3,Y,0,,0,N,0,,R,"C00001",,"19 KHETRO MITRO.LANESALKIA",,"",,,,,,,,0,,,,,
NE000420180413134933,"AMULLA BHANDAR",7292821359,Uriapara to Salkia,"Uriapara to Salkia",M1,Y,0,,0,N,0,,R,"C00001",,"19 KHETRO MITRO.LANESALKIA",,"",,,,,,,,0,,,,,
NE000420180413135614,"JANATA KADHYA BHANDAR",9831816126,Uriapara to Salkia,"Uriapara to Salkia",SM3,Y,0,,0,N,0,,R,"C00001",,"110S HREE AUROBINDO ROADSALKIA",,"",,,,,,,,0,,,,,
NE000420180413135614,"JANATA KADHYA BHANDAR",9831816126,Uriapara to Salkia,"Uriapara to Salkia",M1,Y,0,,0,N,0,,R,"C00001",,"110S HREE AUROBINDO ROADSALKIA",,"",,,,,,,,0,,,,,
NE000420180413140053,"JYOTI STORES",7044962342,Uriapara to Salkia,"Uriapara to Salkia",SM3,Y,0,,0,N,0,,R,"C00001",,"28SHREE.AUROBINDO ROADSALKIA",,"",,,,,,,,0,,,,,
NE000420180413140053,"JYOTI STORES",7044962342,Uriapara to Salkia,"Uriapara to Salkia",M1,Y,0,,0,N,0,,R,"C00001",,"28SHREE.AUROBINDO ROADSALKIA",,"",,,,,,,,0,,,,,
NE000420180413140258,"SRI SRI SAI COSMETIC STORE",8910609149,Uriapara to Salkia,"Uriapara to Salkia",SM3,Y,0,,0,N,0,,R,"C00001",,"28SHREE.AUROBINDO ROAD SALKIA",,"",,,,,,,,0,,,,,
NE000420180413140258,"SRI SRI SAI COSMETIC STORE",8910609149,Uriapara to Salkia,"Uriapara to Salkia",M1,Y,0,,0,N,0,,R,"C00001",,"28SHREE.AUROBINDO ROAD SALKIA",,"",,,,,,,,0,,,,,
NE000420180413140518,"P.PAUL",9830271841,Uriapara to Salkia,"Uriapara to Salkia",SM3,Y,0,,0,N,0,,R,"C00001",,"75HOROGUNJ BAJARSALKIA",,"",,,,,,,,0,,,,,
NE000420180413140518,"P.PAUL",9830271841,Uriapara to Salkia,"Uriapara to Salkia",M1,Y,0,,0,N,0,,R,"C00001",,"75HOROGUNJ BAJARSALKIA",,"",,,,,,,,0,,,,,
NE000420180413140744,"SITALA BHANDAR",9836005556,Uriapara to Salkia,"Uriapara to Salkia",SM3,Y,0,,0,N,0,,R,"C00001",,"28 AUROBINDO ROADSALKIA",,"",,,,,,,,0,,,,,
NE000420180413140744,"SITALA BHANDAR",9836005556,Uriapara to Salkia,"Uriapara to Salkia",M1,Y,0,,0,N,0,,R,"C00001",,"28 AUROBINDO ROADSALKIA",,"",,,,,,,,0,,,,,
NE000420180414125041,"AGARWAL STORE",8961580680,Uttarpara,"Uttarpara",SM3,Y,0,,0,N,0,,R,"C00003",,"22/1T.N.MUKHERJEE LANEMAKHLABAZARUTTARPARA",,"",,,,,,,,0,,,,,
NE000420180414125041,"AGARWAL STORE",8961580680,Uttarpara,"Uttarpara",M1,Y,0,,0,N,0,,R,"C00003",,"22/1T.N.MUKHERJEE LANEMAKHLABAZARUTTARPARA",,"",,,,,,,,0,,,,,
NE000420180414125413,"SINGH STORES",9903855236,Uttarpara,"Uttarpara",SM3,Y,0,,0,N,0,,R,"C00003",,"471/1/2T.N.MUKHERJEE LANEMAKHLABAZAR",,"",,,,,,,,0,,,,,
NE000420180414125413,"SINGH STORES",9903855236,Uttarpara,"Uttarpara",M1,Y,0,,0,N,0,,R,"C00003",,"471/1/2T.N.MUKHERJEE LANEMAKHLABAZAR",,"",,,,,,,,0,,,,,
NE000420180414125540,"NOVELETY",9007088014,Uttarpara,"Uttarpara",SM3,Y,0,,0,N,0,,R,"C00003",,"T.N.MUKHERJEE LANEMAKHLABAZAR",,"",,,,,,,,0,,,,,
NE000420180414125540,"NOVELETY",9007088014,Uttarpara,"Uttarpara",M1,Y,0,,0,N,0,,R,"C00003",,"T.N.MUKHERJEE LANEMAKHLABAZAR",,"",,,,,,,,0,,,,,
NE000420180414125736,"RAJ STORE",8617791123,Uttarpara,"Uttarpara",SM3,Y,0,,0,N,0,,R,"C00003",,"53T.N.MUKHERJEE LANEMAKHLABAZAR",,"",,,,,,,,0,,,,,
NE000420180414125736,"RAJ STORE",8617791123,Uttarpara,"Uttarpara",M1,Y,0,,0,N,0,,R,"C00003",,"53T.N.MUKHERJEE LANEMAKHLABAZAR",,"",,,,,,,,0,,,,,
NE000420180414130024,"COSMETICS GALLERY",9903123656,Uttarpara,"Uttarpara",SM3,Y,0,,0,N,0,,R,"C00003",,"75/1T.N.MUKHERJEE LANEMAKHLA",,"",,,,,,,,0,,,,,
NE000420180414130024,"COSMETICS GALLERY",9903123656,Uttarpara,"Uttarpara",M1,Y,0,,0,N,0,,R,"C00003",,"75/1T.N.MUKHERJEE LANEMAKHLA",,"",,,,,,,,0,,,,,
NE000420180414130138,"SUBHAS PAL",9874255149,Uttarpara,"Uttarpara",SM3,Y,0,,0,N,0,,R,"C00003",,"444T.N.MUKHERJEE LANEMAKHLA",,"",,,,,,,,0,,,,,
NE000420180414130138,"SUBHAS PAL",9874255149,Uttarpara,"Uttarpara",M1,Y,0,,0,N,0,,R,"C00003",,"444T.N.MUKHERJEE LANEMAKHLA",,"",,,,,,,,0,,,,,
NE000420180414130351,"SHREE SHYAM STORE",8100953300,Uttarpara,"Uttarpara",SM3,Y,0,,0,N,0,,R,"C00003",,"4281/1T.N.MUKHERJEE LANEMAKHLA",,"",,,,,,,,0,,,,,
NE000420180414130351,"SHREE SHYAM STORE",8100953300,Uttarpara,"Uttarpara",M1,Y,0,,0,N,0,,R,"C00003",,"4281/1T.N.MUKHERJEE LANEMAKHLA",,"",,,,,,,,0,,,,,
NE000420180414130651,"RITIKA VARIETY",9831617243,Uttarpara,"Uttarpara",SM3,Y,0,,0,N,0,,R,"C00003",,"409/1T.N.MUKHERJEE LANEMAKHLA",,"",,,,,,,,0,,,,,
NE000420180414130651,"RITIKA VARIETY",9831617243,Uttarpara,"Uttarpara",M1,Y,0,,0,N,0,,R,"C00003",,"409/1T.N.MUKHERJEE LANEMAKHLA",,"",,,,,,,,0,,,,,
NE000420180414130836,"BIJOY VARIETY",8697335618,Uttarpara,"Uttarpara",SM3,Y,0,,0,N,0,,R,"C00003",,"T.N.MUKHERJEE LANEMAKHLA BAZAR",,"",,,,,,,,0,,,,,
NE000420180414130836,"BIJOY VARIETY",8697335618,Uttarpara,"Uttarpara",M1,Y,0,,0,N,0,,R,"C00003",,"T.N.MUKHERJEE LANEMAKHLA BAZAR",,"",,,,,,,,0,,,,,
NE000420180414131003,"JAISWAL VARIETY",9038303305,Uttarpara,"Uttarpara",SM3,Y,0,,0,N,0,,R,"C00003",,"405T.N.MUKHERJEE LANEMAKHLA BAZAR",,"",,,,,,,,0,,,,,
NE000420180414131003,"JAISWAL VARIETY",9038303305,Uttarpara,"Uttarpara",M1,Y,0,,0,N,0,,R,"C00003",,"405T.N.MUKHERJEE LANEMAKHLA BAZAR",,"",,,,,,,,0,,,,,
NE000420180414164307,"RUPKALA",9748727409,Uttarpara,"Uttarpara",SM3,Y,0,,0,N,0,,R,"C00003",,"KATHAL BAGAN BAZARUTTARPARA",,"",,,,,,,,0,,,,,
NE000420180414164307,"RUPKALA",9748727409,Uttarpara,"Uttarpara",M1,Y,0,,0,N,0,,R,"C00003",,"KATHAL BAGAN BAZARUTTARPARA",,"",,,,,,,,0,,,,,
NE000420180414164454,"BINA STORE",9002375727,Uttarpara,"Uttarpara",SM3,Y,0,,0,N,0,,R,"C00003",,"KATHAL BAGAN BAZARUTTARPARA",,"",,,,,,,,0,,,,,
NE000420180414164454,"BINA STORE",9002375727,Uttarpara,"Uttarpara",M1,Y,0,,0,N,0,,R,"C00003",,"KATHAL BAGAN BAZARUTTARPARA",,"",,,,,,,,0,,,,,
NE000420180414164606,"MAA LAXMI BHANDAR",8017506968,Uttarpara,"Uttarpara",SM3,Y,0,,0,N,0,,R,"C00003",,"KATHAL BAGAN BAZARUTTARPARA",,"",,,,,,,,0,,,,,
NE000420180414164606,"MAA LAXMI BHANDAR",8017506968,Uttarpara,"Uttarpara",M1,Y,0,,0,N,0,,R,"C00003",,"KATHAL BAGAN BAZARUTTARPARA",,"",,,,,,,,0,,,,,
NE000420180414164720,"A.K.RISE",8820538228,Uttarpara,"Uttarpara",SM3,Y,0,,0,N,0,,R,"C00003",,"KATHAL BAGAN BAJARUTTARPARA",,"",,,,,,,,0,,,,,
NE000420180414164720,"A.K.RISE",8820538228,Uttarpara,"Uttarpara",M1,Y,0,,0,N,0,,R,"C00003",,"KATHAL BAGAN BAJARUTTARPARA",,"",,,,,,,,0,,,,,
NE000420180416133425,"SANTOSH VARIETY STORE(PATANJALI)",9230452079,Hindmotar,"Hindmotar",SM3,Y,0,,0,N,0,,R,"C00003",,"JANATA ROADHINDMOTOR",,"",,,,,,,,0,,,,,
NE000420180416133425,"SANTOSH VARIETY STORE(PATANJALI)",9230452079,Hindmotar,"Hindmotar",M1,Y,0,,0,N,0,,R,"C00003",,"JANATA ROADHINDMOTOR",,"",,,,,,,,0,,,,,
NE000420180416142414,"SANKAR FLOWER MILL",9830568300,Hindmotar,"Hindmotar",SM3,Y,0,,0,N,0,,R,"C00003",,"MARWARI PATTYHINDMOTOR",,"",,,,,,,,0,,,,,
NE000420180416142414,"SANKAR FLOWER MILL",9830568300,Hindmotar,"Hindmotar",M1,Y,0,,0,N,0,,R,"C00003",,"MARWARI PATTYHINDMOTOR",,"",,,,,,,,0,,,,,
NE000420180416143928,"BANKAR STORE",7044016604,Hindmotar,"Hindmotar",SM3,Y,0,,0,N,0,,R,"C00003",,"87NEW STATION ROADHINDMOTOR",,"",,,,,,,,0,,,,,
NE000420180416143928,"BANKAR STORE",7044016604,Hindmotar,"Hindmotar",M1,Y,0,,0,N,0,,R,"C00003",,"87NEW STATION ROADHINDMOTOR",,"",,,,,,,,0,,,,,
NE000420180416144541,"ROLLED GOLD",9831330903,Hindmotar,"Hindmotar",SM3,Y,0,,0,N,0,,R,"C00003",,"BATTALA BYE LANEHINDMOTOR",,"",,,,,,,,0,,,,,
NE000420180416144541,"ROLLED GOLD",9831330903,Hindmotar,"Hindmotar",M1,Y,0,,0,N,0,,R,"C00003",,"BATTALA BYE LANEHINDMOTOR",,"",,,,,,,,0,,,,,
NE000420180418152130,"GUPTA STORE",9883079447,Rishra NK Banerjee Road to Bangur Park,"Rishra NK Banerjee Road to Bangur Park",SM3,Y,0,,0,N,0,,R,"C00003",,"30/A/128DR.P.T.LAHA STREETRISHRA",,"",,,,,,,,0,,,,,
NE000420180418152130,"GUPTA STORE",9883079447,Rishra NK Banerjee Road to Bangur Park,"Rishra NK Banerjee Road to Bangur Park",M1,Y,0,,0,N,0,,R,"C00003",,"30/A/128DR.P.T.LAHA STREETRISHRA",,"",,,,,,,,0,,,,,
NE000420180418152456,"PRACHI GENERAL STORE",9330532654,Rishra NK Banerjee Road to Bangur Park,"Rishra NK Banerjee Road to Bangur Park",SM3,Y,0,,0,N,0,,R,"C00003",,"30/A/165P.T.LAHA STREETRISHRA",,"",,,,,,,,0,,,,,
NE000420180418152456,"PRACHI GENERAL STORE",9330532654,Rishra NK Banerjee Road to Bangur Park,"Rishra NK Banerjee Road to Bangur Park",M1,Y,0,,0,N,0,,R,"C00003",,"30/A/165P.T.LAHA STREETRISHRA",,"",,,,,,,,0,,,,,
NE000420180419123739,"GANDHESOWARI",9874969370,College Street to Hati Bagan,"College Street to Hati Bagan",SM3,Y,0,,0,N,0,,R,"C00011",,"COLLEGE STREET MARKET",,"",,,,,,,,0,,,,,
NE000420180419123739,"GANDHESOWARI",9874969370,College Street to Hati Bagan,"College Street to Hati Bagan",M1,Y,0,,0,N,0,,R,"C00011",,"COLLEGE STREET MARKET",,"",,,,,,,,0,,,,,
NE000420180419123937,"B.B.STORE",9163875844,College Street to Hati Bagan,"College Street to Hati Bagan",SM3,Y,0,,0,N,0,,R,"C00011",,"A(P)121.COLLEGE STREETMARKET",,"",,,,,,,,0,,,,,
NE000420180419123937,"B.B.STORE",9163875844,College Street to Hati Bagan,"College Street to Hati Bagan",M1,Y,0,,0,N,0,,R,"C00011",,"A(P)121.COLLEGE STREETMARKET",,"",,,,,,,,0,,,,,
NE000420180419124140,"JESSORE STATIONERS",9733696318,College Street to Hati Bagan,"College Street to Hati Bagan",SM3,Y,0,,0,N,0,,R,"C00011",,"A(P).58 COLLEGE STREET MARKET",,"",,,,,,,,0,,,,,
NE000420180419124140,"JESSORE STATIONERS",9733696318,College Street to Hati Bagan,"College Street to Hati Bagan",M1,Y,0,,0,N,0,,R,"C00011",,"A(P).58 COLLEGE STREET MARKET",,"",,,,,,,,0,,,,,
NE000420180419124435,"ASHAYE SRINGAR SAHELI",9836896289,College Street to Hati Bagan,"College Street to Hati Bagan",SM3,Y,0,,0,N,0,,R,"C00011",,"11BIDHAN SARANI NEAR-VIDYASAGAR COLLEGE",,"",,,,,,,,0,,,,,
NE000420180419124435,"ASHAYE SRINGAR SAHELI",9836896289,College Street to Hati Bagan,"College Street to Hati Bagan",M1,Y,0,,0,N,0,,R,"C00011",,"11BIDHAN SARANI NEAR-VIDYASAGAR COLLEGE",,"",,,,,,,,0,,,,,
NE000420180419145028,"VALENTINE",8240819525,College Street to Hati Bagan,"College Street to Hati Bagan",SM3,Y,0,,0,N,0,,R,"C00011",,"HATI BAGAN MARKET",,"",,,,,,,,0,,,,,
NE000420180419145028,"VALENTINE",8240819525,College Street to Hati Bagan,"College Street to Hati Bagan",M1,Y,0,,0,N,0,,R,"C00011",,"HATI BAGAN MARKET",,"",,,,,,,,0,,,,,
NE000420180420110949,"ABHINANDAN",9831741668,Uriapara to Salkia,"Uriapara to Salkia",SM3,Y,0,,0,N,0,,R,"C00001",,"2RAMLAL MUKHERJEE LANEGOLABARISALKIA",,"",,,,,,,,0,,,,,
NE000420180420110949,"ABHINANDAN",9831741668,Uriapara to Salkia,"Uriapara to Salkia",M1,Y,0,,0,N,0,,R,"C00001",,"2RAMLAL MUKHERJEE LANEGOLABARISALKIA",,"",,,,,,,,0,,,,,
NE000420180420142807,"SANJAY STORE",9433709985,Uriapara to Salkia,"Uriapara to Salkia",SM3,Y,0,,0,N,0,,R,"C00001",,"113SRI AUROBINDO LANESALKIA",,"",,,,,,,,0,,,,,
NE000420180420142807,"SANJAY STORE",9433709985,Uriapara to Salkia,"Uriapara to Salkia",M1,Y,0,,0,N,0,,R,"C00001",,"113SRI AUROBINDO LANESALKIA",,"",,,,,,,,0,,,,,
NE000420180420144705,"MAA BAISHNAVI STORE",9831708126,Uriapara to Salkia,"Uriapara to Salkia",SM3,Y,0,,0,N,0,,R,"C00001",,"HOROGUNG BAZARSALKIA",,"",,,,,,,,0,,,,,
NE000420180420144705,"MAA BAISHNAVI STORE",9831708126,Uriapara to Salkia,"Uriapara to Salkia",M1,Y,0,,0,N,0,,R,"C00001",,"HOROGUNG BAZARSALKIA",,"",,,,,,,,0,,,,,
NE000420180420144851,"SANTOSH COSMETIC",8961293304,Uriapara to Salkia,"Uriapara to Salkia",SM3,Y,0,,0,N,0,,R,"C00001",,"HOROGUNG BAZARSALKIA",,"",,,,,,,,0,,,,,
NE000420180420144851,"SANTOSH COSMETIC",8961293304,Uriapara to Salkia,"Uriapara to Salkia",M1,Y,0,,0,N,0,,R,"C00001",,"HOROGUNG BAZARSALKIA",,"",,,,,,,,0,,,,,
NE000420180421185433,"MOHAN BHANDAR",9831247287,Barrakpur Sadar Bazar,"Barrakpur Sadar Bazar",SM3,Y,0,,0,N,0,,R,"C00018",,"SADAR BAZARBARRACKPORE",,"",,,,,,,,0,,,,,
NE000420180421185433,"MOHAN BHANDAR",9831247287,Barrakpur Sadar Bazar,"Barrakpur Sadar Bazar",M1,Y,0,,0,N,0,,R,"C00018",,"SADAR BAZARBARRACKPORE",,"",,,,,,,,0,,,,,
NE000420180421185615,"NEW LADIES CONNER",9874888636,Barrakpur Sadar Bazar,"Barrakpur Sadar Bazar",SM3,Y,0,,0,N,0,,R,"C00018",,"SADAR BAZARBARRACKPORE",,"",,,,,,,,0,,,,,
NE000420180421185615,"NEW LADIES CONNER",9874888636,Barrakpur Sadar Bazar,"Barrakpur Sadar Bazar",M1,Y,0,,0,N,0,,R,"C00018",,"SADAR BAZARBARRACKPORE",,"",,,,,,,,0,,,,,
NE000420180421185717,"MANGALI",9903500182,Barrakpur Sadar Bazar,"Barrakpur Sadar Bazar",SM3,Y,0,,0,N,0,,R,"C00018",,"SADAR BAZARBARRACKPORE",,"",,,,,,,,0,,,,,
NE000420180421185717,"MANGALI",9903500182,Barrakpur Sadar Bazar,"Barrakpur Sadar Bazar",M1,Y,0,,0,N,0,,R,"C00018",,"SADAR BAZARBARRACKPORE",,"",,,,,,,,0,,,,,
NE000420180421185834,"GUHA STORE",9836027887,Barrakpur Sadar Bazar,"Barrakpur Sadar Bazar",SM3,Y,0,,0,N,0,,R,"C00018",,"SADAR BAZARBARRACKPORE",,"",,,,,,,,0,,,,,
NE000420180421185834,"GUHA STORE",9836027887,Barrakpur Sadar Bazar,"Barrakpur Sadar Bazar",M1,Y,0,,0,N,0,,R,"C00018",,"SADAR BAZARBARRACKPORE",,"",,,,,,,,0,,,,,
NE000420180421190020,"SUBHAS STORE",9831685002,Barrakpur Sadar Bazar,"Barrakpur Sadar Bazar",SM3,Y,0,,0,N,0,,R,"C00018",,"8SADAR BAZARBARRACKPORE",,"",,,,,,,,0,,,,,
NE000420180421190020,"SUBHAS STORE",9831685002,Barrakpur Sadar Bazar,"Barrakpur Sadar Bazar",M1,Y,0,,0,N,0,,R,"C00018",,"8SADAR BAZARBARRACKPORE",,"",,,,,,,,0,,,,,
NE000420180421190500,"KHUSI STORE",9143149278,Barrakpur Sadar Bazar,"Barrakpur Sadar Bazar",SM3,Y,0,,0,N,0,,R,"C00018",,"6SADAR BAZARBARRACKPUR",,"",,,,,,,,0,,,,,
NE000420180421190500,"KHUSI STORE",9143149278,Barrakpur Sadar Bazar,"Barrakpur Sadar Bazar",M1,Y,0,,0,N,0,,R,"C00018",,"6SADAR BAZARBARRACKPUR",,"",,,,,,,,0,,,,,
NE000420180421190634,"PROMOD STORES",9830218035,Barrakpur Sadar Bazar,"Barrakpur Sadar Bazar",SM3,Y,0,,0,N,0,,R,"C00018",,"4MUCHI MAHALSADARBAZARBARRACKPUR",,"",,,,,,,,0,,,,,
NE000420180421190634,"PROMOD STORES",9830218035,Barrakpur Sadar Bazar,"Barrakpur Sadar Bazar",M1,Y,0,,0,N,0,,R,"C00018",,"4MUCHI MAHALSADARBAZARBARRACKPUR",,"",,,,,,,,0,,,,,
NE000420180421190749,"ASHOKA STORE",9836616540,Barrakpur Sadar Bazar,"Barrakpur Sadar Bazar",SM3,Y,0,,0,N,0,,R,"C00018",,"MUCHI MAHAL",,"",,,,,,,,0,,,,,
NE000420180421190749,"ASHOKA STORE",9836616540,Barrakpur Sadar Bazar,"Barrakpur Sadar Bazar",M1,Y,0,,0,N,0,,R,"C00018",,"MUCHI MAHAL",,"",,,,,,,,0,,,,,
NE000420180421190903,"KAILASH STORE",9903435612,Barrakpur Sadar Bazar,"Barrakpur Sadar Bazar",SM3,Y,0,,0,N,0,,R,"C00018",,"SADAR BAZARBARRACKPUR",,"",,,,,,,,0,,,,,
NE000420180421190903,"KAILASH STORE",9903435612,Barrakpur Sadar Bazar,"Barrakpur Sadar Bazar",M1,Y,0,,0,N,0,,R,"C00018",,"SADAR BAZARBARRACKPUR",,"",,,,,,,,0,,,,,
NE000420180421191157,"RAJ COSMETIC",9804044330,Barrakpur Sadar Bazar,"Barrakpur Sadar Bazar",SM3,Y,0,,0,N,0,,R,"C00018",,"SADAR BAZARBARRACKPUR",,"",,,,,,,,0,,,,,
NE000420180421191157,"RAJ COSMETIC",9804044330,Barrakpur Sadar Bazar,"Barrakpur Sadar Bazar",M1,Y,0,,0,N,0,,R,"C00018",,"SADAR BAZARBARRACKPUR",,"",,,,,,,,0,,,,,
NE000420180421191331,"DUTTA BROTHERS",9038634473,Barrakpur Sadar Bazar,"Barrakpur Sadar Bazar",SM3,Y,0,,0,N,0,,R,"C00018",,"SADAR BAZARBARRACKPUR",,"",,,,,,,,0,,,,,
NE000420180421191331,"DUTTA BROTHERS",9038634473,Barrakpur Sadar Bazar,"Barrakpur Sadar Bazar",M1,Y,0,,0,N,0,,R,"C00018",,"SADAR BAZARBARRACKPUR",,"",,,,,,,,0,,,,,
NE000420180421191436,"NEW GUHA STORE",9830311936,Barrakpur Sadar Bazar,"Barrakpur Sadar Bazar",SM3,Y,0,,0,N,0,,R,"C00018",,"SADAR BAZARBARRACKPUR",,"",,,,,,,,0,,,,,
NE000420180421191436,"NEW GUHA STORE",9830311936,Barrakpur Sadar Bazar,"Barrakpur Sadar Bazar",M1,Y,0,,0,N,0,,R,"C00018",,"SADAR BAZARBARRACKPUR",,"",,,,,,,,0,,,,,
NE000420180421191828,"KAUSHALYA AYURVEDA(PATANJALI)",9007065968,Barrakpur Sadar Bazar,"Barrakpur Sadar Bazar",SM3,Y,0,,0,N,0,,R,"C00018",,"33SADAR BAZARBARRACKPUR",,"",,,,,,,,0,,,,,
NE000420180421191828,"KAUSHALYA AYURVEDA(PATANJALI)",9007065968,Barrakpur Sadar Bazar,"Barrakpur Sadar Bazar",M1,Y,0,,0,N,0,,R,"C00018",,"33SADAR BAZARBARRACKPUR",,"",,,,,,,,0,,,,,
NE000420180421192221,"PATANJALI",9874592427,Barrakpur Sadar Bazar,"Barrakpur Sadar Bazar",SM3,Y,0,,0,N,0,,R,"C00018",,"SADAR BAZARBARRACKPUR",,"",,,,,,,,0,,,,,
NE000420180421192221,"PATANJALI",9874592427,Barrakpur Sadar Bazar,"Barrakpur Sadar Bazar",M1,Y,0,,0,N,0,,R,"C00018",,"SADAR BAZARBARRACKPUR",,"",,,,,,,,0,,,,,
NE000420180423114022,"SUNDARAM",9831302498,Hindmotar,"Hindmotar",SM3,Y,0,,0,N,0,,R,"C00003",,"BATTALA BYE LANEHINDMOTOR",,"",,,,,,,,0,,,,,
NE000420180423114022,"SUNDARAM",9831302498,Hindmotar,"Hindmotar",M1,Y,0,,0,N,0,,R,"C00003",,"BATTALA BYE LANEHINDMOTOR",,"",,,,,,,,0,,,,,
NE000420180423115635,"MARRON STORE",8420694781,Hindmotar,"Hindmotar",SM3,Y,0,,0,N,0,,R,"C00003",,"29D.J.LANEHINDMOTOR",,"",,,,,,,,0,,,,,
NE000420180423115635,"MARRON STORE",8420694781,Hindmotar,"Hindmotar",M1,Y,0,,0,N,0,,R,"C00003",,"29D.J.LANEHINDMOTOR",,"",,,,,,,,0,,,,,
NE000420180423115922,"RUBI COSMETIC",8013259177,Hindmotar,"Hindmotar",SM3,Y,0,,0,N,0,,R,"C00003",,"29/1D.J. LANEHINDMOTOR",,"",,,,,,,,0,,,,,
NE000420180423115922,"RUBI COSMETIC",8013259177,Hindmotar,"Hindmotar",M1,Y,0,,0,N,0,,R,"C00003",,"29/1D.J. LANEHINDMOTOR",,"",,,,,,,,0,,,,,
NE000420180423121927,"AMAR TARAN STORE",9748802071,Hindmotar,"Hindmotar",SM3,Y,0,,0,N,0,,R,"C00003",,"D.J.LANEHINDMOTOR",,"",,,,,,,,0,,,,,
NE000420180423121927,"AMAR TARAN STORE",9748802071,Hindmotar,"Hindmotar",M1,Y,0,,0,N,0,,R,"C00003",,"D.J.LANEHINDMOTOR",,"",,,,,,,,0,,,,,
NE000420180423125436,"SANJAY STORE",7090366482,Hindmotar,"Hindmotar",SM3,Y,0,,0,N,0,,R,"C00003",,"MARWARI PATTYHINDMOTOR",,"",,,,,,,,0,,,,,
NE000420180423125436,"SANJAY STORE",7090366482,Hindmotar,"Hindmotar",M1,Y,0,,0,N,0,,R,"C00003",,"MARWARI PATTYHINDMOTOR",,"",,,,,,,,0,,,,,
NE000420180425111925,"KALI BABU",9748948925,Rishra NK Banerjee Road to Bangur Park,"Rishra NK Banerjee Road to Bangur Park",SM3,Y,0,,0,N,0,,R,"C00003",,"N.K.BANERJEE ROAD.BANGUR PARK",,"",,,,,,,,0,,,,,
NE000420180425111925,"KALI BABU",9748948925,Rishra NK Banerjee Road to Bangur Park,"Rishra NK Banerjee Road to Bangur Park",M1,Y,0,,0,N,0,,R,"C00003",,"N.K.BANERJEE ROAD.BANGUR PARK",,"",,,,,,,,0,,,,,
NE000420180425141925,"SUSMITA(1)",9051156167,Rishra NK Banerjee Road to Bangur Park,"Rishra NK Banerjee Road to Bangur Park",SM3,Y,0,,0,N,0,,R,"C00003",,"N.K.BANERJEE ROADRISHRA",,"",,,,,,,,0,,,,,
NE000420180425141925,"SUSMITA(1)",9051156167,Rishra NK Banerjee Road to Bangur Park,"Rishra NK Banerjee Road to Bangur Park",M1,Y,0,,0,N,0,,R,"C00003",,"N.K.BANERJEE ROADRISHRA",,"",,,,,,,,0,,,,,
NE000420180426143641,"BIPUL VARITY",9831115869,Ichapore,"Ichapore",SM3,Y,0,,0,N,0,,R,"C00018",,"LINE BAZARICHAPUR",,"",,,,,,,,0,,,,,
NE000420180426143641,"BIPUL VARITY",9831115869,Ichapore,"Ichapore",M1,Y,0,,0,N,0,,R,"C00018",,"LINE BAZARICHAPUR",,"",,,,,,,,0,,,,,
NE000420180426143908,"CHOURASIA AYURVED",9831997767,Ichapore,"Ichapore",SM3,Y,0,,0,N,0,,R,"C00018",,"LINE BAZARICHAPUR",,"",,,,,,,,0,,,,,
NE000420180426143908,"CHOURASIA AYURVED",9831997767,Ichapore,"Ichapore",M1,Y,0,,0,N,0,,R,"C00018",,"LINE BAZARICHAPUR",,"",,,,,,,,0,,,,,
NE000420180426144103,"TARA MAA DASAKARMA BHANDAR",8013218984,Ichapore,"Ichapore",SM3,Y,0,,0,N,0,,R,"C00018",,"LINE BAZARICHAPUR",,"",,,,,,,,0,,,,,
NE000420180426144103,"TARA MAA DASAKARMA BHANDAR",8013218984,Ichapore,"Ichapore",M1,Y,0,,0,N,0,,R,"C00018",,"LINE BAZARICHAPUR",,"",,,,,,,,0,,,,,
NE000420180426144507,"GANESH DASAKARMA BHANDAR",9830982435,Ichapore,"Ichapore",SM3,Y,0,,0,N,0,,R,"C00018",,"LINE BAZARICHAPUR",,"",,,,,,,,0,,,,,
NE000420180426144507,"GANESH DASAKARMA BHANDAR",9830982435,Ichapore,"Ichapore",M1,Y,0,,0,N,0,,R,"C00018",,"LINE BAZARICHAPUR",,"",,,,,,,,0,,,,,
NE000420180426144624,"KRISHNA DASAKARMA",9331218778,Ichapore,"Ichapore",SM3,Y,0,,0,N,0,,R,"C00018",,"LINE BAZARICHAPUR",,"",,,,,,,,0,,,,,
NE000420180426144624,"KRISHNA DASAKARMA",9331218778,Ichapore,"Ichapore",M1,Y,0,,0,N,0,,R,"C00018",,"LINE BAZARICHAPUR",,"",,,,,,,,0,,,,,
NE000420180426144752,"SAGORIKA DASAKARMA",9874047485,Ichapore,"Ichapore",SM3,Y,0,,0,N,0,,R,"C00018",,"LINE BAZARICHAPUR",,"",,,,,,,,0,,,,,
NE000420180426144752,"SAGORIKA DASAKARMA",9874047485,Ichapore,"Ichapore",M1,Y,0,,0,N,0,,R,"C00018",,"LINE BAZARICHAPUR",,"",,,,,,,,0,,,,,
NE000420180426145004,"MAA TARA STORE",9038384544,Ichapore,"Ichapore",SM3,Y,0,,0,N,0,,R,"C00018",,"G.T.ROADICHAPUR",,"",,,,,,,,0,,,,,
NE000420180426145004,"MAA TARA STORE",9038384544,Ichapore,"Ichapore",M1,Y,0,,0,N,0,,R,"C00018",,"G.T.ROADICHAPUR",,"",,,,,,,,0,,,,,
NE000420180426145626,"SUSUMA STORE",9830696582,Ichapore,"Ichapore",SM3,Y,0,,0,N,0,,R,"C00018",,"KANTHADHARICHAPUR",,"",,,,,,,,0,,,,,
NE000420180426145626,"SUSUMA STORE",9830696582,Ichapore,"Ichapore",M1,Y,0,,0,N,0,,R,"C00018",,"KANTHADHARICHAPUR",,"",,,,,,,,0,,,,,
NE000420180426150216,"BAJRANG STORE",9883999767,Ichapore,"Ichapore",SM3,Y,0,,0,N,0,,R,"C00018",,"KHUSI PARAICHAPUR(PALTA)",,"",,,,,,,,0,,,,,
NE000420180426150216,"BAJRANG STORE",9883999767,Ichapore,"Ichapore",M1,Y,0,,0,N,0,,R,"C00018",,"KHUSI PARAICHAPUR(PALTA)",,"",,,,,,,,0,,,,,
NE000420180426150703,"P.K.AGARWAL",9163827227,Ichapore,"Ichapore",SM3,Y,0,,0,N,0,,R,"C00018",,"KHUSI PARAICHAPUR(PALTA)",,"",,,,,,,,0,,,,,
NE000420180426150703,"P.K.AGARWAL",9163827227,Ichapore,"Ichapore",M1,Y,0,,0,N,0,,R,"C00018",,"KHUSI PARAICHAPUR(PALTA)",,"",,,,,,,,0,,,,,
NE000420180426154251,"LAKHI NARAYAN VARIETY STORE",8697533493,Ichapore,"Ichapore",SM3,Y,0,,0,N,0,,R,"C00018",,"KHUSI PARAICHAPUR(PALTA)",,"",,,,,,,,0,,,,,
NE000420180426154251,"LAKHI NARAYAN VARIETY STORE",8697533493,Ichapore,"Ichapore",M1,Y,0,,0,N,0,,R,"C00018",,"KHUSI PARAICHAPUR(PALTA)",,"",,,,,,,,0,,,,,
NE000420180427131928,"RAHUL GENERAL STORE",9831588474,Uriapara to Salkia,"Uriapara to Salkia",SM3,Y,0,,0,N,0,,R,"C00001",,"26/5JELIA PARA LANE SALKIA",,"",,,,,,,,0,,,,,
NE000420180427131928,"RAHUL GENERAL STORE",9831588474,Uriapara to Salkia,"Uriapara to Salkia",M1,Y,0,,0,N,0,,R,"C00001",,"26/5JELIA PARA LANE SALKIA",,"",,,,,,,,0,,,,,
NE000420180427140832,"GHOSH EMPORIUM",9837160372,Uriapara to Salkia,"Uriapara to Salkia",SM3,Y,0,,0,N,0,,R,"C00001",,"115SRIAROBINDO ROADSALKIA",,"",,,,,,,,0,,,,,
NE000420180427140832,"GHOSH EMPORIUM",9837160372,Uriapara to Salkia,"Uriapara to Salkia",M1,Y,0,,0,N,0,,R,"C00001",,"115SRIAROBINDO ROADSALKIA",,"",,,,,,,,0,,,,,
NE000420180427142213,"CHHEDILAL ASHOK KUMAR",9830719666,Uriapara to Salkia,"Uriapara to Salkia",SM3,Y,0,,0,N,0,,R,"C00001",,"2SATYANARAYAN TEMPLEROADBANDHAGHAT",,"",,,,,,,,0,,,,,
NE000420180427142213,"CHHEDILAL ASHOK KUMAR",9830719666,Uriapara to Salkia,"Uriapara to Salkia",M1,Y,0,,0,N,0,,R,"C00001",,"2SATYANARAYAN TEMPLEROADBANDHAGHAT",,"",,,,,,,,0,,,,,
NE000420180428145500,"RANJEET STORE",9681197810,Belur Bazar,"Belur Bazar",SM3,Y,0,,0,N,0,,R,"C00009",,"GIRISH GHOSH ROADB ELUR BAZAR",,"",,,,,,,,0,,,,,
NE000420180428145500,"RANJEET STORE",9681197810,Belur Bazar,"Belur Bazar",M1,Y,0,,0,N,0,,R,"C00009",,"GIRISH GHOSH ROADB ELUR BAZAR",,"",,,,,,,,0,,,,,
NE000420180503123626,"HARADHAN DUTTA",7044688060,Uttarpara,"Uttarpara",SM3,Y,0,,0,N,0,,R,"C00003",,"MAKHLAUTTARPARA",,"",,,,,,,,0,,,,,
NE000420180503123626,"HARADHAN DUTTA",7044688060,Uttarpara,"Uttarpara",M1,Y,0,,0,N,0,,R,"C00003",,"MAKHLAUTTARPARA",,"",,,,,,,,0,,,,,
NE000420180503123737,"ASHOK HAIT",9830174108,Uttarpara,"Uttarpara",SM3,Y,0,,0,N,0,,R,"C00003",,"MAKHLAUTTARPARA",,"",,,,,,,,0,,,,,
NE000420180503123737,"ASHOK HAIT",9830174108,Uttarpara,"Uttarpara",M1,Y,0,,0,N,0,,R,"C00003",,"MAKHLAUTTARPARA",,"",,,,,,,,0,,,,,
NE000420180503124629,"KALPANA VARIETY",9231674045,Uttarpara,"Uttarpara",SM3,Y,0,,0,N,0,,R,"C00003",,"MAKHNAUTTARPARA",,"",,,,,,,,0,,,,,
NE000420180503124629,"KALPANA VARIETY",9231674045,Uttarpara,"Uttarpara",M1,Y,0,,0,N,0,,R,"C00003",,"MAKHNAUTTARPARA",,"",,,,,,,,0,,,,,
NE000420180503134105,"SOMPURNO COSMETIC",9831879534,Uttarpara,"Uttarpara",SM3,Y,0,,0,N,0,,R,"C00003",,"KATHAL BAGAN UTTARPARA",,"",,,,,,,,0,,,,,
NE000420180503134105,"SOMPURNO COSMETIC",9831879534,Uttarpara,"Uttarpara",M1,Y,0,,0,N,0,,R,"C00003",,"KATHAL BAGAN UTTARPARA",,"",,,,,,,,0,,,,,
NE000420180504125704,"GUPTA GENERAL STORE",9804099830,Konnagar,"Konnagar",SM3,Y,0,,0,N,0,,R,"C00003",,"334AADARSH NAGARKONNAGAR",,"",,,,,,,,0,,,,,
NE000420180504125704,"GUPTA GENERAL STORE",9804099830,Konnagar,"Konnagar",M1,Y,0,,0,N,0,,R,"C00003",,"334AADARSH NAGARKONNAGAR",,"",,,,,,,,0,,,,,
NE000420180504125943,"ANAND VARIETY STORE",9804286650,Konnagar,"Konnagar",SM3,Y,0,,0,N,0,,R,"C00003",,"AADARSH NAGARKONNAGAR",,"",,,,,,,,0,,,,,
NE000420180504125943,"ANAND VARIETY STORE",9804286650,Konnagar,"Konnagar",M1,Y,0,,0,N,0,,R,"C00003",,"AADARSH NAGARKONNAGAR",,"",,,,,,,,0,,,,,
NE000420180504130109,"AJIT STORE",9330182191,Konnagar,"Konnagar",SM3,Y,0,,0,N,0,,R,"C00003",,"AADARSH NAGARKONNAGAR",,"",,,,,,,,0,,,,,
NE000420180504130109,"AJIT STORE",9330182191,Konnagar,"Konnagar",M1,Y,0,,0,N,0,,R,"C00003",,"AADARSH NAGARKONNAGAR",,"",,,,,,,,0,,,,,
NE000420180504130259,"SRI SHYAM BHANDAR",9088068907,Konnagar,"Konnagar",SM3,Y,0,,0,N,0,,R,"C00003",,"AADARSH NAGARKONNAGAR",,"",,,,,,,,0,,,,,
NE000420180504130259,"SRI SHYAM BHANDAR",9088068907,Konnagar,"Konnagar",M1,Y,0,,0,N,0,,R,"C00003",,"AADARSH NAGARKONNAGAR",,"",,,,,,,,0,,,,,
NE000420180504130757,"SHRESTHO VARIETY STORE",8583858236,Konnagar,"Konnagar",SM3,Y,0,,0,N,0,,R,"C00003",,"SITLAMANDIRAADARSH NAGARKONNGAR",,"",,,,,,,,0,,,,,
NE000420180504130757,"SHRESTHO VARIETY STORE",8583858236,Konnagar,"Konnagar",M1,Y,0,,0,N,0,,R,"C00003",,"SITLAMANDIRAADARSH NAGARKONNGAR",,"",,,,,,,,0,,,,,
NE000420180504131150,"FASHION CONNER",9831074369,Konnagar,"Konnagar",SM3,Y,0,,0,N,0,,R,"C00003",,"SUPER MARKET KONNAGAR(SHOP NO-69)",,"",,,,,,,,0,,,,,
NE000420180504131150,"FASHION CONNER",9831074369,Konnagar,"Konnagar",M1,Y,0,,0,N,0,,R,"C00003",,"SUPER MARKET KONNAGAR(SHOP NO-69)",,"",,,,,,,,0,,,,,
NE000420180504142002,"PATANJALI SEBA SRAM",9804877146,Konnagar,"Konnagar",SM3,Y,0,,0,N,0,,R,"C00003",,"SUPER MARKETKONNAGAR",,"",,,,,,,,0,,,,,
NE000420180504142002,"PATANJALI SEBA SRAM",9804877146,Konnagar,"Konnagar",M1,Y,0,,0,N,0,,R,"C00003",,"SUPER MARKETKONNAGAR",,"",,,,,,,,0,,,,,
NE000420180504142356,"AKHACHYA",9836930944,Konnagar,"Konnagar",SM3,Y,0,,0,N,0,,R,"C00003",,"169/9INDIRA GANDHI ROADKONNAGAR",,"",,,,,,,,0,,,,,
NE000420180504142356,"AKHACHYA",9836930944,Konnagar,"Konnagar",M1,Y,0,,0,N,0,,R,"C00003",,"169/9INDIRA GANDHI ROADKONNAGAR",,"",,,,,,,,0,,,,,
NE000420180504142550,"SARKAR COSMETIC",9836930944,Konnagar,"Konnagar",SM3,Y,0,,0,N,0,,R,"C00003",,"INDIRA GANDHI ROADKONNAGAR",,"",,,,,,,,0,,,,,
NE000420180504142550,"SARKAR COSMETIC",9836930944,Konnagar,"Konnagar",M1,Y,0,,0,N,0,,R,"C00003",,"INDIRA GANDHI ROADKONNAGAR",,"",,,,,,,,0,,,,,
NE000420180504142754,"DIPALI",9836231771,Konnagar,"Konnagar",SM3,Y,0,,0,N,0,,R,"C00003",,"INDIRA GANDHI ROADKONNAGAR",,"",,,,,,,,0,,,,,
NE000420180504142754,"DIPALI",9836231771,Konnagar,"Konnagar",M1,Y,0,,0,N,0,,R,"C00003",,"INDIRA GANDHI ROADKONNAGAR",,"",,,,,,,,0,,,,,
NE000420180504142936,"MEGHNA COSMETIC",7449813776,Konnagar,"Konnagar",SM3,Y,0,,0,N,0,,R,"C00003",,"INDIRA GANDHI ROADKONNAGAR",,"",,,,,,,,0,,,,,
NE000420180504142936,"MEGHNA COSMETIC",7449813776,Konnagar,"Konnagar",M1,Y,0,,0,N,0,,R,"C00003",,"INDIRA GANDHI ROADKONNAGAR",,"",,,,,,,,0,,,,,
NE000420180504143105,"KOR BHANDAR",9830486233,Konnagar,"Konnagar",SM3,Y,0,,0,N,0,,R,"C00003",,"135 INDIRA GANDHI ROADKONNAGAR",,"",,,,,,,,0,,,,,
NE000420180504143105,"KOR BHANDAR",9830486233,Konnagar,"Konnagar",M1,Y,0,,0,N,0,,R,"C00003",,"135 INDIRA GANDHI ROADKONNAGAR",,"",,,,,,,,0,,,,,
NE000420180504143354,"SRI ARADHANA",9831014474,Konnagar,"Konnagar",SM3,Y,0,,0,N,0,,R,"C00003",,"INDIRA GANDHI ROADKONNAGAR(MANSATALA)",,"",,,,,,,,0,,,,,
NE000420180504143354,"SRI ARADHANA",9831014474,Konnagar,"Konnagar",M1,Y,0,,0,N,0,,R,"C00003",,"INDIRA GANDHI ROADKONNAGAR(MANSATALA)",,"",,,,,,,,0,,,,,
NE000420180504143642,"ROY STORES",9433488168,Konnagar,"Konnagar",SM3,Y,0,,0,N,0,,R,"C00003",,"INDIRA GANDHI ROADKONNAGAR(MANSATALA)",,"",,,,,,,,0,,,,,
NE000420180504143642,"ROY STORES",9433488168,Konnagar,"Konnagar",M1,Y,0,,0,N,0,,R,"C00003",,"INDIRA GANDHI ROADKONNAGAR(MANSATALA)",,"",,,,,,,,0,,,,,
NE000420180504143836,"KANAK",9830243137,Konnagar,"Konnagar",SM3,Y,0,,0,N,0,,R,"C00003",,"313/AKRIPAR ROADKONNAGAR",,"",,,,,,,,0,,,,,
NE000420180504143836,"KANAK",9830243137,Konnagar,"Konnagar",M1,Y,0,,0,N,0,,R,"C00003",,"313/AKRIPAR ROADKONNAGAR",,"",,,,,,,,0,,,,,
NE000420180504144019,"SRIBAS STORE",9831726512,Konnagar,"Konnagar",SM3,Y,0,,0,N,0,,R,"C00003",,"INDIRA GANDHI ROADKONNAGAR",,"",,,,,,,,0,,,,,
NE000420180504144019,"SRIBAS STORE",9831726512,Konnagar,"Konnagar",M1,Y,0,,0,N,0,,R,"C00003",,"INDIRA GANDHI ROADKONNAGAR",,"",,,,,,,,0,,,,,
NE000420180507134436,"RONY STORE",8961615584,Hindmotar,"Hindmotar",SM3,Y,0,,0,N,0,,R,"C00003",,"B.B.D ROADHINDMOTOR",,"",,,,,,,,0,,,,,
NE000420180507134436,"RONY STORE",8961615584,Hindmotar,"Hindmotar",M1,Y,0,,0,N,0,,R,"C00003",,"B.B.D ROADHINDMOTOR",,"",,,,,,,,0,,,,,
NE000420180507134640,"GOBINDA BHANDAR",9836294409,Hindmotar,"Hindmotar",SM3,Y,0,,0,N,0,,R,"C00003",,"B.B.D ROADHINDMOTOR",,"",,,,,,,,0,,,,,
NE000420180507134640,"GOBINDA BHANDAR",9836294409,Hindmotar,"Hindmotar",M1,Y,0,,0,N,0,,R,"C00003",,"B.B.D ROADHINDMOTOR",,"",,,,,,,,0,,,,,
NE000420180507140131,"SRI GURU BHANDAR",8272641425,Hindmotar,"Hindmotar",SM3,Y,0,,0,N,0,,R,"C00003",,"MARWARI PATTY HINDMOTOR",,"",,,,,,,,0,,,,,
NE000420180507140131,"SRI GURU BHANDAR",8272641425,Hindmotar,"Hindmotar",M1,Y,0,,0,N,0,,R,"C00003",,"MARWARI PATTY HINDMOTOR",,"",,,,,,,,0,,,,,
NE000420180508153226,"SHUBHAM STORE",8961858368,Liluah,"Liluah",SM3,Y,0,,0,N,0,,R,"C00009",,"LILUHA",,"",,,,,,,,0,,,,,
NE000420180508153226,"SHUBHAM STORE",8961858368,Liluah,"Liluah",M1,Y,0,,0,N,0,,R,"C00009",,"LILUHA",,"",,,,,,,,0,,,,,
NE000420180508154354,"RINKI STORE",9831588432,Liluah,"Liluah",SM3,Y,0,,0,N,0,,R,"C00009",,"LILUHA",,"",,,,,,,,0,,,,,
NE000420180508154354,"RINKI STORE",9831588432,Liluah,"Liluah",M1,Y,0,,0,N,0,,R,"C00009",,"LILUHA",,"",,,,,,,,0,,,,,
NE000420180510154508,"RAJASTHAN",9830474387,Howrah Maidan,"Howrah Maidan",SM3,Y,0,,0,N,0,,R,"C00002",,"8RAMESAN MALIYA LANEHOWRAH MAIDAN",,"",,,,,,,,0,,,,,
NE000420180510154508,"RAJASTHAN",9830474387,Howrah Maidan,"Howrah Maidan",M1,Y,0,,0,N,0,,R,"C00002",,"8RAMESAN MALIYA LANEHOWRAH MAIDAN",,"",,,,,,,,0,,,,,
NE000420180510154737,"SHREE ROOPA STORE",9830249060,Howrah Maidan,"Howrah Maidan",SM3,Y,0,,0,N,0,,R,"C00002",,"80/1CHINTA MONIDEY ROADHOWRAH MAIDAN",,"",,,,,,,,0,,,,,
NE000420180510154737,"SHREE ROOPA STORE",9830249060,Howrah Maidan,"Howrah Maidan",M1,Y,0,,0,N,0,,R,"C00002",,"80/1CHINTA MONIDEY ROADHOWRAH MAIDAN",,"",,,,,,,,0,,,,,
NE000420180510155146,"TARAK NATH SHAW",9831900760,Howrah Maidan,"Howrah Maidan",SM3,Y,0,,0,N,0,,R,"C00002",,"70/1DR.P.K.BANERJEE ROADHOWRAH MAIDAN",,"",,,,,,,,0,,,,,
NE000420180510155146,"TARAK NATH SHAW",9831900760,Howrah Maidan,"Howrah Maidan",M1,Y,0,,0,N,0,,R,"C00002",,"70/1DR.P.K.BANERJEE ROADHOWRAH MAIDAN",,"",,,,,,,,0,,,,,
NE000420180510155429,"TRIPATI STORE",9830790831,Howrah Maidan,"Howrah Maidan",SM3,Y,0,,0,N,0,,R,"C00002",,"BANBIHARI BASE LANEHOWRAH MAIDAN",,"",,,,,,,,0,,,,,
NE000420180510155429,"TRIPATI STORE",9830790831,Howrah Maidan,"Howrah Maidan",M1,Y,0,,0,N,0,,R,"C00002",,"BANBIHARI BASE LANEHOWRAH MAIDAN",,"",,,,,,,,0,,,,,
NE000420180510155705,"DIPAK STORE",9830884336,Howrah Maidan,"Howrah Maidan",SM3,Y,0,,0,N,0,,R,"C00002",,"82RAM KRISHNAPUR LANEHOWRAH MAIDAN",,"",,,,,,,,0,,,,,
NE000420180510155705,"DIPAK STORE",9830884336,Howrah Maidan,"Howrah Maidan",M1,Y,0,,0,N,0,,R,"C00002",,"82RAM KRISHNAPUR LANEHOWRAH MAIDAN",,"",,,,,,,,0,,,,,
NE000420180511142052,"SARSWATI",9875445340,Uriapara to Salkia,"Uriapara to Salkia",SM3,Y,0,,0,N,0,,R,"C00001",,"26/5JELIA PARA LANESALKIA",,"",,,,,,,,0,,,,,
NE000420180511142052,"SARSWATI",9875445340,Uriapara to Salkia,"Uriapara to Salkia",M1,Y,0,,0,N,0,,R,"C00001",,"26/5JELIA PARA LANESALKIA",,"",,,,,,,,0,,,,,
NE000420180511143542,"CHITRANJAN GROCERY STORE",8282867994,Uriapara to Salkia,"Uriapara to Salkia",SM3,Y,0,,0,N,0,,R,"C00001",,"89SCHOOL ROAD SALKIA",,"",,,,,,,,0,,,,,
NE000420180511143542,"CHITRANJAN GROCERY STORE",8282867994,Uriapara to Salkia,"Uriapara to Salkia",M1,Y,0,,0,N,0,,R,"C00001",,"89SCHOOL ROAD SALKIA",,"",,,,,,,,0,,,,,
NE000420180514141751,"RANI SATHI",9433457844,Hindmotar,"Hindmotar",SM3,Y,0,,0,N,0,,R,"C00003",,"MARWARI PATTYHINDMOTOR",,"",,,,,,,,0,,,,,
NE000420180514141751,"RANI SATHI",9433457844,Hindmotar,"Hindmotar",M1,Y,0,,0,N,0,,R,"C00003",,"MARWARI PATTYHINDMOTOR",,"",,,,,,,,0,,,,,
NE000420180515144434,"B.K.STORE",9903055485,Don Bosco to Ghusuri,"Don Bosco to Ghusuri",SM3,Y,0,,0,N,0,,R,"C00009",,"DON BOSCOLILUHA",,"",,,,,,,,0,,,,,
NE000420180515144434,"B.K.STORE",9903055485,Don Bosco to Ghusuri,"Don Bosco to Ghusuri",M1,Y,0,,0,N,0,,R,"C00009",,"DON BOSCOLILUHA",,"",,,,,,,,0,,,,,
NE000420180516142519,"GRAP",9903082052,Rishra NK Banerjee Road to Bangur Park,"Rishra NK Banerjee Road to Bangur Park",SM3,Y,0,,0,N,0,,R,"C00003",,"BANGURPARKRISHRA",,"",,,,,,,,0,,,,,
NE000420180516142519,"GRAP",9903082052,Rishra NK Banerjee Road to Bangur Park,"Rishra NK Banerjee Road to Bangur Park",M1,Y,0,,0,N,0,,R,"C00003",,"BANGURPARKRISHRA",,"",,,,,,,,0,,,,,
NE000420180517142824,"BAJRANG STORE",9681292567,Shibpur,"Shibpur",SM3,Y,0,,0,N,0,,R,"C00002",,"5NARSING BOSE LANESHIBPUR",,"",,,,,,,,0,,,,,
NE000420180517142824,"BAJRANG STORE",9681292567,Shibpur,"Shibpur",M1,Y,0,,0,N,0,,R,"C00002",,"5NARSING BOSE LANESHIBPUR",,"",,,,,,,,0,,,,,
NE000420180518143831,"DEY BROTHERS",9143153106,Uriapara to Salkia,"Uriapara to Salkia",SM3,Y,0,,0,N,0,,R,"C00001",,"HOROGANG BAZAR SALKIA",,"",,,,,,,,0,,,,,
NE000420180518143831,"DEY BROTHERS",9143153106,Uriapara to Salkia,"Uriapara to Salkia",M1,Y,0,,0,N,0,,R,"C00001",,"HOROGANG BAZAR SALKIA",,"",,,,,,,,0,,,,,
NE000420180519131507,"MAA ANNPURNA",9830523805,Belur Bazar,"Belur Bazar",SM3,Y,0,,0,N,0,,R,"C00009",,"317G.T.ROAD BELUR",,"",,,,,,,,0,,,,,
NE000420180519131507,"MAA ANNPURNA",9830523805,Belur Bazar,"Belur Bazar",M1,Y,0,,0,N,0,,R,"C00009",,"317G.T.ROAD BELUR",,"",,,,,,,,0,,,,,
NE000420180522161028,"SRI DURGA GENERAL STORE",9432223168,Liluah,"Liluah",SM3,Y,0,,0,N,0,,R,"C00009",,"LILUHA",,"",,,,,,,,0,,,,,
NE000420180522161028,"SRI DURGA GENERAL STORE",9432223168,Liluah,"Liluah",M1,Y,0,,0,N,0,,R,"C00009",,"LILUHA",,"",,,,,,,,0,,,,,
NE000420180522162649,"SIUA VARIETY",9831162371,Liluah,"Liluah",SM3,Y,0,,0,N,0,,R,"C00009",,"LILUHA",,"",,,,,,,,0,,,,,
NE000420180522162649,"SIUA VARIETY",9831162371,Liluah,"Liluah",M1,Y,0,,0,N,0,,R,"C00009",,"LILUHA",,"",,,,,,,,0,,,,,
NE000420180522162903,"OM NAMA SIVAY",9123746561,Liluah,"Liluah",SM3,Y,0,,0,N,0,,R,"C00009",,"LILUHA",,"",,,,,,,,0,,,,,
NE000420180522162903,"OM NAMA SIVAY",9123746561,Liluah,"Liluah",M1,Y,0,,0,N,0,,R,"C00009",,"LILUHA",,"",,,,,,,,0,,,,,
NE000420180523135359,"SALASAR STORE",9163225661,Rishra NK Banerjee Road to Bangur Park,"Rishra NK Banerjee Road to Bangur Park",SM3,Y,0,,0,N,0,,R,"C00003",,"BANGUR PARK RISHRA",,"",,,,,,,,0,,,,,
NE000420180523135359,"SALASAR STORE",9163225661,Rishra NK Banerjee Road to Bangur Park,"Rishra NK Banerjee Road to Bangur Park",M1,Y,0,,0,N,0,,R,"C00003",,"BANGUR PARK RISHRA",,"",,,,,,,,0,,,,,
NE000420180524124343,"NEW MAYURI",9681054200,College Street to Hati Bagan,"College Street to Hati Bagan",SM3,Y,0,,0,N,0,,R,"C00011",,"185 BIDHAN SARANI(NEAR HEDUYA PARK)",,"",,,,,,,,0,,,,,
NE000420180524124343,"NEW MAYURI",9681054200,College Street to Hati Bagan,"College Street to Hati Bagan",M1,Y,0,,0,N,0,,R,"C00011",,"185 BIDHAN SARANI(NEAR HEDUYA PARK)",,"",,,,,,,,0,,,,,
NE000420180524141538,"AADI GANDHESWARI",9831133392,College Street to Hati Bagan,"College Street to Hati Bagan",SM3,Y,0,,0,N,0,,R,"C00011",,"HATI BAGAN",,"",,,,,,,,0,,,,,
NE000420180524141538,"AADI GANDHESWARI",9831133392,College Street to Hati Bagan,"College Street to Hati Bagan",M1,Y,0,,0,N,0,,R,"C00011",,"HATI BAGAN",,"",,,,,,,,0,,,,,
NE000420180524145618,"M/S MOTI LAL AGARWAL",9830139359,College Street to Hati Bagan,"College Street to Hati Bagan",SM3,Y,0,,0,N,0,,R,"C00011",,"HATI BAGAN",,"",,,,,,,,0,,,,,
NE000420180524145618,"M/S MOTI LAL AGARWAL",9830139359,College Street to Hati Bagan,"College Street to Hati Bagan",M1,Y,0,,0,N,0,,R,"C00011",,"HATI BAGAN",,"",,,,,,,,0,,,,,
NE000420180525150448,"SRI BALAJI STORE",9831573582,Uriapara to Salkia,"Uriapara to Salkia",SM3,Y,0,,0,N,0,,R,"C00001",,"BADHA GHAT AVAS MARKET",,"",,,,,,,,0,,,,,
NE000420180525150448,"SRI BALAJI STORE",9831573582,Uriapara to Salkia,"Uriapara to Salkia",M1,Y,0,,0,N,0,,R,"C00001",,"BADHA GHAT AVAS MARKET",,"",,,,,,,,0,,,,,
NE000420180525222149,"SHREE SHYAM STORE",9331026821,Dobson Road to Pilkhana,"Dobson Road to Pilkhana",SM3,Y,0,,0,N,0,,R,"C00001",,"PILKHANA",,"",,,,,,,,0,,,,,
NE000420180525222149,"SHREE SHYAM STORE",9331026821,Dobson Road to Pilkhana,"Dobson Road to Pilkhana",M1,Y,0,,0,N,0,,R,"C00001",,"PILKHANA",,"",,,,,,,,0,,,,,
NE000420180525222428,"GOSWAMI STORE",9088497162,Dobson Road to Pilkhana,"Dobson Road to Pilkhana",SM3,Y,0,,0,N,0,,R,"C00001",,"ORIAPARA",,"",,,,,,,,0,,,,,
NE000420180525222428,"GOSWAMI STORE",9088497162,Dobson Road to Pilkhana,"Dobson Road to Pilkhana",M1,Y,0,,0,N,0,,R,"C00001",,"ORIAPARA",,"",,,,,,,,0,,,,,
NE000420180525222620,"SHYAM STORE",9433427965,Dobson Road to Pilkhana,"Dobson Road to Pilkhana",SM3,Y,0,,0,N,0,,R,"C00001",,"NANDI BAGAN",,"",,,,,,,,0,,,,,
NE000420180525222620,"SHYAM STORE",9433427965,Dobson Road to Pilkhana,"Dobson Road to Pilkhana",M1,Y,0,,0,N,0,,R,"C00001",,"NANDI BAGAN",,"",,,,,,,,0,,,,,
NE000420180525222825,"K.C.NANDAN",9830505487,Dobson Road to Pilkhana,"Dobson Road to Pilkhana",SM3,Y,0,,0,N,0,,R,"C00001",,"NANDI BAGAN",,"",,,,,,,,0,,,,,
NE000420180525222825,"K.C.NANDAN",9830505487,Dobson Road to Pilkhana,"Dobson Road to Pilkhana",M1,Y,0,,0,N,0,,R,"C00001",,"NANDI BAGAN",,"",,,,,,,,0,,,,,
NE000420180526112108,"ANNAPURNA TRADERS",9007997592,Belur Bazar,"Belur Bazar",SM3,Y,0,,0,N,0,,R,"C00009",,"BELUR MATH",,"",,,,,,,,0,,,,,
NE000420180526112108,"ANNAPURNA TRADERS",9007997592,Belur Bazar,"Belur Bazar",M1,Y,0,,0,N,0,,R,"C00009",,"BELUR MATH",,"",,,,,,,,0,,,,,
NE000420180529163248,"SHIVAM STORE",7003060151,Don Bosco to Ghusuri,"Don Bosco to Ghusuri",SM3,Y,0,,0,N,0,,R,"C00009",,"DONBOSCO",,"",,,,,,,,0,,,,,
NE000420180529163248,"SHIVAM STORE",7003060151,Don Bosco to Ghusuri,"Don Bosco to Ghusuri",M1,Y,0,,0,N,0,,R,"C00009",,"DONBOSCO",,"",,,,,,,,0,,,,,
NE000420180530170558,"SUBHAM STORE",9830488748,Rishra Gate 4 to NS Road,"Rishra Gate 4 to NS Road",SM3,Y,0,,0,N,0,,R,"C00003",,"N.S ROAD",,"",,,,,,,,0,,,,,
NE000420180530170558,"SUBHAM STORE",9830488748,Rishra Gate 4 to NS Road,"Rishra Gate 4 to NS Road",M1,Y,0,,0,N,0,,R,"C00003",,"N.S ROAD",,"",,,,,,,,0,,,,,
NE000420180530170851,"MAHI TRADERS",9830488748,Rishra Gate 4 to NS Road,"Rishra Gate 4 to NS Road",SM3,Y,0,,0,N,0,,R,"C00003",,"N.SROAD",,"",,,,,,,,0,,,,,
NE000420180530170851,"MAHI TRADERS",9830488748,Rishra Gate 4 to NS Road,"Rishra Gate 4 to NS Road",M1,Y,0,,0,N,0,,R,"C00003",,"N.SROAD",,"",,,,,,,,0,,,,,
NE000420180602160538,"TRINOYONI",8981133857,Uriapara to Salkia,"Uriapara to Salkia",SM3,Y,0,,0,N,0,,R,"C00001",,"40JELLIA PARA LANE SALKIA",,"",,,,,,,,0,,,,,
NE000420180602160538,"TRINOYONI",8981133857,Uriapara to Salkia,"Uriapara to Salkia",M1,Y,0,,0,N,0,,R,"C00001",,"40JELLIA PARA LANE SALKIA",,"",,,,,,,,0,,,,,
NE000420180602162006,"ANIKA STORE",9831868917,Uriapara to Salkia,"Uriapara to Salkia",SM3,Y,0,,0,N,0,,R,"C00001",,"HOROGUNJ  BAZARSALKIA",,"",,,,,,,,0,,,,,
NE000420180602162006,"ANIKA STORE",9831868917,Uriapara to Salkia,"Uriapara to Salkia",M1,Y,0,,0,N,0,,R,"C00001",,"HOROGUNJ  BAZARSALKIA",,"",,,,,,,,0,,,,,
NE000420180602162629,"RAKHI FASHION",9903226562,Uriapara to Salkia,"Uriapara to Salkia",SM3,Y,0,,0,N,0,,R,"C00001",,"AUROBINDO MALLSALKIASHOP-380",,"",,,,,,,,0,,,,,
NE000420180602162629,"RAKHI FASHION",9903226562,Uriapara to Salkia,"Uriapara to Salkia",M1,Y,0,,0,N,0,,R,"C00001",,"AUROBINDO MALLSALKIASHOP-380",,"",,,,,,,,0,,,,,
NE000420180604151429,"SAMAGRI",8910041576,Shibpur,"Shibpur",SM3,Y,0,,0,N,0,,R,"C00002",,"493/BG.T.ROAD",,"",,,,,,,,0,,,,,
NE000420180604151429,"SAMAGRI",8910041576,Shibpur,"Shibpur",M1,Y,0,,0,N,0,,R,"C00002",,"493/BG.T.ROAD",,"",,,,,,,,0,,,,,
NE000420180605161900,"SRI KRISHNA STORE",9831752770,Don Bosco to Ghusuri,"Don Bosco to Ghusuri",SM3,Y,0,,0,N,0,,R,"C00009",,"DON BOSCO",,"",,,,,,,,0,,,,,
NE000420180605161900,"SRI KRISHNA STORE",9831752770,Don Bosco to Ghusuri,"Don Bosco to Ghusuri",M1,Y,0,,0,N,0,,R,"C00009",,"DON BOSCO",,"",,,,,,,,0,,,,,
NE000420180606104009,"NANDNI COSMETIC",9331019366,Rishra Gate 4 to NS Road,"Rishra Gate 4 to NS Road",SM3,Y,0,,0,N,0,,R,"C00003",,"N.S ROADRISHRA",,"",,,,,,,,0,,,,,
NE000420180606104009,"NANDNI COSMETIC",9331019366,Rishra Gate 4 to NS Road,"Rishra Gate 4 to NS Road",M1,Y,0,,0,N,0,,R,"C00003",,"N.S ROADRISHRA",,"",,,,,,,,0,,,,,
NE000420180606155247,"JAGBANDHU BHANDAR",9331431100,Rishra Gate 4 to NS Road,"Rishra Gate 4 to NS Road",SM3,Y,0,,0,N,0,,R,"C00003",,"N.S ROADRISHRA",,"",,,,,,,,0,,,,,
NE000420180606155247,"JAGBANDHU BHANDAR",9331431100,Rishra Gate 4 to NS Road,"Rishra Gate 4 to NS Road",M1,Y,0,,0,N,0,,R,"C00003",,"N.S ROADRISHRA",,"",,,,,,,,0,,,,,
NE000420180606155624,"JAY MATA DI",8448243290,Rishra Gate 4 to NS Road,"Rishra Gate 4 to NS Road",SM3,Y,0,,0,N,0,,R,"C00003",,"N.SROADRISHRA",,"",,,,,,,,0,,,,,
NE000420180606155624,"JAY MATA DI",8448243290,Rishra Gate 4 to NS Road,"Rishra Gate 4 to NS Road",M1,Y,0,,0,N,0,,R,"C00003",,"N.SROADRISHRA",,"",,,,,,,,0,,,,,
NE000420180607154753,"SRI BALAJI STORE",9883518097,Belur Bazar,"Belur Bazar",SM3,Y,0,,0,N,0,,R,"C00009",,"295G.T.ROADBELUR BAZAR",,"",,,,,,,,0,,,,,
NE000420180607154753,"SRI BALAJI STORE",9883518097,Belur Bazar,"Belur Bazar",M1,Y,0,,0,N,0,,R,"C00009",,"295G.T.ROADBELUR BAZAR",,"",,,,,,,,0,,,,,
NE000420180609103742,"SHAH STORE",8777594387,Liluah,"Liluah",SM3,Y,0,,0,N,0,,R,"C00009",,"LILUHA",,"",,,,,,,,0,,,,,
NE000420180609103742,"SHAH STORE",8777594387,Liluah,"Liluah",M1,Y,0,,0,N,0,,R,"C00009",,"LILUHA",,"",,,,,,,,0,,,,,
NE000420180609125341,"PARAS NATH STORE",9804609785,Liluah,"Liluah",SM3,Y,0,,0,N,0,,R,"C00009",,"33/B RABINDRA SARANILILUHA",,"",,,,,,,,0,,,,,
NE000420180609125341,"PARAS NATH STORE",9804609785,Liluah,"Liluah",M1,Y,0,,0,N,0,,R,"C00009",,"33/B RABINDRA SARANILILUHA",,"",,,,,,,,0,,,,,
NE000420180609130132,"GARMIT COSMETIC",9038181145,Liluah,"Liluah",SM3,Y,0,,0,N,0,,R,"C00009",,"32/4RABINDRA SARANILILUHA",,"",,,,,,,,0,,,,,
NE000420180609130132,"GARMIT COSMETIC",9038181145,Liluah,"Liluah",M1,Y,0,,0,N,0,,R,"C00009",,"32/4RABINDRA SARANILILUHA",,"",,,,,,,,0,,,,,
NE000420180609160003,"THE GLOBAL MART",8420216286,Liluah,"Liluah",SM3,Y,0,,0,N,0,,R,"C00009",,"LILUHA",,"",,,,,,,,0,,,,,
NE000420180609160003,"THE GLOBAL MART",8420216286,Liluah,"Liluah",M1,Y,0,,0,N,0,,R,"C00009",,"LILUHA",,"",,,,,,,,0,,,,,
NE000420180614155444,"TOFFA CONNER",9883368330,Belur Bazar,"Belur Bazar",SM3,Y,0,,0,N,0,,R,"C00009",,"BELUR BAZAR",,"",,,,,,,,,,,,,
NE000420180615105552,"VARAITY STORE",8697533493,Barrakpur Station to Shanti Bazar,"Barrakpur Station to Shanti Bazar",SM3,Y,0,,0,N,0,,R,"C00018",,"BARRACKPUR STATION ROAD",,"",,,,,,,,,,,,,
NE000420180615113514,"BANWAL STORE",9007278070,Barrakpur Sadar Bazar,"Barrakpur Sadar Bazar",SM3,Y,0,,0,N,0,,R,"C00018",,"BARRCKPUR SADAR BAZAR",,"",,,,,,,,,,,,,
NE000420180615150550,"BISWANATH STORE",9836040849,Barrakpur Sadar Bazar,"Barrakpur Sadar Bazar",SM3,Y,0,,0,N,0,,R,"C00018",,"BARRCKPUR STATION ROAD",,"",,,,,,,,,,,,,
NE000420180616152442,"THE FANCY STORE",8981336323,Liluah,"Liluah",SM3,Y,0,,0,N,0,,R,"C00009",,"LILUHA",,"",,,,,,,,,,,,,
NE000420180620131745,"RAJESH STORE",9339821001,Rishra NK Banerjee Road to Bangur Park,"Rishra NK Banerjee Road to Bangur Park",SM3,Y,0,,0,N,0,,R,"C00003",,"89/376/377BANGUR PARK RISHRA",,"",,,,,,,,,,,,,
NE000420180620154805,"SPICES CONNER",9143384847,Rishra NK Banerjee Road to Bangur Park,"Rishra NK Banerjee Road to Bangur Park",SM3,Y,0,,0,N,0,,R,"C00003",,"K.C.SEN ROAD RISHRA",,"",,,,,,,,,,,,,
NE000420180621150414,"KAR AND COMPANY",9007226295,Howrah Maidan,"Howrah Maidan",SM3,Y,0,,0,N,0,,R,"C00002",,"100/1G.T.ROAD SOUTH HOWRAH",,"",,,,,,,,,,,,,
NE000420180622111848,"SING STORE",9339029766,Dobson Road to Pilkhana,"Dobson Road to Pilkhana",SM3,Y,0,,0,N,0,,R,"C00001",,"2/2 BHAJAN LAL LANEDOBSON ROAD",,"",,,,,,,,,,,,,
NE000420180622112642,"GUPTA STORE",8017930531,Dobson Road to Pilkhana,"Dobson Road to Pilkhana",SM3,Y,0,,0,N,0,,R,"C00001",,"42 DOBSON ROAD",,"",,,,,,,,,,,,,
NE000420180622115211,"DARGAR STORE",9331022750,Dobson Road to Pilkhana,"Dobson Road to Pilkhana",SM3,Y,0,,0,N,0,,R,"C00001",,"14WATKINS LANEDOBSON ROAD",,"",,,,,,,,,,,,,
NE000420180622120251,"PRATIKCHA",9007434553,Dobson Road to Pilkhana,"Dobson Road to Pilkhana",SM3,Y,0,,0,N,0,,R,"C00001",,"10DR.ABANI DUTTA ROAD",,"",,,,,,,,,,,,,
NE000420180622120842,"SHREE SHYAM STORE(NEW)",7003028285,Dobson Road to Pilkhana,"Dobson Road to Pilkhana",SM3,Y,0,,0,N,0,,R,"C00001",,"1526H.R.C .ROADDOBSON ROAD",,"",,,,,,,,,,,,,
NE000420180622121422,"SHREE SHAKTI  STORE",9681134305,Dobson Road to Pilkhana,"Dobson Road to Pilkhana",SM3,Y,0,,0,N,0,,R,"C00001",,"1526.H.R.CROADDOBSON ROAD",,"",,,,,,,,,,,,,
NE000420180622142819,"RAJU STORE",9163172584,Uriapara to Salkia,"Uriapara to Salkia",SM3,Y,0,,0,N,0,,R,"C00001",,"64SCHOOL ROADSALKIA",,"",,,,,,,,,,,,,
NE000420180622144823,"NEW DEY BROTHERS",9330694496,Uriapara to Salkia,"Uriapara to Salkia",SM3,Y,0,,0,N,0,,R,"C00001",,"HOROGUNG BAZAR SALKIA",,"",,,,,,,,,,,,,
NE000420180622164452,"HANUMAN STORE",9874205082,Dobson Road to Pilkhana,"Dobson Road to Pilkhana",SM3,Y,0,,0,N,0,,R,"C00001",,"NANDI BAGAN",,"",,,,,,,,,,,,,
NE000420180623114908,"SAGUN SINGAR STORE",9883687473,Liluah,"Liluah",SM3,Y,0,,0,N,0,,R,"C00009",,"LILUHA",,"",,,,,,,,,,,,,
NE000420180627132620,"RADHA RANI",8013809611,Rishra NK Banerjee Road to Bangur Park,"Rishra NK Banerjee Road to Bangur Park",SM3,Y,0,,0,N,0,,R,"C00003",,"BANGUR PARK",,"",,,,,,,,,,,,,
NE000420180629113451,"KALI MATA BHANDAR",9038976054,Barrakpur Station to Shanti Bazar,"Barrakpur Station to Shanti Bazar",SM3,Y,0,,0,N,0,,R,"C00018",,"SHANTI BAZARBARRACKPUR",,"",,,,,,,,,,,,,
NE000420180629120123,"AGARWAL FOOD STORE",9831718326,Barrakpur Station to Shanti Bazar,"Barrakpur Station to Shanti Bazar",SM3,Y,0,,0,N,0,,R,"C00018",,"SHANTI BAZARBARRACKPUR",,"",,,,,,,,,,,,,
NE000420180629121728,"S.S AGARWAL",9331861980,Barrakpur Station to Shanti Bazar,"Barrakpur Station to Shanti Bazar",SM3,Y,0,,0,N,0,,R,"C00018",,"SHANTI BAZARBARRACKPUR",,"",,,,,,,,,,,,,
NE000420180629153348,"TARA MAA(U MALLIK)",9231997662,Barrakpur Sadar Bazar,"Barrakpur Sadar Bazar",SM3,Y,0,,0,N,0,,R,"C00018",,"SADAR BAZARBARRACKPUR",,"",,,,,,,,,,,,,
NE000420180629155339,"BARRACKPUR COSMETIC HOUSE",8697533493,Barrakpur Station to Shanti Bazar,"Barrakpur Station to Shanti Bazar",SM3,Y,0,,0,N,0,,R,"C00018",,"BARRACKPUR STATION ROAD",,"",,,,,,,,,,,,,
NE000420180629160215,"JOYDEEP COSMETIC",8697533493,Barrakpur Station to Shanti Bazar,"Barrakpur Station to Shanti Bazar",SM3,Y,0,,0,N,0,,R,"C00018",,"BARRACKPUR STATION ROAD",,"",,,,,,,,,,,,,
NE000420180630114724,"SUHAG CENTER",9433171565,Liluah,"Liluah",SM3,Y,0,,0,N,0,,R,"C00009",,"LILUHA",,"",,,,,,,,,,,,,
NE000420180704114155,"MAA DURGA BHANDAR(1) BINOD SHAW",9432578860,Rishra Gate 4 to NS Road,"Rishra Gate 4 to NS Road",SM3,Y,0,,0,N,0,,R,"C00003",,"N.S ROADRISHRANEAR-KALI MANDIR",,"",,,,,,,,,,,,,
NE000420180706110624,"BIVA STORE",9830426584,Dobson Road to Pilkhana,"Dobson Road to Pilkhana",SM3,Y,0,,0,N,0,,R,"C00001",,"DOBSON ROADHOWRAH",,"",,,,,,,,,,,,,
NE000420180706135253,"NANDY BROTHERS",9681869860,Uriapara to Salkia,"Uriapara to Salkia",SM3,Y,0,,0,N,0,,R,"C00001",,"HOROGUNGBAZAR",,"",,,,,,,,,,,,,
NE000420180713103427,"A.K AGARWAL",8420059420,Dobson Road to Pilkhana,"Dobson Road to Pilkhana",SM3,Y,0,,0,N,0,,R,"C00001",,"6 BACHARAM CHOUDARY LANEDOBSON ROAD",,"",,,,,,,,,,,,,
NE000420180714112426,"BHAGBATI STORE",8697730588,Liluah,"Liluah",SM3,Y,0,,0,N,0,,R,"C00009",,"LILUHA",,"",,,,,,,,,,,,,
NE000420180718101902,"SUBHOJIT STORE",9674456696,Rishra Gate 4 to NS Road,"Rishra Gate 4 to NS Road",SM3,Y,0,,0,N,0,,R,"C00003",,"RAILAND ROADRISHRA",,"",,,,,,,,,,,,,
NE000420180720115444,"T.K.SADHUKHAN",9831983718,Uriapara to Salkia,"Uriapara to Salkia",SM3,Y,0,,0,N,0,,R,"C00001",,"8/9ARABINDA ROAD SALKIA",,"",,,,,,,,,,,,,
NE000720180531111733,"RAJU GIFT CORNER",8697324529,Khardah,"Khardah",SM6,Y,0,,0,N,0,,R,"C00018",,"P. K. BISWAS ROAD(JALWAPARA)KHARDAH",,"",,,,,,,,0,,,,,
NE000720180531111733,"RAJU GIFT CORNER",8697324529,Khardah,"Khardah",M1,Y,0,,0,N,0,,R,"C00018",,"P. K. BISWAS ROAD(JALWAPARA)KHARDAH",,"",,,,,,,,0,,,,,
NE000720180531112127,"N.K.VARIETY STORE",8697533493,Khardah,"Khardah",SM6,Y,0,,0,N,0,,R,"C00018",,"P.K.BISWAS ROAD",,"",,,,,,,,0,,,,,
NE000720180531112127,"N.K.VARIETY STORE",8697533493,Khardah,"Khardah",M1,Y,0,,0,N,0,,R,"C00018",,"P.K.BISWAS ROAD",,"",,,,,,,,0,,,,,
NE000720180531113044,"GIFT HOUSE",9331947208,Khardah,"Khardah",SM6,Y,0,,0,N,0,,R,"C00018",,"PURANA BAZARKHARDAH STN RD B.T.RD.",,"",,,,,,,,0,,,,,
NE000720180531113044,"GIFT HOUSE",9331947208,Khardah,"Khardah",M1,Y,0,,0,N,0,,R,"C00018",,"PURANA BAZARKHARDAH STN RD B.T.RD.",,"",,,,,,,,0,,,,,
NE000720180531113948,"RATAN BHANDAR",9836685026,Khardah,"Khardah",SM6,Y,0,,0,N,0,,R,"C00018",,"NOTUN BAZAARKHARDAH",,"",,,,,,,,0,,,,,
NE000720180531113948,"RATAN BHANDAR",9836685026,Khardah,"Khardah",M1,Y,0,,0,N,0,,R,"C00018",,"NOTUN BAZAARKHARDAH",,"",,,,,,,,0,,,,,
NE000720180531115233,"BAPAN STORES",9748163627,Khardah,"Khardah",SM6,Y,0,,0,N,0,,R,"C00018",,"NOTUN BAZAARKHARDAH",,"",,,,,,,,0,,,,,
NE000720180531115233,"BAPAN STORES",9748163627,Khardah,"Khardah",M1,Y,0,,0,N,0,,R,"C00018",,"NOTUN BAZAARKHARDAH",,"",,,,,,,,0,,,,,
NE000720180531120002,"LAKSHMINARAYAN BHANDAR",9903613449,Khardah,"Khardah",SM6,Y,0,,0,N,0,,R,"C00018",,"NOTUN BAZAARKHARDAH",,"",,,,,,,,0,,,,,
NE000720180531120002,"LAKSHMINARAYAN BHANDAR",9903613449,Khardah,"Khardah",M1,Y,0,,0,N,0,,R,"C00018",,"NOTUN BAZAARKHARDAH",,"",,,,,,,,0,,,,,
NE000720180531120747,"JYOTI ENTERPRISE",7686840609,Khardah,"Khardah",SM6,Y,0,,0,N,0,,R,"C00018",,"NOTUN BAZAARKHARDAH",,"",,,,,,,,0,,,,,
NE000720180531120747,"JYOTI ENTERPRISE",7686840609,Khardah,"Khardah",M1,Y,0,,0,N,0,,R,"C00018",,"NOTUN BAZAARKHARDAH",,"",,,,,,,,0,,,,,
NE000720180531122703,"JHARNA DEPARTMENTAL STORE",9990381678,Khardah,"Khardah",SM6,Y,0,,0,N,0,,R,"C00018",,"4/4/1STATION RDKHARDAH",,"",,,,,,,,0,,,,,
NE000720180531122703,"JHARNA DEPARTMENTAL STORE",9990381678,Khardah,"Khardah",M1,Y,0,,0,N,0,,R,"C00018",,"4/4/1STATION RDKHARDAH",,"",,,,,,,,0,,,,,
NE000720180531124109,"DEBLINA IMITATION & COSMETIC CENTRE",8622846311,Khardah,"Khardah",SM6,Y,0,,0,N,0,,R,"C00018",,"STATION RD RAHARA",,"",,,,,,,,0,,,,,
NE000720180531124109,"DEBLINA IMITATION & COSMETIC CENTRE",8622846311,Khardah,"Khardah",M1,Y,0,,0,N,0,,R,"C00018",,"STATION RD RAHARA",,"",,,,,,,,0,,,,,
NE000720180531125322,"RADHARANI COSMETIC BHANDAR",9836283803,Khardah,"Khardah",SM6,Y,0,,0,N,0,,R,"C00018",,"301OLD CALCUTTA RD RAHARA BAZAAR.",,"",,,,,,,,0,,,,,
NE000720180531125322,"RADHARANI COSMETIC BHANDAR",9836283803,Khardah,"Khardah",M1,Y,0,,0,N,0,,R,"C00018",,"301OLD CALCUTTA RD RAHARA BAZAAR.",,"",,,,,,,,0,,,,,
NE000720180531131038,"PURNALAKSHMI STORES",9432292692,Khardah,"Khardah",SM6,Y,0,,0,N,0,,R,"C00018",,"RAHARA BAZAAR BL-FSHOP NO.20/20A",,"",,,,,,,,0,,,,,
NE000720180531131038,"PURNALAKSHMI STORES",9432292692,Khardah,"Khardah",M1,Y,0,,0,N,0,,R,"C00018",,"RAHARA BAZAAR BL-FSHOP NO.20/20A",,"",,,,,,,,0,,,,,
NE000720180531131741,"ABHINANDAN VARIETY",7003442192,Khardah,"Khardah",SM6,Y,0,,0,N,0,,R,"C00018",,"BL-CSHOP NO.10 RAHARA BAZAAR.",,"",,,,,,,,0,,,,,
NE000720180531131741,"ABHINANDAN VARIETY",7003442192,Khardah,"Khardah",M1,Y,0,,0,N,0,,R,"C00018",,"BL-CSHOP NO.10 RAHARA BAZAAR.",,"",,,,,,,,0,,,,,
NE000720180531133033,"ANNAPURNA BHANDAR",9874838417,Khardah,"Khardah",SM6,Y,0,,0,N,0,,R,"C00018",,"RAHARA BIKULTALA",,"",,,,,,,,0,,,,,
NE000720180531133033,"ANNAPURNA BHANDAR",9874838417,Khardah,"Khardah",M1,Y,0,,0,N,0,,R,"C00018",,"RAHARA BIKULTALA",,"",,,,,,,,0,,,,,
NE000720180531133859,"MAA KALI STORES",8697533493,Khardah,"Khardah",SM6,Y,0,,0,N,0,,R,"C00018",,"KERULIA BAZAARRAHARA",,"",,,,,,,,0,,,,,
NE000720180531133859,"MAA KALI STORES",8697533493,Khardah,"Khardah",M1,Y,0,,0,N,0,,R,"C00018",,"KERULIA BAZAARRAHARA",,"",,,,,,,,0,,,,,
NE000720180601163844,"SWEET HEART",9874973884,Kakurgachi,"Kakurgachi",SM6,Y,0,,0,N,0,,R,"C00007",,"P-187CIT ROADKANKURGACHI",,"",,,,,,,,0,,,,,
NE000720180601163844,"SWEET HEART",9874973884,Kakurgachi,"Kakurgachi",M1,Y,0,,0,N,0,,R,"C00007",,"P-187CIT ROADKANKURGACHI",,"",,,,,,,,0,,,,,
NE000720180601183521,"NANDI STORE",8902344057,Kakurgachi,"Kakurgachi",SM6,Y,0,,0,N,0,,R,"C00007",,"P-187C.I.T.RD.B-7",,"",,,,,,,,0,,,,,
NE000720180601183521,"NANDI STORE",8902344057,Kakurgachi,"Kakurgachi",M1,Y,0,,0,N,0,,R,"C00007",,"P-187C.I.T.RD.B-7",,"",,,,,,,,0,,,,,
NE000720180601183745,"PAUL STORE",9874517951,Kakurgachi,"Kakurgachi",SM6,Y,0,,0,N,0,,R,"C00007",,"B-6P-187C.I.T.RD.",,"",,,,,,,,0,,,,,
NE000720180601183745,"PAUL STORE",9874517951,Kakurgachi,"Kakurgachi",M1,Y,0,,0,N,0,,R,"C00007",,"B-6P-187C.I.T.RD.",,"",,,,,,,,0,,,,,
NE000720180601184134,"PAUL & SONS",9674582279,Kakurgachi,"Kakurgachi",SM6,Y,0,,0,N,0,,R,"C00007",,"B-5P-187C.I.T.RD.",,"",,,,,,,,0,,,,,
NE000720180601184134,"PAUL & SONS",9674582279,Kakurgachi,"Kakurgachi",M1,Y,0,,0,N,0,,R,"C00007",,"B-5P-187C.I.T.RD.",,"",,,,,,,,0,,,,,
NE000720180601184509,"SANKAR STORE",9831428444,Kakurgachi,"Kakurgachi",SM6,Y,0,,0,N,0,,R,"C00007",,"B-2P-187C.I.T.RD.",,"",,,,,,,,0,,,,,
NE000720180601184509,"SANKAR STORE",9831428444,Kakurgachi,"Kakurgachi",M1,Y,0,,0,N,0,,R,"C00007",,"B-2P-187C.I.T.RD.",,"",,,,,,,,0,,,,,
NE000720180601184726,"SHAW & SONS",9433156743,Kakurgachi,"Kakurgachi",SM6,Y,0,,0,N,0,,R,"C00007",,"0055P-187C.I.T.RD",,"",,,,,,,,0,,,,,
NE000720180601184726,"SHAW & SONS",9433156743,Kakurgachi,"Kakurgachi",M1,Y,0,,0,N,0,,R,"C00007",,"0055P-187C.I.T.RD",,"",,,,,,,,0,,,,,
NE000720180601184906,"ANANTO BHANDAR",9433156743,Kakurgachi,"Kakurgachi",SM6,Y,0,,0,N,0,,R,"C00007",,"P-187 C.I.T.RD.",,"",,,,,,,,0,,,,,
NE000720180601184906,"ANANTO BHANDAR",9433156743,Kakurgachi,"Kakurgachi",M1,Y,0,,0,N,0,,R,"C00007",,"P-187 C.I.T.RD.",,"",,,,,,,,0,,,,,
NE000720180601185807,"SHREEKRISHNA BHANDAR",9874256724,Kakurgachi,"Kakurgachi",SM6,Y,0,,0,N,0,,R,"C00007",,"187C.I.T.RD.",,"",,,,,,,,0,,,,,
NE000720180601185807,"SHREEKRISHNA BHANDAR",9874256724,Kakurgachi,"Kakurgachi",M1,Y,0,,0,N,0,,R,"C00007",,"187C.I.T.RD.",,"",,,,,,,,0,,,,,
NE000720180601190105,"LAKHI BHANDAR",9874090376,Kakurgachi,"Kakurgachi",SM6,Y,0,,0,N,0,,R,"C00007",,"P-187C.I.T.RD.",,"",,,,,,,,0,,,,,
NE000720180601190105,"LAKHI BHANDAR",9874090376,Kakurgachi,"Kakurgachi",M1,Y,0,,0,N,0,,R,"C00007",,"P-187C.I.T.RD.",,"",,,,,,,,0,,,,,
NE000720180601190218,"JANATA STORES",9007031678,Kakurgachi,"Kakurgachi",SM6,Y,0,,0,N,0,,R,"C00007",,"P-187C.I.T.RD.",,"",,,,,,,,0,,,,,
NE000720180601190218,"JANATA STORES",9007031678,Kakurgachi,"Kakurgachi",M1,Y,0,,0,N,0,,R,"C00007",,"P-187C.I.T.RD.",,"",,,,,,,,0,,,,,
NE000720180601190418,"SHAH STORES",9874066270,Kakurgachi,"Kakurgachi",SM6,Y,0,,0,N,0,,R,"C00007",,"P-159/A C.I.T.RD.",,"",,,,,,,,0,,,,,
NE000720180601190418,"SHAH STORES",9874066270,Kakurgachi,"Kakurgachi",M1,Y,0,,0,N,0,,R,"C00007",,"P-159/A C.I.T.RD.",,"",,,,,,,,0,,,,,
NE000720180601190532,"SANJAY STORES",9831672375,Kakurgachi,"Kakurgachi",SM6,Y,0,,0,N,0,,R,"C00007",,"P-210R.K.S.RD.",,"",,,,,,,,0,,,,,
NE000720180601190532,"SANJAY STORES",9831672375,Kakurgachi,"Kakurgachi",M1,Y,0,,0,N,0,,R,"C00007",,"P-210R.K.S.RD.",,"",,,,,,,,0,,,,,
NE000720180601191730,"SWASTIKA 2",8100586316,Kakurgachi,"Kakurgachi",SM6,Y,0,,0,N,0,,R,"C00007",,"P-187C.I.T.RD.",,"",,,,,,,,0,,,,,
NE000720180601191730,"SWASTIKA 2",8100586316,Kakurgachi,"Kakurgachi",M1,Y,0,,0,N,0,,R,"C00007",,"P-187C.I.T.RD.",,"",,,,,,,,0,,,,,
NE000720180601192626,"SWASTIKA 1",9432337556,Kakurgachi,"Kakurgachi",SM6,Y,0,,0,N,0,,R,"C00007",,"P1-187 C.I.T.RD.",,"",,,,,,,,0,,,,,
NE000720180601192626,"SWASTIKA 1",9432337556,Kakurgachi,"Kakurgachi",M1,Y,0,,0,N,0,,R,"C00007",,"P1-187 C.I.T.RD.",,"",,,,,,,,0,,,,,
NE000720180601193138,"SHREE DURGA STORES",9830172879,Kakurgachi,"Kakurgachi",SM6,Y,0,,0,N,0,,R,"C00007",,"P-257A C.I.T.SCHEME-VI M.",,"",,,,,,,,0,,,,,
NE000720180601193138,"SHREE DURGA STORES",9830172879,Kakurgachi,"Kakurgachi",M1,Y,0,,0,N,0,,R,"C00007",,"P-257A C.I.T.SCHEME-VI M.",,"",,,,,,,,0,,,,,
NE000720180601193302,"KHUSALI",9143322114,Kakurgachi,"Kakurgachi",SM6,Y,0,,0,N,0,,R,"C00007",,"P1-187C.I.T.RD.",,"",,,,,,,,0,,,,,
NE000720180601193302,"KHUSALI",9143322114,Kakurgachi,"Kakurgachi",M1,Y,0,,0,N,0,,R,"C00007",,"P1-187C.I.T.RD.",,"",,,,,,,,0,,,,,
NE000720180602141826,"GRIHALAKSHMI",9831034367,Laketown,"Laketown",SM6,Y,0,,0,N,0,,R,"C00007",,"P-147BLOCK-B LAKE TOWN.",,"",,,,,,,,0,,,,,
NE000720180602141826,"GRIHALAKSHMI",9831034367,Laketown,"Laketown",M1,Y,0,,0,N,0,,R,"C00007",,"P-147BLOCK-B LAKE TOWN.",,"",,,,,,,,0,,,,,
NE000720180602142144,"SHREE MANA MAA",9674499740,Laketown,"Laketown",SM6,Y,0,,0,N,0,,R,"C00007",,"P-146 BLOCK-B LAKE TOWN.",,"",,,,,,,,0,,,,,
NE000720180602142144,"SHREE MANA MAA",9674499740,Laketown,"Laketown",M1,Y,0,,0,N,0,,R,"C00007",,"P-146 BLOCK-B LAKE TOWN.",,"",,,,,,,,0,,,,,
NE000720180602143133,"MATRI BHANDAR",9831483711,Laketown,"Laketown",SM6,Y,0,,0,N,0,,R,"C00007",,"P-248LAKE TOWN BL-B.",,"",,,,,,,,0,,,,,
NE000720180602143133,"MATRI BHANDAR",9831483711,Laketown,"Laketown",M1,Y,0,,0,N,0,,R,"C00007",,"P-248LAKE TOWN BL-B.",,"",,,,,,,,0,,,,,
NE000720180602143408,"RAJ STORES",9836235161,Laketown,"Laketown",SM6,Y,0,,0,N,0,,R,"C00007",,"P-247BL-B LAKE TOWN.",,"",,,,,,,,0,,,,,
NE000720180602143408,"RAJ STORES",9836235161,Laketown,"Laketown",M1,Y,0,,0,N,0,,R,"C00007",,"P-247BL-B LAKE TOWN.",,"",,,,,,,,0,,,,,
NE000720180602143517,"TRISHUL STORES",9830508360,Laketown,"Laketown",SM6,Y,0,,0,N,0,,R,"C00007",,"P-334 BL-A LAKE TOWN.",,"",,,,,,,,0,,,,,
NE000720180602143517,"TRISHUL STORES",9830508360,Laketown,"Laketown",M1,Y,0,,0,N,0,,R,"C00007",,"P-334 BL-A LAKE TOWN.",,"",,,,,,,,0,,,,,
NE000720180602143651,"MAA TARA STORES",9874830222,Laketown,"Laketown",SM6,Y,0,,0,N,0,,R,"C00007",,"P-334 BLOCK-A LAKE TOWN.",,"",,,,,,,,0,,,,,
NE000720180602143651,"MAA TARA STORES",9874830222,Laketown,"Laketown",M1,Y,0,,0,N,0,,R,"C00007",,"P-334 BLOCK-A LAKE TOWN.",,"",,,,,,,,0,,,,,
NE000720180602144851,"MANA MAA SUPER STORE",9830219003,Laketown,"Laketown",SM6,Y,0,,0,N,0,,R,"C00007",,"P-697BL-A LAKE TOWN.",,"",,,,,,,,0,,,,,
NE000720180602144851,"MANA MAA SUPER STORE",9830219003,Laketown,"Laketown",M1,Y,0,,0,N,0,,R,"C00007",,"P-697BL-A LAKE TOWN.",,"",,,,,,,,0,,,,,
NE000720180602145443,"MAA KALI GANGA STORE",9073836499,Laketown,"Laketown",SM6,Y,0,,0,N,0,,R,"C00007",,"P-740/41 BL-A LAKE TOWN.",,"",,,,,,,,0,,,,,
NE000720180602145443,"MAA KALI GANGA STORE",9073836499,Laketown,"Laketown",M1,Y,0,,0,N,0,,R,"C00007",,"P-740/41 BL-A LAKE TOWN.",,"",,,,,,,,0,,,,,
NE000720180602145955,"LAXMI NARAYAN BHANDAR",9874835639,Laketown,"Laketown",SM6,Y,0,,0,N,0,,R,"C00007",,"P-783/2 BL-A LAKE TOWN.",,"",,,,,,,,0,,,,,
NE000720180602145955,"LAXMI NARAYAN BHANDAR",9874835639,Laketown,"Laketown",M1,Y,0,,0,N,0,,R,"C00007",,"P-783/2 BL-A LAKE TOWN.",,"",,,,,,,,0,,,,,
NE000720180602152623,"SHREE GANESH STORES",8013336880,Laketown,"Laketown",SM6,Y,0,,0,N,0,,R,"C00007",,"P-135BL-A LAKE TOWN.",,"",,,,,,,,0,,,,,
NE000720180602152623,"SHREE GANESH STORES",8013336880,Laketown,"Laketown",M1,Y,0,,0,N,0,,R,"C00007",,"P-135BL-A LAKE TOWN.",,"",,,,,,,,0,,,,,
NE000720180602153034,"LOKENATH BANIJYO KENDRO",9836711279,Laketown,"Laketown",SM6,Y,0,,0,N,0,,R,"C00007",,"P-135 BL-A LAKE TOWN.",,"",,,,,,,,0,,,,,
NE000720180602153034,"LOKENATH BANIJYO KENDRO",9836711279,Laketown,"Laketown",M1,Y,0,,0,N,0,,R,"C00007",,"P-135 BL-A LAKE TOWN.",,"",,,,,,,,0,,,,,
NE000720180602153215,"DURGA STORES(HANUMAN STORES)",7278616685,Laketown,"Laketown",SM6,Y,0,,0,N,0,,R,"C00007",,"P-136 BL-A LAKE TOWN.",,"",,,,,,,,0,,,,,
NE000720180602153215,"DURGA STORES(HANUMAN STORES)",7278616685,Laketown,"Laketown",M1,Y,0,,0,N,0,,R,"C00007",,"P-136 BL-A LAKE TOWN.",,"",,,,,,,,0,,,,,
NE000720180602153646,"PODDAR PROVISION STORE",9674369117,Laketown,"Laketown",SM6,Y,0,,0,N,0,,R,"C00007",,"P-127 BL-A LAKE TOWN",,"",,,,,,,,0,,,,,
NE000720180602153646,"PODDAR PROVISION STORE",9674369117,Laketown,"Laketown",M1,Y,0,,0,N,0,,R,"C00007",,"P-127 BL-A LAKE TOWN",,"",,,,,,,,0,,,,,
NE000720180606110638,"KALPANA STORES",7003272948,Dunlop to Kamarhati,"Dunlop to Kamarhati",SM6,Y,0,,0,N,0,,R,"C00012",,"22/1B.L.GHOSH RD NOWDAPARA BAZAARKAMARHATI.",,"",,,,,,,,0,,,,,
NE000720180606110638,"KALPANA STORES",7003272948,Dunlop to Kamarhati,"Dunlop to Kamarhati",M1,Y,0,,0,N,0,,R,"C00012",,"22/1B.L.GHOSH RD NOWDAPARA BAZAARKAMARHATI.",,"",,,,,,,,0,,,,,
NE000720180606112856,"TIRUPATI COMMUNICATION",8240717143,Dunlop to Kamarhati,"Dunlop to Kamarhati",SM6,Y,0,,0,N,0,,R,"C00012",,"40B.L.GHOSH RDNOWDAPARA KAMARHATI.",,"",,,,,,,,0,,,,,
NE000720180606112856,"TIRUPATI COMMUNICATION",8240717143,Dunlop to Kamarhati,"Dunlop to Kamarhati",M1,Y,0,,0,N,0,,R,"C00012",,"40B.L.GHOSH RDNOWDAPARA KAMARHATI.",,"",,,,,,,,0,,,,,
NE000720180606120126,"KHUSHIR DASAKARMA",9748296275,Dunlop to Kamarhati,"Dunlop to Kamarhati",SM6,Y,0,,0,N,0,,R,"C00012",,"140 B.T. DUNLOP SUPER MARKET BL-B.",,"",,,,,,,,0,,,,,
NE000720180606120126,"KHUSHIR DASAKARMA",9748296275,Dunlop to Kamarhati,"Dunlop to Kamarhati",M1,Y,0,,0,N,0,,R,"C00012",,"140 B.T. DUNLOP SUPER MARKET BL-B.",,"",,,,,,,,0,,,,,
NE000720180606134114,"ISHANI",9331541170,Shyam Bazar to Bagh Bazar,"Shyam Bazar to Bagh Bazar",SM6,Y,0,,0,N,0,,R,"C00012",,"37ABAGHBAZAR ST.",,"",,,,,,,,0,,,,,
NE000720180606134114,"ISHANI",9331541170,Shyam Bazar to Bagh Bazar,"Shyam Bazar to Bagh Bazar",M1,Y,0,,0,N,0,,R,"C00012",,"37ABAGHBAZAR ST.",,"",,,,,,,,0,,,,,
NE000720180611125033,"K.K.MART/KREATIVE MART(P)LTD.",9038910435,Bhawanipur,"Bhawanipur",SM6,Y,0,,0,N,0,,R,"C00005",,"38FRAMESH MITRA RDKOLKATA.",,"",,,,,,,,0,,,,,
NE000720180611125033,"K.K.MART/KREATIVE MART(P)LTD.",9038910435,Bhawanipur,"Bhawanipur",M1,Y,0,,0,N,0,,R,"C00005",,"38FRAMESH MITRA RDKOLKATA.",,"",,,,,,,,0,,,,,
NE000720180611133936,"M/S. LAKSHMINARAYAN AGARWAL",9831031990,Bhawanipur,"Bhawanipur",SM6,Y,0,,0,N,0,,R,"C00005",,"13 HAZRA RD",,"",,,,,,,,0,,,,,
NE000720180611133936,"M/S. LAKSHMINARAYAN AGARWAL",9831031990,Bhawanipur,"Bhawanipur",M1,Y,0,,0,N,0,,R,"C00005",,"13 HAZRA RD",,"",,,,,,,,0,,,,,
NE000720180611134551,"MAMTA STORE",9123788736,Bhawanipur,"Bhawanipur",SM6,Y,0,,0,N,0,,R,"C00005",,"108B HAZRA ROAD",,"",,,,,,,,0,,,,,
NE000720180611134551,"MAMTA STORE",9123788736,Bhawanipur,"Bhawanipur",M1,Y,0,,0,N,0,,R,"C00005",,"108B HAZRA ROAD",,"",,,,,,,,0,,,,,
NE000720180611135450,"RAM AVTAR AGARWAL",9831918375,Bhawanipur,"Bhawanipur",SM6,Y,0,,0,N,0,,R,"C00005",,"108HAZRA ROAD.",,"",,,,,,,,0,,,,,
NE000720180611135450,"RAM AVTAR AGARWAL",9831918375,Bhawanipur,"Bhawanipur",M1,Y,0,,0,N,0,,R,"C00005",,"108HAZRA ROAD.",,"",,,,,,,,0,,,,,
NE000720180611140802,"NEW INDIA STORES",9433675053,Bhawanipur,"Bhawanipur",SM6,Y,0,,0,N,0,,R,"C00005",,"95FSHYAMAPRASAD MUKHERJEE RD",,"",,,,,,,,0,,,,,
NE000720180611140802,"NEW INDIA STORES",9433675053,Bhawanipur,"Bhawanipur",M1,Y,0,,0,N,0,,R,"C00005",,"95FSHYAMAPRASAD MUKHERJEE RD",,"",,,,,,,,0,,,,,
NE000720180611141819,"MAHESH KRISHNA BHANDAR",9331688483,Bhawanipur,"Bhawanipur",SM6,Y,0,,0,N,0,,R,"C00005",,"129/B MANOHAR PUKUR RD.",,"",,,,,,,,0,,,,,
NE000720180611141819,"MAHESH KRISHNA BHANDAR",9331688483,Bhawanipur,"Bhawanipur",M1,Y,0,,0,N,0,,R,"C00005",,"129/B MANOHAR PUKUR RD.",,"",,,,,,,,0,,,,,
NE000720180611144550,"SHANKAR COSMETICS",9830243947,Bhawanipur,"Bhawanipur",SM6,Y,0,,0,N,0,,R,"C00005",,"32AMAHIM HALDAR STREETKALIGHAT",,"",,,,,,,,0,,,,,
NE000720180611144550,"SHANKAR COSMETICS",9830243947,Bhawanipur,"Bhawanipur",M1,Y,0,,0,N,0,,R,"C00005",,"32AMAHIM HALDAR STREETKALIGHAT",,"",,,,,,,,0,,,,,
NE000720180613113556,"MONIKA IMITATION STORE",8013855219,Khardah,"Khardah",SM6,Y,0,,0,N,0,,R,"C00018",,"13. I.C.ROAD KHARDAH",,"",,,,,,,,,,,,,
NE000720180613120806,"GLOSSY IMITATION",9830160522,Khardah,"Khardah",SM6,Y,0,,0,N,0,,R,"C00018",,"KHARDAHSTATION ROAD",,"",,,,,,,,,,,,,
NE000720180613131259,"KICHEN GARDEN",8961862455,Khardah,"Khardah",SM6,Y,0,,0,N,0,,R,"C00018",,"RAHARA BAZAAR OLD KOLKATA ROAD.",,"",,,,,,,,,,,,,
NE000720180613134345,"DREAMLAND",9038668978,Khardah,"Khardah",SM6,Y,0,,0,N,0,,R,"C00018",,"RAHARA BAZAAR",,"",,,,,,,,,,,,,
NE000720180613142021,"LOKENATH STORES",8274972712,Khardah,"Khardah",SM6,Y,0,,0,N,0,,R,"C00018",,"STATION ROADKHARDAH",,"",,,,,,,,,,,,,
NE000720180613143902,"SAMBHU BHANDAR",8697533493,Khardah,"Khardah",SM6,Y,0,,0,N,0,,R,"C00018",,"PURANO BAZAARKHARDAH",,"",,,,,,,,,,,,,
NE000720180613144039,"LAKKHAN PAN BHANDAR",8697533493,Khardah,"Khardah",SM6,Y,0,,0,N,0,,R,"C00018",,"PURANO BAZAARKHARDAH",,"",,,,,,,,,,,,,
NE000720180616122937,"P.M.CHANDRA",9674641196,Kadamtala,"Kadamtala",SM6,Y,0,,0,N,0,,R,"C00002",,"1 N.S.DUTTA ROADKADAMTALA",,"",,,,,,,,,,,,,
NE000720180618111016,"KAMALA IMITATION",9330990833,Khardah,"Khardah",SM6,Y,0,,0,N,0,,R,"C00018",,"64STATION ROADKHARDAH",,"",,,,,,,,,,,,,
NE000720180622104744,"IMITATION CORNER",8697287235,Behala,"Behala",SM6,Y,0,,0,N,0,,R,"C00006",,"1K.K.ROYCHOWDHURY RD. SHAKHERBAJAAR BEHALA.",,"",,,,,,,,,,,,,
NE000720180622111354,"SAWARIYA",8282867996,Behala,"Behala",SM6,Y,0,,0,N,0,,R,"C00006",,"231AROYBAHADUR ROAD.",,"",,,,,,,,,,,,,
NE000720180622115934,"ANNAPURNA",7044643937,Behala,"Behala",SM6,Y,0,,0,N,0,,R,"C00006",,"89SOMNATH LAHIRI LANE",,"",,,,,,,,,,,,,
NE000720180623110853,"SURAJ STORES",9748094395,Kadamtala,"Kadamtala",SM6,Y,0,,0,N,0,,R,"C00002",,"KADAMTALA BAZAAR",,"",,,,,,,,,,,,,
NE000720180623111048,"K.C.PAL",9883253672,Kadamtala,"Kadamtala",SM6,Y,0,,0,N,0,,R,"C00002",,"KADAMTALA BAZAAR",,"",,,,,,,,,,,,,
NE000720180623113434,"MAA ANANDAMOYEE BHANDAR",9433956910,Kadamtala,"Kadamtala",SM6,Y,0,,0,N,0,,R,"C00002",,"8 NARSINGHA ROY ROADKADAMTALA.",,"",,,,,,,,,,,,,
