Branch code/name,Prod_Code,mrp_code,mrp,sale_rate,vertical_value,destination_code,sale_type,acedns,ws_rate,distributor_rate,ss_rate,depot_rate,statename
1004,141-00014,,434449,363534,,0,0,Y,0,0,0,0,
1004,158-00022,,8849,4171,,0,0,Y,0,0,0,0,
1385,132-00033,,17249,10496,,0,0,Y,0,0,0,0,
1382,122-00013,,15149,9387,,0,0,Y,0,0,0,0,
1382,132-00034,,11049,5888,,0,0,Y,0,0,0,0,
1382,141-00016,,115000,108478,,0,0,Y,0,0,0,0,
1382,141-00017,,124000,108478,,0,0,Y,0,0,0,0,
1382,132-00012,,125149,82667,,0,0,Y,0,0,0,0,
1382,141-00004,,355449,350769,,0,0,Y,0,0,0,0,
1382,171-00005,,3149,1848,,0,0,Y,0,0,0,0,
1382,134-00001,,27349,23573,,0,0,Y,0,0,0,0,
1382,141-00019,,282730,218929,,0,0,Y,0,0,0,0,
1382,141-00020,,282730,218929,,0,0,Y,0,0,0,0,
1385,132-00032,,17249,10496,,0,0,Y,0,0,0,0,
1382,132-00016,,31649,26266,,0,0,Y,0,0,0,0,
1382,132-00006,,49749,34783,,0,0,Y,0,0,0,0,
1382,132-00007,,46549,28571,,0,0,Y,0,0,0,0,
1382,132-00008,,33549,22879,,0,0,Y,0,0,0,0,
1382,132-00018,,106949,85600,,0,0,Y,0,0,0,0,
1382,141-00002,,213449,167940,,0,0,Y,0,0,0,0,
1382,141-00008,,326149,288131,,0,0,Y,0,0,0,0,
1382,141-00013,,450449,384189,,0,0,Y,0,0,0,0,
1382,141-00022,,450449,384189,,0,0,Y,0,0,0,0,
1382,141-00014,,434449,363534,,0,0,Y,0,0,0,0,
1385,113-00002,,8149,4496,,0,0,Y,0,0,0,0,
1382,142-00002,,246449,218277,,0,0,Y,0,0,0,0,
1382,155-00001,,2949,1175,,0,0,Y,0,0,0,0,
1382,155-00002,,3849,1505,,0,0,Y,0,0,0,0,
1382,171-00010,,771,246,,0,0,Y,0,0,0,0,
1382,171-00006,,1004,325,,0,0,Y,0,0,0,0,
1382,171-00007,,1236,406,,0,0,Y,0,0,0,0,
1382,141-00018,,894770,688283,,0,0,Y,0,0,0,0,
1382,132-00010,,67014,52579,,0,0,Y,0,0,0,0,
1382,158-00022,,8849,4171,,0,0,Y,0,0,0,0,
1382,133-00007,,30897,20969,,0,0,Y,0,0,0,0,
1385,122-00014,,11649,6393,,0,0,Y,0,0,0,0,
1382,133-00011,,34600,23491,,0,0,Y,0,0,0,0,
1382,133-00013,,36178,24533,,0,0,Y,0,0,0,0,
1382,133-00014,,38049,25186,,0,0,Y,0,0,0,0,
1382,133-00017,,45349,25919,,0,0,Y,0,0,0,0,
1382,132-00025,,400000,182857,,0,0,Y,0,0,0,0,
1382,163-00124,,89000,89231,,0,0,Y,0,0,0,0,
1382,122-00003,,12149,6396,,0,0,Y,0,0,0,0,
1382,132-00022,,64049,50000,,0,0,Y,0,0,0,0,
1382,158-00011,,7406,3634,,0,0,Y,0,0,0,0,
1382,158-00012,,7406,3634,,0,0,Y,0,0,0,0,
1385,122-00015,,12349,6589,,0,0,Y,0,0,0,0,
1382,157-00003,,749,303,,0,0,Y,0,0,0,0,
1382,157-00004,,749,303,,0,0,Y,0,0,0,0,
1382,157-00010,,749,303,,0,0,Y,0,0,0,0,
1382,157-00005,,849,334,,0,0,Y,0,0,0,0,
1382,157-00006,,849,463,,0,0,Y,0,0,0,0,
1382,157-00011,,849,463,,0,0,Y,0,0,0,0,
1382,114-00003,,8749,5263,,0,0,Y,0,0,0,0,
1382,114-00004,,8953,5763,,0,0,Y,0,0,0,0,
1382,114-00005,,8953,5763,,0,0,Y,0,0,0,0,
1382,114-00006,,8817,5575,,0,0,Y,0,0,0,0,
1385,122-00016,,14449,7543,,0,0,Y,0,0,0,0,
1382,114-00007,,8817,5575,,0,0,Y,0,0,0,0,
1382,153-00020,,7060,3063,,0,0,Y,0,0,0,0,
1382,159-00002,,6920,3163,,0,0,Y,0,0,0,0,
1382,114-00002,,8749,5263,,0,0,Y,0,0,0,0,
2468,152-00002,,6749,2925,,0,0,Y,0,0,0,0,
2468,171-00003,,2749,1451,,0,0,Y,0,0,0,0,
2468,156-00003,,649,400,,0,0,Y,0,0,0,0,
2468,156-00002,,649,400,,0,0,Y,0,0,0,0,
2468,156-00001,,649,400,,0,0,Y,0,0,0,0,
2468,111-00009,,8249,4438,,0,0,Y,0,0,0,0,
1385,122-00013,,15149,9387,,0,0,Y,0,0,0,0,
2468,111-00003,,8149,4413,,0,0,Y,0,0,0,0,
2468,111-00008,,8249,4688,,0,0,Y,0,0,0,0,
2468,113-00001,,8649,4538,,0,0,Y,0,0,0,0,
2468,112-00004,,7649,4113,,0,0,Y,0,0,0,0,
2468,111-00010,,9649,5000,,0,0,Y,0,0,0,0,
2468,114-00001,,8749,5263,,0,0,Y,0,0,0,0,
2468,153-00003,,4349,2475,,0,0,Y,0,0,0,0,
2468,153-00005,,4749,2600,,0,0,Y,0,0,0,0,
2468,154-00002,,10149,5813,,0,0,Y,0,0,0,0,
2468,154-00004,,10549,5938,,0,0,Y,0,0,0,0,
1385,132-00034,,11049,5888,,0,0,Y,0,0,0,0,
2468,154-00006,,15749,10429,,0,0,Y,0,0,0,0,
2468,157-00012,,549,241,,0,0,Y,0,0,0,0,
2468,157-00017,,649,204,,0,0,Y,0,0,0,0,
2468,153-00008,,1549,906,,0,0,Y,0,0,0,0,
2468,153-00014,,1549,919,,0,0,Y,0,0,0,0,
2468,153-00012,,1149,631,,0,0,Y,0,0,0,0,
2468,153-00016,,1149,631,,0,0,Y,0,0,0,0,
2468,156-00019,,649,383,,0,0,Y,0,0,0,0,
2468,157-00015,,749,383,,0,0,Y,0,0,0,0,
2468,157-00014,,949,408,,0,0,Y,0,0,0,0,
1385,141-00016,,115000,108478,,0,0,Y,0,0,0,0,
2468,157-00016,,849,395,,0,0,Y,0,0,0,0,
2468,159-00001,,2049,1194,,0,0,Y,0,0,0,0,
2468,158-00017,,1649,719,,0,0,Y,0,0,0,0,
2468,158-00018,,2049,831,,0,0,Y,0,0,0,0,
2468,153-00009,,2049,1192,,0,0,Y,0,0,0,0,
2468,153-00017,,2049,1186,,0,0,Y,0,0,0,0,
2468,153-00018,,3249,2031,,0,0,Y,0,0,0,0,
2468,153-00019,,1049,481,,0,0,Y,0,0,0,0,
2468,158-00020,,2649,1225,,0,0,Y,0,0,0,0,
2468,158-00019,,2649,1225,,0,0,Y,0,0,0,0,
1385,141-00017,,124000,108478,,0,0,Y,0,0,0,0,
2468,158-00021,,2649,1225,,0,0,Y,0,0,0,0,
2468,157-00007,,949,463,,0,0,Y,0,0,0,0,
2468,158-00001,,2649,1300,,0,0,Y,0,0,0,0,
2468,158-00003,,3049,1525,,0,0,Y,0,0,0,0,
2468,158-00002,,2649,1225,,0,0,Y,0,0,0,0,
2468,158-00004,,3049,1488,,0,0,Y,0,0,0,0,
2468,171-00002,,8849,6031,,0,0,Y,0,0,0,0,
2468,133-00002,,36549,27429,,0,0,Y,0,0,0,0,
2468,131-00008,,25749,15739,,0,0,Y,0,0,0,0,
2468,131-00010,,11549,7740,,0,0,Y,0,0,0,0,
1004,133-00007,,30897,20969,,0,0,Y,0,0,0,0,
1385,132-00012,,125149,82667,,0,0,Y,0,0,0,0,
2468,131-00009,,13149,8928,,0,0,Y,0,0,0,0,
2468,134-00002,,29949,21120,,0,0,Y,0,0,0,0,
2468,135-00004,,27649,16293,,0,0,Y,0,0,0,0,
2468,135-00003,,28549,16293,,0,0,Y,0,0,0,0,
2468,133-00019,,39849,28571,,0,0,Y,0,0,0,0,
2468,132-00001,,24149,14346,,0,0,Y,0,0,0,0,
2468,132-00002,,25249,17343,,0,0,Y,0,0,0,0,
2468,132-00004,,36249,26709,,0,0,Y,0,0,0,0,
2468,132-00005,,36849,27171,,0,0,Y,0,0,0,0,
2468,132-00027,,16049,9076,,0,0,Y,0,0,0,0,
1385,141-00004,,355449,350769,,0,0,Y,0,0,0,0,
2468,132-00028,,16249,9076,,0,0,Y,0,0,0,0,
2468,132-00033,,17249,10496,,0,0,Y,0,0,0,0,
2468,132-00032,,17249,10496,,0,0,Y,0,0,0,0,
2468,113-00002,,8149,4496,,0,0,Y,0,0,0,0,
2468,122-00014,,11649,6393,,0,0,Y,0,0,0,0,
2468,122-00015,,12349,6589,,0,0,Y,0,0,0,0,
2468,122-00016,,14449,7543,,0,0,Y,0,0,0,0,
2468,122-00013,,15149,9387,,0,0,Y,0,0,0,0,
2468,132-00034,,11049,5888,,0,0,Y,0,0,0,0,
2468,141-00016,,115000,108478,,0,0,Y,0,0,0,0,
1385,171-00005,,3149,1848,,0,0,Y,0,0,0,0,
2468,141-00017,,124000,108478,,0,0,Y,0,0,0,0,
2468,132-00012,,125149,82667,,0,0,Y,0,0,0,0,
2468,141-00004,,355449,350769,,0,0,Y,0,0,0,0,
2468,171-00005,,3149,1848,,0,0,Y,0,0,0,0,
2468,134-00001,,27349,23573,,0,0,Y,0,0,0,0,
2468,141-00019,,282730,218929,,0,0,Y,0,0,0,0,
2468,141-00020,,282730,218929,,0,0,Y,0,0,0,0,
2468,132-00016,,31649,26266,,0,0,Y,0,0,0,0,
2468,132-00006,,49749,34783,,0,0,Y,0,0,0,0,
2468,132-00007,,46549,28571,,0,0,Y,0,0,0,0,
1385,134-00001,,27349,23573,,0,0,Y,0,0,0,0,
2468,132-00008,,33549,22879,,0,0,Y,0,0,0,0,
2468,132-00018,,106949,85600,,0,0,Y,0,0,0,0,
2468,141-00002,,213449,167940,,0,0,Y,0,0,0,0,
2468,141-00008,,326149,288131,,0,0,Y,0,0,0,0,
2468,141-00013,,450449,384189,,0,0,Y,0,0,0,0,
2468,141-00022,,450449,384189,,0,0,Y,0,0,0,0,
2468,141-00014,,434449,363534,,0,0,Y,0,0,0,0,
2468,142-00002,,246449,218277,,0,0,Y,0,0,0,0,
2468,155-00001,,2949,1175,,0,0,Y,0,0,0,0,
2468,155-00002,,3849,1505,,0,0,Y,0,0,0,0,
1385,141-00019,,282730,218929,,0,0,Y,0,0,0,0,
2468,171-00010,,771,246,,0,0,Y,0,0,0,0,
2468,171-00006,,1004,325,,0,0,Y,0,0,0,0,
2468,171-00007,,1236,406,,0,0,Y,0,0,0,0,
2468,141-00018,,894770,688283,,0,0,Y,0,0,0,0,
2468,132-00010,,67014,52579,,0,0,Y,0,0,0,0,
2468,158-00022,,8849,4171,,0,0,Y,0,0,0,0,
2468,133-00007,,30897,20969,,0,0,Y,0,0,0,0,
2468,133-00011,,34600,23491,,0,0,Y,0,0,0,0,
2468,133-00013,,36178,24533,,0,0,Y,0,0,0,0,
2468,133-00014,,38049,25186,,0,0,Y,0,0,0,0,
1385,141-00020,,282730,218929,,0,0,Y,0,0,0,0,
2468,133-00017,,45349,25919,,0,0,Y,0,0,0,0,
2468,132-00025,,400000,182857,,0,0,Y,0,0,0,0,
2468,163-00124,,89000,89231,,0,0,Y,0,0,0,0,
2468,122-00003,,12149,6396,,0,0,Y,0,0,0,0,
2468,132-00022,,64049,50000,,0,0,Y,0,0,0,0,
2468,158-00011,,7406,3634,,0,0,Y,0,0,0,0,
2468,158-00012,,7406,3634,,0,0,Y,0,0,0,0,
2468,157-00003,,749,303,,0,0,Y,0,0,0,0,
2468,157-00004,,749,303,,0,0,Y,0,0,0,0,
2468,157-00010,,749,303,,0,0,Y,0,0,0,0,
1385,132-00016,,31649,26266,,0,0,Y,0,0,0,0,
2468,157-00005,,849,334,,0,0,Y,0,0,0,0,
2468,157-00006,,849,463,,0,0,Y,0,0,0,0,
2468,157-00011,,849,463,,0,0,Y,0,0,0,0,
2468,114-00003,,8749,5263,,0,0,Y,0,0,0,0,
2468,114-00004,,8953,5763,,0,0,Y,0,0,0,0,
2468,114-00005,,8953,5763,,0,0,Y,0,0,0,0,
2468,114-00006,,8817,5575,,0,0,Y,0,0,0,0,
2468,114-00007,,8817,5575,,0,0,Y,0,0,0,0,
2468,153-00020,,7060,3063,,0,0,Y,0,0,0,0,
2468,159-00002,,6920,3163,,0,0,Y,0,0,0,0,
1385,132-00006,,49749,34783,,0,0,Y,0,0,0,0,
2468,114-00002,,8749,5263,,0,0,Y,0,0,0,0,
2855,152-00002,,6749,2825,,0,0,Y,0,0,0,0,
2855,171-00003,,2749,1451,,0,0,Y,0,0,0,0,
2855,156-00003,,649,400,,0,0,Y,0,0,0,0,
2855,156-00002,,649,400,,0,0,Y,0,0,0,0,
2855,156-00001,,649,400,,0,0,Y,0,0,0,0,
2855,111-00009,,8249,4438,,0,0,Y,0,0,0,0,
2855,111-00003,,8149,4225,,0,0,Y,0,0,0,0,
2855,111-00008,,8249,4625,,0,0,Y,0,0,0,0,
2855,113-00001,,8649,4475,,0,0,Y,0,0,0,0,
1385,132-00007,,46549,28571,,0,0,Y,0,0,0,0,
2855,112-00004,,7649,4100,,0,0,Y,0,0,0,0,
2855,111-00010,,9649,5000,,0,0,Y,0,0,0,0,
2855,114-00001,,8749,5263,,0,0,Y,0,0,0,0,
2855,153-00003,,4349,2350,,0,0,Y,0,0,0,0,
2855,153-00005,,4749,2588,,0,0,Y,0,0,0,0,
2855,154-00002,,10149,5750,,0,0,Y,0,0,0,0,
2855,154-00004,,10549,5813,,0,0,Y,0,0,0,0,
2855,154-00006,,15749,10429,,0,0,Y,0,0,0,0,
2855,157-00012,,549,229,,0,0,Y,0,0,0,0,
2855,157-00017,,649,204,,0,0,Y,0,0,0,0,
1385,132-00008,,33549,22879,,0,0,Y,0,0,0,0,
2855,153-00008,,1549,913,,0,0,Y,0,0,0,0,
2855,153-00014,,1549,919,,0,0,Y,0,0,0,0,
2855,153-00012,,1149,606,,0,0,Y,0,0,0,0,
2855,153-00016,,1149,619,,0,0,Y,0,0,0,0,
2855,156-00019,,649,408,,0,0,Y,0,0,0,0,
2855,157-00015,,749,370,,0,0,Y,0,0,0,0,
2855,157-00014,,949,383,,0,0,Y,0,0,0,0,
2855,157-00016,,849,395,,0,0,Y,0,0,0,0,
2855,159-00001,,2049,1200,,0,0,Y,0,0,0,0,
2855,158-00017,,1649,713,,0,0,Y,0,0,0,0,
1004,133-00011,,34600,23491,,0,0,Y,0,0,0,0,
1385,132-00018,,106949,85600,,0,0,Y,0,0,0,0,
2855,158-00018,,2049,831,,0,0,Y,0,0,0,0,
2855,153-00009,,2049,1179,,0,0,Y,0,0,0,0,
2855,153-00017,,2049,1173,,0,0,Y,0,0,0,0,
2855,153-00018,,3249,1969,,0,0,Y,0,0,0,0,
2855,153-00019,,1049,481,,0,0,Y,0,0,0,0,
2855,158-00020,,2649,1213,,0,0,Y,0,0,0,0,
2855,158-00019,,2649,1213,,0,0,Y,0,0,0,0,
2855,158-00021,,2649,1213,,0,0,Y,0,0,0,0,
2855,157-00007,,949,463,,0,0,Y,0,0,0,0,
2855,158-00001,,2649,1288,,0,0,Y,0,0,0,0,
1385,141-00002,,213449,167940,,0,0,Y,0,0,0,0,
2855,158-00003,,3049,1438,,0,0,Y,0,0,0,0,
2855,158-00002,,2649,1213,,0,0,Y,0,0,0,0,
2855,158-00004,,3049,1400,,0,0,Y,0,0,0,0,
2855,171-00002,,8849,6031,,0,0,Y,0,0,0,0,
2855,133-00002,,36549,27429,,0,0,Y,0,0,0,0,
2855,131-00008,,25749,15739,,0,0,Y,0,0,0,0,
2855,131-00010,,11549,7740,,0,0,Y,0,0,0,0,
2855,131-00009,,13149,8928,,0,0,Y,0,0,0,0,
2855,134-00002,,29949,21120,,0,0,Y,0,0,0,0,
2855,135-00004,,27649,16293,,0,0,Y,0,0,0,0,
1385,141-00008,,326149,288131,,0,0,Y,0,0,0,0,
2855,135-00003,,28549,16293,,0,0,Y,0,0,0,0,
2855,133-00019,,39849,28571,,0,0,Y,0,0,0,0,
2855,132-00001,,24149,14346,,0,0,Y,0,0,0,0,
2855,132-00002,,25249,17343,,0,0,Y,0,0,0,0,
2855,132-00004,,36249,26709,,0,0,Y,0,0,0,0,
2855,132-00005,,36849,27171,,0,0,Y,0,0,0,0,
2855,132-00027,,16049,9076,,0,0,Y,0,0,0,0,
2855,132-00028,,16249,9076,,0,0,Y,0,0,0,0,
2855,132-00033,,17249,10496,,0,0,Y,0,0,0,0,
2855,132-00032,,17249,10496,,0,0,Y,0,0,0,0,
1385,141-00013,,450449,384189,,0,0,Y,0,0,0,0,
2855,113-00002,,8149,4496,,0,0,Y,0,0,0,0,
2855,122-00014,,11649,6393,,0,0,Y,0,0,0,0,
2855,122-00015,,12349,6589,,0,0,Y,0,0,0,0,
2855,122-00016,,14449,7543,,0,0,Y,0,0,0,0,
2855,122-00013,,15149,9387,,0,0,Y,0,0,0,0,
2855,132-00034,,11049,5888,,0,0,Y,0,0,0,0,
2855,141-00016,,115000,108478,,0,0,Y,0,0,0,0,
2855,141-00017,,124000,108478,,0,0,Y,0,0,0,0,
2855,132-00012,,125149,82667,,0,0,Y,0,0,0,0,
2855,141-00004,,355449,350769,,0,0,Y,0,0,0,0,
1385,141-00022,,450449,384189,,0,0,Y,0,0,0,0,
2855,171-00005,,3149,1848,,0,0,Y,0,0,0,0,
2855,134-00001,,27349,23573,,0,0,Y,0,0,0,0,
2855,141-00019,,282730,218929,,0,0,Y,0,0,0,0,
2855,141-00020,,282730,218929,,0,0,Y,0,0,0,0,
2855,132-00016,,31649,26266,,0,0,Y,0,0,0,0,
2855,132-00006,,49749,34783,,0,0,Y,0,0,0,0,
2855,132-00007,,46549,28571,,0,0,Y,0,0,0,0,
2855,132-00008,,33549,22879,,0,0,Y,0,0,0,0,
2855,132-00018,,106949,85600,,0,0,Y,0,0,0,0,
2855,141-00002,,213449,167940,,0,0,Y,0,0,0,0,
1385,141-00014,,434449,363534,,0,0,Y,0,0,0,0,
1005,114-00001,,8749,5048,,0,0,Y,0,0,0,0,
1005,153-00003,,4349,2475,,0,0,Y,0,0,0,0,
1005,153-00005,,4749,2725,,0,0,Y,0,0,0,0,
1005,154-00002,,10149,6025,,0,0,Y,0,0,0,0,
1005,154-00004,,10549,5875,,0,0,Y,0,0,0,0,
1005,154-00006,,15749,10143,,0,0,Y,0,0,0,0,
1005,157-00012,,549,248,,0,0,Y,0,0,0,0,
1005,157-00017,,649,223,,0,0,Y,0,0,0,0,
1005,153-00008,,1549,992,,0,0,Y,0,0,0,0,
1005,153-00014,,1549,993,,0,0,Y,0,0,0,0,
1385,142-00002,,246449,218277,,0,0,Y,0,0,0,0,
1005,153-00012,,1149,619,,0,0,Y,0,0,0,0,
1005,153-00016,,1149,619,,0,0,Y,0,0,0,0,
1005,156-00019,,649,403,,0,0,Y,0,0,0,0,
1005,157-00015,,749,401,,0,0,Y,0,0,0,0,
1005,157-00014,,949,420,,0,0,Y,0,0,0,0,
1005,157-00016,,849,420,,0,0,Y,0,0,0,0,
1005,159-00001,,2049,1198,,0,0,Y,0,0,0,0,
1005,158-00017,,1649,770,,0,0,Y,0,0,0,0,
1005,158-00018,,2049,850,,0,0,Y,0,0,0,0,
1005,153-00009,,2049,1245,,0,0,Y,0,0,0,0,
1385,155-00001,,2949,1196,,0,0,Y,0,0,0,0,
1005,153-00017,,2049,1238,,0,0,Y,0,0,0,0,
1005,153-00018,,3249,1971,,0,0,Y,0,0,0,0,
1005,153-00019,,1049,481,,0,0,Y,0,0,0,0,
1005,158-00020,,2649,1175,,0,0,Y,0,0,0,0,
1005,158-00019,,2649,1175,,0,0,Y,0,0,0,0,
1005,158-00021,,2649,1175,,0,0,Y,0,0,0,0,
1005,157-00007,,949,438,,0,0,Y,0,0,0,0,
1005,158-00001,,2649,1213,,0,0,Y,0,0,0,0,
1005,158-00003,,3049,1485,,0,0,Y,0,0,0,0,
1005,158-00002,,2649,1175,,0,0,Y,0,0,0,0,
1385,155-00002,,3849,1534,,0,0,Y,0,0,0,0,
1005,158-00004,,3049,1485,,0,0,Y,0,0,0,0,
1005,171-00002,,8849,6031,,0,0,Y,0,0,0,0,
1005,133-00002,,36549,27429,,0,0,Y,0,0,0,0,
1005,131-00008,,25749,15739,,0,0,Y,0,0,0,0,
1005,131-00010,,11549,7740,,0,0,Y,0,0,0,0,
1005,131-00009,,13149,8928,,0,0,Y,0,0,0,0,
1005,134-00002,,29949,21120,,0,0,Y,0,0,0,0,
1005,135-00004,,27649,16293,,0,0,Y,0,0,0,0,
1005,135-00003,,28549,16293,,0,0,Y,0,0,0,0,
1005,133-00019,,39849,28571,,0,0,Y,0,0,0,0,
1385,171-00010,,771,246,,0,0,Y,0,0,0,0,
1005,132-00001,,24149,14346,,0,0,Y,0,0,0,0,
1005,132-00002,,25249,17343,,0,0,Y,0,0,0,0,
1005,132-00004,,36249,26709,,0,0,Y,0,0,0,0,
1005,132-00005,,36849,27171,,0,0,Y,0,0,0,0,
1005,132-00027,,16049,9311,,0,0,Y,0,0,0,0,
1005,132-00028,,16249,9311,,0,0,Y,0,0,0,0,
1005,132-00033,,17249,10496,,0,0,Y,0,0,0,0,
1005,132-00032,,17249,10496,,0,0,Y,0,0,0,0,
1005,113-00002,,8149,4496,,0,0,Y,0,0,0,0,
1005,122-00014,,11649,6393,,0,0,Y,0,0,0,0,
1004,133-00013,,36178,24533,,0,0,Y,0,0,0,0,
1385,171-00006,,1004,325,,0,0,Y,0,0,0,0,
1005,122-00015,,12349,6589,,0,0,Y,0,0,0,0,
1005,122-00016,,14449,7543,,0,0,Y,0,0,0,0,
1005,122-00013,,15149,9387,,0,0,Y,0,0,0,0,
1005,132-00034,,11049,5888,,0,0,Y,0,0,0,0,
1005,141-00016,,115000,108478,,0,0,Y,0,0,0,0,
1005,141-00017,,124000,108478,,0,0,Y,0,0,0,0,
1005,132-00012,,125149,82667,,0,0,Y,0,0,0,0,
1005,141-00004,,355449,350769,,0,0,Y,0,0,0,0,
1005,171-00005,,3149,1848,,0,0,Y,0,0,0,0,
1005,134-00001,,27349,23573,,0,0,Y,0,0,0,0,
1385,171-00007,,1236,406,,0,0,Y,0,0,0,0,
1005,141-00019,,282730,218929,,0,0,Y,0,0,0,0,
1005,141-00020,,282730,218929,,0,0,Y,0,0,0,0,
1005,132-00016,,31649,26266,,0,0,Y,0,0,0,0,
1005,132-00006,,49749,34783,,0,0,Y,0,0,0,0,
1005,132-00007,,46549,28571,,0,0,Y,0,0,0,0,
1005,132-00008,,33549,22879,,0,0,Y,0,0,0,0,
1005,132-00018,,106949,85600,,0,0,Y,0,0,0,0,
1005,141-00002,,213449,167940,,0,0,Y,0,0,0,0,
1005,141-00008,,326149,288131,,0,0,Y,0,0,0,0,
1005,141-00013,,450449,384189,,0,0,Y,0,0,0,0,
1385,141-00018,,894770,688283,,0,0,Y,0,0,0,0,
1005,141-00022,,450449,384189,,0,0,Y,0,0,0,0,
1005,141-00014,,434449,363534,,0,0,Y,0,0,0,0,
1005,142-00002,,246449,218277,,0,0,Y,0,0,0,0,
1005,155-00001,,2949,1150,,0,0,Y,0,0,0,0,
1005,155-00002,,3849,1475,,0,0,Y,0,0,0,0,
1005,171-00010,,771,246,,0,0,Y,0,0,0,0,
1005,171-00006,,1004,325,,0,0,Y,0,0,0,0,
1005,171-00007,,1236,406,,0,0,Y,0,0,0,0,
1005,141-00018,,894770,688283,,0,0,Y,0,0,0,0,
1005,132-00010,,67014,52579,,0,0,Y,0,0,0,0,
1385,132-00010,,67014,52579,,0,0,Y,0,0,0,0,
1005,158-00022,,8849,4171,,0,0,Y,0,0,0,0,
1005,133-00007,,30897,20969,,0,0,Y,0,0,0,0,
1005,133-00011,,34600,23491,,0,0,Y,0,0,0,0,
1005,133-00013,,36178,24533,,0,0,Y,0,0,0,0,
1005,133-00014,,38049,25186,,0,0,Y,0,0,0,0,
1005,133-00017,,45349,25919,,0,0,Y,0,0,0,0,
1005,132-00025,,400000,182857,,0,0,Y,0,0,0,0,
1005,163-00124,,89000,89231,,0,0,Y,0,0,0,0,
1005,122-00003,,12149,6396,,0,0,Y,0,0,0,0,
1005,132-00022,,64049,50000,,0,0,Y,0,0,0,0,
1385,158-00022,,8849,4171,,0,0,Y,0,0,0,0,
1005,158-00011,,7406,3634,,0,0,Y,0,0,0,0,
1005,158-00012,,7406,3634,,0,0,Y,0,0,0,0,
1005,157-00003,,749,303,,0,0,Y,0,0,0,0,
1005,157-00004,,749,303,,0,0,Y,0,0,0,0,
1005,157-00010,,749,303,,0,0,Y,0,0,0,0,
1005,157-00005,,849,334,,0,0,Y,0,0,0,0,
1005,157-00006,,849,438,,0,0,Y,0,0,0,0,
1005,157-00011,,849,438,,0,0,Y,0,0,0,0,
1005,114-00003,,8749,5048,,0,0,Y,0,0,0,0,
1005,114-00004,,8953,5548,,0,0,Y,0,0,0,0,
1385,133-00007,,30897,20969,,0,0,Y,0,0,0,0,
1005,114-00005,,8953,5548,,0,0,Y,0,0,0,0,
1005,114-00006,,8817,5361,,0,0,Y,0,0,0,0,
1005,114-00007,,8817,5361,,0,0,Y,0,0,0,0,
1005,153-00020,,7060,3063,,0,0,Y,0,0,0,0,
1005,159-00002,,6920,3100,,0,0,Y,0,0,0,0,
1005,114-00002,,8749,5048,,0,0,Y,0,0,0,0,
1000,152-00002,,6749,2813,,0,0,Y,0,0,0,0,
1000,171-00003,,2749,1451,,0,0,Y,0,0,0,0,
1000,156-00003,,649,375,,0,0,Y,0,0,0,0,
1000,156-00002,,649,375,,0,0,Y,0,0,0,0,
1385,133-00011,,34600,23491,,0,0,Y,0,0,0,0,
1000,156-00001,,649,375,,0,0,Y,0,0,0,0,
1000,111-00009,,8249,4438,,0,0,Y,0,0,0,0,
1000,111-00003,,8149,3975,,0,0,Y,0,0,0,0,
1000,111-00008,,8249,4250,,0,0,Y,0,0,0,0,
1000,113-00001,,8649,4225,,0,0,Y,0,0,0,0,
1000,112-00004,,7649,3850,,0,0,Y,0,0,0,0,
1000,111-00010,,9649,5000,,0,0,Y,0,0,0,0,
1000,114-00001,,8749,4625,,0,0,Y,0,0,0,0,
1000,153-00003,,4349,2150,,0,0,Y,0,0,0,0,
1000,153-00005,,4749,2400,,0,0,Y,0,0,0,0,
1385,133-00013,,36178,24533,,0,0,Y,0,0,0,0,
1000,154-00002,,10149,5350,,0,0,Y,0,0,0,0,
1000,154-00004,,10549,5313,,0,0,Y,0,0,0,0,
1000,154-00006,,15749,9857,,0,0,Y,0,0,0,0,
1000,157-00012,,549,230,,0,0,Y,0,0,0,0,
1000,157-00017,,649,208,,0,0,Y,0,0,0,0,
1000,153-00008,,1549,895,,0,0,Y,0,0,0,0,
1000,153-00014,,1549,895,,0,0,Y,0,0,0,0,
1000,153-00012,,1149,598,,0,0,Y,0,0,0,0,
1000,153-00016,,1149,598,,0,0,Y,0,0,0,0,
1000,156-00019,,649,370,,0,0,Y,0,0,0,0,
1385,133-00014,,38049,25186,,0,0,Y,0,0,0,0,
1000,157-00015,,749,371,,0,0,Y,0,0,0,0,
1000,157-00014,,949,404,,0,0,Y,0,0,0,0,
1000,157-00016,,849,371,,0,0,Y,0,0,0,0,
1000,159-00001,,2049,1174,,0,0,Y,0,0,0,0,
1000,158-00017,,1649,694,,0,0,Y,0,0,0,0,
1000,158-00018,,2049,844,,0,0,Y,0,0,0,0,
1000,153-00009,,2049,1125,,0,0,Y,0,0,0,0,
1000,153-00017,,2049,1125,,0,0,Y,0,0,0,0,
1000,153-00018,,3249,1969,,0,0,Y,0,0,0,0,
1000,153-00019,,1049,481,,0,0,Y,0,0,0,0,
1385,133-00017,,45349,25919,,0,0,Y,0,0,0,0,
1000,158-00020,,2649,1175,,0,0,Y,0,0,0,0,
1000,158-00019,,2649,1175,,0,0,Y,0,0,0,0,
1000,158-00021,,2649,1175,,0,0,Y,0,0,0,0,
1000,157-00007,,949,413,,0,0,Y,0,0,0,0,
1000,158-00001,,2649,1200,,0,0,Y,0,0,0,0,
1000,158-00003,,3049,1350,,0,0,Y,0,0,0,0,
1000,158-00002,,2649,1100,,0,0,Y,0,0,0,0,
1000,158-00004,,3049,1321,,0,0,Y,0,0,0,0,
1000,171-00002,,8849,6031,,0,0,Y,0,0,0,0,
1000,133-00002,,36549,27429,,0,0,Y,0,0,0,0,
1004,133-00014,,38049,25186,,0,0,Y,0,0,0,0,
1385,132-00025,,400000,182857,,0,0,Y,0,0,0,0,
1000,131-00008,,25749,15739,,0,0,Y,0,0,0,0,
1000,131-00010,,11549,7740,,0,0,Y,0,0,0,0,
1000,131-00009,,13149,8928,,0,0,Y,0,0,0,0,
1000,134-00002,,29949,21120,,0,0,Y,0,0,0,0,
1000,135-00004,,27649,16293,,0,0,Y,0,0,0,0,
1000,135-00003,,28549,16293,,0,0,Y,0,0,0,0,
1000,133-00019,,39849,28571,,0,0,Y,0,0,0,0,
1000,132-00001,,24149,14346,,0,0,Y,0,0,0,0,
1000,132-00002,,25249,17343,,0,0,Y,0,0,0,0,
1000,132-00004,,36249,26709,,0,0,Y,0,0,0,0,
1385,163-00124,,89000,89231,,0,0,Y,0,0,0,0,
1000,132-00005,,36849,27171,,0,0,Y,0,0,0,0,
1000,132-00027,,16049,8840,,0,0,Y,0,0,0,0,
1000,132-00028,,16249,8840,,0,0,Y,0,0,0,0,
1000,132-00033,,17249,10496,,0,0,Y,0,0,0,0,
1000,132-00032,,17249,10496,,0,0,Y,0,0,0,0,
1000,113-00002,,8149,4496,,0,0,Y,0,0,0,0,
1000,122-00014,,11649,6393,,0,0,Y,0,0,0,0,
2855,141-00008,,326149,288131,,0,0,Y,0,0,0,0,
2855,141-00013,,450449,384189,,0,0,Y,0,0,0,0,
2855,141-00022,,450449,384189,,0,0,Y,0,0,0,0,
1385,122-00003,,12149,6396,,0,0,Y,0,0,0,0,
2855,141-00014,,434449,363534,,0,0,Y,0,0,0,0,
2855,142-00002,,246449,218277,,0,0,Y,0,0,0,0,
2855,155-00001,,2949,1175,,0,0,Y,0,0,0,0,
2855,155-00002,,3849,1505,,0,0,Y,0,0,0,0,
2855,171-00010,,771,246,,0,0,Y,0,0,0,0,
2855,171-00006,,1004,325,,0,0,Y,0,0,0,0,
2855,171-00007,,1236,406,,0,0,Y,0,0,0,0,
2855,141-00018,,894770,688283,,0,0,Y,0,0,0,0,
2855,132-00010,,67014,52579,,0,0,Y,0,0,0,0,
2855,158-00022,,8849,4171,,0,0,Y,0,0,0,0,
1385,132-00022,,64049,50000,,0,0,Y,0,0,0,0,
2855,133-00007,,30897,20969,,0,0,Y,0,0,0,0,
2855,133-00011,,34600,23491,,0,0,Y,0,0,0,0,
2855,133-00013,,36178,24533,,0,0,Y,0,0,0,0,
2855,133-00014,,38049,25186,,0,0,Y,0,0,0,0,
2855,133-00017,,45349,25919,,0,0,Y,0,0,0,0,
2855,132-00025,,400000,182857,,0,0,Y,0,0,0,0,
2855,163-00124,,89000,89231,,0,0,Y,0,0,0,0,
2855,122-00003,,12149,6396,,0,0,Y,0,0,0,0,
2855,132-00022,,64049,50000,,0,0,Y,0,0,0,0,
2855,158-00011,,7406,3634,,0,0,Y,0,0,0,0,
1385,158-00011,,7406,3634,,0,0,Y,0,0,0,0,
2855,158-00012,,7406,3634,,0,0,Y,0,0,0,0,
2855,157-00003,,749,303,,0,0,Y,0,0,0,0,
2855,157-00004,,749,303,,0,0,Y,0,0,0,0,
2855,157-00010,,749,303,,0,0,Y,0,0,0,0,
2855,157-00005,,849,334,,0,0,Y,0,0,0,0,
2855,157-00006,,849,463,,0,0,Y,0,0,0,0,
2855,157-00011,,849,463,,0,0,Y,0,0,0,0,
2855,114-00003,,8749,5263,,0,0,Y,0,0,0,0,
2855,114-00004,,8953,5763,,0,0,Y,0,0,0,0,
2855,114-00005,,8953,5763,,0,0,Y,0,0,0,0,
1385,158-00012,,7406,3634,,0,0,Y,0,0,0,0,
2855,114-00006,,8817,5575,,0,0,Y,0,0,0,0,
2855,114-00007,,8817,5575,,0,0,Y,0,0,0,0,
2855,153-00020,,7060,3063,,0,0,Y,0,0,0,0,
2855,159-00002,,6920,3163,,0,0,Y,0,0,0,0,
2855,114-00002,,8749,5263,,0,0,Y,0,0,0,0,
1001,152-00002,,6749,2750,,0,0,Y,0,0,0,0,
1001,171-00003,,2749,1451,,0,0,Y,0,0,0,0,
1001,156-00003,,649,398,,0,0,Y,0,0,0,0,
1001,156-00002,,649,398,,0,0,Y,0,0,0,0,
1001,156-00001,,649,398,,0,0,Y,0,0,0,0,
1385,157-00003,,749,303,,0,0,Y,0,0,0,0,
1001,111-00009,,8249,4438,,0,0,Y,0,0,0,0,
1001,111-00003,,8149,4038,,0,0,Y,0,0,0,0,
1001,111-00008,,8249,4503,,0,0,Y,0,0,0,0,
1001,113-00001,,8649,4288,,0,0,Y,0,0,0,0,
1001,112-00004,,7649,3913,,0,0,Y,0,0,0,0,
1001,111-00010,,9649,5000,,0,0,Y,0,0,0,0,
1001,114-00001,,8749,4925,,0,0,Y,0,0,0,0,
1001,153-00003,,4349,2313,,0,0,Y,0,0,0,0,
1001,153-00005,,4749,2438,,0,0,Y,0,0,0,0,
1001,154-00002,,10149,5600,,0,0,Y,0,0,0,0,
1385,157-00004,,749,303,,0,0,Y,0,0,0,0,
1001,154-00004,,10549,5725,,0,0,Y,0,0,0,0,
1001,154-00006,,15749,9857,,0,0,Y,0,0,0,0,
1001,157-00012,,549,252,,0,0,Y,0,0,0,0,
1001,157-00017,,649,219,,0,0,Y,0,0,0,0,
1001,153-00008,,1549,993,,0,0,Y,0,0,0,0,
1001,153-00014,,1549,908,,0,0,Y,0,0,0,0,
1001,153-00012,,1149,656,,0,0,Y,0,0,0,0,
1001,153-00016,,1149,656,,0,0,Y,0,0,0,0,
1001,156-00019,,649,395,,0,0,Y,0,0,0,0,
1001,157-00015,,749,401,,0,0,Y,0,0,0,0,
1385,157-00010,,749,303,,0,0,Y,0,0,0,0,
1001,157-00014,,949,426,,0,0,Y,0,0,0,0,
1001,157-00016,,849,412,,0,0,Y,0,0,0,0,
1001,159-00001,,2049,1200,,0,0,Y,0,0,0,0,
1001,158-00017,,1649,769,,0,0,Y,0,0,0,0,
1001,158-00018,,2049,850,,0,0,Y,0,0,0,0,
1001,153-00009,,2049,1188,,0,0,Y,0,0,0,0,
1001,153-00017,,2049,1188,,0,0,Y,0,0,0,0,
1001,153-00018,,3249,1971,,0,0,Y,0,0,0,0,
1001,153-00019,,1049,481,,0,0,Y,0,0,0,0,
1001,158-00020,,2649,1150,,0,0,Y,0,0,0,0,
1385,157-00005,,849,334,,0,0,Y,0,0,0,0,
1001,158-00019,,2649,1150,,0,0,Y,0,0,0,0,
1001,158-00021,,2649,1150,,0,0,Y,0,0,0,0,
1001,157-00007,,949,438,,0,0,Y,0,0,0,0,
1001,158-00001,,2649,1188,,0,0,Y,0,0,0,0,
1001,158-00003,,3049,1438,,0,0,Y,0,0,0,0,
1001,158-00002,,2649,1150,,0,0,Y,0,0,0,0,
1001,158-00004,,3049,1438,,0,0,Y,0,0,0,0,
1001,171-00002,,8849,6031,,0,0,Y,0,0,0,0,
1001,133-00002,,36549,27429,,0,0,Y,0,0,0,0,
1001,131-00008,,25749,15739,,0,0,Y,0,0,0,0,
1004,133-00017,,45349,25919,,0,0,Y,0,0,0,0,
731,111-00008,,8249,4625,,0,0,Y,0,0,0,0,
1001,131-00010,,11549,7740,,0,0,Y,0,0,0,0,
1001,131-00009,,13149,8928,,0,0,Y,0,0,0,0,
1001,134-00002,,29949,21120,,0,0,Y,0,0,0,0,
1001,135-00004,,27649,16293,,0,0,Y,0,0,0,0,
1001,135-00003,,28549,16293,,0,0,Y,0,0,0,0,
1001,133-00019,,39849,28571,,0,0,Y,0,0,0,0,
1001,132-00001,,24149,14346,,0,0,Y,0,0,0,0,
1001,132-00002,,25249,17343,,0,0,Y,0,0,0,0,
1001,132-00004,,36249,26709,,0,0,Y,0,0,0,0,
1001,132-00005,,36849,27171,,0,0,Y,0,0,0,0,
731,113-00001,,8649,4663,,0,0,Y,0,0,0,0,
1001,132-00027,,16049,9311,,0,0,Y,0,0,0,0,
1001,132-00028,,16249,9311,,0,0,Y,0,0,0,0,
1001,132-00033,,17249,10496,,0,0,Y,0,0,0,0,
1001,132-00032,,17249,10496,,0,0,Y,0,0,0,0,
1001,113-00002,,8149,4496,,0,0,Y,0,0,0,0,
1001,122-00014,,11649,6393,,0,0,Y,0,0,0,0,
1001,122-00015,,12349,6589,,0,0,Y,0,0,0,0,
1001,122-00016,,14449,7543,,0,0,Y,0,0,0,0,
1001,122-00013,,15149,9387,,0,0,Y,0,0,0,0,
1001,132-00034,,11049,5888,,0,0,Y,0,0,0,0,
731,112-00004,,7649,4288,,0,0,Y,0,0,0,0,
1001,141-00016,,115000,108478,,0,0,Y,0,0,0,0,
1001,141-00017,,124000,108478,,0,0,Y,0,0,0,0,
1001,132-00012,,125149,82667,,0,0,Y,0,0,0,0,
1001,141-00004,,355449,350769,,0,0,Y,0,0,0,0,
1001,171-00005,,3149,1848,,0,0,Y,0,0,0,0,
1001,134-00001,,27349,23573,,0,0,Y,0,0,0,0,
1001,141-00019,,282730,218929,,0,0,Y,0,0,0,0,
1001,141-00020,,282730,218929,,0,0,Y,0,0,0,0,
1001,132-00016,,31649,26266,,0,0,Y,0,0,0,0,
1001,132-00006,,49749,34783,,0,0,Y,0,0,0,0,
731,111-00010,,9649,4938,,0,0,Y,0,0,0,0,
1001,132-00007,,46549,28571,,0,0,Y,0,0,0,0,
1001,132-00008,,33549,22879,,0,0,Y,0,0,0,0,
1001,132-00018,,106949,85600,,0,0,Y,0,0,0,0,
1001,141-00002,,213449,167940,,0,0,Y,0,0,0,0,
1001,141-00008,,326149,288131,,0,0,Y,0,0,0,0,
1001,141-00013,,450449,384189,,0,0,Y,0,0,0,0,
1001,141-00022,,450449,384189,,0,0,Y,0,0,0,0,
1001,141-00014,,434449,363534,,0,0,Y,0,0,0,0,
1001,142-00002,,246449,218277,,0,0,Y,0,0,0,0,
1001,155-00001,,2949,1150,,0,0,Y,0,0,0,0,
731,114-00001,,8749,5288,,0,0,Y,0,0,0,0,
1001,155-00002,,3849,1475,,0,0,Y,0,0,0,0,
1001,171-00010,,771,246,,0,0,Y,0,0,0,0,
1001,171-00006,,1004,325,,0,0,Y,0,0,0,0,
1001,171-00007,,1236,406,,0,0,Y,0,0,0,0,
1001,141-00018,,894770,688283,,0,0,Y,0,0,0,0,
1001,132-00010,,67014,52579,,0,0,Y,0,0,0,0,
1001,158-00022,,8849,4171,,0,0,Y,0,0,0,0,
1001,133-00007,,30897,20969,,0,0,Y,0,0,0,0,
1001,133-00011,,34600,23491,,0,0,Y,0,0,0,0,
1001,133-00013,,36178,24533,,0,0,Y,0,0,0,0,
731,153-00003,,4349,2563,,0,0,Y,0,0,0,0,
1001,133-00014,,38049,25186,,0,0,Y,0,0,0,0,
1001,133-00017,,45349,25919,,0,0,Y,0,0,0,0,
1001,132-00025,,400000,182857,,0,0,Y,0,0,0,0,
1001,163-00124,,89000,89231,,0,0,Y,0,0,0,0,
1001,122-00003,,12149,6396,,0,0,Y,0,0,0,0,
1001,132-00022,,64049,50000,,0,0,Y,0,0,0,0,
1001,158-00011,,7406,3634,,0,0,Y,0,0,0,0,
1001,158-00012,,7406,3634,,0,0,Y,0,0,0,0,
1001,157-00003,,749,303,,0,0,Y,0,0,0,0,
1001,157-00004,,749,303,,0,0,Y,0,0,0,0,
731,153-00005,,4749,2791,,0,0,Y,0,0,0,0,
1001,157-00010,,749,303,,0,0,Y,0,0,0,0,
1001,157-00005,,849,334,,0,0,Y,0,0,0,0,
1001,157-00006,,849,438,,0,0,Y,0,0,0,0,
1001,157-00011,,849,438,,0,0,Y,0,0,0,0,
1001,114-00003,,8749,4925,,0,0,Y,0,0,0,0,
1001,114-00004,,8953,5425,,0,0,Y,0,0,0,0,
1001,114-00005,,8953,5425,,0,0,Y,0,0,0,0,
1001,114-00006,,8817,5238,,0,0,Y,0,0,0,0,
1001,114-00007,,8817,5238,,0,0,Y,0,0,0,0,
1001,153-00020,,7060,2938,,0,0,Y,0,0,0,0,
731,154-00002,,10149,5938,,0,0,Y,0,0,0,0,
1001,159-00002,,6920,3100,,0,0,Y,0,0,0,0,
1001,114-00002,,8749,4925,,0,0,Y,0,0,0,0,
2211,152-00002,,6749,2750,,0,0,Y,0,0,0,0,
2211,171-00003,,2749,1467,,0,0,Y,0,0,0,0,
2211,156-00003,,649,398,,0,0,Y,0,0,0,0,
2211,156-00002,,649,398,,0,0,Y,0,0,0,0,
2211,156-00001,,649,398,,0,0,Y,0,0,0,0,
2211,111-00009,,8249,4438,,0,0,Y,0,0,0,0,
2211,111-00003,,8149,4113,,0,0,Y,0,0,0,0,
2211,111-00008,,8249,4503,,0,0,Y,0,0,0,0,
731,154-00004,,10549,5963,,0,0,Y,0,0,0,0,
2211,113-00001,,8649,4363,,0,0,Y,0,0,0,0,
2211,112-00004,,7649,3988,,0,0,Y,0,0,0,0,
2211,111-00010,,9649,5000,,0,0,Y,0,0,0,0,
2211,114-00001,,8749,5048,,0,0,Y,0,0,0,0,
2211,153-00003,,4349,2375,,0,0,Y,0,0,0,0,
2211,153-00005,,4749,2488,,0,0,Y,0,0,0,0,
2211,154-00002,,10149,5750,,0,0,Y,0,0,0,0,
2211,154-00004,,10549,5875,,0,0,Y,0,0,0,0,
2211,154-00006,,15749,10143,,0,0,Y,0,0,0,0,
2211,157-00012,,549,238,,0,0,Y,0,0,0,0,
731,154-00006,,15749,12240,,0,0,Y,0,0,0,0,
2211,157-00017,,649,213,,0,0,Y,0,0,0,0,
2211,153-00008,,1549,1014,,0,0,Y,0,0,0,0,
2211,153-00014,,1549,1014,,0,0,Y,0,0,0,0,
2211,153-00012,,1149,644,,0,0,Y,0,0,0,0,
2211,153-00016,,1149,725,,0,0,Y,0,0,0,0,
2211,156-00019,,649,396,,0,0,Y,0,0,0,0,
2211,157-00015,,749,401,,0,0,Y,0,0,0,0,
2211,157-00014,,949,408,,0,0,Y,0,0,0,0,
2211,157-00016,,849,408,,0,0,Y,0,0,0,0,
2211,159-00001,,2049,1175,,0,0,Y,0,0,0,0,
1004,132-00025,,400000,182857,,0,0,Y,0,0,0,0,
731,157-00012,,549,231,,0,0,Y,0,0,0,0,
2211,158-00017,,1649,800,,0,0,Y,0,0,0,0,
2211,158-00018,,2049,900,,0,0,Y,0,0,0,0,
2211,153-00009,,2049,1200,,0,0,Y,0,0,0,0,
2211,153-00017,,2049,1200,,0,0,Y,0,0,0,0,
2211,153-00018,,3249,1971,,0,0,Y,0,0,0,0,
2211,153-00019,,1049,481,,0,0,Y,0,0,0,0,
2211,158-00020,,2649,1163,,0,0,Y,0,0,0,0,
2211,158-00019,,2649,1163,,0,0,Y,0,0,0,0,
2211,158-00021,,2649,1163,,0,0,Y,0,0,0,0,
2211,157-00007,,949,450,,0,0,Y,0,0,0,0,
731,157-00017,,649,199,,0,0,Y,0,0,0,0,
2211,158-00001,,2649,1200,,0,0,Y,0,0,0,0,
2211,158-00003,,3049,1506,,0,0,Y,0,0,0,0,
2211,158-00002,,2649,1163,,0,0,Y,0,0,0,0,
2211,158-00004,,3049,1506,,0,0,Y,0,0,0,0,
2211,171-00002,,8849,6031,,0,0,Y,0,0,0,0,
2211,133-00002,,36549,27429,,0,0,Y,0,0,0,0,
2211,131-00008,,25749,15739,,0,0,Y,0,0,0,0,
2211,131-00010,,11549,7740,,0,0,Y,0,0,0,0,
2211,131-00009,,13149,8928,,0,0,Y,0,0,0,0,
2211,134-00002,,29949,21120,,0,0,Y,0,0,0,0,
731,153-00008,,1549,875,,0,0,Y,0,0,0,0,
2211,135-00004,,27649,16293,,0,0,Y,0,0,0,0,
2211,135-00003,,28549,16293,,0,0,Y,0,0,0,0,
2211,133-00019,,39849,28571,,0,0,Y,0,0,0,0,
2211,132-00001,,24149,14346,,0,0,Y,0,0,0,0,
2211,132-00002,,25249,17343,,0,0,Y,0,0,0,0,
2211,132-00004,,36249,26709,,0,0,Y,0,0,0,0,
2211,132-00005,,36849,27171,,0,0,Y,0,0,0,0,
2211,132-00027,,16049,9311,,0,0,Y,0,0,0,0,
2211,132-00028,,16249,9311,,0,0,Y,0,0,0,0,
2211,132-00033,,17249,10496,,0,0,Y,0,0,0,0,
731,153-00014,,1549,875,,0,0,Y,0,0,0,0,
2211,132-00032,,17249,10496,,0,0,Y,0,0,0,0,
2211,113-00002,,8149,4496,,0,0,Y,0,0,0,0,
2211,122-00014,,11649,6393,,0,0,Y,0,0,0,0,
2211,122-00015,,12349,6589,,0,0,Y,0,0,0,0,
2211,122-00016,,14449,7543,,0,0,Y,0,0,0,0,
2211,122-00013,,15149,9387,,0,0,Y,0,0,0,0,
2211,132-00034,,11049,5888,,0,0,Y,0,0,0,0,
2211,141-00016,,115000,108478,,0,0,Y,0,0,0,0,
2211,141-00017,,124000,108478,,0,0,Y,0,0,0,0,
2211,132-00012,,125149,82667,,0,0,Y,0,0,0,0,
731,153-00012,,1149,513,,0,0,Y,0,0,0,0,
2211,141-00004,,355449,350769,,0,0,Y,0,0,0,0,
2211,171-00005,,3149,1848,,0,0,Y,0,0,0,0,
2211,134-00001,,27349,23573,,0,0,Y,0,0,0,0,
2211,141-00019,,282730,218929,,0,0,Y,0,0,0,0,
2211,141-00020,,282730,218929,,0,0,Y,0,0,0,0,
2211,132-00016,,31649,26266,,0,0,Y,0,0,0,0,
2211,132-00006,,49749,34783,,0,0,Y,0,0,0,0,
2211,132-00007,,46549,28571,,0,0,Y,0,0,0,0,
2211,132-00008,,33549,22879,,0,0,Y,0,0,0,0,
2211,132-00018,,106949,85600,,0,0,Y,0,0,0,0,
731,153-00016,,1149,513,,0,0,Y,0,0,0,0,
2211,141-00002,,213449,167940,,0,0,Y,0,0,0,0,
2211,141-00008,,326149,288131,,0,0,Y,0,0,0,0,
2211,141-00013,,450449,384189,,0,0,Y,0,0,0,0,
2211,141-00022,,450449,384189,,0,0,Y,0,0,0,0,
2211,141-00014,,434449,363534,,0,0,Y,0,0,0,0,
2211,142-00002,,246449,218277,,0,0,Y,0,0,0,0,
2211,155-00001,,2949,1150,,0,0,Y,0,0,0,0,
2211,155-00002,,3849,1475,,0,0,Y,0,0,0,0,
2211,171-00010,,771,246,,0,0,Y,0,0,0,0,
2211,171-00006,,1004,325,,0,0,Y,0,0,0,0,
731,156-00019,,649,363,,0,0,Y,0,0,0,0,
2211,171-00007,,1236,406,,0,0,Y,0,0,0,0,
2211,141-00018,,894770,688283,,0,0,Y,0,0,0,0,
2211,132-00010,,67014,52579,,0,0,Y,0,0,0,0,
2211,158-00022,,8849,4171,,0,0,Y,0,0,0,0,
2211,133-00007,,30897,20969,,0,0,Y,0,0,0,0,
2211,133-00011,,34600,23491,,0,0,Y,0,0,0,0,
2211,133-00013,,36178,24533,,0,0,Y,0,0,0,0,
2211,133-00014,,38049,25186,,0,0,Y,0,0,0,0,
2211,133-00017,,45349,25919,,0,0,Y,0,0,0,0,
2211,132-00025,,400000,182857,,0,0,Y,0,0,0,0,
731,157-00015,,749,358,,0,0,Y,0,0,0,0,
2211,163-00124,,89000,89231,,0,0,Y,0,0,0,0,
2211,122-00003,,12149,6396,,0,0,Y,0,0,0,0,
2211,132-00022,,64049,50000,,0,0,Y,0,0,0,0,
2211,158-00011,,7406,3634,,0,0,Y,0,0,0,0,
2211,158-00012,,7406,3634,,0,0,Y,0,0,0,0,
2211,157-00003,,749,303,,0,0,Y,0,0,0,0,
2211,157-00004,,749,303,,0,0,Y,0,0,0,0,
2211,157-00010,,749,303,,0,0,Y,0,0,0,0,
2211,157-00005,,849,334,,0,0,Y,0,0,0,0,
2211,157-00006,,849,450,,0,0,Y,0,0,0,0,
731,157-00014,,949,393,,0,0,Y,0,0,0,0,
2211,157-00011,,849,450,,0,0,Y,0,0,0,0,
2211,114-00003,,8749,5048,,0,0,Y,0,0,0,0,
2211,114-00004,,8953,5548,,0,0,Y,0,0,0,0,
2211,114-00005,,8953,5548,,0,0,Y,0,0,0,0,
2211,114-00006,,8817,5361,,0,0,Y,0,0,0,0,
2211,114-00007,,8817,5361,,0,0,Y,0,0,0,0,
2211,153-00020,,7060,3063,,0,0,Y,0,0,0,0,
2211,159-00002,,6920,3100,,0,0,Y,0,0,0,0,
2211,114-00002,,8749,5048,,0,0,Y,0,0,0,0,
1006,152-00002,,6749,2750,,0,0,Y,0,0,0,0,
731,157-00016,,849,383,,0,0,Y,0,0,0,0,
1006,171-00003,,2749,1451,,0,0,Y,0,0,0,0,
1006,156-00003,,649,398,,0,0,Y,0,0,0,0,
1006,156-00002,,649,398,,0,0,Y,0,0,0,0,
1006,156-00001,,649,398,,0,0,Y,0,0,0,0,
1006,111-00009,,8249,4438,,0,0,Y,0,0,0,0,
1006,111-00003,,8149,4175,,0,0,Y,0,0,0,0,
1006,111-00008,,8249,4538,,0,0,Y,0,0,0,0,
1006,113-00001,,8649,4425,,0,0,Y,0,0,0,0,
1006,112-00004,,7649,4050,,0,0,Y,0,0,0,0,
1006,111-00010,,9649,5000,,0,0,Y,0,0,0,0,
1004,163-00124,,89000,89231,,0,0,Y,0,0,0,0,
731,159-00001,,2049,1194,,0,0,Y,0,0,0,0,
1006,114-00001,,8749,5048,,0,0,Y,0,0,0,0,
1006,153-00003,,4349,2356,,0,0,Y,0,0,0,0,
1006,153-00005,,4749,2467,,0,0,Y,0,0,0,0,
1006,154-00002,,10149,5813,,0,0,Y,0,0,0,0,
1006,154-00004,,10549,5938,,0,0,Y,0,0,0,0,
1006,154-00006,,15749,10429,,0,0,Y,0,0,0,0,
1006,157-00012,,549,254,,0,0,Y,0,0,0,0,
1006,157-00017,,649,210,,0,0,Y,0,0,0,0,
1006,153-00008,,1549,985,,0,0,Y,0,0,0,0,
1006,153-00014,,1549,985,,0,0,Y,0,0,0,0,
731,158-00017,,1649,725,,0,0,Y,0,0,0,0,
1006,153-00012,,1149,687,,0,0,Y,0,0,0,0,
1006,153-00016,,1149,688,,0,0,Y,0,0,0,0,
1006,156-00019,,649,383,,0,0,Y,0,0,0,0,
1006,157-00015,,749,401,,0,0,Y,0,0,0,0,
1006,157-00014,,949,420,,0,0,Y,0,0,0,0,
1006,157-00016,,849,420,,0,0,Y,0,0,0,0,
1006,159-00001,,2049,1199,,0,0,Y,0,0,0,0,
1006,158-00017,,1649,788,,0,0,Y,0,0,0,0,
1006,158-00018,,2049,850,,0,0,Y,0,0,0,0,
1006,153-00009,,2049,1352,,0,0,Y,0,0,0,0,
731,158-00018,,2049,825,,0,0,Y,0,0,0,0,
1006,153-00017,,2049,1345,,0,0,Y,0,0,0,0,
1006,153-00018,,3249,1971,,0,0,Y,0,0,0,0,
1006,153-00019,,1049,481,,0,0,Y,0,0,0,0,
1006,158-00020,,2649,1163,,0,0,Y,0,0,0,0,
1006,158-00019,,2649,1163,,0,0,Y,0,0,0,0,
1006,158-00021,,2649,1163,,0,0,Y,0,0,0,0,
1006,157-00007,,949,438,,0,0,Y,0,0,0,0,
1006,158-00001,,2649,1200,,0,0,Y,0,0,0,0,
1006,158-00003,,3049,1438,,0,0,Y,0,0,0,0,
1006,158-00002,,2649,1163,,0,0,Y,0,0,0,0,
731,153-00009,,2049,1138,,0,0,Y,0,0,0,0,
1006,158-00004,,3049,1438,,0,0,Y,0,0,0,0,
1006,171-00002,,8849,6031,,0,0,Y,0,0,0,0,
1006,133-00002,,36549,27429,,0,0,Y,0,0,0,0,
1006,131-00008,,25749,15739,,0,0,Y,0,0,0,0,
1006,131-00010,,11549,7740,,0,0,Y,0,0,0,0,
1006,131-00009,,13149,8928,,0,0,Y,0,0,0,0,
1006,134-00002,,29949,21120,,0,0,Y,0,0,0,0,
1006,135-00004,,27649,16293,,0,0,Y,0,0,0,0,
1006,135-00003,,28549,16293,,0,0,Y,0,0,0,0,
1006,133-00019,,39849,28571,,0,0,Y,0,0,0,0,
731,153-00017,,2049,1138,,0,0,Y,0,0,0,0,
1006,132-00001,,24149,14346,,0,0,Y,0,0,0,0,
1006,132-00002,,25249,17343,,0,0,Y,0,0,0,0,
1006,132-00004,,36249,26709,,0,0,Y,0,0,0,0,
1006,132-00005,,36849,27171,,0,0,Y,0,0,0,0,
1006,132-00027,,16049,9311,,0,0,Y,0,0,0,0,
1006,132-00028,,16249,9311,,0,0,Y,0,0,0,0,
1006,132-00033,,17249,10496,,0,0,Y,0,0,0,0,
1006,132-00032,,17249,10496,,0,0,Y,0,0,0,0,
1006,113-00002,,8149,4496,,0,0,Y,0,0,0,0,
1006,122-00014,,11649,6393,,0,0,Y,0,0,0,0,
731,153-00018,,3249,1844,,0,0,Y,0,0,0,0,
1006,122-00015,,12349,6589,,0,0,Y,0,0,0,0,
1006,122-00016,,14449,7543,,0,0,Y,0,0,0,0,
1006,122-00013,,15149,9387,,0,0,Y,0,0,0,0,
1006,132-00034,,11049,5888,,0,0,Y,0,0,0,0,
1006,141-00016,,115000,108478,,0,0,Y,0,0,0,0,
1006,141-00017,,124000,108478,,0,0,Y,0,0,0,0,
1006,132-00012,,125149,82667,,0,0,Y,0,0,0,0,
1006,141-00004,,355449,350769,,0,0,Y,0,0,0,0,
1006,171-00005,,3149,1848,,0,0,Y,0,0,0,0,
1006,134-00001,,27349,23573,,0,0,Y,0,0,0,0,
731,153-00019,,1049,413,,0,0,Y,0,0,0,0,
1006,141-00019,,282730,218929,,0,0,Y,0,0,0,0,
1006,141-00020,,282730,218929,,0,0,Y,0,0,0,0,
1006,132-00016,,31649,26266,,0,0,Y,0,0,0,0,
1006,132-00006,,49749,34783,,0,0,Y,0,0,0,0,
1006,132-00007,,46549,28571,,0,0,Y,0,0,0,0,
1006,132-00008,,33549,22879,,0,0,Y,0,0,0,0,
1006,132-00018,,106949,85600,,0,0,Y,0,0,0,0,
1006,141-00002,,213449,167940,,0,0,Y,0,0,0,0,
1006,141-00008,,326149,288131,,0,0,Y,0,0,0,0,
1006,141-00013,,450449,384189,,0,0,Y,0,0,0,0,
731,158-00020,,2649,1200,,0,0,Y,0,0,0,0,
1006,141-00022,,450449,384189,,0,0,Y,0,0,0,0,
1006,141-00014,,434449,363534,,0,0,Y,0,0,0,0,
1006,142-00002,,246449,218277,,0,0,Y,0,0,0,0,
1006,155-00001,,2949,1150,,0,0,Y,0,0,0,0,
1006,155-00002,,3849,1475,,0,0,Y,0,0,0,0,
1006,171-00010,,771,246,,0,0,Y,0,0,0,0,
1006,171-00006,,1004,325,,0,0,Y,0,0,0,0,
1006,171-00007,,1236,406,,0,0,Y,0,0,0,0,
1006,141-00018,,894770,688283,,0,0,Y,0,0,0,0,
1006,132-00010,,67014,52579,,0,0,Y,0,0,0,0,
731,158-00019,,2649,1200,,0,0,Y,0,0,0,0,
1006,158-00022,,8849,4171,,0,0,Y,0,0,0,0,
1006,133-00007,,30897,20969,,0,0,Y,0,0,0,0,
1006,133-00011,,34600,23491,,0,0,Y,0,0,0,0,
1006,133-00013,,36178,24533,,0,0,Y,0,0,0,0,
1006,133-00014,,38049,25186,,0,0,Y,0,0,0,0,
1006,133-00017,,45349,25919,,0,0,Y,0,0,0,0,
1006,132-00025,,400000,182857,,0,0,Y,0,0,0,0,
1006,163-00124,,89000,89231,,0,0,Y,0,0,0,0,
1006,122-00003,,12149,6396,,0,0,Y,0,0,0,0,
1006,132-00022,,64049,50000,,0,0,Y,0,0,0,0,
731,158-00021,,2649,1200,,0,0,Y,0,0,0,0,
1006,158-00011,,7406,3634,,0,0,Y,0,0,0,0,
1006,158-00012,,7406,3634,,0,0,Y,0,0,0,0,
1006,157-00003,,749,303,,0,0,Y,0,0,0,0,
1006,157-00004,,749,303,,0,0,Y,0,0,0,0,
1006,157-00010,,749,303,,0,0,Y,0,0,0,0,
1006,157-00005,,849,334,,0,0,Y,0,0,0,0,
1006,157-00006,,849,438,,0,0,Y,0,0,0,0,
1006,157-00011,,849,438,,0,0,Y,0,0,0,0,
1006,114-00003,,8749,5048,,0,0,Y,0,0,0,0,
1006,114-00004,,8953,5548,,0,0,Y,0,0,0,0,
1004,122-00003,,12149,6396,,0,0,Y,0,0,0,0,
731,157-00007,,949,463,,0,0,Y,0,0,0,0,
1006,114-00005,,8953,5548,,0,0,Y,0,0,0,0,
1006,114-00006,,8817,5361,,0,0,Y,0,0,0,0,
1006,114-00007,,8817,5361,,0,0,Y,0,0,0,0,
1006,153-00020,,7060,3063,,0,0,Y,0,0,0,0,
1006,159-00002,,6920,3100,,0,0,Y,0,0,0,0,
1006,114-00002,,8749,5048,,0,0,Y,0,0,0,0,
2467,152-00002,,6749,2775,,0,0,Y,0,0,0,0,
2467,171-00003,,2749,1451,,0,0,Y,0,0,0,0,
2467,156-00003,,649,398,,0,0,Y,0,0,0,0,
2467,156-00002,,649,398,,0,0,Y,0,0,0,0,
731,158-00001,,2649,1275,,0,0,Y,0,0,0,0,
2467,156-00001,,649,398,,0,0,Y,0,0,0,0,
2467,111-00009,,8249,4438,,0,0,Y,0,0,0,0,
2467,111-00003,,8149,4225,,0,0,Y,0,0,0,0,
2467,111-00008,,8249,4688,,0,0,Y,0,0,0,0,
2467,113-00001,,8649,4475,,0,0,Y,0,0,0,0,
2467,112-00004,,7649,4100,,0,0,Y,0,0,0,0,
2467,111-00010,,9649,5000,,0,0,Y,0,0,0,0,
2467,114-00001,,8749,5048,,0,0,Y,0,0,0,0,
2467,153-00003,,4349,2450,,0,0,Y,0,0,0,0,
2467,153-00005,,4749,2525,,0,0,Y,0,0,0,0,
731,158-00003,,3049,1375,,0,0,Y,0,0,0,0,
2467,154-00002,,10149,5875,,0,0,Y,0,0,0,0,
2467,154-00004,,10549,5938,,0,0,Y,0,0,0,0,
2467,154-00006,,15749,10571,,0,0,Y,0,0,0,0,
2467,157-00012,,549,264,,0,0,Y,0,0,0,0,
2467,157-00017,,649,218,,0,0,Y,0,0,0,0,
2467,153-00008,,1549,1041,,0,0,Y,0,0,0,0,
2467,153-00014,,1549,940,,0,0,Y,0,0,0,0,
2467,153-00012,,1149,688,,0,0,Y,0,0,0,0,
2467,153-00016,,1149,748,,0,0,Y,0,0,0,0,
2467,156-00019,,649,414,,0,0,Y,0,0,0,0,
731,158-00002,,2649,1200,,0,0,Y,0,0,0,0,
2467,157-00015,,749,401,,0,0,Y,0,0,0,0,
2467,157-00014,,949,446,,0,0,Y,0,0,0,0,
2467,157-00016,,849,420,,0,0,Y,0,0,0,0,
2467,159-00001,,2049,1199,,0,0,Y,0,0,0,0,
2467,158-00017,,1649,788,,0,0,Y,0,0,0,0,
2467,158-00018,,2049,850,,0,0,Y,0,0,0,0,
2467,153-00009,,2049,1320,,0,0,Y,0,0,0,0,
2467,153-00017,,2049,1314,,0,0,Y,0,0,0,0,
2467,153-00018,,3249,1938,,0,0,Y,0,0,0,0,
2467,153-00019,,1049,481,,0,0,Y,0,0,0,0,
731,158-00004,,3049,1375,,0,0,Y,0,0,0,0,
2467,158-00020,,2649,1188,,0,0,Y,0,0,0,0,
2467,158-00019,,2649,1188,,0,0,Y,0,0,0,0,
2467,158-00021,,2649,1188,,0,0,Y,0,0,0,0,
2467,157-00007,,949,438,,0,0,Y,0,0,0,0,
2467,158-00001,,2649,1225,,0,0,Y,0,0,0,0,
2467,158-00003,,3049,1506,,0,0,Y,0,0,0,0,
2467,158-00002,,2649,1188,,0,0,Y,0,0,0,0,
2467,158-00004,,3049,1438,,0,0,Y,0,0,0,0,
2467,171-00002,,8849,6031,,0,0,Y,0,0,0,0,
2467,133-00002,,36549,27429,,0,0,Y,0,0,0,0,
731,171-00002,,8849,6031,,0,0,Y,0,0,0,0,
2467,131-00008,,25749,15739,,0,0,Y,0,0,0,0,
2467,131-00010,,11549,7740,,0,0,Y,0,0,0,0,
2467,131-00009,,13149,8928,,0,0,Y,0,0,0,0,
2467,134-00002,,29949,21120,,0,0,Y,0,0,0,0,
2467,135-00004,,27649,16293,,0,0,Y,0,0,0,0,
2467,135-00003,,28549,16293,,0,0,Y,0,0,0,0,
2467,133-00019,,39849,28571,,0,0,Y,0,0,0,0,
2467,132-00001,,24149,14346,,0,0,Y,0,0,0,0,
2467,132-00002,,25249,17343,,0,0,Y,0,0,0,0,
2467,132-00004,,36249,26709,,0,0,Y,0,0,0,0,
731,133-00002,,36549,27429,,0,0,Y,0,0,0,0,
2467,132-00005,,36849,27171,,0,0,Y,0,0,0,0,
2467,132-00027,,16049,9311,,0,0,Y,0,0,0,0,
2467,132-00028,,16249,9311,,0,0,Y,0,0,0,0,
2467,132-00033,,17249,10496,,0,0,Y,0,0,0,0,
2467,132-00032,,17249,10496,,0,0,Y,0,0,0,0,
2467,113-00002,,8149,4496,,0,0,Y,0,0,0,0,
2467,122-00014,,11649,6393,,0,0,Y,0,0,0,0,
2467,122-00015,,12349,6589,,0,0,Y,0,0,0,0,
2467,122-00016,,14449,7543,,0,0,Y,0,0,0,0,
2467,122-00013,,15149,9387,,0,0,Y,0,0,0,0,
731,131-00008,,25749,15739,,0,0,Y,0,0,0,0,
2467,132-00034,,11049,5888,,0,0,Y,0,0,0,0,
2467,141-00016,,115000,108478,,0,0,Y,0,0,0,0,
2467,141-00017,,124000,108478,,0,0,Y,0,0,0,0,
2467,132-00012,,125149,82667,,0,0,Y,0,0,0,0,
2467,141-00004,,355449,350769,,0,0,Y,0,0,0,0,
2467,171-00005,,3149,1848,,0,0,Y,0,0,0,0,
2467,134-00001,,27349,23573,,0,0,Y,0,0,0,0,
2467,141-00019,,282730,218929,,0,0,Y,0,0,0,0,
2467,141-00020,,282730,218929,,0,0,Y,0,0,0,0,
2467,132-00016,,31649,26266,,0,0,Y,0,0,0,0,
731,131-00010,,11549,7740,,0,0,Y,0,0,0,0,
2467,132-00006,,49749,34783,,0,0,Y,0,0,0,0,
2467,132-00007,,46549,28571,,0,0,Y,0,0,0,0,
2467,132-00008,,33549,22879,,0,0,Y,0,0,0,0,
2467,132-00018,,106949,85600,,0,0,Y,0,0,0,0,
2467,141-00002,,213449,167940,,0,0,Y,0,0,0,0,
2467,141-00008,,326149,288131,,0,0,Y,0,0,0,0,
2467,141-00013,,450449,384189,,0,0,Y,0,0,0,0,
2467,141-00022,,450449,384189,,0,0,Y,0,0,0,0,
2467,141-00014,,434449,363534,,0,0,Y,0,0,0,0,
2467,142-00002,,246449,218277,,0,0,Y,0,0,0,0,
731,131-00009,,13149,8928,,0,0,Y,0,0,0,0,
2467,155-00001,,2949,1150,,0,0,Y,0,0,0,0,
2467,155-00002,,3849,1475,,0,0,Y,0,0,0,0,
2467,171-00010,,771,246,,0,0,Y,0,0,0,0,
2467,171-00006,,1004,325,,0,0,Y,0,0,0,0,
2467,171-00007,,1236,406,,0,0,Y,0,0,0,0,
2467,141-00018,,894770,688283,,0,0,Y,0,0,0,0,
2467,132-00010,,67014,52579,,0,0,Y,0,0,0,0,
2467,158-00022,,8849,4171,,0,0,Y,0,0,0,0,
2467,133-00007,,30897,20969,,0,0,Y,0,0,0,0,
2467,133-00011,,34600,23491,,0,0,Y,0,0,0,0,
1004,132-00022,,64049,50000,,0,0,Y,0,0,0,0,
731,134-00002,,29949,21120,,0,0,Y,0,0,0,0,
2467,133-00013,,36178,24533,,0,0,Y,0,0,0,0,
2467,133-00014,,38049,25186,,0,0,Y,0,0,0,0,
2467,133-00017,,45349,25919,,0,0,Y,0,0,0,0,
2467,132-00025,,400000,182857,,0,0,Y,0,0,0,0,
2467,163-00124,,89000,89231,,0,0,Y,0,0,0,0,
2467,122-00003,,12149,6396,,0,0,Y,0,0,0,0,
2467,132-00022,,64049,50000,,0,0,Y,0,0,0,0,
2467,158-00011,,7406,3634,,0,0,Y,0,0,0,0,
2467,158-00012,,7406,3634,,0,0,Y,0,0,0,0,
2467,157-00003,,749,303,,0,0,Y,0,0,0,0,
731,135-00004,,27649,16293,,0,0,Y,0,0,0,0,
2467,157-00004,,749,303,,0,0,Y,0,0,0,0,
2467,157-00010,,749,303,,0,0,Y,0,0,0,0,
2467,157-00005,,849,334,,0,0,Y,0,0,0,0,
2467,157-00006,,849,438,,0,0,Y,0,0,0,0,
2467,157-00011,,849,438,,0,0,Y,0,0,0,0,
2467,114-00003,,8749,5048,,0,0,Y,0,0,0,0,
2467,114-00004,,8953,5548,,0,0,Y,0,0,0,0,
2467,114-00005,,8953,5548,,0,0,Y,0,0,0,0,
2467,114-00006,,8817,5361,,0,0,Y,0,0,0,0,
2467,114-00007,,8817,5361,,0,0,Y,0,0,0,0,
731,135-00003,,28549,16293,,0,0,Y,0,0,0,0,
2467,153-00020,,7060,3063,,0,0,Y,0,0,0,0,
2467,159-00002,,6920,3100,,0,0,Y,0,0,0,0,
2467,114-00002,,8749,5048,,0,0,Y,0,0,0,0,
1383,152-00002,,6749,2813,,0,0,Y,0,0,0,0,
1383,171-00003,,2749,1451,,0,0,Y,0,0,0,0,
1383,156-00003,,649,398,,0,0,Y,0,0,0,0,
1383,156-00002,,649,398,,0,0,Y,0,0,0,0,
1383,156-00001,,649,398,,0,0,Y,0,0,0,0,
1383,111-00009,,8249,4438,,0,0,Y,0,0,0,0,
1383,111-00003,,8149,4225,,0,0,Y,0,0,0,0,
731,133-00019,,39849,28571,,0,0,Y,0,0,0,0,
1383,111-00008,,8249,4629,,0,0,Y,0,0,0,0,
1383,113-00001,,8649,4475,,0,0,Y,0,0,0,0,
1383,112-00004,,7649,4100,,0,0,Y,0,0,0,0,
1383,111-00010,,9649,5000,,0,0,Y,0,0,0,0,
1383,114-00001,,8749,5048,,0,0,Y,0,0,0,0,
1383,153-00003,,4349,2350,,0,0,Y,0,0,0,0,
1383,153-00005,,4749,2550,,0,0,Y,0,0,0,0,
1383,154-00002,,10149,5975,,0,0,Y,0,0,0,0,
1383,154-00004,,10549,5938,,0,0,Y,0,0,0,0,
1383,154-00006,,15749,10143,,0,0,Y,0,0,0,0,
731,132-00001,,24149,14346,,0,0,Y,0,0,0,0,
1383,157-00012,,549,238,,0,0,Y,0,0,0,0,
1383,157-00017,,649,211,,0,0,Y,0,0,0,0,
1383,153-00008,,1549,936,,0,0,Y,0,0,0,0,
1383,153-00014,,1549,938,,0,0,Y,0,0,0,0,
1383,153-00012,,1149,588,,0,0,Y,0,0,0,0,
1383,153-00016,,1149,588,,0,0,Y,0,0,0,0,
1383,156-00019,,649,393,,0,0,Y,0,0,0,0,
1383,157-00015,,749,393,,0,0,Y,0,0,0,0,
1383,157-00014,,949,413,,0,0,Y,0,0,0,0,
1383,157-00016,,849,413,,0,0,Y,0,0,0,0,
731,132-00002,,25249,17343,,0,0,Y,0,0,0,0,
1383,159-00001,,2049,1166,,0,0,Y,0,0,0,0,
1383,158-00017,,1649,726,,0,0,Y,0,0,0,0,
1383,158-00018,,2049,831,,0,0,Y,0,0,0,0,
1383,153-00009,,2049,1205,,0,0,Y,0,0,0,0,
1383,153-00017,,2049,1205,,0,0,Y,0,0,0,0,
1383,153-00018,,3249,1940,,0,0,Y,0,0,0,0,
1383,153-00019,,1049,481,,0,0,Y,0,0,0,0,
1383,158-00020,,2649,1163,,0,0,Y,0,0,0,0,
1383,158-00019,,2649,1163,,0,0,Y,0,0,0,0,
1383,158-00021,,2649,1163,,0,0,Y,0,0,0,0,
731,132-00004,,36249,26709,,0,0,Y,0,0,0,0,
1383,157-00007,,949,438,,0,0,Y,0,0,0,0,
1383,158-00001,,2649,1200,,0,0,Y,0,0,0,0,
1383,158-00003,,3049,1458,,0,0,Y,0,0,0,0,
1383,158-00002,,2649,1163,,0,0,Y,0,0,0,0,
1383,158-00004,,3049,1458,,0,0,Y,0,0,0,0,
1383,171-00002,,8849,6031,,0,0,Y,0,0,0,0,
1383,133-00002,,36549,27429,,0,0,Y,0,0,0,0,
1383,131-00008,,25749,15739,,0,0,Y,0,0,0,0,
1383,131-00010,,11549,7740,,0,0,Y,0,0,0,0,
1383,131-00009,,13149,8928,,0,0,Y,0,0,0,0,
731,132-00005,,36849,27171,,0,0,Y,0,0,0,0,
1383,134-00002,,29949,21120,,0,0,Y,0,0,0,0,
1383,135-00004,,27649,16293,,0,0,Y,0,0,0,0,
1383,135-00003,,28549,16293,,0,0,Y,0,0,0,0,
1383,133-00019,,39849,28571,,0,0,Y,0,0,0,0,
1383,132-00001,,24149,14346,,0,0,Y,0,0,0,0,
1383,132-00002,,25249,17343,,0,0,Y,0,0,0,0,
1383,132-00004,,36249,26709,,0,0,Y,0,0,0,0,
1383,132-00005,,36849,27171,,0,0,Y,0,0,0,0,
1383,132-00027,,16049,9311,,0,0,Y,0,0,0,0,
1383,132-00028,,16249,9311,,0,0,Y,0,0,0,0,
731,132-00027,,16049,8840,,0,0,Y,0,0,0,0,
1383,132-00033,,17249,10496,,0,0,Y,0,0,0,0,
1383,132-00032,,17249,10496,,0,0,Y,0,0,0,0,
1383,113-00002,,8149,4496,,0,0,Y,0,0,0,0,
1383,122-00014,,11649,6393,,0,0,Y,0,0,0,0,
1383,122-00015,,12349,6589,,0,0,Y,0,0,0,0,
1383,122-00016,,14449,7543,,0,0,Y,0,0,0,0,
1383,122-00013,,15149,9387,,0,0,Y,0,0,0,0,
1383,132-00034,,11049,5888,,0,0,Y,0,0,0,0,
1383,141-00016,,115000,108478,,0,0,Y,0,0,0,0,
1383,141-00017,,124000,108478,,0,0,Y,0,0,0,0,
731,132-00028,,16249,8840,,0,0,Y,0,0,0,0,
1383,132-00012,,125149,82667,,0,0,Y,0,0,0,0,
1383,141-00004,,355449,350769,,0,0,Y,0,0,0,0,
1383,171-00005,,3149,1848,,0,0,Y,0,0,0,0,
1383,134-00001,,27349,23573,,0,0,Y,0,0,0,0,
1383,141-00019,,282730,218929,,0,0,Y,0,0,0,0,
1383,141-00020,,282730,218929,,0,0,Y,0,0,0,0,
1383,132-00016,,31649,26266,,0,0,Y,0,0,0,0,
1383,132-00006,,49749,34783,,0,0,Y,0,0,0,0,
1383,132-00007,,46549,28571,,0,0,Y,0,0,0,0,
1383,132-00008,,33549,22879,,0,0,Y,0,0,0,0,
1004,142-00002,,246449,218277,,0,0,Y,0,0,0,0,
1004,158-00011,,7406,3634,,0,0,Y,0,0,0,0,
731,132-00033,,17249,10496,,0,0,Y,0,0,0,0,
1383,132-00018,,106949,85600,,0,0,Y,0,0,0,0,
1383,141-00002,,213449,167940,,0,0,Y,0,0,0,0,
1383,141-00008,,326149,288131,,0,0,Y,0,0,0,0,
1383,141-00013,,450449,384189,,0,0,Y,0,0,0,0,
1383,141-00022,,450449,384189,,0,0,Y,0,0,0,0,
1383,141-00014,,434449,363534,,0,0,Y,0,0,0,0,
1383,142-00002,,246449,218277,,0,0,Y,0,0,0,0,
1383,155-00001,,2949,1150,,0,0,Y,0,0,0,0,
1383,155-00002,,3849,1475,,0,0,Y,0,0,0,0,
1383,171-00010,,771,246,,0,0,Y,0,0,0,0,
731,132-00032,,17249,10496,,0,0,Y,0,0,0,0,
1383,171-00006,,1004,325,,0,0,Y,0,0,0,0,
1383,171-00007,,1236,406,,0,0,Y,0,0,0,0,
1383,141-00018,,894770,688283,,0,0,Y,0,0,0,0,
1383,132-00010,,67014,52579,,0,0,Y,0,0,0,0,
1383,158-00022,,8849,4171,,0,0,Y,0,0,0,0,
1383,133-00007,,30897,20969,,0,0,Y,0,0,0,0,
1383,133-00011,,34600,23491,,0,0,Y,0,0,0,0,
1383,133-00013,,36178,24533,,0,0,Y,0,0,0,0,
1383,133-00014,,38049,25186,,0,0,Y,0,0,0,0,
1383,133-00017,,45349,25919,,0,0,Y,0,0,0,0,
731,113-00002,,8149,4496,,0,0,Y,0,0,0,0,
1383,132-00025,,400000,182857,,0,0,Y,0,0,0,0,
1383,163-00124,,89000,89231,,0,0,Y,0,0,0,0,
1383,122-00003,,12149,6396,,0,0,Y,0,0,0,0,
1383,132-00022,,64049,50000,,0,0,Y,0,0,0,0,
1383,158-00011,,7406,3634,,0,0,Y,0,0,0,0,
1383,158-00012,,7406,3634,,0,0,Y,0,0,0,0,
1383,157-00003,,749,303,,0,0,Y,0,0,0,0,
1383,157-00004,,749,303,,0,0,Y,0,0,0,0,
1383,157-00010,,749,303,,0,0,Y,0,0,0,0,
1383,157-00005,,849,334,,0,0,Y,0,0,0,0,
731,122-00014,,11649,6393,,0,0,Y,0,0,0,0,
1383,157-00006,,849,438,,0,0,Y,0,0,0,0,
1383,157-00011,,849,438,,0,0,Y,0,0,0,0,
1383,114-00003,,8749,5048,,0,0,Y,0,0,0,0,
1383,114-00004,,8953,5548,,0,0,Y,0,0,0,0,
1383,114-00005,,8953,5548,,0,0,Y,0,0,0,0,
1383,114-00006,,8817,5361,,0,0,Y,0,0,0,0,
1383,114-00007,,8817,5361,,0,0,Y,0,0,0,0,
1383,153-00020,,7060,3063,,0,0,Y,0,0,0,0,
1383,159-00002,,6920,3100,,0,0,Y,0,0,0,0,
1383,114-00002,,8749,5048,,0,0,Y,0,0,0,0,
731,122-00015,,12349,6589,,0,0,Y,0,0,0,0,
1005,152-00002,,6749,2813,,0,0,Y,0,0,0,0,
1005,171-00003,,2749,1463,,0,0,Y,0,0,0,0,
1005,156-00003,,649,398,,0,0,Y,0,0,0,0,
1005,156-00002,,649,398,,0,0,Y,0,0,0,0,
1005,156-00001,,649,398,,0,0,Y,0,0,0,0,
1005,111-00009,,8249,4438,,0,0,Y,0,0,0,0,
1005,111-00003,,8149,4238,,0,0,Y,0,0,0,0,
1005,111-00008,,8249,4628,,0,0,Y,0,0,0,0,
1005,113-00001,,8649,4488,,0,0,Y,0,0,0,0,
1005,112-00004,,7649,4113,,0,0,Y,0,0,0,0,
731,122-00016,,14449,7543,,0,0,Y,0,0,0,0,
1005,111-00010,,9649,5000,,0,0,Y,0,0,0,0,
1000,122-00015,,12349,6589,,0,0,Y,0,0,0,0,
1000,122-00016,,14449,7543,,0,0,Y,0,0,0,0,
1000,122-00013,,15149,9387,,0,0,Y,0,0,0,0,
1000,132-00034,,11049,5888,,0,0,Y,0,0,0,0,
1000,141-00016,,115000,108478,,0,0,Y,0,0,0,0,
1000,141-00017,,124000,108478,,0,0,Y,0,0,0,0,
1000,132-00012,,125149,82667,,0,0,Y,0,0,0,0,
1000,141-00004,,355449,350769,,0,0,Y,0,0,0,0,
1000,171-00005,,3149,1848,,0,0,Y,0,0,0,0,
731,122-00013,,15149,9387,,0,0,Y,0,0,0,0,
1000,134-00001,,27349,23573,,0,0,Y,0,0,0,0,
1000,141-00019,,282730,218929,,0,0,Y,0,0,0,0,
1000,141-00020,,282730,218929,,0,0,Y,0,0,0,0,
1000,132-00016,,31649,26266,,0,0,Y,0,0,0,0,
1000,132-00006,,49749,34783,,0,0,Y,0,0,0,0,
1000,132-00007,,46549,28571,,0,0,Y,0,0,0,0,
1000,132-00008,,33549,22879,,0,0,Y,0,0,0,0,
1000,132-00018,,106949,85600,,0,0,Y,0,0,0,0,
1000,141-00002,,213449,167940,,0,0,Y,0,0,0,0,
1000,141-00008,,326149,288131,,0,0,Y,0,0,0,0,
731,132-00034,,11049,5888,,0,0,Y,0,0,0,0,
1000,141-00013,,450449,384189,,0,0,Y,0,0,0,0,
1000,141-00022,,450449,384189,,0,0,Y,0,0,0,0,
1000,141-00014,,434449,363534,,0,0,Y,0,0,0,0,
1000,142-00002,,246449,218277,,0,0,Y,0,0,0,0,
1000,155-00001,,2949,1150,,0,0,Y,0,0,0,0,
1000,155-00002,,3849,1475,,0,0,Y,0,0,0,0,
1000,171-00010,,771,246,,0,0,Y,0,0,0,0,
1000,171-00006,,1004,325,,0,0,Y,0,0,0,0,
1000,171-00007,,1236,406,,0,0,Y,0,0,0,0,
1000,141-00018,,894770,688283,,0,0,Y,0,0,0,0,
731,141-00016,,115000,108478,,0,0,Y,0,0,0,0,
1000,132-00010,,67014,52579,,0,0,Y,0,0,0,0,
1000,158-00022,,8849,4171,,0,0,Y,0,0,0,0,
1000,133-00007,,30897,20969,,0,0,Y,0,0,0,0,
1000,133-00011,,34600,23491,,0,0,Y,0,0,0,0,
1000,133-00013,,36178,24533,,0,0,Y,0,0,0,0,
1000,133-00014,,38049,25186,,0,0,Y,0,0,0,0,
1000,133-00017,,45349,25919,,0,0,Y,0,0,0,0,
1000,132-00025,,400000,182857,,0,0,Y,0,0,0,0,
1000,163-00124,,89000,89231,,0,0,Y,0,0,0,0,
1000,122-00003,,12149,6396,,0,0,Y,0,0,0,0,
731,141-00017,,124000,108478,,0,0,Y,0,0,0,0,
1000,132-00022,,64049,50000,,0,0,Y,0,0,0,0,
1000,158-00011,,7406,3634,,0,0,Y,0,0,0,0,
1000,158-00012,,7406,3634,,0,0,Y,0,0,0,0,
1000,157-00003,,749,303,,0,0,Y,0,0,0,0,
1000,157-00004,,749,303,,0,0,Y,0,0,0,0,
1000,157-00010,,749,303,,0,0,Y,0,0,0,0,
1000,157-00005,,849,334,,0,0,Y,0,0,0,0,
1000,157-00006,,849,413,,0,0,Y,0,0,0,0,
1000,157-00011,,849,413,,0,0,Y,0,0,0,0,
1000,114-00003,,8749,4625,,0,0,Y,0,0,0,0,
1004,158-00012,,7406,3634,,0,0,Y,0,0,0,0,
731,132-00012,,125149,82667,,0,0,Y,0,0,0,0,
1000,114-00004,,8953,5125,,0,0,Y,0,0,0,0,
1000,114-00005,,8953,5125,,0,0,Y,0,0,0,0,
1000,114-00006,,8817,4938,,0,0,Y,0,0,0,0,
1000,114-00007,,8817,4938,,0,0,Y,0,0,0,0,
1000,153-00020,,7060,2938,,0,0,Y,0,0,0,0,
1000,159-00002,,6920,3100,,0,0,Y,0,0,0,0,
1000,114-00002,,8749,4625,,0,0,Y,0,0,0,0,
2854,152-00002,,6749,2813,,0,0,Y,0,0,0,0,
2854,171-00003,,2749,1451,,0,0,Y,0,0,0,0,
2854,156-00003,,649,375,,0,0,Y,0,0,0,0,
731,141-00004,,355449,350769,,0,0,Y,0,0,0,0,
2854,156-00002,,649,375,,0,0,Y,0,0,0,0,
2854,156-00001,,649,375,,0,0,Y,0,0,0,0,
2854,111-00009,,8249,4438,,0,0,Y,0,0,0,0,
2854,111-00003,,8149,3975,,0,0,Y,0,0,0,0,
2854,111-00008,,8249,4250,,0,0,Y,0,0,0,0,
2854,113-00001,,8649,4225,,0,0,Y,0,0,0,0,
2854,112-00004,,7649,3850,,0,0,Y,0,0,0,0,
2854,111-00010,,9649,5000,,0,0,Y,0,0,0,0,
2854,114-00001,,8749,4625,,0,0,Y,0,0,0,0,
2854,153-00003,,4349,2150,,0,0,Y,0,0,0,0,
731,171-00005,,3149,1848,,0,0,Y,0,0,0,0,
2854,153-00005,,4749,2400,,0,0,Y,0,0,0,0,
2854,154-00002,,10149,5350,,0,0,Y,0,0,0,0,
2854,154-00004,,10549,5313,,0,0,Y,0,0,0,0,
2854,154-00006,,15749,9857,,0,0,Y,0,0,0,0,
2854,157-00012,,549,230,,0,0,Y,0,0,0,0,
2854,157-00017,,649,208,,0,0,Y,0,0,0,0,
2854,153-00008,,1549,895,,0,0,Y,0,0,0,0,
2854,153-00014,,1549,895,,0,0,Y,0,0,0,0,
2854,153-00012,,1149,598,,0,0,Y,0,0,0,0,
2854,153-00016,,1149,598,,0,0,Y,0,0,0,0,
731,134-00001,,27349,23573,,0,0,Y,0,0,0,0,
2854,156-00019,,649,370,,0,0,Y,0,0,0,0,
2854,157-00015,,749,371,,0,0,Y,0,0,0,0,
2854,157-00014,,949,404,,0,0,Y,0,0,0,0,
2854,157-00016,,849,371,,0,0,Y,0,0,0,0,
2854,159-00001,,2049,1174,,0,0,Y,0,0,0,0,
2854,158-00017,,1649,694,,0,0,Y,0,0,0,0,
2854,158-00018,,2049,844,,0,0,Y,0,0,0,0,
2854,153-00009,,2049,1125,,0,0,Y,0,0,0,0,
2854,153-00017,,2049,1125,,0,0,Y,0,0,0,0,
2854,153-00018,,3249,1969,,0,0,Y,0,0,0,0,
731,141-00019,,282730,218929,,0,0,Y,0,0,0,0,
2854,153-00019,,1049,481,,0,0,Y,0,0,0,0,
2854,158-00020,,2649,1175,,0,0,Y,0,0,0,0,
2854,158-00019,,2649,1175,,0,0,Y,0,0,0,0,
2854,158-00021,,2649,1175,,0,0,Y,0,0,0,0,
2854,157-00007,,949,413,,0,0,Y,0,0,0,0,
2854,158-00001,,2649,1200,,0,0,Y,0,0,0,0,
2854,158-00003,,3049,1350,,0,0,Y,0,0,0,0,
2854,158-00002,,2649,1100,,0,0,Y,0,0,0,0,
2854,158-00004,,3049,1321,,0,0,Y,0,0,0,0,
2854,171-00002,,8849,6031,,0,0,Y,0,0,0,0,
731,141-00020,,282730,218929,,0,0,Y,0,0,0,0,
2854,133-00002,,36549,27429,,0,0,Y,0,0,0,0,
2854,131-00008,,25749,15739,,0,0,Y,0,0,0,0,
2854,131-00010,,11549,7740,,0,0,Y,0,0,0,0,
2854,131-00009,,13149,8928,,0,0,Y,0,0,0,0,
2854,134-00002,,29949,21120,,0,0,Y,0,0,0,0,
2854,135-00004,,27649,16293,,0,0,Y,0,0,0,0,
2854,135-00003,,28549,16293,,0,0,Y,0,0,0,0,
2854,133-00019,,39849,28571,,0,0,Y,0,0,0,0,
2854,132-00001,,24149,14346,,0,0,Y,0,0,0,0,
2854,132-00002,,25249,17343,,0,0,Y,0,0,0,0,
731,132-00016,,31649,26266,,0,0,Y,0,0,0,0,
2854,132-00004,,36249,26709,,0,0,Y,0,0,0,0,
2854,132-00005,,36849,27171,,0,0,Y,0,0,0,0,
2854,132-00027,,16049,8840,,0,0,Y,0,0,0,0,
2854,132-00028,,16249,8840,,0,0,Y,0,0,0,0,
2854,132-00033,,17249,10496,,0,0,Y,0,0,0,0,
2854,132-00032,,17249,10496,,0,0,Y,0,0,0,0,
2854,113-00002,,8149,4496,,0,0,Y,0,0,0,0,
2854,122-00014,,11649,6393,,0,0,Y,0,0,0,0,
2854,122-00015,,12349,6589,,0,0,Y,0,0,0,0,
2854,122-00016,,14449,7543,,0,0,Y,0,0,0,0,
731,132-00006,,49749,34783,,0,0,Y,0,0,0,0,
2854,122-00013,,15149,9387,,0,0,Y,0,0,0,0,
2854,132-00034,,11049,5888,,0,0,Y,0,0,0,0,
2854,141-00016,,115000,108478,,0,0,Y,0,0,0,0,
2854,141-00017,,124000,108478,,0,0,Y,0,0,0,0,
2854,132-00012,,125149,82667,,0,0,Y,0,0,0,0,
2854,141-00004,,355449,350769,,0,0,Y,0,0,0,0,
2854,171-00005,,3149,1848,,0,0,Y,0,0,0,0,
2854,134-00001,,27349,23573,,0,0,Y,0,0,0,0,
2854,141-00019,,282730,218929,,0,0,Y,0,0,0,0,
2854,141-00020,,282730,218929,,0,0,Y,0,0,0,0,
731,132-00007,,46549,28571,,0,0,Y,0,0,0,0,
2854,132-00016,,31649,26266,,0,0,Y,0,0,0,0,
2854,132-00006,,49749,34783,,0,0,Y,0,0,0,0,
2854,132-00007,,46549,28571,,0,0,Y,0,0,0,0,
2854,132-00008,,33549,22879,,0,0,Y,0,0,0,0,
2854,132-00018,,106949,85600,,0,0,Y,0,0,0,0,
2854,141-00002,,213449,167940,,0,0,Y,0,0,0,0,
2854,141-00008,,326149,288131,,0,0,Y,0,0,0,0,
2854,141-00013,,450449,384189,,0,0,Y,0,0,0,0,
2854,141-00022,,450449,384189,,0,0,Y,0,0,0,0,
2854,141-00014,,434449,363534,,0,0,Y,0,0,0,0,
731,132-00008,,33549,22879,,0,0,Y,0,0,0,0,
2854,142-00002,,246449,218277,,0,0,Y,0,0,0,0,
2854,155-00001,,2949,1150,,0,0,Y,0,0,0,0,
2854,155-00002,,3849,1475,,0,0,Y,0,0,0,0,
2854,171-00010,,771,246,,0,0,Y,0,0,0,0,
2854,171-00006,,1004,325,,0,0,Y,0,0,0,0,
2854,171-00007,,1236,406,,0,0,Y,0,0,0,0,
2854,141-00018,,894770,688283,,0,0,Y,0,0,0,0,
2854,132-00010,,67014,52579,,0,0,Y,0,0,0,0,
2854,158-00022,,8849,4171,,0,0,Y,0,0,0,0,
2854,133-00007,,30897,20969,,0,0,Y,0,0,0,0,
1004,157-00003,,749,303,,0,0,Y,0,0,0,0,
731,132-00018,,106949,85600,,0,0,Y,0,0,0,0,
2854,133-00011,,34600,23491,,0,0,Y,0,0,0,0,
2854,133-00013,,36178,24533,,0,0,Y,0,0,0,0,
2854,133-00014,,38049,25186,,0,0,Y,0,0,0,0,
2854,133-00017,,45349,25919,,0,0,Y,0,0,0,0,
2854,132-00025,,400000,182857,,0,0,Y,0,0,0,0,
2854,163-00124,,89000,89231,,0,0,Y,0,0,0,0,
2854,122-00003,,12149,6396,,0,0,Y,0,0,0,0,
2854,132-00022,,64049,50000,,0,0,Y,0,0,0,0,
2854,158-00011,,7406,3634,,0,0,Y,0,0,0,0,
2854,158-00012,,7406,3634,,0,0,Y,0,0,0,0,
731,141-00002,,213449,167940,,0,0,Y,0,0,0,0,
2854,157-00003,,749,303,,0,0,Y,0,0,0,0,
2854,157-00004,,749,303,,0,0,Y,0,0,0,0,
2854,157-00010,,749,303,,0,0,Y,0,0,0,0,
2854,157-00005,,849,334,,0,0,Y,0,0,0,0,
2854,157-00006,,849,413,,0,0,Y,0,0,0,0,
2854,157-00011,,849,413,,0,0,Y,0,0,0,0,
2854,114-00003,,8749,4625,,0,0,Y,0,0,0,0,
2854,114-00004,,8953,5125,,0,0,Y,0,0,0,0,
2854,114-00005,,8953,5125,,0,0,Y,0,0,0,0,
2854,114-00006,,8817,4938,,0,0,Y,0,0,0,0,
731,141-00008,,326149,288131,,0,0,Y,0,0,0,0,
2854,114-00007,,8817,4938,,0,0,Y,0,0,0,0,
2854,153-00020,,7060,2938,,0,0,Y,0,0,0,0,
2854,159-00002,,6920,3100,,0,0,Y,0,0,0,0,
2854,114-00002,,8749,4625,,0,0,Y,0,0,0,0,
2901,152-00002,,6749,2841,,0,0,Y,0,0,0,0,
2901,171-00003,,2749,1465,,0,0,Y,0,0,0,0,
2901,156-00003,,649,379,,0,0,Y,0,0,0,0,
2901,156-00002,,649,379,,0,0,Y,0,0,0,0,
2901,156-00001,,649,379,,0,0,Y,0,0,0,0,
2901,111-00009,,8249,4438,,0,0,Y,0,0,0,0,
731,141-00013,,450449,384189,,0,0,Y,0,0,0,0,
2901,111-00003,,8149,4050,,0,0,Y,0,0,0,0,
2901,111-00008,,8249,4419,,0,0,Y,0,0,0,0,
2901,113-00001,,8649,4300,,0,0,Y,0,0,0,0,
2901,112-00004,,7649,3925,,0,0,Y,0,0,0,0,
2901,111-00010,,9649,5000,,0,0,Y,0,0,0,0,
2901,114-00001,,8749,4625,,0,0,Y,0,0,0,0,
2901,153-00003,,4349,2250,,0,0,Y,0,0,0,0,
2901,153-00005,,4749,2413,,0,0,Y,0,0,0,0,
2901,154-00002,,10149,5425,,0,0,Y,0,0,0,0,
2901,154-00004,,10549,5525,,0,0,Y,0,0,0,0,
731,141-00022,,450449,384189,,0,0,Y,0,0,0,0,
2901,154-00006,,15749,10571,,0,0,Y,0,0,0,0,
2901,157-00012,,549,245,,0,0,Y,0,0,0,0,
2901,157-00017,,649,222,,0,0,Y,0,0,0,0,
2901,153-00008,,1549,904,,0,0,Y,0,0,0,0,
2901,153-00014,,1549,904,,0,0,Y,0,0,0,0,
2901,153-00012,,1149,603,,0,0,Y,0,0,0,0,
2901,153-00016,,1149,603,,0,0,Y,0,0,0,0,
2901,156-00019,,649,374,,0,0,Y,0,0,0,0,
2901,157-00015,,749,375,,0,0,Y,0,0,0,0,
2901,157-00014,,949,408,,0,0,Y,0,0,0,0,
731,141-00014,,434449,363534,,0,0,Y,0,0,0,0,
2901,157-00016,,849,375,,0,0,Y,0,0,0,0,
2901,159-00001,,2049,1185,,0,0,Y,0,0,0,0,
2901,158-00017,,1649,701,,0,0,Y,0,0,0,0,
2901,158-00018,,2049,852,,0,0,Y,0,0,0,0,
2901,153-00009,,2049,1125,,0,0,Y,0,0,0,0,
2901,153-00017,,2049,1125,,0,0,Y,0,0,0,0,
2901,153-00018,,3249,1988,,0,0,Y,0,0,0,0,
2901,153-00019,,1049,481,,0,0,Y,0,0,0,0,
2901,158-00020,,2649,1188,,0,0,Y,0,0,0,0,
2901,158-00019,,2649,1188,,0,0,Y,0,0,0,0,
731,142-00002,,246449,218277,,0,0,Y,0,0,0,0,
2901,158-00021,,2649,1188,,0,0,Y,0,0,0,0,
2901,157-00007,,949,425,,0,0,Y,0,0,0,0,
2901,158-00001,,2649,1213,,0,0,Y,0,0,0,0,
2901,158-00003,,3049,1364,,0,0,Y,0,0,0,0,
2901,158-00002,,2649,1113,,0,0,Y,0,0,0,0,
2901,158-00004,,3049,1334,,0,0,Y,0,0,0,0,
2901,171-00002,,8849,6031,,0,0,Y,0,0,0,0,
2901,133-00002,,36549,27429,,0,0,Y,0,0,0,0,
2901,131-00008,,25749,15739,,0,0,Y,0,0,0,0,
2901,131-00010,,11549,7740,,0,0,Y,0,0,0,0,
731,155-00001,,2949,1196,,0,0,Y,0,0,0,0,
2901,131-00009,,13149,8928,,0,0,Y,0,0,0,0,
2901,134-00002,,29949,21120,,0,0,Y,0,0,0,0,
2901,135-00004,,27649,16293,,0,0,Y,0,0,0,0,
2901,135-00003,,28549,16293,,0,0,Y,0,0,0,0,
2901,133-00019,,39849,28571,,0,0,Y,0,0,0,0,
2901,132-00001,,24149,14346,,0,0,Y,0,0,0,0,
2901,132-00002,,25249,17343,,0,0,Y,0,0,0,0,
2901,132-00004,,36249,26709,,0,0,Y,0,0,0,0,
2901,132-00005,,36849,27171,,0,0,Y,0,0,0,0,
2901,132-00027,,16049,8840,,0,0,Y,0,0,0,0,
731,155-00002,,3849,1534,,0,0,Y,0,0,0,0,
2901,132-00028,,16249,8840,,0,0,Y,0,0,0,0,
2901,132-00033,,17249,10496,,0,0,Y,0,0,0,0,
2901,132-00032,,17249,10496,,0,0,Y,0,0,0,0,
2901,113-00002,,8149,4496,,0,0,Y,0,0,0,0,
2901,122-00014,,11649,6393,,0,0,Y,0,0,0,0,
2901,122-00015,,12349,6589,,0,0,Y,0,0,0,0,
2901,122-00016,,14449,7543,,0,0,Y,0,0,0,0,
2901,122-00013,,15149,9387,,0,0,Y,0,0,0,0,
2901,132-00034,,11049,5888,,0,0,Y,0,0,0,0,
2901,141-00016,,115000,108478,,0,0,Y,0,0,0,0,
731,171-00010,,771,246,,0,0,Y,0,0,0,0,
2901,141-00017,,124000,108478,,0,0,Y,0,0,0,0,
2901,132-00012,,125149,82667,,0,0,Y,0,0,0,0,
2901,141-00004,,355449,350769,,0,0,Y,0,0,0,0,
2901,171-00005,,3149,1848,,0,0,Y,0,0,0,0,
2901,134-00001,,27349,23573,,0,0,Y,0,0,0,0,
2901,141-00019,,282730,218929,,0,0,Y,0,0,0,0,
2901,141-00020,,282730,218929,,0,0,Y,0,0,0,0,
2901,132-00016,,31649,26266,,0,0,Y,0,0,0,0,
2901,132-00006,,49749,34783,,0,0,Y,0,0,0,0,
2901,132-00007,,46549,28571,,0,0,Y,0,0,0,0,
1004,157-00004,,749,303,,0,0,Y,0,0,0,0,
731,171-00006,,1004,325,,0,0,Y,0,0,0,0,
2901,132-00008,,33549,22879,,0,0,Y,0,0,0,0,
2901,132-00018,,106949,85600,,0,0,Y,0,0,0,0,
2901,141-00002,,213449,167940,,0,0,Y,0,0,0,0,
2901,141-00008,,326149,288131,,0,0,Y,0,0,0,0,
2901,141-00013,,450449,384189,,0,0,Y,0,0,0,0,
2901,141-00022,,450449,384189,,0,0,Y,0,0,0,0,
2901,141-00014,,434449,363534,,0,0,Y,0,0,0,0,
2901,142-00002,,246449,218277,,0,0,Y,0,0,0,0,
2901,155-00001,,2949,1150,,0,0,Y,0,0,0,0,
2901,155-00002,,3849,1475,,0,0,Y,0,0,0,0,
731,171-00007,,1236,406,,0,0,Y,0,0,0,0,
2901,171-00010,,771,246,,0,0,Y,0,0,0,0,
2901,171-00006,,1004,325,,0,0,Y,0,0,0,0,
2901,171-00007,,1236,406,,0,0,Y,0,0,0,0,
2901,141-00018,,894770,688283,,0,0,Y,0,0,0,0,
2901,132-00010,,67014,52579,,0,0,Y,0,0,0,0,
2901,158-00022,,8849,4171,,0,0,Y,0,0,0,0,
2901,133-00007,,30897,20969,,0,0,Y,0,0,0,0,
2901,133-00011,,34600,23491,,0,0,Y,0,0,0,0,
2901,133-00013,,36178,24533,,0,0,Y,0,0,0,0,
2901,133-00014,,38049,25186,,0,0,Y,0,0,0,0,
731,141-00018,,894770,688283,,0,0,Y,0,0,0,0,
2901,133-00017,,45349,25919,,0,0,Y,0,0,0,0,
2901,132-00025,,400000,182857,,0,0,Y,0,0,0,0,
2901,163-00124,,89000,89231,,0,0,Y,0,0,0,0,
2901,122-00003,,12149,6396,,0,0,Y,0,0,0,0,
2901,132-00022,,64049,50000,,0,0,Y,0,0,0,0,
2901,158-00011,,7406,3634,,0,0,Y,0,0,0,0,
2901,158-00012,,7406,3634,,0,0,Y,0,0,0,0,
2901,157-00003,,749,303,,0,0,Y,0,0,0,0,
2901,157-00004,,749,303,,0,0,Y,0,0,0,0,
2901,157-00010,,749,303,,0,0,Y,0,0,0,0,
731,132-00010,,67014,52579,,0,0,Y,0,0,0,0,
2901,157-00005,,849,334,,0,0,Y,0,0,0,0,
2901,157-00006,,849,425,,0,0,Y,0,0,0,0,
2901,157-00011,,849,425,,0,0,Y,0,0,0,0,
2901,114-00003,,8749,4625,,0,0,Y,0,0,0,0,
2901,114-00004,,8953,5125,,0,0,Y,0,0,0,0,
2901,114-00005,,8953,5125,,0,0,Y,0,0,0,0,
2901,114-00006,,8817,4938,,0,0,Y,0,0,0,0,
2901,114-00007,,8817,4938,,0,0,Y,0,0,0,0,
2901,153-00020,,7060,3063,,0,0,Y,0,0,0,0,
2901,159-00002,,6920,3100,,0,0,Y,0,0,0,0,
731,158-00022,,8849,4171,,0,0,Y,0,0,0,0,
2901,114-00002,,8749,4625,,0,0,Y,0,0,0,0,
998,152-00002,,6749,2813,,0,0,Y,0,0,0,0,
998,171-00003,,2749,1451,,0,0,Y,0,0,0,0,
998,156-00003,,649,394,,0,0,Y,0,0,0,0,
998,156-00002,,649,394,,0,0,Y,0,0,0,0,
998,156-00001,,649,394,,0,0,Y,0,0,0,0,
998,111-00009,,8249,4438,,0,0,Y,0,0,0,0,
998,111-00003,,8149,4100,,0,0,Y,0,0,0,0,
998,111-00008,,8249,4563,,0,0,Y,0,0,0,0,
998,113-00001,,8649,4350,,0,0,Y,0,0,0,0,
731,133-00007,,30897,20969,,0,0,Y,0,0,0,0,
998,112-00004,,7649,3975,,0,0,Y,0,0,0,0,
998,111-00010,,9649,5000,,0,0,Y,0,0,0,0,
998,114-00001,,8749,4625,,0,0,Y,0,0,0,0,
998,153-00003,,4349,2225,,0,0,Y,0,0,0,0,
998,153-00005,,4749,2400,,0,0,Y,0,0,0,0,
998,154-00002,,10149,5463,,0,0,Y,0,0,0,0,
998,154-00004,,10549,5525,,0,0,Y,0,0,0,0,
998,154-00006,,15749,9857,,0,0,Y,0,0,0,0,
998,157-00012,,549,230,,0,0,Y,0,0,0,0,
998,157-00017,,649,193,,0,0,Y,0,0,0,0,
731,133-00011,,34600,23491,,0,0,Y,0,0,0,0,
998,153-00008,,1549,896,,0,0,Y,0,0,0,0,
998,153-00014,,1549,896,,0,0,Y,0,0,0,0,
998,153-00012,,1149,598,,0,0,Y,0,0,0,0,
998,153-00016,,1149,598,,0,0,Y,0,0,0,0,
998,156-00019,,649,370,,0,0,Y,0,0,0,0,
998,157-00015,,749,371,,0,0,Y,0,0,0,0,
998,157-00014,,949,404,,0,0,Y,0,0,0,0,
998,157-00016,,849,371,,0,0,Y,0,0,0,0,
998,159-00001,,2049,1186,,0,0,Y,0,0,0,0,
998,158-00017,,1649,758,,0,0,Y,0,0,0,0,
731,133-00013,,36178,24533,,0,0,Y,0,0,0,0,
998,158-00018,,2049,844,,0,0,Y,0,0,0,0,
998,153-00009,,2049,1125,,0,0,Y,0,0,0,0,
998,153-00017,,2049,1125,,0,0,Y,0,0,0,0,
998,153-00018,,3249,1969,,0,0,Y,0,0,0,0,
998,153-00019,,1049,481,,0,0,Y,0,0,0,0,
998,158-00020,,2649,1113,,0,0,Y,0,0,0,0,
998,158-00019,,2649,1113,,0,0,Y,0,0,0,0,
998,158-00021,,2649,1113,,0,0,Y,0,0,0,0,
998,157-00007,,949,413,,0,0,Y,0,0,0,0,
998,158-00001,,2649,1138,,0,0,Y,0,0,0,0,
731,133-00014,,38049,25186,,0,0,Y,0,0,0,0,
998,158-00003,,3049,1350,,0,0,Y,0,0,0,0,
998,158-00002,,2649,1100,,0,0,Y,0,0,0,0,
998,158-00004,,3049,1350,,0,0,Y,0,0,0,0,
998,171-00002,,8849,6031,,0,0,Y,0,0,0,0,
998,133-00002,,36549,27429,,0,0,Y,0,0,0,0,
998,131-00008,,25749,15739,,0,0,Y,0,0,0,0,
998,131-00010,,11549,7740,,0,0,Y,0,0,0,0,
998,131-00009,,13149,8928,,0,0,Y,0,0,0,0,
998,134-00002,,29949,21120,,0,0,Y,0,0,0,0,
998,135-00004,,27649,16293,,0,0,Y,0,0,0,0,
731,133-00017,,45349,25919,,0,0,Y,0,0,0,0,
998,135-00003,,28549,16293,,0,0,Y,0,0,0,0,
998,133-00019,,39849,28571,,0,0,Y,0,0,0,0,
998,132-00001,,24149,14346,,0,0,Y,0,0,0,0,
998,132-00002,,25249,17343,,0,0,Y,0,0,0,0,
998,132-00004,,36249,26709,,0,0,Y,0,0,0,0,
998,132-00005,,36849,27171,,0,0,Y,0,0,0,0,
998,132-00027,,16049,8840,,0,0,Y,0,0,0,0,
998,132-00028,,16249,8840,,0,0,Y,0,0,0,0,
998,132-00033,,17249,10496,,0,0,Y,0,0,0,0,
998,132-00032,,17249,10496,,0,0,Y,0,0,0,0,
1004,157-00010,,749,303,,0,0,Y,0,0,0,0,
731,132-00025,,400000,182857,,0,0,Y,0,0,0,0,
998,113-00002,,8149,4496,,0,0,Y,0,0,0,0,
998,122-00014,,11649,6393,,0,0,Y,0,0,0,0,
998,122-00015,,12349,6589,,0,0,Y,0,0,0,0,
998,122-00016,,14449,7543,,0,0,Y,0,0,0,0,
998,122-00013,,15149,9387,,0,0,Y,0,0,0,0,
998,132-00034,,11049,5888,,0,0,Y,0,0,0,0,
998,141-00016,,115000,108478,,0,0,Y,0,0,0,0,
998,141-00017,,124000,108478,,0,0,Y,0,0,0,0,
998,132-00012,,125149,82667,,0,0,Y,0,0,0,0,
998,141-00004,,355449,350769,,0,0,Y,0,0,0,0,
731,163-00124,,89000,89231,,0,0,Y,0,0,0,0,
998,171-00005,,3149,1848,,0,0,Y,0,0,0,0,
998,134-00001,,27349,23573,,0,0,Y,0,0,0,0,
998,141-00019,,282730,218929,,0,0,Y,0,0,0,0,
998,141-00020,,282730,218929,,0,0,Y,0,0,0,0,
998,132-00016,,31649,26266,,0,0,Y,0,0,0,0,
998,132-00006,,49749,34783,,0,0,Y,0,0,0,0,
998,132-00007,,46549,28571,,0,0,Y,0,0,0,0,
998,132-00008,,33549,22879,,0,0,Y,0,0,0,0,
998,132-00018,,106949,85600,,0,0,Y,0,0,0,0,
998,141-00002,,213449,167940,,0,0,Y,0,0,0,0,
731,122-00003,,12149,6396,,0,0,Y,0,0,0,0,
998,141-00008,,326149,288131,,0,0,Y,0,0,0,0,
998,141-00013,,450449,384189,,0,0,Y,0,0,0,0,
998,141-00022,,450449,384189,,0,0,Y,0,0,0,0,
998,141-00014,,434449,363534,,0,0,Y,0,0,0,0,
998,142-00002,,246449,218277,,0,0,Y,0,0,0,0,
998,155-00001,,2949,1150,,0,0,Y,0,0,0,0,
998,155-00002,,3849,1475,,0,0,Y,0,0,0,0,
998,171-00010,,771,246,,0,0,Y,0,0,0,0,
998,171-00006,,1004,325,,0,0,Y,0,0,0,0,
998,171-00007,,1236,406,,0,0,Y,0,0,0,0,
731,132-00022,,64049,50000,,0,0,Y,0,0,0,0,
998,141-00018,,894770,688283,,0,0,Y,0,0,0,0,
998,132-00010,,67014,52579,,0,0,Y,0,0,0,0,
998,158-00022,,8849,4171,,0,0,Y,0,0,0,0,
998,133-00007,,30897,20969,,0,0,Y,0,0,0,0,
998,133-00011,,34600,23491,,0,0,Y,0,0,0,0,
998,133-00013,,36178,24533,,0,0,Y,0,0,0,0,
998,133-00014,,38049,25186,,0,0,Y,0,0,0,0,
998,133-00017,,45349,25919,,0,0,Y,0,0,0,0,
998,132-00025,,400000,182857,,0,0,Y,0,0,0,0,
998,163-00124,,89000,89231,,0,0,Y,0,0,0,0,
731,158-00011,,7406,3634,,0,0,Y,0,0,0,0,
998,122-00003,,12149,6396,,0,0,Y,0,0,0,0,
998,132-00022,,64049,50000,,0,0,Y,0,0,0,0,
998,158-00011,,7406,3634,,0,0,Y,0,0,0,0,
998,158-00012,,7406,3634,,0,0,Y,0,0,0,0,
998,157-00003,,749,303,,0,0,Y,0,0,0,0,
998,157-00004,,749,303,,0,0,Y,0,0,0,0,
998,157-00010,,749,303,,0,0,Y,0,0,0,0,
998,157-00005,,849,334,,0,0,Y,0,0,0,0,
998,157-00006,,849,413,,0,0,Y,0,0,0,0,
998,157-00011,,849,413,,0,0,Y,0,0,0,0,
731,158-00012,,7406,3634,,0,0,Y,0,0,0,0,
998,114-00003,,8749,4625,,0,0,Y,0,0,0,0,
998,114-00004,,8953,5125,,0,0,Y,0,0,0,0,
998,114-00005,,8953,5125,,0,0,Y,0,0,0,0,
998,114-00006,,8817,4938,,0,0,Y,0,0,0,0,
998,114-00007,,8817,4938,,0,0,Y,0,0,0,0,
998,153-00020,,7060,3063,,0,0,Y,0,0,0,0,
998,159-00002,,6920,3100,,0,0,Y,0,0,0,0,
998,114-00002,,8749,4625,,0,0,Y,0,0,0,0,
999,152-00002,,6749,2813,,0,0,Y,0,0,0,0,
999,171-00003,,2749,1451,,0,0,Y,0,0,0,0,
731,157-00003,,749,303,,0,0,Y,0,0,0,0,
999,156-00003,,649,379,,0,0,Y,0,0,0,0,
999,156-00002,,649,379,,0,0,Y,0,0,0,0,
999,156-00001,,649,379,,0,0,Y,0,0,0,0,
999,111-00009,,8249,4438,,0,0,Y,0,0,0,0,
999,111-00003,,8149,4175,,0,0,Y,0,0,0,0,
999,111-00008,,8249,4600,,0,0,Y,0,0,0,0,
999,113-00001,,8649,4425,,0,0,Y,0,0,0,0,
999,112-00004,,7649,4050,,0,0,Y,0,0,0,0,
999,111-00010,,9649,5000,,0,0,Y,0,0,0,0,
999,114-00001,,8749,4625,,0,0,Y,0,0,0,0,
731,157-00004,,749,303,,0,0,Y,0,0,0,0,
999,153-00003,,4349,2188,,0,0,Y,0,0,0,0,
999,153-00005,,4749,2413,,0,0,Y,0,0,0,0,
999,154-00002,,10149,5438,,0,0,Y,0,0,0,0,
999,154-00004,,10549,5563,,0,0,Y,0,0,0,0,
999,154-00006,,15749,9857,,0,0,Y,0,0,0,0,
999,157-00012,,549,230,,0,0,Y,0,0,0,0,
999,157-00017,,649,206,,0,0,Y,0,0,0,0,
999,153-00008,,1549,896,,0,0,Y,0,0,0,0,
999,153-00014,,1549,896,,0,0,Y,0,0,0,0,
999,153-00012,,1149,598,,0,0,Y,0,0,0,0,
731,157-00010,,749,303,,0,0,Y,0,0,0,0,
999,153-00016,,1149,598,,0,0,Y,0,0,0,0,
999,156-00019,,649,370,,0,0,Y,0,0,0,0,
999,157-00015,,749,371,,0,0,Y,0,0,0,0,
999,157-00014,,949,408,,0,0,Y,0,0,0,0,
999,157-00016,,849,371,,0,0,Y,0,0,0,0,
999,159-00001,,2049,1186,,0,0,Y,0,0,0,0,
999,158-00017,,1649,706,,0,0,Y,0,0,0,0,
999,158-00018,,2049,844,,0,0,Y,0,0,0,0,
999,153-00009,,2049,1125,,0,0,Y,0,0,0,0,
999,153-00017,,2049,1125,,0,0,Y,0,0,0,0,
731,157-00005,,849,334,,0,0,Y,0,0,0,0,
999,153-00018,,3249,1969,,0,0,Y,0,0,0,0,
999,153-00019,,1049,481,,0,0,Y,0,0,0,0,
999,158-00020,,2649,1188,,0,0,Y,0,0,0,0,
999,158-00019,,2649,1188,,0,0,Y,0,0,0,0,
999,158-00021,,2649,1188,,0,0,Y,0,0,0,0,
999,157-00007,,949,425,,0,0,Y,0,0,0,0,
999,158-00001,,2649,1213,,0,0,Y,0,0,0,0,
999,158-00003,,3049,1375,,0,0,Y,0,0,0,0,
999,158-00002,,2649,1113,,0,0,Y,0,0,0,0,
999,158-00004,,3049,1350,,0,0,Y,0,0,0,0,
1004,157-00005,,849,334,,0,0,Y,0,0,0,0,
731,157-00006,,849,463,,0,0,Y,0,0,0,0,
999,171-00002,,8849,6031,,0,0,Y,0,0,0,0,
999,133-00002,,36549,27429,,0,0,Y,0,0,0,0,
999,131-00008,,25749,15739,,0,0,Y,0,0,0,0,
999,131-00010,,11549,7740,,0,0,Y,0,0,0,0,
999,131-00009,,13149,8928,,0,0,Y,0,0,0,0,
999,134-00002,,29949,21120,,0,0,Y,0,0,0,0,
999,135-00004,,27649,16293,,0,0,Y,0,0,0,0,
999,135-00003,,28549,16293,,0,0,Y,0,0,0,0,
999,133-00019,,39849,28571,,0,0,Y,0,0,0,0,
999,132-00001,,24149,14346,,0,0,Y,0,0,0,0,
731,157-00011,,849,463,,0,0,Y,0,0,0,0,
999,132-00002,,25249,17343,,0,0,Y,0,0,0,0,
999,132-00004,,36249,26709,,0,0,Y,0,0,0,0,
999,132-00005,,36849,27171,,0,0,Y,0,0,0,0,
999,132-00027,,16049,8840,,0,0,Y,0,0,0,0,
999,132-00028,,16249,8840,,0,0,Y,0,0,0,0,
999,132-00033,,17249,10496,,0,0,Y,0,0,0,0,
999,132-00032,,17249,10496,,0,0,Y,0,0,0,0,
999,113-00002,,8149,4496,,0,0,Y,0,0,0,0,
999,122-00014,,11649,6393,,0,0,Y,0,0,0,0,
999,122-00015,,12349,6589,,0,0,Y,0,0,0,0,
731,114-00003,,8749,5288,,0,0,Y,0,0,0,0,
999,122-00016,,14449,7543,,0,0,Y,0,0,0,0,
999,122-00013,,15149,9387,,0,0,Y,0,0,0,0,
999,132-00034,,11049,5888,,0,0,Y,0,0,0,0,
999,141-00016,,115000,108478,,0,0,Y,0,0,0,0,
999,141-00017,,124000,108478,,0,0,Y,0,0,0,0,
999,132-00012,,125149,82667,,0,0,Y,0,0,0,0,
999,141-00004,,355449,350769,,0,0,Y,0,0,0,0,
999,171-00005,,3149,1848,,0,0,Y,0,0,0,0,
999,134-00001,,27349,23573,,0,0,Y,0,0,0,0,
999,141-00019,,282730,218929,,0,0,Y,0,0,0,0,
731,114-00004,,8953,5788,,0,0,Y,0,0,0,0,
999,141-00020,,282730,218929,,0,0,Y,0,0,0,0,
999,132-00016,,31649,26266,,0,0,Y,0,0,0,0,
999,132-00006,,49749,34783,,0,0,Y,0,0,0,0,
999,132-00007,,46549,28571,,0,0,Y,0,0,0,0,
999,132-00008,,33549,22879,,0,0,Y,0,0,0,0,
999,132-00018,,106949,85600,,0,0,Y,0,0,0,0,
999,141-00002,,213449,167940,,0,0,Y,0,0,0,0,
999,141-00008,,326149,288131,,0,0,Y,0,0,0,0,
999,141-00013,,450449,384189,,0,0,Y,0,0,0,0,
999,141-00022,,450449,384189,,0,0,Y,0,0,0,0,
731,114-00005,,8953,5788,,0,0,Y,0,0,0,0,
999,141-00014,,434449,363534,,0,0,Y,0,0,0,0,
999,142-00002,,246449,218277,,0,0,Y,0,0,0,0,
999,155-00001,,2949,1150,,0,0,Y,0,0,0,0,
999,155-00002,,3849,1475,,0,0,Y,0,0,0,0,
999,171-00010,,771,246,,0,0,Y,0,0,0,0,
999,171-00006,,1004,325,,0,0,Y,0,0,0,0,
999,171-00007,,1236,406,,0,0,Y,0,0,0,0,
999,141-00018,,894770,688283,,0,0,Y,0,0,0,0,
999,132-00010,,67014,52579,,0,0,Y,0,0,0,0,
999,158-00022,,8849,4171,,0,0,Y,0,0,0,0,
731,114-00006,,8817,5600,,0,0,Y,0,0,0,0,
999,133-00007,,30897,20969,,0,0,Y,0,0,0,0,
999,133-00011,,34600,23491,,0,0,Y,0,0,0,0,
999,133-00013,,36178,24533,,0,0,Y,0,0,0,0,
999,133-00014,,38049,25186,,0,0,Y,0,0,0,0,
999,133-00017,,45349,25919,,0,0,Y,0,0,0,0,
999,132-00025,,400000,182857,,0,0,Y,0,0,0,0,
999,163-00124,,89000,89231,,0,0,Y,0,0,0,0,
999,122-00003,,12149,6396,,0,0,Y,0,0,0,0,
999,132-00022,,64049,50000,,0,0,Y,0,0,0,0,
999,158-00011,,7406,3634,,0,0,Y,0,0,0,0,
731,114-00007,,8817,5600,,0,0,Y,0,0,0,0,
999,158-00012,,7406,3634,,0,0,Y,0,0,0,0,
999,157-00003,,749,303,,0,0,Y,0,0,0,0,
999,157-00004,,749,303,,0,0,Y,0,0,0,0,
999,157-00010,,749,303,,0,0,Y,0,0,0,0,
999,157-00005,,849,334,,0,0,Y,0,0,0,0,
999,157-00006,,849,425,,0,0,Y,0,0,0,0,
999,157-00011,,849,425,,0,0,Y,0,0,0,0,
999,114-00003,,8749,4625,,0,0,Y,0,0,0,0,
999,114-00004,,8953,5125,,0,0,Y,0,0,0,0,
999,114-00005,,8953,5125,,0,0,Y,0,0,0,0,
731,153-00020,,7060,3063,,0,0,Y,0,0,0,0,
999,114-00006,,8817,4938,,0,0,Y,0,0,0,0,
999,114-00007,,8817,4938,,0,0,Y,0,0,0,0,
999,153-00020,,7060,3063,,0,0,Y,0,0,0,0,
999,159-00002,,6920,3100,,0,0,Y,0,0,0,0,
999,114-00002,,8749,4625,,0,0,Y,0,0,0,0,
2428,152-00002,,6749,2833,,0,0,Y,0,0,0,0,
2428,171-00003,,2749,1451,,0,0,Y,0,0,0,0,
2428,156-00003,,649,380,,0,0,Y,0,0,0,0,
2428,156-00002,,649,380,,0,0,Y,0,0,0,0,
2428,156-00001,,649,380,,0,0,Y,0,0,0,0,
731,159-00002,,6920,3225,,0,0,Y,0,0,0,0,
2428,111-00009,,8249,4438,,0,0,Y,0,0,0,0,
2428,111-00003,,8149,4175,,0,0,Y,0,0,0,0,
2428,111-00008,,8249,4600,,0,0,Y,0,0,0,0,
2428,113-00001,,8649,4425,,0,0,Y,0,0,0,0,
2428,112-00004,,7649,4050,,0,0,Y,0,0,0,0,
2428,111-00010,,9649,5000,,0,0,Y,0,0,0,0,
2428,114-00001,,8749,4625,,0,0,Y,0,0,0,0,
2428,153-00003,,4349,2200,,0,0,Y,0,0,0,0,
2428,153-00005,,4749,2413,,0,0,Y,0,0,0,0,
2428,154-00002,,10149,5500,,0,0,Y,0,0,0,0,
731,114-00002,,8749,5288,,0,0,Y,0,0,0,0,
2428,154-00004,,10549,5625,,0,0,Y,0,0,0,0,
2428,154-00006,,15749,9857,,0,0,Y,0,0,0,0,
2428,157-00012,,549,230,,0,0,Y,0,0,0,0,
2428,157-00017,,649,206,,0,0,Y,0,0,0,0,
2428,153-00008,,1549,896,,0,0,Y,0,0,0,0,
2428,153-00014,,1549,896,,0,0,Y,0,0,0,0,
2428,153-00012,,1149,598,,0,0,Y,0,0,0,0,
2428,153-00016,,1149,598,,0,0,Y,0,0,0,0,
2428,156-00019,,649,370,,0,0,Y,0,0,0,0,
2428,157-00015,,749,370,,0,0,Y,0,0,0,0,
1004,157-00006,,849,475,,0,0,Y,0,0,0,0,
2929,152-00002,,6749,2775,,0,0,Y,0,0,0,0,
2428,157-00014,,949,404,,0,0,Y,0,0,0,0,
2428,157-00016,,849,384,,0,0,Y,0,0,0,0,
2428,159-00001,,2049,1199,,0,0,Y,0,0,0,0,
2428,158-00017,,1649,719,,0,0,Y,0,0,0,0,
2428,158-00018,,2049,844,,0,0,Y,0,0,0,0,
2428,153-00009,,2049,1125,,0,0,Y,0,0,0,0,
2428,153-00017,,2049,1125,,0,0,Y,0,0,0,0,
2428,153-00018,,3249,1973,,0,0,Y,0,0,0,0,
2428,153-00019,,1049,481,,0,0,Y,0,0,0,0,
2428,158-00020,,2649,1188,,0,0,Y,0,0,0,0,
2929,171-00003,,2749,1451,,0,0,Y,0,0,0,0,
2428,158-00019,,2649,1188,,0,0,Y,0,0,0,0,
2428,158-00021,,2649,1188,,0,0,Y,0,0,0,0,
2428,157-00007,,949,425,,0,0,Y,0,0,0,0,
2428,158-00001,,2649,1213,,0,0,Y,0,0,0,0,
2428,158-00003,,3049,1375,,0,0,Y,0,0,0,0,
2428,158-00002,,2649,1113,,0,0,Y,0,0,0,0,
2428,158-00004,,3049,1350,,0,0,Y,0,0,0,0,
2428,171-00002,,8849,6031,,0,0,Y,0,0,0,0,
2428,133-00002,,36549,27429,,0,0,Y,0,0,0,0,
2428,131-00008,,25749,15739,,0,0,Y,0,0,0,0,
2929,156-00003,,649,391,,0,0,Y,0,0,0,0,
2428,131-00010,,11549,7740,,0,0,Y,0,0,0,0,
2428,131-00009,,13149,8928,,0,0,Y,0,0,0,0,
2428,134-00002,,29949,21120,,0,0,Y,0,0,0,0,
2428,135-00004,,27649,16293,,0,0,Y,0,0,0,0,
2428,135-00003,,28549,16293,,0,0,Y,0,0,0,0,
2428,133-00019,,39849,28571,,0,0,Y,0,0,0,0,
2428,132-00001,,24149,14346,,0,0,Y,0,0,0,0,
2428,132-00002,,25249,17343,,0,0,Y,0,0,0,0,
2428,132-00004,,36249,26709,,0,0,Y,0,0,0,0,
2428,132-00005,,36849,27171,,0,0,Y,0,0,0,0,
2929,156-00002,,649,391,,0,0,Y,0,0,0,0,
2428,132-00027,,16049,8840,,0,0,Y,0,0,0,0,
2428,132-00028,,16249,8840,,0,0,Y,0,0,0,0,
2428,132-00033,,17249,10496,,0,0,Y,0,0,0,0,
2428,132-00032,,17249,10496,,0,0,Y,0,0,0,0,
2428,113-00002,,8149,4496,,0,0,Y,0,0,0,0,
2428,122-00014,,11649,6393,,0,0,Y,0,0,0,0,
2428,122-00015,,12349,6589,,0,0,Y,0,0,0,0,
2428,122-00016,,14449,7543,,0,0,Y,0,0,0,0,
2428,122-00013,,15149,9387,,0,0,Y,0,0,0,0,
2428,132-00034,,11049,5888,,0,0,Y,0,0,0,0,
2929,156-00001,,649,391,,0,0,Y,0,0,0,0,
2428,141-00016,,115000,108478,,0,0,Y,0,0,0,0,
2428,141-00017,,124000,108478,,0,0,Y,0,0,0,0,
2428,132-00012,,125149,82667,,0,0,Y,0,0,0,0,
2428,141-00004,,355449,350769,,0,0,Y,0,0,0,0,
2428,171-00005,,3149,1848,,0,0,Y,0,0,0,0,
2428,134-00001,,27349,23573,,0,0,Y,0,0,0,0,
2428,141-00019,,282730,218929,,0,0,Y,0,0,0,0,
2428,141-00020,,282730,218929,,0,0,Y,0,0,0,0,
2428,132-00016,,31649,26266,,0,0,Y,0,0,0,0,
2428,132-00006,,49749,34783,,0,0,Y,0,0,0,0,
2929,111-00009,,8249,4438,,0,0,Y,0,0,0,0,
2428,132-00007,,46549,28571,,0,0,Y,0,0,0,0,
2428,132-00008,,33549,22879,,0,0,Y,0,0,0,0,
2428,132-00018,,106949,85600,,0,0,Y,0,0,0,0,
2428,141-00002,,213449,167940,,0,0,Y,0,0,0,0,
2428,141-00008,,326149,288131,,0,0,Y,0,0,0,0,
2428,141-00013,,450449,384189,,0,0,Y,0,0,0,0,
2428,141-00022,,450449,384189,,0,0,Y,0,0,0,0,
2428,141-00014,,434449,363534,,0,0,Y,0,0,0,0,
2428,142-00002,,246449,218277,,0,0,Y,0,0,0,0,
2428,155-00001,,2949,1150,,0,0,Y,0,0,0,0,
2929,111-00003,,8149,4525,,0,0,Y,0,0,0,0,
2428,155-00002,,3849,1475,,0,0,Y,0,0,0,0,
2428,171-00010,,771,246,,0,0,Y,0,0,0,0,
2428,171-00006,,1004,325,,0,0,Y,0,0,0,0,
2428,171-00007,,1236,406,,0,0,Y,0,0,0,0,
2428,141-00018,,894770,688283,,0,0,Y,0,0,0,0,
2428,132-00010,,67014,52579,,0,0,Y,0,0,0,0,
2428,158-00022,,8849,4171,,0,0,Y,0,0,0,0,
2428,133-00007,,30897,20969,,0,0,Y,0,0,0,0,
2428,133-00011,,34600,23491,,0,0,Y,0,0,0,0,
2428,133-00013,,36178,24533,,0,0,Y,0,0,0,0,
2929,111-00008,,8249,4588,,0,0,Y,0,0,0,0,
2428,133-00014,,38049,25186,,0,0,Y,0,0,0,0,
2428,133-00017,,45349,25919,,0,0,Y,0,0,0,0,
2428,132-00025,,400000,182857,,0,0,Y,0,0,0,0,
2428,163-00124,,89000,89231,,0,0,Y,0,0,0,0,
2428,122-00003,,12149,6396,,0,0,Y,0,0,0,0,
2428,132-00022,,64049,50000,,0,0,Y,0,0,0,0,
2428,158-00011,,7406,3634,,0,0,Y,0,0,0,0,
2428,158-00012,,7406,3634,,0,0,Y,0,0,0,0,
2428,157-00003,,749,303,,0,0,Y,0,0,0,0,
2428,157-00004,,749,303,,0,0,Y,0,0,0,0,
2929,113-00001,,8649,4775,,0,0,Y,0,0,0,0,
2428,157-00010,,749,303,,0,0,Y,0,0,0,0,
2428,157-00005,,849,334,,0,0,Y,0,0,0,0,
2428,157-00006,,849,425,,0,0,Y,0,0,0,0,
2428,157-00011,,849,425,,0,0,Y,0,0,0,0,
2428,114-00003,,8749,4625,,0,0,Y,0,0,0,0,
2428,114-00004,,8953,5125,,0,0,Y,0,0,0,0,
2428,114-00005,,8953,5125,,0,0,Y,0,0,0,0,
2428,114-00006,,8817,4938,,0,0,Y,0,0,0,0,
2428,114-00007,,8817,4938,,0,0,Y,0,0,0,0,
2428,153-00020,,7060,3063,,0,0,Y,0,0,0,0,
2929,112-00004,,7649,4400,,0,0,Y,0,0,0,0,
2428,159-00002,,6920,3100,,0,0,Y,0,0,0,0,
2428,114-00002,,8749,4625,,0,0,Y,0,0,0,0,
1004,157-00011,,849,475,,0,0,Y,0,0,0,0,
2929,111-00010,,9649,5000,,0,0,Y,0,0,0,0,
2929,114-00001,,8749,5025,,0,0,Y,0,0,0,0,
2929,153-00003,,4349,2588,,0,0,Y,0,0,0,0,
2929,153-00005,,4749,2813,,0,0,Y,0,0,0,0,
2929,154-00002,,10149,6188,,0,0,Y,0,0,0,0,
2929,154-00004,,10549,6163,,0,0,Y,0,0,0,0,
2929,154-00006,,15749,12383,,0,0,Y,0,0,0,0,
2929,157-00012,,549,229,,0,0,Y,0,0,0,0,
2929,157-00017,,649,199,,0,0,Y,0,0,0,0,
2929,153-00008,,1549,908,,0,0,Y,0,0,0,0,
1004,114-00003,,8749,5375,,0,0,Y,0,0,0,0,
2929,153-00014,,1549,908,,0,0,Y,0,0,0,0,
2929,153-00012,,1149,563,,0,0,Y,0,0,0,0,
2929,153-00016,,1149,563,,0,0,Y,0,0,0,0,
2929,156-00019,,649,363,,0,0,Y,0,0,0,0,
2929,157-00015,,749,368,,0,0,Y,0,0,0,0,
2929,157-00014,,949,420,,0,0,Y,0,0,0,0,
2929,157-00016,,849,383,,0,0,Y,0,0,0,0,
2929,159-00001,,2049,1194,,0,0,Y,0,0,0,0,
2929,158-00017,,1649,750,,0,0,Y,0,0,0,0,
2929,158-00018,,2049,875,,0,0,Y,0,0,0,0,
1004,114-00004,,8953,5875,,0,0,Y,0,0,0,0,
2929,153-00009,,2049,1195,,0,0,Y,0,0,0,0,
2929,153-00017,,2049,1195,,0,0,Y,0,0,0,0,
2929,153-00018,,3249,1906,,0,0,Y,0,0,0,0,
2929,153-00019,,1049,438,,0,0,Y,0,0,0,0,
2929,158-00020,,2649,1213,,0,0,Y,0,0,0,0,
2929,158-00019,,2649,1213,,0,0,Y,0,0,0,0,
2929,158-00021,,2649,1213,,0,0,Y,0,0,0,0,
2929,157-00007,,949,475,,0,0,Y,0,0,0,0,
2929,158-00001,,2649,1250,,0,0,Y,0,0,0,0,
2929,158-00003,,3049,1435,,0,0,Y,0,0,0,0,
1004,155-00001,,2949,1196,,0,0,Y,0,0,0,0,
1004,114-00005,,8953,5875,,0,0,Y,0,0,0,0,
2929,158-00002,,2649,1213,,0,0,Y,0,0,0,0,
2929,158-00004,,3049,1435,,0,0,Y,0,0,0,0,
2929,171-00002,,8849,6031,,0,0,Y,0,0,0,0,
2929,133-00002,,36549,27429,,0,0,Y,0,0,0,0,
2929,131-00008,,25749,15739,,0,0,Y,0,0,0,0,
2929,131-00010,,11549,7740,,0,0,Y,0,0,0,0,
2929,131-00009,,13149,8928,,0,0,Y,0,0,0,0,
2929,134-00002,,29949,21120,,0,0,Y,0,0,0,0,
2929,135-00004,,27649,16293,,0,0,Y,0,0,0,0,
2929,135-00003,,28549,16293,,0,0,Y,0,0,0,0,
1004,114-00006,,8817,5688,,0,0,Y,0,0,0,0,
2929,133-00019,,39849,28571,,0,0,Y,0,0,0,0,
2929,132-00001,,24149,14346,,0,0,Y,0,0,0,0,
2929,132-00002,,25249,17343,,0,0,Y,0,0,0,0,
2929,132-00004,,36249,26709,,0,0,Y,0,0,0,0,
2929,132-00005,,36849,27171,,0,0,Y,0,0,0,0,
2929,132-00027,,16049,8840,,0,0,Y,0,0,0,0,
2929,132-00028,,16249,8840,,0,0,Y,0,0,0,0,
2929,132-00033,,17249,10496,,0,0,Y,0,0,0,0,
2929,132-00032,,17249,10496,,0,0,Y,0,0,0,0,
2929,113-00002,,8149,4496,,0,0,Y,0,0,0,0,
1004,114-00007,,8817,5688,,0,0,Y,0,0,0,0,
2929,122-00014,,11649,6393,,0,0,Y,0,0,0,0,
2929,122-00015,,12349,6589,,0,0,Y,0,0,0,0,
2929,122-00016,,14449,7543,,0,0,Y,0,0,0,0,
2929,122-00013,,15149,9387,,0,0,Y,0,0,0,0,
2929,132-00034,,11049,5888,,0,0,Y,0,0,0,0,
2929,141-00016,,115000,108478,,0,0,Y,0,0,0,0,
2929,141-00017,,124000,108478,,0,0,Y,0,0,0,0,
2929,132-00012,,125149,82667,,0,0,Y,0,0,0,0,
2929,141-00004,,355449,350769,,0,0,Y,0,0,0,0,
2929,171-00005,,3149,1848,,0,0,Y,0,0,0,0,
1004,153-00020,,7060,3125,,0,0,Y,0,0,0,0,
2929,134-00001,,27349,23573,,0,0,Y,0,0,0,0,
2929,141-00019,,282730,218929,,0,0,Y,0,0,0,0,
2929,141-00020,,282730,218929,,0,0,Y,0,0,0,0,
2929,132-00016,,31649,26266,,0,0,Y,0,0,0,0,
2929,132-00006,,49749,34783,,0,0,Y,0,0,0,0,
2929,132-00007,,46549,28571,,0,0,Y,0,0,0,0,
2929,132-00008,,33549,22879,,0,0,Y,0,0,0,0,
2929,132-00018,,106949,85600,,0,0,Y,0,0,0,0,
2929,141-00002,,213449,167940,,0,0,Y,0,0,0,0,
2929,141-00008,,326149,288131,,0,0,Y,0,0,0,0,
1004,159-00002,,6920,3225,,0,0,Y,0,0,0,0,
2929,141-00013,,450449,384189,,0,0,Y,0,0,0,0,
2929,141-00022,,450449,384189,,0,0,Y,0,0,0,0,
2929,141-00014,,434449,363534,,0,0,Y,0,0,0,0,
2929,142-00002,,246449,218277,,0,0,Y,0,0,0,0,
2929,155-00001,,2949,1196,,0,0,Y,0,0,0,0,
2929,155-00002,,3849,1534,,0,0,Y,0,0,0,0,
2929,171-00010,,771,246,,0,0,Y,0,0,0,0,
2929,171-00006,,1004,325,,0,0,Y,0,0,0,0,
2929,171-00007,,1236,406,,0,0,Y,0,0,0,0,
2929,141-00018,,894770,688283,,0,0,Y,0,0,0,0,
1004,114-00002,,8749,5375,,0,0,Y,0,0,0,0,
2929,132-00010,,67014,52579,,0,0,Y,0,0,0,0,
2929,158-00022,,8849,4171,,0,0,Y,0,0,0,0,
2929,133-00007,,30897,20969,,0,0,Y,0,0,0,0,
2929,133-00011,,34600,23491,,0,0,Y,0,0,0,0,
2929,133-00013,,36178,24533,,0,0,Y,0,0,0,0,
2929,133-00014,,38049,25186,,0,0,Y,0,0,0,0,
2929,133-00017,,45349,25919,,0,0,Y,0,0,0,0,
2929,132-00025,,400000,182857,,0,0,Y,0,0,0,0,
2929,163-00124,,89000,89231,,0,0,Y,0,0,0,0,
2929,122-00003,,12149,6396,,0,0,Y,0,0,0,0,
1385,152-00002,,6749,2775,,0,0,Y,0,0,0,0,
2929,132-00022,,64049,50000,,0,0,Y,0,0,0,0,
2929,158-00011,,7406,3634,,0,0,Y,0,0,0,0,
2929,158-00012,,7406,3634,,0,0,Y,0,0,0,0,
2929,157-00003,,749,303,,0,0,Y,0,0,0,0,
2929,157-00004,,749,303,,0,0,Y,0,0,0,0,
2929,157-00010,,749,303,,0,0,Y,0,0,0,0,
2929,157-00005,,849,334,,0,0,Y,0,0,0,0,
2929,157-00006,,849,475,,0,0,Y,0,0,0,0,
2929,157-00011,,849,475,,0,0,Y,0,0,0,0,
2929,114-00003,,8749,5025,,0,0,Y,0,0,0,0,
1385,171-00003,,2749,1451,,0,0,Y,0,0,0,0,
2929,114-00004,,8953,5525,,0,0,Y,0,0,0,0,
2929,114-00005,,8953,5525,,0,0,Y,0,0,0,0,
2929,114-00006,,8817,5338,,0,0,Y,0,0,0,0,
2929,114-00007,,8817,5338,,0,0,Y,0,0,0,0,
2929,153-00020,,7060,3063,,0,0,Y,0,0,0,0,
2929,159-00002,,6920,3225,,0,0,Y,0,0,0,0,
2929,114-00002,,8749,5025,,0,0,Y,0,0,0,0,
1003,152-00002,,6749,2750,,0,0,Y,0,0,0,0,
1003,171-00003,,2749,1451,,0,0,Y,0,0,0,0,
1003,156-00003,,649,391,,0,0,Y,0,0,0,0,
1385,156-00003,,649,391,,0,0,Y,0,0,0,0,
1003,156-00002,,649,391,,0,0,Y,0,0,0,0,
1003,156-00001,,649,391,,0,0,Y,0,0,0,0,
1003,111-00009,,8249,4438,,0,0,Y,0,0,0,0,
1003,111-00003,,8149,4563,,0,0,Y,0,0,0,0,
1003,111-00008,,8249,4663,,0,0,Y,0,0,0,0,
1003,113-00001,,8649,4813,,0,0,Y,0,0,0,0,
1003,112-00004,,7649,4438,,0,0,Y,0,0,0,0,
1003,111-00010,,9649,5000,,0,0,Y,0,0,0,0,
1003,114-00001,,8749,5288,,0,0,Y,0,0,0,0,
1003,153-00003,,4349,2600,,0,0,Y,0,0,0,0,
1385,156-00002,,649,391,,0,0,Y,0,0,0,0,
1003,153-00005,,4749,2875,,0,0,Y,0,0,0,0,
1003,154-00002,,10149,6163,,0,0,Y,0,0,0,0,
1003,154-00004,,10549,6225,,0,0,Y,0,0,0,0,
1003,154-00006,,15749,11429,,0,0,Y,0,0,0,0,
1003,157-00012,,549,229,,0,0,Y,0,0,0,0,
1003,157-00017,,649,199,,0,0,Y,0,0,0,0,
1003,153-00008,,1549,908,,0,0,Y,0,0,0,0,
1003,153-00014,,1549,908,,0,0,Y,0,0,0,0,
1003,153-00012,,1149,563,,0,0,Y,0,0,0,0,
1003,153-00016,,1149,563,,0,0,Y,0,0,0,0,
1004,155-00002,,3849,1534,,0,0,Y,0,0,0,0,
1385,156-00001,,649,391,,0,0,Y,0,0,0,0,
1003,156-00019,,649,363,,0,0,Y,0,0,0,0,
1003,157-00015,,749,368,,0,0,Y,0,0,0,0,
1003,157-00014,,949,420,,0,0,Y,0,0,0,0,
1003,157-00016,,849,383,,0,0,Y,0,0,0,0,
1003,159-00001,,2049,1194,,0,0,Y,0,0,0,0,
1003,158-00017,,1649,775,,0,0,Y,0,0,0,0,
1003,158-00018,,2049,875,,0,0,Y,0,0,0,0,
1003,153-00009,,2049,1195,,0,0,Y,0,0,0,0,
1003,153-00017,,2049,1195,,0,0,Y,0,0,0,0,
1003,153-00018,,3249,1906,,0,0,Y,0,0,0,0,
1385,111-00009,,8249,4438,,0,0,Y,0,0,0,0,
1003,153-00019,,1049,450,,0,0,Y,0,0,0,0,
1003,158-00020,,2649,1213,,0,0,Y,0,0,0,0,
1003,158-00019,,2649,1213,,0,0,Y,0,0,0,0,
1003,158-00021,,2649,1213,,0,0,Y,0,0,0,0,
1003,157-00007,,949,475,,0,0,Y,0,0,0,0,
1003,158-00001,,2649,1300,,0,0,Y,0,0,0,0,
1003,158-00003,,3049,1435,,0,0,Y,0,0,0,0,
1003,158-00002,,2649,1213,,0,0,Y,0,0,0,0,
1003,158-00004,,3049,1435,,0,0,Y,0,0,0,0,
1003,171-00002,,8849,6031,,0,0,Y,0,0,0,0,
1385,111-00003,,8149,4525,,0,0,Y,0,0,0,0,
1003,133-00002,,36549,27429,,0,0,Y,0,0,0,0,
1003,131-00008,,25749,15739,,0,0,Y,0,0,0,0,
1003,131-00010,,11549,7740,,0,0,Y,0,0,0,0,
1003,131-00009,,13149,8928,,0,0,Y,0,0,0,0,
1003,134-00002,,29949,21120,,0,0,Y,0,0,0,0,
1003,135-00004,,27649,16293,,0,0,Y,0,0,0,0,
1003,135-00003,,28549,16293,,0,0,Y,0,0,0,0,
1003,133-00019,,39849,28571,,0,0,Y,0,0,0,0,
1003,132-00001,,24149,14346,,0,0,Y,0,0,0,0,
1003,132-00002,,25249,17343,,0,0,Y,0,0,0,0,
1385,111-00008,,8249,4588,,0,0,Y,0,0,0,0,
1003,132-00004,,36249,26709,,0,0,Y,0,0,0,0,
1003,132-00005,,36849,27171,,0,0,Y,0,0,0,0,
1003,132-00027,,16049,8840,,0,0,Y,0,0,0,0,
1003,132-00028,,16249,8840,,0,0,Y,0,0,0,0,
1003,132-00033,,17249,10496,,0,0,Y,0,0,0,0,
1003,132-00032,,17249,10496,,0,0,Y,0,0,0,0,
1003,113-00002,,8149,4496,,0,0,Y,0,0,0,0,
1003,122-00014,,11649,6393,,0,0,Y,0,0,0,0,
1003,122-00015,,12349,6589,,0,0,Y,0,0,0,0,
1003,122-00016,,14449,7543,,0,0,Y,0,0,0,0,
1385,113-00001,,8649,4775,,0,0,Y,0,0,0,0,
1003,122-00013,,15149,9387,,0,0,Y,0,0,0,0,
1003,132-00034,,11049,5888,,0,0,Y,0,0,0,0,
1003,141-00016,,115000,108478,,0,0,Y,0,0,0,0,
1003,141-00017,,124000,108478,,0,0,Y,0,0,0,0,
1003,132-00012,,125149,82667,,0,0,Y,0,0,0,0,
1003,141-00004,,355449,350769,,0,0,Y,0,0,0,0,
1003,171-00005,,3149,1848,,0,0,Y,0,0,0,0,
1003,134-00001,,27349,23573,,0,0,Y,0,0,0,0,
1003,141-00019,,282730,218929,,0,0,Y,0,0,0,0,
1003,141-00020,,282730,218929,,0,0,Y,0,0,0,0,
1385,112-00004,,7649,4400,,0,0,Y,0,0,0,0,
1003,132-00016,,31649,26266,,0,0,Y,0,0,0,0,
1003,132-00006,,49749,34783,,0,0,Y,0,0,0,0,
1003,132-00007,,46549,28571,,0,0,Y,0,0,0,0,
1003,132-00008,,33549,22879,,0,0,Y,0,0,0,0,
1003,132-00018,,106949,85600,,0,0,Y,0,0,0,0,
1003,141-00002,,213449,167940,,0,0,Y,0,0,0,0,
1003,141-00008,,326149,288131,,0,0,Y,0,0,0,0,
1003,141-00013,,450449,384189,,0,0,Y,0,0,0,0,
1003,141-00022,,450449,384189,,0,0,Y,0,0,0,0,
1003,141-00014,,434449,363534,,0,0,Y,0,0,0,0,
1385,111-00010,,9649,5000,,0,0,Y,0,0,0,0,
1003,142-00002,,246449,218277,,0,0,Y,0,0,0,0,
1003,155-00001,,2949,1196,,0,0,Y,0,0,0,0,
1003,155-00002,,3849,1534,,0,0,Y,0,0,0,0,
1003,171-00010,,771,246,,0,0,Y,0,0,0,0,
1003,171-00006,,1004,325,,0,0,Y,0,0,0,0,
1003,171-00007,,1236,406,,0,0,Y,0,0,0,0,
1003,141-00018,,894770,688283,,0,0,Y,0,0,0,0,
1003,132-00010,,67014,52579,,0,0,Y,0,0,0,0,
1003,158-00022,,8849,4171,,0,0,Y,0,0,0,0,
1003,133-00007,,30897,20969,,0,0,Y,0,0,0,0,
1385,114-00001,,8749,5025,,0,0,Y,0,0,0,0,
1003,133-00011,,34600,23491,,0,0,Y,0,0,0,0,
1003,133-00013,,36178,24533,,0,0,Y,0,0,0,0,
1003,133-00014,,38049,25186,,0,0,Y,0,0,0,0,
1003,133-00017,,45349,25919,,0,0,Y,0,0,0,0,
1003,132-00025,,400000,182857,,0,0,Y,0,0,0,0,
1003,163-00124,,89000,89231,,0,0,Y,0,0,0,0,
1003,122-00003,,12149,6396,,0,0,Y,0,0,0,0,
1003,132-00022,,64049,50000,,0,0,Y,0,0,0,0,
1003,158-00011,,7406,3634,,0,0,Y,0,0,0,0,
1003,158-00012,,7406,3634,,0,0,Y,0,0,0,0,
1385,153-00003,,4349,2588,,0,0,Y,0,0,0,0,
1003,157-00003,,749,303,,0,0,Y,0,0,0,0,
1003,157-00004,,749,303,,0,0,Y,0,0,0,0,
1003,157-00010,,749,303,,0,0,Y,0,0,0,0,
1003,157-00005,,849,334,,0,0,Y,0,0,0,0,
1003,157-00006,,849,475,,0,0,Y,0,0,0,0,
1003,157-00011,,849,475,,0,0,Y,0,0,0,0,
1003,114-00003,,8749,5288,,0,0,Y,0,0,0,0,
1003,114-00004,,8953,5788,,0,0,Y,0,0,0,0,
1003,114-00005,,8953,5788,,0,0,Y,0,0,0,0,
1003,114-00006,,8817,5600,,0,0,Y,0,0,0,0,
1385,153-00005,,4749,2813,,0,0,Y,0,0,0,0,
1003,114-00007,,8817,5600,,0,0,Y,0,0,0,0,
1003,153-00020,,7060,3063,,0,0,Y,0,0,0,0,
1003,159-00002,,6920,3225,,0,0,Y,0,0,0,0,
1003,114-00002,,8749,5288,,0,0,Y,0,0,0,0,
1004,152-00002,,6749,2850,,0,0,Y,0,0,0,0,
1004,171-00003,,2749,1451,,0,0,Y,0,0,0,0,
1004,156-00003,,649,413,,0,0,Y,0,0,0,0,
1004,156-00002,,649,413,,0,0,Y,0,0,0,0,
1004,156-00001,,649,413,,0,0,Y,0,0,0,0,
1004,111-00009,,8249,4563,,0,0,Y,0,0,0,0,
1004,171-00010,,771,246,,0,0,Y,0,0,0,0,
1385,154-00002,,10149,6188,,0,0,Y,0,0,0,0,
1004,111-00003,,8149,4588,,0,0,Y,0,0,0,0,
1004,111-00008,,8249,4773,,0,0,Y,0,0,0,0,
1004,113-00001,,8649,4838,,0,0,Y,0,0,0,0,
1004,112-00004,,7649,4463,,0,0,Y,0,0,0,0,
1004,111-00010,,9649,5000,,0,0,Y,0,0,0,0,
1004,114-00001,,8749,5375,,0,0,Y,0,0,0,0,
1004,153-00003,,4349,2713,,0,0,Y,0,0,0,0,
1004,153-00005,,4749,2900,,0,0,Y,0,0,0,0,
1004,154-00002,,10149,6125,,0,0,Y,0,0,0,0,
1004,154-00004,,10549,6250,,0,0,Y,0,0,0,0,
1385,154-00004,,10549,6163,,0,0,Y,0,0,0,0,
1004,154-00006,,15749,12214,,0,0,Y,0,0,0,0,
1004,157-00012,,549,236,,0,0,Y,0,0,0,0,
1004,157-00017,,649,211,,0,0,Y,0,0,0,0,
1004,153-00008,,1549,994,,0,0,Y,0,0,0,0,
1004,153-00014,,1549,986,,0,0,Y,0,0,0,0,
1004,153-00012,,1149,631,,0,0,Y,0,0,0,0,
1004,153-00016,,1149,631,,0,0,Y,0,0,0,0,
1004,156-00019,,649,370,,0,0,Y,0,0,0,0,
1004,157-00015,,749,370,,0,0,Y,0,0,0,0,
1004,157-00014,,949,401,,0,0,Y,0,0,0,0,
1385,154-00006,,15749,12383,,0,0,Y,0,0,0,0,
1004,157-00016,,849,383,,0,0,Y,0,0,0,0,
1004,159-00001,,2049,1225,,0,0,Y,0,0,0,0,
1004,158-00017,,1649,756,,0,0,Y,0,0,0,0,
1004,158-00018,,2049,894,,0,0,Y,0,0,0,0,
1004,153-00009,,2049,1238,,0,0,Y,0,0,0,0,
1004,153-00017,,2049,1238,,0,0,Y,0,0,0,0,
1004,153-00018,,3249,1906,,0,0,Y,0,0,0,0,
1004,153-00019,,1049,500,,0,0,Y,0,0,0,0,
1004,158-00020,,2649,1213,,0,0,Y,0,0,0,0,
1004,158-00019,,2649,1213,,0,0,Y,0,0,0,0,
1385,157-00012,,549,229,,0,0,Y,0,0,0,0,
1004,158-00021,,2649,1213,,0,0,Y,0,0,0,0,
1004,157-00007,,949,475,,0,0,Y,0,0,0,0,
1004,158-00001,,2649,1313,,0,0,Y,0,0,0,0,
1004,158-00003,,3049,1435,,0,0,Y,0,0,0,0,
1004,158-00002,,2649,1213,,0,0,Y,0,0,0,0,
1004,158-00004,,3049,1435,,0,0,Y,0,0,0,0,
1004,171-00002,,8849,6031,,0,0,Y,0,0,0,0,
1004,133-00002,,36549,27429,,0,0,Y,0,0,0,0,
1004,131-00008,,25749,15739,,0,0,Y,0,0,0,0,
1004,131-00010,,11549,7740,,0,0,Y,0,0,0,0,
1385,157-00017,,649,199,,0,0,Y,0,0,0,0,
1004,131-00009,,13149,8928,,0,0,Y,0,0,0,0,
1004,134-00002,,29949,21120,,0,0,Y,0,0,0,0,
1004,135-00004,,27649,16293,,0,0,Y,0,0,0,0,
1004,135-00003,,28549,16293,,0,0,Y,0,0,0,0,
1004,133-00019,,39849,28571,,0,0,Y,0,0,0,0,
1004,132-00001,,24149,14346,,0,0,Y,0,0,0,0,
1004,132-00002,,25249,17343,,0,0,Y,0,0,0,0,
1004,132-00004,,36249,26709,,0,0,Y,0,0,0,0,
1004,132-00005,,36849,27171,,0,0,Y,0,0,0,0,
1004,132-00027,,16049,8840,,0,0,Y,0,0,0,0,
1385,153-00008,,1549,908,,0,0,Y,0,0,0,0,
1004,132-00028,,16249,8840,,0,0,Y,0,0,0,0,
1004,132-00033,,17249,10496,,0,0,Y,0,0,0,0,
1004,132-00032,,17249,10496,,0,0,Y,0,0,0,0,
1004,113-00002,,8149,4496,,0,0,Y,0,0,0,0,
1004,122-00014,,11649,6393,,0,0,Y,0,0,0,0,
1004,122-00015,,12349,6589,,0,0,Y,0,0,0,0,
1004,122-00016,,14449,7543,,0,0,Y,0,0,0,0,
1004,122-00013,,15149,9387,,0,0,Y,0,0,0,0,
1004,132-00034,,11049,5888,,0,0,Y,0,0,0,0,
1004,141-00016,,115000,108478,,0,0,Y,0,0,0,0,
1385,153-00014,,1549,908,,0,0,Y,0,0,0,0,
1004,141-00017,,124000,108478,,0,0,Y,0,0,0,0,
1004,132-00012,,125149,82667,,0,0,Y,0,0,0,0,
1004,141-00004,,355449,350769,,0,0,Y,0,0,0,0,
1004,171-00005,,3149,1848,,0,0,Y,0,0,0,0,
1004,134-00001,,27349,23573,,0,0,Y,0,0,0,0,
1004,141-00019,,282730,218929,,0,0,Y,0,0,0,0,
1004,141-00020,,282730,218929,,0,0,Y,0,0,0,0,
1004,132-00016,,31649,26266,,0,0,Y,0,0,0,0,
1004,132-00006,,49749,34783,,0,0,Y,0,0,0,0,
1004,132-00007,,46549,28571,,0,0,Y,0,0,0,0,
1385,153-00012,,1149,563,,0,0,Y,0,0,0,0,
1004,132-00008,,33549,22879,,0,0,Y,0,0,0,0,
1004,132-00018,,106949,85600,,0,0,Y,0,0,0,0,
1004,141-00002,,213449,167940,,0,0,Y,0,0,0,0,
1004,141-00008,,326149,288131,,0,0,Y,0,0,0,0,
1004,141-00013,,450449,384189,,0,0,Y,0,0,0,0,
1004,141-00022,,450449,384189,,0,0,Y,0,0,0,0,
1385,157-00006,,849,475,,0,0,Y,0,0,0,0,
1385,157-00011,,849,475,,0,0,Y,0,0,0,0,
1385,114-00003,,8749,5025,,0,0,Y,0,0,0,0,
1385,114-00004,,8953,5525,,0,0,Y,0,0,0,0,
1385,153-00016,,1149,563,,0,0,Y,0,0,0,0,
1385,114-00005,,8953,5525,,0,0,Y,0,0,0,0,
1385,114-00006,,8817,5338,,0,0,Y,0,0,0,0,
1385,114-00007,,8817,5338,,0,0,Y,0,0,0,0,
1385,153-00020,,7060,3063,,0,0,Y,0,0,0,0,
1385,159-00002,,6920,3225,,0,0,Y,0,0,0,0,
1385,114-00002,,8749,5025,,0,0,Y,0,0,0,0,
1384,152-00002,,6749,2800,,0,0,Y,0,0,0,0,
1384,171-00003,,2749,1451,,0,0,Y,0,0,0,0,
1384,156-00003,,649,400,,0,0,Y,0,0,0,0,
1384,156-00002,,649,400,,0,0,Y,0,0,0,0,
1385,156-00019,,649,363,,0,0,Y,0,0,0,0,
1384,156-00001,,649,400,,0,0,Y,0,0,0,0,
1384,111-00009,,8249,4375,,0,0,Y,0,0,0,0,
1384,111-00003,,8149,4200,,0,0,Y,0,0,0,0,
1384,111-00008,,8249,4550,,0,0,Y,0,0,0,0,
1384,113-00001,,8649,4450,,0,0,Y,0,0,0,0,
1384,112-00004,,7649,4075,,0,0,Y,0,0,0,0,
1384,111-00010,,9649,5000,,0,0,Y,0,0,0,0,
1384,114-00001,,8749,5188,,0,0,Y,0,0,0,0,
1384,153-00003,,4349,2338,,0,0,Y,0,0,0,0,
1384,153-00005,,4749,2475,,0,0,Y,0,0,0,0,
1004,171-00006,,1004,325,,0,0,Y,0,0,0,0,
1385,157-00015,,749,368,,0,0,Y,0,0,0,0,
1384,154-00002,,10149,5600,,0,0,Y,0,0,0,0,
1384,154-00004,,10549,5788,,0,0,Y,0,0,0,0,
1384,154-00006,,15749,10286,,0,0,Y,0,0,0,0,
1384,157-00012,,549,229,,0,0,Y,0,0,0,0,
1384,157-00017,,649,191,,0,0,Y,0,0,0,0,
1384,153-00008,,1549,858,,0,0,Y,0,0,0,0,
1384,153-00014,,1549,856,,0,0,Y,0,0,0,0,
1384,153-00012,,1149,608,,0,0,Y,0,0,0,0,
1384,153-00016,,1149,608,,0,0,Y,0,0,0,0,
1384,156-00019,,649,383,,0,0,Y,0,0,0,0,
1385,157-00014,,949,420,,0,0,Y,0,0,0,0,
1384,157-00015,,749,370,,0,0,Y,0,0,0,0,
1384,157-00014,,949,408,,0,0,Y,0,0,0,0,
1384,157-00016,,849,383,,0,0,Y,0,0,0,0,
1384,159-00001,,2049,1194,,0,0,Y,0,0,0,0,
1384,158-00017,,1649,688,,0,0,Y,0,0,0,0,
1384,158-00018,,2049,831,,0,0,Y,0,0,0,0,
1384,153-00009,,2049,1129,,0,0,Y,0,0,0,0,
1384,153-00017,,2049,1122,,0,0,Y,0,0,0,0,
1384,153-00018,,3249,1906,,0,0,Y,0,0,0,0,
1384,153-00019,,1049,481,,0,0,Y,0,0,0,0,
1385,157-00016,,849,383,,0,0,Y,0,0,0,0,
1384,158-00020,,2649,1200,,0,0,Y,0,0,0,0,
1384,158-00019,,2649,1200,,0,0,Y,0,0,0,0,
1384,158-00021,,2649,1200,,0,0,Y,0,0,0,0,
1384,157-00007,,949,450,,0,0,Y,0,0,0,0,
1384,158-00001,,2649,1275,,0,0,Y,0,0,0,0,
1384,158-00003,,3049,1363,,0,0,Y,0,0,0,0,
1384,158-00002,,2649,1200,,0,0,Y,0,0,0,0,
1384,158-00004,,3049,1275,,0,0,Y,0,0,0,0,
1384,171-00002,,8849,6031,,0,0,Y,0,0,0,0,
1384,133-00002,,36549,27429,,0,0,Y,0,0,0,0,
1385,159-00001,,2049,1194,,0,0,Y,0,0,0,0,
1384,131-00008,,25749,15739,,0,0,Y,0,0,0,0,
1384,131-00010,,11549,7740,,0,0,Y,0,0,0,0,
1384,131-00009,,13149,8928,,0,0,Y,0,0,0,0,
1384,134-00002,,29949,21120,,0,0,Y,0,0,0,0,
1384,135-00004,,27649,16293,,0,0,Y,0,0,0,0,
1384,135-00003,,28549,16293,,0,0,Y,0,0,0,0,
1384,133-00019,,39849,28571,,0,0,Y,0,0,0,0,
1384,132-00001,,24149,14346,,0,0,Y,0,0,0,0,
1384,132-00002,,25249,17343,,0,0,Y,0,0,0,0,
1384,132-00004,,36249,26709,,0,0,Y,0,0,0,0,
1385,158-00017,,1649,750,,0,0,Y,0,0,0,0,
1384,132-00005,,36849,27171,,0,0,Y,0,0,0,0,
1384,132-00027,,16049,9076,,0,0,Y,0,0,0,0,
1384,132-00028,,16249,9076,,0,0,Y,0,0,0,0,
1384,132-00033,,17249,10496,,0,0,Y,0,0,0,0,
1384,132-00032,,17249,10496,,0,0,Y,0,0,0,0,
1384,113-00002,,8149,4496,,0,0,Y,0,0,0,0,
1384,122-00014,,11649,6393,,0,0,Y,0,0,0,0,
1384,122-00015,,12349,6589,,0,0,Y,0,0,0,0,
1384,122-00016,,14449,7543,,0,0,Y,0,0,0,0,
1384,122-00013,,15149,9387,,0,0,Y,0,0,0,0,
1385,158-00018,,2049,875,,0,0,Y,0,0,0,0,
1384,132-00034,,11049,5888,,0,0,Y,0,0,0,0,
1384,141-00016,,115000,108478,,0,0,Y,0,0,0,0,
1384,141-00017,,124000,108478,,0,0,Y,0,0,0,0,
1384,132-00012,,125149,82667,,0,0,Y,0,0,0,0,
1384,141-00004,,355449,350769,,0,0,Y,0,0,0,0,
1384,171-00005,,3149,1848,,0,0,Y,0,0,0,0,
1384,134-00001,,27349,23573,,0,0,Y,0,0,0,0,
1384,141-00019,,282730,218929,,0,0,Y,0,0,0,0,
1384,141-00020,,282730,218929,,0,0,Y,0,0,0,0,
1384,132-00016,,31649,26266,,0,0,Y,0,0,0,0,
1385,153-00009,,2049,1195,,0,0,Y,0,0,0,0,
1384,132-00006,,49749,34783,,0,0,Y,0,0,0,0,
1384,132-00007,,46549,28571,,0,0,Y,0,0,0,0,
1384,132-00008,,33549,22879,,0,0,Y,0,0,0,0,
1384,132-00018,,106949,85600,,0,0,Y,0,0,0,0,
1384,141-00002,,213449,167940,,0,0,Y,0,0,0,0,
1384,141-00008,,326149,288131,,0,0,Y,0,0,0,0,
1384,141-00013,,450449,384189,,0,0,Y,0,0,0,0,
1384,141-00022,,450449,384189,,0,0,Y,0,0,0,0,
1384,141-00014,,434449,363534,,0,0,Y,0,0,0,0,
1384,142-00002,,246449,218277,,0,0,Y,0,0,0,0,
1385,153-00017,,2049,1195,,0,0,Y,0,0,0,0,
1384,155-00001,,2949,1175,,0,0,Y,0,0,0,0,
1384,155-00002,,3849,1505,,0,0,Y,0,0,0,0,
1384,171-00010,,771,246,,0,0,Y,0,0,0,0,
1384,171-00006,,1004,325,,0,0,Y,0,0,0,0,
1384,171-00007,,1236,406,,0,0,Y,0,0,0,0,
1384,141-00018,,894770,688283,,0,0,Y,0,0,0,0,
1384,132-00010,,67014,52579,,0,0,Y,0,0,0,0,
1384,158-00022,,8849,4171,,0,0,Y,0,0,0,0,
1384,133-00007,,30897,20969,,0,0,Y,0,0,0,0,
1384,133-00011,,34600,23491,,0,0,Y,0,0,0,0,
1385,153-00018,,3249,1906,,0,0,Y,0,0,0,0,
1384,133-00013,,36178,24533,,0,0,Y,0,0,0,0,
1384,133-00014,,38049,25186,,0,0,Y,0,0,0,0,
1384,133-00017,,45349,25919,,0,0,Y,0,0,0,0,
1384,132-00025,,400000,182857,,0,0,Y,0,0,0,0,
1384,163-00124,,89000,89231,,0,0,Y,0,0,0,0,
1384,122-00003,,12149,6396,,0,0,Y,0,0,0,0,
1384,132-00022,,64049,50000,,0,0,Y,0,0,0,0,
1384,158-00011,,7406,3634,,0,0,Y,0,0,0,0,
1384,158-00012,,7406,3634,,0,0,Y,0,0,0,0,
1384,157-00003,,749,303,,0,0,Y,0,0,0,0,
1385,153-00019,,1049,438,,0,0,Y,0,0,0,0,
1384,157-00004,,749,303,,0,0,Y,0,0,0,0,
1384,157-00010,,749,303,,0,0,Y,0,0,0,0,
1384,157-00005,,849,334,,0,0,Y,0,0,0,0,
1384,157-00006,,849,450,,0,0,Y,0,0,0,0,
1384,157-00011,,849,450,,0,0,Y,0,0,0,0,
1384,114-00003,,8749,5188,,0,0,Y,0,0,0,0,
1384,114-00004,,8953,5688,,0,0,Y,0,0,0,0,
1384,114-00005,,8953,5688,,0,0,Y,0,0,0,0,
1384,114-00006,,8817,5500,,0,0,Y,0,0,0,0,
1384,114-00007,,8817,5500,,0,0,Y,0,0,0,0,
1004,171-00007,,1236,406,,0,0,Y,0,0,0,0,
1385,158-00020,,2649,1213,,0,0,Y,0,0,0,0,
1384,153-00020,,7060,3063,,0,0,Y,0,0,0,0,
1384,159-00002,,6920,3163,,0,0,Y,0,0,0,0,
1384,114-00002,,8749,5188,,0,0,Y,0,0,0,0,
1007,152-00002,,6749,2800,,0,0,Y,0,0,0,0,
1007,171-00003,,2749,1451,,0,0,Y,0,0,0,0,
1007,156-00003,,649,394,,0,0,Y,0,0,0,0,
1007,156-00002,,649,394,,0,0,Y,0,0,0,0,
1007,156-00001,,649,394,,0,0,Y,0,0,0,0,
1007,111-00009,,8249,4438,,0,0,Y,0,0,0,0,
1007,111-00003,,8149,4238,,0,0,Y,0,0,0,0,
1385,158-00019,,2649,1213,,0,0,Y,0,0,0,0,
1007,111-00008,,8249,4563,,0,0,Y,0,0,0,0,
1007,113-00001,,8649,4488,,0,0,Y,0,0,0,0,
1007,112-00004,,7649,4113,,0,0,Y,0,0,0,0,
1007,111-00010,,9649,5000,,0,0,Y,0,0,0,0,
1007,114-00001,,8749,5263,,0,0,Y,0,0,0,0,
1007,153-00003,,4349,2413,,0,0,Y,0,0,0,0,
1007,153-00005,,4749,2563,,0,0,Y,0,0,0,0,
1007,154-00002,,10149,5663,,0,0,Y,0,0,0,0,
1007,154-00004,,10549,5750,,0,0,Y,0,0,0,0,
1007,154-00006,,15749,10429,,0,0,Y,0,0,0,0,
731,152-00002,,6749,2775,,0,0,Y,0,0,0,0,
1007,157-00012,,549,223,,0,0,Y,0,0,0,0,
1007,157-00017,,649,204,,0,0,Y,0,0,0,0,
1007,153-00008,,1549,881,,0,0,Y,0,0,0,0,
1007,153-00014,,1549,881,,0,0,Y,0,0,0,0,
1007,153-00012,,1149,631,,0,0,Y,0,0,0,0,
1007,153-00016,,1149,631,,0,0,Y,0,0,0,0,
1007,156-00019,,649,389,,0,0,Y,0,0,0,0,
1007,157-00015,,749,395,,0,0,Y,0,0,0,0,
1007,157-00014,,949,408,,0,0,Y,0,0,0,0,
1007,157-00016,,849,408,,0,0,Y,0,0,0,0,
731,171-00003,,2749,1451,,0,0,Y,0,0,0,0,
1007,159-00001,,2049,1219,,0,0,Y,0,0,0,0,
1007,158-00017,,1649,713,,0,0,Y,0,0,0,0,
1007,158-00018,,2049,831,,0,0,Y,0,0,0,0,
1007,153-00009,,2049,1147,,0,0,Y,0,0,0,0,
1007,153-00017,,2049,1135,,0,0,Y,0,0,0,0,
1007,153-00018,,3249,1969,,0,0,Y,0,0,0,0,
1007,153-00019,,1049,481,,0,0,Y,0,0,0,0,
1007,158-00020,,2649,1225,,0,0,Y,0,0,0,0,
1007,158-00019,,2649,1225,,0,0,Y,0,0,0,0,
1007,158-00021,,2649,1225,,0,0,Y,0,0,0,0,
731,156-00003,,649,389,,0,0,Y,0,0,0,0,
1007,157-00007,,949,463,,0,0,Y,0,0,0,0,
1007,158-00001,,2649,1300,,0,0,Y,0,0,0,0,
1007,158-00003,,3049,1438,,0,0,Y,0,0,0,0,
1007,158-00002,,2649,1225,,0,0,Y,0,0,0,0,
1007,158-00004,,3049,1400,,0,0,Y,0,0,0,0,
1007,171-00002,,8849,6031,,0,0,Y,0,0,0,0,
1007,133-00002,,36549,27429,,0,0,Y,0,0,0,0,
1007,131-00008,,25749,15739,,0,0,Y,0,0,0,0,
1007,131-00010,,11549,7740,,0,0,Y,0,0,0,0,
1007,131-00009,,13149,8928,,0,0,Y,0,0,0,0,
731,156-00002,,649,389,,0,0,Y,0,0,0,0,
1007,134-00002,,29949,21120,,0,0,Y,0,0,0,0,
1007,135-00004,,27649,16293,,0,0,Y,0,0,0,0,
1007,135-00003,,28549,16293,,0,0,Y,0,0,0,0,
1007,133-00019,,39849,28571,,0,0,Y,0,0,0,0,
1007,132-00001,,24149,14346,,0,0,Y,0,0,0,0,
1007,132-00002,,25249,17343,,0,0,Y,0,0,0,0,
1007,132-00004,,36249,26709,,0,0,Y,0,0,0,0,
1007,132-00005,,36849,27171,,0,0,Y,0,0,0,0,
1007,132-00027,,16049,9076,,0,0,Y,0,0,0,0,
1007,132-00028,,16249,9076,,0,0,Y,0,0,0,0,
731,156-00001,,649,389,,0,0,Y,0,0,0,0,
1007,132-00033,,17249,10496,,0,0,Y,0,0,0,0,
1007,132-00032,,17249,10496,,0,0,Y,0,0,0,0,
1007,113-00002,,8149,4496,,0,0,Y,0,0,0,0,
1007,122-00014,,11649,6393,,0,0,Y,0,0,0,0,
1007,122-00015,,12349,6589,,0,0,Y,0,0,0,0,
1007,122-00016,,14449,7543,,0,0,Y,0,0,0,0,
1007,122-00013,,15149,9387,,0,0,Y,0,0,0,0,
1007,132-00034,,11049,5888,,0,0,Y,0,0,0,0,
1007,141-00016,,115000,108478,,0,0,Y,0,0,0,0,
1007,141-00017,,124000,108478,,0,0,Y,0,0,0,0,
731,111-00009,,8249,4375,,0,0,Y,0,0,0,0,
1007,132-00012,,125149,82667,,0,0,Y,0,0,0,0,
1007,141-00004,,355449,350769,,0,0,Y,0,0,0,0,
1007,171-00005,,3149,1848,,0,0,Y,0,0,0,0,
1007,134-00001,,27349,23573,,0,0,Y,0,0,0,0,
1007,141-00019,,282730,218929,,0,0,Y,0,0,0,0,
1007,141-00020,,282730,218929,,0,0,Y,0,0,0,0,
1007,132-00016,,31649,26266,,0,0,Y,0,0,0,0,
1007,132-00006,,49749,34783,,0,0,Y,0,0,0,0,
1007,132-00007,,46549,28571,,0,0,Y,0,0,0,0,
1007,132-00008,,33549,22879,,0,0,Y,0,0,0,0,
731,111-00003,,8149,4413,,0,0,Y,0,0,0,0,
1007,132-00018,,106949,85600,,0,0,Y,0,0,0,0,
1007,141-00002,,213449,167940,,0,0,Y,0,0,0,0,
1007,141-00008,,326149,288131,,0,0,Y,0,0,0,0,
1007,141-00013,,450449,384189,,0,0,Y,0,0,0,0,
1007,141-00022,,450449,384189,,0,0,Y,0,0,0,0,
1007,141-00014,,434449,363534,,0,0,Y,0,0,0,0,
1007,142-00002,,246449,218277,,0,0,Y,0,0,0,0,
1007,155-00001,,2949,1175,,0,0,Y,0,0,0,0,
1007,155-00002,,3849,1505,,0,0,Y,0,0,0,0,
1007,171-00010,,771,246,,0,0,Y,0,0,0,0,
1385,158-00021,,2649,1213,,0,0,Y,0,0,0,0,
1007,171-00006,,1004,325,,0,0,Y,0,0,0,0,
1007,171-00007,,1236,406,,0,0,Y,0,0,0,0,
1007,141-00018,,894770,688283,,0,0,Y,0,0,0,0,
1007,132-00010,,67014,52579,,0,0,Y,0,0,0,0,
1007,158-00022,,8849,4171,,0,0,Y,0,0,0,0,
1007,133-00007,,30897,20969,,0,0,Y,0,0,0,0,
1007,133-00011,,34600,23491,,0,0,Y,0,0,0,0,
1007,133-00013,,36178,24533,,0,0,Y,0,0,0,0,
1007,133-00014,,38049,25186,,0,0,Y,0,0,0,0,
1007,133-00017,,45349,25919,,0,0,Y,0,0,0,0,
1004,141-00018,,894770,688283,,0,0,Y,0,0,0,0,
1385,157-00007,,949,475,,0,0,Y,0,0,0,0,
1007,132-00025,,400000,182857,,0,0,Y,0,0,0,0,
1007,163-00124,,89000,89231,,0,0,Y,0,0,0,0,
1007,122-00003,,12149,6396,,0,0,Y,0,0,0,0,
1007,132-00022,,64049,50000,,0,0,Y,0,0,0,0,
1007,158-00011,,7406,3634,,0,0,Y,0,0,0,0,
1007,158-00012,,7406,3634,,0,0,Y,0,0,0,0,
1007,157-00003,,749,303,,0,0,Y,0,0,0,0,
1007,157-00004,,749,303,,0,0,Y,0,0,0,0,
1007,157-00010,,749,303,,0,0,Y,0,0,0,0,
1007,157-00005,,849,334,,0,0,Y,0,0,0,0,
1385,158-00001,,2649,1250,,0,0,Y,0,0,0,0,
1007,157-00006,,849,463,,0,0,Y,0,0,0,0,
1007,157-00011,,849,463,,0,0,Y,0,0,0,0,
1007,114-00003,,8749,5263,,0,0,Y,0,0,0,0,
1007,114-00004,,8953,5763,,0,0,Y,0,0,0,0,
1007,114-00005,,8953,5763,,0,0,Y,0,0,0,0,
1007,114-00006,,8817,5575,,0,0,Y,0,0,0,0,
1007,114-00007,,8817,5575,,0,0,Y,0,0,0,0,
1007,153-00020,,7060,3063,,0,0,Y,0,0,0,0,
1007,159-00002,,6920,3163,,0,0,Y,0,0,0,0,
1007,114-00002,,8749,5263,,0,0,Y,0,0,0,0,
1385,158-00003,,3049,1435,,0,0,Y,0,0,0,0,
1002,152-00002,,6749,2838,,0,0,Y,0,0,0,0,
1002,171-00003,,2749,1451,,0,0,Y,0,0,0,0,
1002,156-00003,,649,403,,0,0,Y,0,0,0,0,
1002,156-00002,,649,403,,0,0,Y,0,0,0,0,
1002,156-00001,,649,403,,0,0,Y,0,0,0,0,
1002,111-00009,,8249,4438,,0,0,Y,0,0,0,0,
1002,111-00003,,8149,4363,,0,0,Y,0,0,0,0,
1002,111-00008,,8249,4688,,0,0,Y,0,0,0,0,
1002,113-00001,,8649,4613,,0,0,Y,0,0,0,0,
1002,112-00004,,7649,4238,,0,0,Y,0,0,0,0,
1385,158-00002,,2649,1213,,0,0,Y,0,0,0,0,
1002,111-00010,,9649,5000,,0,0,Y,0,0,0,0,
1002,114-00001,,8749,5263,,0,0,Y,0,0,0,0,
1002,153-00003,,4349,2375,,0,0,Y,0,0,0,0,
1002,153-00005,,4749,2563,,0,0,Y,0,0,0,0,
1002,154-00002,,10149,5850,,0,0,Y,0,0,0,0,
1002,154-00004,,10549,5875,,0,0,Y,0,0,0,0,
1002,154-00006,,15749,10429,,0,0,Y,0,0,0,0,
1002,157-00012,,549,241,,0,0,Y,0,0,0,0,
1002,157-00017,,649,204,,0,0,Y,0,0,0,0,
1002,153-00008,,1549,913,,0,0,Y,0,0,0,0,
1385,158-00004,,3049,1435,,0,0,Y,0,0,0,0,
1002,153-00014,,1549,919,,0,0,Y,0,0,0,0,
1002,153-00012,,1149,631,,0,0,Y,0,0,0,0,
1002,153-00016,,1149,631,,0,0,Y,0,0,0,0,
1002,156-00019,,649,395,,0,0,Y,0,0,0,0,
1002,157-00015,,749,389,,0,0,Y,0,0,0,0,
1002,157-00014,,949,420,,0,0,Y,0,0,0,0,
1002,157-00016,,849,401,,0,0,Y,0,0,0,0,
1002,159-00001,,2049,1199,,0,0,Y,0,0,0,0,
1002,158-00017,,1649,713,,0,0,Y,0,0,0,0,
1002,158-00018,,2049,831,,0,0,Y,0,0,0,0,
1385,171-00002,,8849,6031,,0,0,Y,0,0,0,0,
1002,153-00009,,2049,1179,,0,0,Y,0,0,0,0,
1002,153-00017,,2049,1173,,0,0,Y,0,0,0,0,
1002,153-00018,,3249,1969,,0,0,Y,0,0,0,0,
1002,153-00019,,1049,481,,0,0,Y,0,0,0,0,
1002,158-00020,,2649,1225,,0,0,Y,0,0,0,0,
1002,158-00019,,2649,1225,,0,0,Y,0,0,0,0,
1002,158-00021,,2649,1225,,0,0,Y,0,0,0,0,
1002,157-00007,,949,463,,0,0,Y,0,0,0,0,
1002,158-00001,,2649,1300,,0,0,Y,0,0,0,0,
1002,158-00003,,3049,1475,,0,0,Y,0,0,0,0,
1385,133-00002,,36549,27429,,0,0,Y,0,0,0,0,
1002,158-00002,,2649,1225,,0,0,Y,0,0,0,0,
1002,158-00004,,3049,1438,,0,0,Y,0,0,0,0,
1002,171-00002,,8849,6031,,0,0,Y,0,0,0,0,
1002,133-00002,,36549,27429,,0,0,Y,0,0,0,0,
1002,131-00008,,25749,15739,,0,0,Y,0,0,0,0,
1002,131-00010,,11549,7740,,0,0,Y,0,0,0,0,
1002,131-00009,,13149,8928,,0,0,Y,0,0,0,0,
1002,134-00002,,29949,21120,,0,0,Y,0,0,0,0,
1002,135-00004,,27649,16293,,0,0,Y,0,0,0,0,
1002,135-00003,,28549,16293,,0,0,Y,0,0,0,0,
1385,131-00008,,25749,15739,,0,0,Y,0,0,0,0,
1002,133-00019,,39849,28571,,0,0,Y,0,0,0,0,
1002,132-00001,,24149,14346,,0,0,Y,0,0,0,0,
1002,132-00002,,25249,17343,,0,0,Y,0,0,0,0,
1002,132-00004,,36249,26709,,0,0,Y,0,0,0,0,
1002,132-00005,,36849,27171,,0,0,Y,0,0,0,0,
1002,132-00027,,16049,9076,,0,0,Y,0,0,0,0,
1002,132-00028,,16249,9076,,0,0,Y,0,0,0,0,
1002,132-00033,,17249,10496,,0,0,Y,0,0,0,0,
1002,132-00032,,17249,10496,,0,0,Y,0,0,0,0,
1002,113-00002,,8149,4496,,0,0,Y,0,0,0,0,
1385,131-00010,,11549,7740,,0,0,Y,0,0,0,0,
1002,122-00014,,11649,6393,,0,0,Y,0,0,0,0,
1002,122-00015,,12349,6589,,0,0,Y,0,0,0,0,
1002,122-00016,,14449,7543,,0,0,Y,0,0,0,0,
1002,122-00013,,15149,9387,,0,0,Y,0,0,0,0,
1002,132-00034,,11049,5888,,0,0,Y,0,0,0,0,
1002,141-00016,,115000,108478,,0,0,Y,0,0,0,0,
1002,141-00017,,124000,108478,,0,0,Y,0,0,0,0,
1002,132-00012,,125149,82667,,0,0,Y,0,0,0,0,
1002,141-00004,,355449,350769,,0,0,Y,0,0,0,0,
1002,171-00005,,3149,1848,,0,0,Y,0,0,0,0,
1385,131-00009,,13149,8928,,0,0,Y,0,0,0,0,
1002,134-00001,,27349,23573,,0,0,Y,0,0,0,0,
1002,141-00019,,282730,218929,,0,0,Y,0,0,0,0,
1002,141-00020,,282730,218929,,0,0,Y,0,0,0,0,
1002,132-00016,,31649,26266,,0,0,Y,0,0,0,0,
1002,132-00006,,49749,34783,,0,0,Y,0,0,0,0,
1002,132-00007,,46549,28571,,0,0,Y,0,0,0,0,
1002,132-00008,,33549,22879,,0,0,Y,0,0,0,0,
1002,132-00018,,106949,85600,,0,0,Y,0,0,0,0,
1002,141-00002,,213449,167940,,0,0,Y,0,0,0,0,
1002,141-00008,,326149,288131,,0,0,Y,0,0,0,0,
1004,132-00010,,67014,52579,,0,0,Y,0,0,0,0,
1385,134-00002,,29949,21120,,0,0,Y,0,0,0,0,
1002,141-00013,,450449,384189,,0,0,Y,0,0,0,0,
1002,141-00022,,450449,384189,,0,0,Y,0,0,0,0,
1002,141-00014,,434449,363534,,0,0,Y,0,0,0,0,
1002,142-00002,,246449,218277,,0,0,Y,0,0,0,0,
1002,155-00001,,2949,1175,,0,0,Y,0,0,0,0,
1002,155-00002,,3849,1505,,0,0,Y,0,0,0,0,
1002,171-00010,,771,246,,0,0,Y,0,0,0,0,
1002,171-00006,,1004,325,,0,0,Y,0,0,0,0,
1002,171-00007,,1236,406,,0,0,Y,0,0,0,0,
1002,141-00018,,894770,688283,,0,0,Y,0,0,0,0,
1385,135-00004,,27649,16293,,0,0,Y,0,0,0,0,
1002,132-00010,,67014,52579,,0,0,Y,0,0,0,0,
1002,158-00022,,8849,4171,,0,0,Y,0,0,0,0,
1002,133-00007,,30897,20969,,0,0,Y,0,0,0,0,
1002,133-00011,,34600,23491,,0,0,Y,0,0,0,0,
1002,133-00013,,36178,24533,,0,0,Y,0,0,0,0,
1002,133-00014,,38049,25186,,0,0,Y,0,0,0,0,
1002,133-00017,,45349,25919,,0,0,Y,0,0,0,0,
1002,132-00025,,400000,182857,,0,0,Y,0,0,0,0,
1002,163-00124,,89000,89231,,0,0,Y,0,0,0,0,
1002,122-00003,,12149,6396,,0,0,Y,0,0,0,0,
1385,135-00003,,28549,16293,,0,0,Y,0,0,0,0,
1002,132-00022,,64049,50000,,0,0,Y,0,0,0,0,
1002,158-00011,,7406,3634,,0,0,Y,0,0,0,0,
1002,158-00012,,7406,3634,,0,0,Y,0,0,0,0,
1002,157-00003,,749,303,,0,0,Y,0,0,0,0,
1002,157-00004,,749,303,,0,0,Y,0,0,0,0,
1002,157-00010,,749,303,,0,0,Y,0,0,0,0,
1002,157-00005,,849,334,,0,0,Y,0,0,0,0,
1002,157-00006,,849,463,,0,0,Y,0,0,0,0,
1002,157-00011,,849,463,,0,0,Y,0,0,0,0,
1002,114-00003,,8749,5263,,0,0,Y,0,0,0,0,
1385,133-00019,,39849,28571,,0,0,Y,0,0,0,0,
1002,114-00004,,8953,5763,,0,0,Y,0,0,0,0,
1002,114-00005,,8953,5763,,0,0,Y,0,0,0,0,
1002,114-00006,,8817,5575,,0,0,Y,0,0,0,0,
1002,114-00007,,8817,5575,,0,0,Y,0,0,0,0,
1002,153-00020,,7060,3063,,0,0,Y,0,0,0,0,
1002,159-00002,,6920,3163,,0,0,Y,0,0,0,0,
1002,114-00002,,8749,5263,,0,0,Y,0,0,0,0,
1382,152-00002,,6749,2813,,0,0,Y,0,0,0,0,
1382,171-00003,,2749,1467,,0,0,Y,0,0,0,0,
1382,156-00003,,649,413,,0,0,Y,0,0,0,0,
1385,132-00001,,24149,14346,,0,0,Y,0,0,0,0,
1382,156-00002,,649,413,,0,0,Y,0,0,0,0,
1382,156-00001,,649,413,,0,0,Y,0,0,0,0,
1382,111-00009,,8249,4438,,0,0,Y,0,0,0,0,
1382,111-00003,,8149,4275,,0,0,Y,0,0,0,0,
1382,111-00008,,8249,4775,,0,0,Y,0,0,0,0,
1382,113-00001,,8649,4525,,0,0,Y,0,0,0,0,
1382,112-00004,,7649,4150,,0,0,Y,0,0,0,0,
1382,111-00010,,9649,5000,,0,0,Y,0,0,0,0,
1382,114-00001,,8749,5263,,0,0,Y,0,0,0,0,
1382,153-00003,,4349,2375,,0,0,Y,0,0,0,0,
1385,132-00002,,25249,17343,,0,0,Y,0,0,0,0,
1382,153-00005,,4749,2525,,0,0,Y,0,0,0,0,
1382,154-00002,,10149,5713,,0,0,Y,0,0,0,0,
1382,154-00004,,10549,5838,,0,0,Y,0,0,0,0,
1382,154-00006,,15749,10429,,0,0,Y,0,0,0,0,
1382,157-00012,,549,229,,0,0,Y,0,0,0,0,
1382,157-00017,,649,204,,0,0,Y,0,0,0,0,
1382,153-00008,,1549,844,,0,0,Y,0,0,0,0,
1382,153-00014,,1549,844,,0,0,Y,0,0,0,0,
1382,153-00012,,1149,619,,0,0,Y,0,0,0,0,
1382,153-00016,,1149,619,,0,0,Y,0,0,0,0,
1385,132-00004,,36249,26709,,0,0,Y,0,0,0,0,
1382,156-00019,,649,370,,0,0,Y,0,0,0,0,
1382,157-00015,,749,370,,0,0,Y,0,0,0,0,
1382,157-00014,,949,383,,0,0,Y,0,0,0,0,
1382,157-00016,,849,383,,0,0,Y,0,0,0,0,
1382,159-00001,,2049,1231,,0,0,Y,0,0,0,0,
1382,158-00017,,1649,694,,0,0,Y,0,0,0,0,
1382,158-00018,,2049,831,,0,0,Y,0,0,0,0,
1382,153-00009,,2049,1179,,0,0,Y,0,0,0,0,
1382,153-00017,,2049,1173,,0,0,Y,0,0,0,0,
1382,153-00018,,3249,1906,,0,0,Y,0,0,0,0,
1385,132-00005,,36849,27171,,0,0,Y,0,0,0,0,
1382,153-00019,,1049,481,,0,0,Y,0,0,0,0,
1382,158-00020,,2649,1225,,0,0,Y,0,0,0,0,
1382,158-00019,,2649,1225,,0,0,Y,0,0,0,0,
1382,158-00021,,2649,1225,,0,0,Y,0,0,0,0,
1382,157-00007,,949,463,,0,0,Y,0,0,0,0,
1382,158-00001,,2649,1300,,0,0,Y,0,0,0,0,
1382,158-00003,,3049,1500,,0,0,Y,0,0,0,0,
1382,158-00002,,2649,1225,,0,0,Y,0,0,0,0,
1382,158-00004,,3049,1500,,0,0,Y,0,0,0,0,
1382,171-00002,,8849,6031,,0,0,Y,0,0,0,0,
1385,132-00027,,16049,8840,,0,0,Y,0,0,0,0,
1382,133-00002,,36549,27429,,0,0,Y,0,0,0,0,
1382,131-00008,,25749,15739,,0,0,Y,0,0,0,0,
1382,131-00010,,11549,7740,,0,0,Y,0,0,0,0,
1382,131-00009,,13149,8928,,0,0,Y,0,0,0,0,
1382,134-00002,,29949,21120,,0,0,Y,0,0,0,0,
1382,135-00004,,27649,16293,,0,0,Y,0,0,0,0,
1382,135-00003,,28549,16293,,0,0,Y,0,0,0,0,
1382,133-00019,,39849,28571,,0,0,Y,0,0,0,0,
1382,132-00001,,24149,14346,,0,0,Y,0,0,0,0,
1382,132-00002,,25249,17343,,0,0,Y,0,0,0,0,
1385,132-00028,,16249,8840,,0,0,Y,0,0,0,0,
1382,132-00004,,36249,26709,,0,0,Y,0,0,0,0,
1382,132-00005,,36849,27171,,0,0,Y,0,0,0,0,
1382,132-00027,,16049,9076,,0,0,Y,0,0,0,0,
1382,132-00028,,16249,9076,,0,0,Y,0,0,0,0,
1382,132-00033,,17249,10496,,0,0,Y,0,0,0,0,
1382,132-00032,,17249,10496,,0,0,Y,0,0,0,0,
1382,113-00002,,8149,4496,,0,0,Y,0,0,0,0,
1382,122-00014,,11649,6393,,0,0,Y,0,0,0,0,
1382,122-00015,,12349,6589,,0,0,Y,0,0,0,0,
1382,122-00016,,14449,7543,,0,0,Y,0,0,0,0,
