Branch code/name,Prod_Code,mrp_code,mrp,sale_rate,vertical_value,destination_code,sale_type,acedns,ws_rate,distributor_rate,ss_rate,depot_rate,statename
EA01,3000003091,,10125,0,,0,0,Y,0,0,0,0,
WE01,3000003091,,7050,0,,0,0,Y,0,0,0,0,
SO01,3000003091,,10125,0,,0,0,Y,0,0,0,0,
EA01,3000002656,,16575,0,,0,0,Y,0,0,0,0,
WE01,3000002656,,11400,0,,0,0,Y,0,0,0,0,
SO01,3000002656,,16575,0,,0,0,Y,0,0,0,0,
NR01,3000002656,,11400,0,,0,0,Y,0,0,0,0,
EA01,3000002659,,12037.5,0,,0,0,Y,0,0,0,0,
WE01,3000002659,,8325,0,,0,0,Y,0,0,0,0,
SO01,3000002659,,12037.5,0,,0,0,Y,0,0,0,0,
NR01,3000002659,,8325,0,,0,0,Y,0,0,0,0,
EA01,3000003081,,17475,0,,0,0,Y,0,0,0,0,
WE01,3000003081,,12750,0,,0,0,Y,0,0,0,0,
SO01,3000003081,,17475,0,,0,0,Y,0,0,0,0,
NR01,3000003081,,12750,0,,0,0,Y,0,0,0,0,
EA01,3000003082,,19320,0,,0,0,Y,0,0,0,0,
WE01,3000003082,,14100,0,,0,0,Y,0,0,0,0,
SO01,3000003082,,19320,0,,0,0,Y,0,0,0,0,
NR01,3000003082,,14100,0,,0,0,Y,0,0,0,0,
EA01,3000003083,,15915,0,,0,0,Y,0,0,0,0,
WE01,3000003083,,11580,0,,0,0,Y,0,0,0,0,
SO01,3000003083,,15915,0,,0,0,Y,0,0,0,0,
NR01,3000003083,,11580,0,,0,0,Y,0,0,0,0,
EA01,3000003092,,11625,0,,0,0,Y,0,0,0,0,
WE01,3000003092,,8025,0,,0,0,Y,0,0,0,0,
SO01,3000003092,,11625,0,,0,0,Y,0,0,0,0,
NR01,3000003092,,8025,0,,0,0,Y,0,0,0,0,
EA01,3000002657,,18075,0,,0,0,Y,0,0,0,0,
WE01,3000002657,,12450,0,,0,0,Y,0,0,0,0,
SO01,3000002657,,18075,0,,0,0,Y,0,0,0,0,
NR01,3000002657,,12450,0,,0,0,Y,0,0,0,0,
EA01,3000002658,,14062.5,0,,0,0,Y,0,0,0,0,
WE01,3000002658,,9712.5,0,,0,0,Y,0,0,0,0,
SO01,3000002658,,14062.5,0,,0,0,Y,0,0,0,0,
NR01,3000002658,,9712.5,0,,0,0,Y,0,0,0,0,
EA01,3000003084,,20812.5,0,,0,0,Y,0,0,0,0,
WE01,3000003084,,15187.5,0,,0,0,Y,0,0,0,0,
SO01,3000003084,,20812.5,0,,0,0,Y,0,0,0,0,
NR01,3000003084,,15187.5,0,,0,0,Y,0,0,0,0,
EA01,3000003085,,22860,0,,0,0,Y,0,0,0,0,
WE01,3000003085,,16680,0,,0,0,Y,0,0,0,0,
SO01,3000003085,,22860,0,,0,0,Y,0,0,0,0,
NR01,3000003085,,16680,0,,0,0,Y,0,0,0,0,
EA01,3000003086,,19050,0,,0,0,Y,0,0,0,0,
WE01,3000003086,,13950,0,,0,0,Y,0,0,0,0,
SO01,3000003086,,19050,0,,0,0,Y,0,0,0,0,
NR01,3000003086,,13950,0,,0,0,Y,0,0,0,0,
EA01,3000002980,,10500,0,,0,0,Y,0,0,0,0,
WE01,3000002980,,8050,0,,0,0,Y,0,0,0,0,
SO01,3000002980,,10500,0,,0,0,Y,0,0,0,0,
NR01,3000002980,,8050,0,,0,0,Y,0,0,0,0,
EA01,3000002660,,5100,0,,0,0,Y,0,0,0,0,
WE01,3000002660,,3750,0,,0,0,Y,0,0,0,0,
SO01,3000002660,,5100,0,,0,0,Y,0,0,0,0,
NR01,3000002660,,3750,0,,0,0,Y,0,0,0,0,
EA01,3000002661,,5680,0,,0,0,Y,0,0,0,0,
WE01,3000002661,,4080,0,,0,0,Y,0,0,0,0,
SO01,3000002661,,5680,0,,0,0,Y,0,0,0,0,
NR01,3000002661,,4080,0,,0,0,Y,0,0,0,0,
EA01,3000002981,,5625,0,,0,0,Y,0,0,0,0,
WE01,3000002981,,4200,0,,0,0,Y,0,0,0,0,
SO01,3000002981,,5625,0,,0,0,Y,0,0,0,0,
NR01,3000002981,,4200,0,,0,0,Y,0,0,0,0,
EA01,3000003176,,7100,0,,0,0,Y,0,0,0,0,
WE01,3000003176,,5475,0,,0,0,Y,0,0,0,0,
SO01,3000003176,,7100,0,,0,0,Y,0,0,0,0,
NR01,3000003176,,5475,0,,0,0,Y,0,0,0,0,
EA01,3000003177,,5860,0,,0,0,Y,0,0,0,0,
WE01,3000003177,,4470,0,,0,0,Y,0,0,0,0,
SO01,3000003177,,5860,0,,0,0,Y,0,0,0,0,
NR01,3000003177,,4470,0,,0,0,Y,0,0,0,0,
EA01,3000003173,,12600,0,,0,0,Y,0,0,0,0,
SO01,3000003173,,12600,0,,0,0,Y,0,0,0,0,
NR01,3000003173,,8550,0,,0,0,Y,0,0,0,0,
EA01,3000003976,,18000,0,,0,0,Y,0,0,0,0,
WE01,3000003976,,8000,0,,0,0,Y,0,0,0,0,
SO01,3000003976,,18000,0,,0,0,Y,0,0,0,0,
EA01,3000003977,,17000,0,,0,0,Y,0,0,0,0,
WE01,3000003977,,12000,0,,0,0,Y,0,0,0,0,
SO01,3000003977,,17000,0,,0,0,Y,0,0,0,0,
NR01,3000003977,,12000,0,,0,0,Y,0,0,0,0,
EA01,3000003516,,21780,0,,0,0,Y,0,0,0,0,
SO01,3000003516,,21780,0,,0,0,Y,0,0,0,0,
WE01,3000003516,,16740,0,,0,0,Y,0,0,0,0,
EA01,3000003066,,16250,0,,0,0,Y,0,0,0,0,
WE01,3000003066,,12375,0,,0,0,Y,0,0,0,0,
SO01,3000003066,,16250,0,,0,0,Y,0,0,0,0,
NR01,3000003066,,12375,0,,0,0,Y,0,0,0,0,
EA01,3000003517,,22500,0,,0,0,Y,0,0,0,0,
SO01,3000003517,,22500,0,,0,0,Y,0,0,0,0,
EA01,3000003175,,21600,0,,0,0,Y,0,0,0,0,
WE01,3000003175,,16380,0,,0,0,Y,0,0,0,0,
SO01,3000003175,,21600,0,,0,0,Y,0,0,0,0,
NR01,3000003175,,16380,0,,0,0,Y,0,0,0,0,
EA01,3000004006,,27750,0,,0,0,Y,0,0,0,0,
SO01,3000004006,,27750,0,,0,0,Y,0,0,0,0,
NR01,3000004006,,20250,0,,0,0,Y,0,0,0,0,
WE01,3000004006,,20250,0,,0,0,Y,0,0,0,0,
EA01,3000004007,,54000,0,,0,0,Y,0,0,0,0,
SO01,3000004007,,54000,0,,0,0,Y,0,0,0,0,
WE01,3000004007,,38250,0,,0,0,Y,0,0,0,0,
EA01,3000004009,,16500,0,,0,0,Y,0,0,0,0,
WE01,3000004009,,11625,0,,0,0,Y,0,0,0,0,
SO01,3000004009,,16500,0,,0,0,Y,0,0,0,0,
NR01,3000004009,,11625,0,,0,0,Y,0,0,0,0,
EA01,3000004010,,19500,0,,0,0,Y,0,0,0,0,
SO01,3000004010,,19500,0,,0,0,Y,0,0,0,0,
NR01,3000004010,,13650,0,,0,0,Y,0,0,0,0,
WE01,3000004010,,13650,0,,0,0,Y,0,0,0,0,
EA01,3000004011,,0,0,,0,0,Y,0,0,0,0,
SO01,3000004011,,0,0,,0,0,Y,0,0,0,0,
NR01,3000004011,,20625,0,,0,0,Y,0,0,0,0,
WE01,3000004011,,20625,0,,0,0,Y,0,0,0,0,
EA01,3000002984,,10000,0,,0,0,Y,0,0,0,0,
WE01,3000002984,,7500,0,,0,0,Y,0,0,0,0,
SO01,3000002984,,10000,0,,0,0,Y,0,0,0,0,
NR01,3000002984,,7500,0,,0,0,Y,0,0,0,0,
EA01,3000002663,,5500,0,,0,0,Y,0,0,0,0,
WE01,3000002663,,4100,0,,0,0,Y,0,0,0,0,
SO01,3000002663,,5500,0,,0,0,Y,0,0,0,0,
NR01,3000002663,,4100,0,,0,0,Y,0,0,0,0,
EA01,3000002664,,4300,0,,0,0,Y,0,0,0,0,
WE01,3000002664,,3200,0,,0,0,Y,0,0,0,0,
SO01,3000002664,,4300,0,,0,0,Y,0,0,0,0,
NR01,3000002664,,3200,0,,0,0,Y,0,0,0,0,
EA01,3000002985,,6912,0,,0,0,Y,0,0,0,0,
WE01,3000002985,,5220,0,,0,0,Y,0,0,0,0,
SO01,3000002985,,6912,0,,0,0,Y,0,0,0,0,
NR01,3000002985,,5220,0,,0,0,Y,0,0,0,0,
EA01,3000002986,,6192,0,,0,0,Y,0,0,0,0,
WE01,3000002986,,4716,0,,0,0,Y,0,0,0,0,
SO01,3000002986,,6192,0,,0,0,Y,0,0,0,0,
NR01,3000002986,,4716,0,,0,0,Y,0,0,0,0,
EA01,3000002987,,6606,0,,0,0,Y,0,0,0,0,
WE01,3000002987,,5067,0,,0,0,Y,0,0,0,0,
SO01,3000002987,,6606,0,,0,0,Y,0,0,0,0,
NR01,3000002987,,5067,0,,0,0,Y,0,0,0,0,
EA01,3000002998,,23700,0,,0,0,Y,0,0,0,0,
WE01,3000002998,,17700,0,,0,0,Y,0,0,0,0,
SO01,3000002998,,23700,0,,0,0,Y,0,0,0,0,
NR01,3000002998,,17700,0,,0,0,Y,0,0,0,0,
EA01,3000002999,,14400,0,,0,0,Y,0,0,0,0,
WE01,3000002999,,10710,0,,0,0,Y,0,0,0,0,
SO01,3000002999,,14400,0,,0,0,Y,0,0,0,0,
NR01,3000002999,,10710,0,,0,0,Y,0,0,0,0,
EA01,3000004003,,17700,0,,0,0,Y,0,0,0,0,
SO01,3000004003,,17700,0,,0,0,Y,0,0,0,0,
WE01,3000004003,,12300,0,,0,0,Y,0,0,0,0,
EA01,3000003187,,14000,0,,0,0,Y,0,0,0,0,
WE01,3000003187,,10400,0,,0,0,Y,0,0,0,0,
SO01,3000003187,,14000,0,,0,0,Y,0,0,0,0,
NR01,3000003187,,10400,0,,0,0,Y,0,0,0,0,
EA01,3000004004,,20200,0,,0,0,Y,0,0,0,0,
SO01,3000004004,,20200,0,,0,0,Y,0,0,0,0,
NR01,3000004004,,14200,0,,0,0,Y,0,0,0,0,
WE01,3000004004,,14200,0,,0,0,Y,0,0,0,0,
EA01,3000004005,,19125,0,,0,0,Y,0,0,0,0,
WE01,3000004005,,13275,0,,0,0,Y,0,0,0,0,
SO01,3000004005,,19125,0,,0,0,Y,0,0,0,0,
NR01,3000004005,,13275,0,,0,0,Y,0,0,0,0,
EA01,3000003988,,13050,0,,0,0,Y,0,0,0,0,
WE01,3000003988,,9300,0,,0,0,Y,0,0,0,0,
SO01,3000003988,,13050,0,,0,0,Y,0,0,0,0,
EA01,3000003836,,13200,0,,0,0,Y,0,0,0,0,
SO01,3000003836,,13200,0,,0,0,Y,0,0,0,0,
WE01,3000003836,,9450,0,,0,0,Y,0,0,0,0,
EA01,3000003837,,40000,0,,0,0,Y,0,0,0,0,
WE01,3000003837,,22800,0,,0,0,Y,0,0,0,0,
SO01,3000003837,,40000,0,,0,0,Y,0,0,0,0,
EA01,3000002665,,13350,0,,0,0,Y,0,0,0,0,
WE01,3000002665,,10050,0,,0,0,Y,0,0,0,0,
SO01,3000002665,,13350,0,,0,0,Y,0,0,0,0,
NR01,3000002665,,10050,0,,0,0,Y,0,0,0,0,
EA01,3000003041,,12780,0,,0,0,Y,0,0,0,0,
WE01,3000003041,,9540,0,,0,0,Y,0,0,0,0,
SO01,3000003041,,12780,0,,0,0,Y,0,0,0,0,
NR01,3000003041,,9540,0,,0,0,Y,0,0,0,0,
EA01,3000002666,,11200,0,,0,0,Y,0,0,0,0,
WE01,3000002666,,7770,0,,0,0,Y,0,0,0,0,
SO01,3000002666,,11200,0,,0,0,Y,0,0,0,0,
NR01,3000002666,,7770,0,,0,0,Y,0,0,0,0,
EA01,3000003042,,11264,0,,0,0,Y,0,0,0,0,
WE01,3000003042,,8316,0,,0,0,Y,0,0,0,0,
SO01,3000003042,,11264,0,,0,0,Y,0,0,0,0,
NR01,3000003042,,10395,0,,0,0,Y,0,0,0,0,
EA01,3000003043,,13200,0,,0,0,Y,0,0,0,0,
WE01,3000003043,,9768,0,,0,0,Y,0,0,0,0,
SO01,3000003043,,13200,0,,0,0,Y,0,0,0,0,
NR01,3000003043,,9768,0,,0,0,Y,0,0,0,0,
EA01,3000003044,,9000,0,,0,0,Y,0,0,0,0,
WE01,3000003044,,6552,0,,0,0,Y,0,0,0,0,
SO01,3000003044,,9000,0,,0,0,Y,0,0,0,0,
NR01,3000003044,,6552,0,,0,0,Y,0,0,0,0,
EA01,3000003045,,10250,0,,0,0,Y,0,0,0,0,
WE01,3000003045,,7850,0,,0,0,Y,0,0,0,0,
SO01,3000003045,,10250,0,,0,0,Y,0,0,0,0,
NR01,3000003045,,10990,0,,0,0,Y,0,0,0,0,
EA01,3000003046,,10200,0,,0,0,Y,0,0,0,0,
WE01,3000003046,,7775,0,,0,0,Y,0,0,0,0,
SO01,3000003046,,10200,0,,0,0,Y,0,0,0,0,
NR01,3000003046,,9330,0,,0,0,Y,0,0,0,0,
EA01,3000003047,,10100,0,,0,0,Y,0,0,0,0,
WE01,3000003047,,7275,0,,0,0,Y,0,0,0,0,
SO01,3000003047,,10100,0,,0,0,Y,0,0,0,0,
NR01,3000003047,,7275,0,,0,0,Y,0,0,0,0,
EA01,3000003048,,9850,0,,0,0,Y,0,0,0,0,
WE01,3000003048,,7275,0,,0,0,Y,0,0,0,0,
SO01,3000003048,,9850,0,,0,0,Y,0,0,0,0,
NR01,3000003048,,7275,0,,0,0,Y,0,0,0,0,
EA01,3000003989,,9500,0,,0,0,Y,0,0,0,0,
WE01,3000003989,,6625,0,,0,0,Y,0,0,0,0,
SO01,3000003989,,9500,0,,0,0,Y,0,0,0,0,
EA01,3000003049,,9875,0,,0,0,Y,0,0,0,0,
WE01,3000003049,,7600,0,,0,0,Y,0,0,0,0,
SO01,3000003049,,9875,0,,0,0,Y,0,0,0,0,
NR01,3000003049,,9728,0,,0,0,Y,0,0,0,0,
EA01,3000003050,,9375,0,,0,0,Y,0,0,0,0,
WE01,3000003050,,7237.5,0,,0,0,Y,0,0,0,0,
SO01,3000003050,,10500,0,,0,0,Y,0,0,0,0,
NR01,3000003050,,8106,0,,0,0,Y,0,0,0,0,
EA01,3000003051,,10790,0,,0,0,Y,0,0,0,0,
WE01,3000003051,,7904,0,,0,0,Y,0,0,0,0,
SO01,3000003051,,10790,0,,0,0,Y,0,0,0,0,
NR01,3000003051,,7904,0,,0,0,Y,0,0,0,0,
EA01,3000003054,,9264,0,,0,0,Y,0,0,0,0,
WE01,3000003054,,6804,0,,0,0,Y,0,0,0,0,
SO01,3000003054,,9264,0,,0,0,Y,0,0,0,0,
NR01,3000003054,,6804,0,,0,0,Y,0,0,0,0,
EA01,3000002988,,12650,0,,0,0,Y,0,0,0,0,
WE01,3000002988,,9350,0,,0,0,Y,0,0,0,0,
SO01,3000002988,,12650,0,,0,0,Y,0,0,0,0,
NR01,3000002988,,9350,0,,0,0,Y,0,0,0,0,
EA01,3000002703,,6500,0,,0,0,Y,0,0,0,0,
WE01,3000002703,,5250,0,,0,0,Y,0,0,0,0,
SO01,3000002703,,6500,0,,0,0,Y,0,0,0,0,
NR01,3000002703,,5250,0,,0,0,Y,0,0,0,0,
EA01,3000002667,,5750,0,,0,0,Y,0,0,0,0,
WE01,3000002667,,4250,0,,0,0,Y,0,0,0,0,
SO01,3000002667,,5750,0,,0,0,Y,0,0,0,0,
NR01,3000002667,,4250,0,,0,0,Y,0,0,0,0,
EA01,3000002989,,6900,0,,0,0,Y,0,0,0,0,
WE01,3000002989,,5325,0,,0,0,Y,0,0,0,0,
SO01,3000002989,,6900,0,,0,0,Y,0,0,0,0,
NR01,3000002989,,5325,0,,0,0,Y,0,0,0,0,
EA01,3000002991,,6800,0,,0,0,Y,0,0,0,0,
WE01,3000002991,,5160,0,,0,0,Y,0,0,0,0,
SO01,3000002991,,6800,0,,0,0,Y,0,0,0,0,
NR01,3000002991,,5160,0,,0,0,Y,0,0,0,0,
EA01,3000002992,,8496,0,,0,0,Y,0,0,0,0,
WE01,3000002992,,6528,0,,0,0,Y,0,0,0,0,
SO01,3000002992,,8496,0,,0,0,Y,0,0,0,0,
NR01,3000002992,,6528,0,,0,0,Y,0,0,0,0,
EA01,3000002668,,16500,0,,0,0,Y,0,0,0,0,
WE01,3000002668,,10875,0,,0,0,Y,0,0,0,0,
SO01,3000002668,,16500,0,,0,0,Y,0,0,0,0,
NR01,3000002668,,10875,0,,0,0,Y,0,0,0,0,
EA01,3000003170,,12000,0,,0,0,Y,0,0,0,0,
SO01,3000003170,,12000,0,,0,0,Y,0,0,0,0,
NR01,3000003170,,9200,0,,0,0,Y,0,0,0,0,
EA01,3000003171,,11200,0,,0,0,Y,0,0,0,0,
WE01,3000003171,,8225,0,,0,0,Y,0,0,0,0,
SO01,3000003171,,11200,0,,0,0,Y,0,0,0,0,
NR01,3000003171,,8225,0,,0,0,Y,0,0,0,0,
EA01,3000003068,,13800,0,,0,0,Y,0,0,0,0,
WE01,3000003068,,10800,0,,0,0,Y,0,0,0,0,
SO01,3000003068,,13800,0,,0,0,Y,0,0,0,0,
NR01,3000003068,,17496,0,,0,0,Y,0,0,0,0,
EA01,3000003069,,21060,0,,0,0,Y,0,0,0,0,
WE01,3000003069,,16038,0,,0,0,Y,0,0,0,0,
SO01,3000003069,,21060,0,,0,0,Y,0,0,0,0,
NR01,3000003069,,16038,0,,0,0,Y,0,0,0,0,
EA01,3000003070,,19170,0,,0,0,Y,0,0,0,0,
WE01,3000003070,,13635,0,,0,0,Y,0,0,0,0,
SO01,3000003070,,19170,0,,0,0,Y,0,0,0,0,
NR01,3000003070,,13635,0,,0,0,Y,0,0,0,0,
EA01,3000003071,,13130,0,,0,0,Y,0,0,0,0,
WE01,3000003071,,10140,0,,0,0,Y,0,0,0,0,
SO01,3000003071,,13130,0,,0,0,Y,0,0,0,0,
NR01,3000003071,,15600,0,,0,0,Y,0,0,0,0,
EA01,3000003072,,14560,0,,0,0,Y,0,0,0,0,
WE01,3000003072,,10530,0,,0,0,Y,0,0,0,0,
SO01,3000003072,,14560,0,,0,0,Y,0,0,0,0,
NR01,3000003072,,16200,0,,0,0,Y,0,0,0,0,
EA01,3000003073,,20400,0,,0,0,Y,0,0,0,0,
WE01,3000003073,,14900,0,,0,0,Y,0,0,0,0,
SO01,3000003073,,20400,0,,0,0,Y,0,0,0,0,
NR01,3000003073,,14900,0,,0,0,Y,0,0,0,0,
EA01,3000003074,,9800,0,,0,0,Y,0,0,0,0,
WE01,3000003074,,7300,0,,0,0,Y,0,0,0,0,
SO01,3000003074,,9800,0,,0,0,Y,0,0,0,0,
NR01,3000003074,,7300,0,,0,0,Y,0,0,0,0,
EA01,3000003987,,14544,0,,0,0,Y,0,0,0,0,
WE01,3000003987,,10224,0,,0,0,Y,0,0,0,0,
SO01,3000003987,,14544,0,,0,0,Y,0,0,0,0,
EA01,3000003075,,17280,0,,0,0,Y,0,0,0,0,
WE01,3000003075,,12636,0,,0,0,Y,0,0,0,0,
SO01,3000003075,,17280,0,,0,0,Y,0,0,0,0,
NR01,3000003075,,15444,0,,0,0,Y,0,0,0,0,
EA01,3000003076,,12600,0,,0,0,Y,0,0,0,0,
WE01,3000003076,,9180,0,,0,0,Y,0,0,0,0,
SO01,3000003076,,12600,0,,0,0,Y,0,0,0,0,
NR01,3000003076,,11220,0,,0,0,Y,0,0,0,0,
EA01,3000003077,,13608,0,,0,0,Y,0,0,0,0,
WE01,3000003077,,10080,0,,0,0,Y,0,0,0,0,
SO01,3000003077,,13608,0,,0,0,Y,0,0,0,0,
NR01,3000003077,,10080,0,,0,0,Y,0,0,0,0,
EA01,3000003078,,16992,0,,0,0,Y,0,0,0,0,
WE01,3000003078,,13140,0,,0,0,Y,0,0,0,0,
SO01,3000003078,,16992,0,,0,0,Y,0,0,0,0,
NR01,3000003078,,13140,0,,0,0,Y,0,0,0,0,
EA01,3000003504,,23700,0,,0,0,Y,0,0,0,0,
SO01,3000003504,,37071,0,,0,0,Y,0,0,0,0,
NR01,3000003504,,18150,0,,0,0,Y,0,0,0,0,
WE01,3000003504,,18150,0,,0,0,Y,0,0,0,0,
EA01,3000002993,,16335,0,,0,0,Y,0,0,0,0,
WE01,3000002993,,12210,0,,0,0,Y,0,0,0,0,
SO01,3000002993,,16335,0,,0,0,Y,0,0,0,0,
NR01,3000002993,,12210,0,,0,0,Y,0,0,0,0,
EA01,3000003359,,9240,0,,0,0,Y,0,0,0,0,
SO01,3000003359,,9240,0,,0,0,Y,0,0,0,0,
NR01,3000003359,,7380,0,,0,0,Y,0,0,0,0,
WE01,3000003359,,7380,0,,0,0,Y,0,0,0,0,
EA01,3000003360,,9080,0,,0,0,Y,0,0,0,0,
WE01,3000003360,,7080,0,,0,0,Y,0,0,0,0,
SO01,3000003360,,9080,0,,0,0,Y,0,0,0,0,
NR01,3000003360,,7080,0,,0,0,Y,0,0,0,0,
EA01,3000002994,,18840,0,,0,0,Y,0,0,0,0,
WE01,3000002994,,14340,0,,0,0,Y,0,0,0,0,
SO01,3000002994,,18840,0,,0,0,Y,0,0,0,0,
NR01,3000002994,,14340,0,,0,0,Y,0,0,0,0,
EA01,3000002995,,18756,0,,0,0,Y,0,0,0,0,
WE01,3000002995,,14364,0,,0,0,Y,0,0,0,0,
SO01,3000002995,,18756,0,,0,0,Y,0,0,0,0,
NR01,3000002995,,14364,0,,0,0,Y,0,0,0,0,
EA01,3000002996,,18700,0,,0,0,Y,0,0,0,0,
WE01,3000002996,,14300,0,,0,0,Y,0,0,0,0,
SO01,3000002996,,18700,0,,0,0,Y,0,0,0,0,
NR01,3000002996,,14300,0,,0,0,Y,0,0,0,0,
EA01,3000003001,,10800,0,,0,0,Y,0,0,0,0,
WE01,3000003001,,8700,0,,0,0,Y,0,0,0,0,
SO01,3000003001,,10800,0,,0,0,Y,0,0,0,0,
NR01,3000003001,,8700,0,,0,0,Y,0,0,0,0,
EA01,3000003181,,9275,0,,0,0,Y,0,0,0,0,
SO01,3000003181,,9275,0,,0,0,Y,0,0,0,0,
NR01,3000003181,,7000,0,,0,0,Y,0,0,0,0,
WE01,3000003181,,7000,0,,0,0,Y,0,0,0,0,
EA01,3000002674,,6160,0,,0,0,Y,0,0,0,0,
WE01,3000002674,,4720,0,,0,0,Y,0,0,0,0,
SO01,3000002674,,6160,0,,0,0,Y,0,0,0,0,
NR01,3000002674,,4720,0,,0,0,Y,0,0,0,0,
EA01,3000003002,,10200,0,,0,0,Y,0,0,0,0,
WE01,3000003002,,7800,0,,0,0,Y,0,0,0,0,
SO01,3000003002,,10200,0,,0,0,Y,0,0,0,0,
NR01,3000003002,,7800,0,,0,0,Y,0,0,0,0,
EA01,3000003003,,8608,0,,0,0,Y,0,0,0,0,
WE01,3000003003,,6528,0,,0,0,Y,0,0,0,0,
SO01,3000003003,,8608,0,,0,0,Y,0,0,0,0,
NR01,3000003003,,6528,0,,0,0,Y,0,0,0,0,
EA01,3000003004,,7614,0,,0,0,Y,0,0,0,0,
WE01,3000003004,,5778,0,,0,0,Y,0,0,0,0,
SO01,3000003004,,7614,0,,0,0,Y,0,0,0,0,
NR01,3000003004,,5778,0,,0,0,Y,0,0,0,0,
EA01,3000003182,,55400,0,,0,0,Y,0,0,0,0,
SO01,3000003182,,55400,0,,0,0,Y,0,0,0,0,
NR01,3000003182,,42400,0,,0,0,Y,0,0,0,0,
WE01,3000003182,,42400,0,,0,0,Y,0,0,0,0,
EA01,3000002708,,46250,0,,0,0,Y,0,0,0,0,
WE01,3000002708,,35750,0,,0,0,Y,0,0,0,0,
SO01,3000002708,,46250,0,,0,0,Y,0,0,0,0,
NR01,3000002708,,35750,0,,0,0,Y,0,0,0,0,
EA01,3000002709,,34560,0,,0,0,Y,0,0,0,0,
WE01,3000002709,,26280,0,,0,0,Y,0,0,0,0,
SO01,3000002709,,34560,0,,0,0,Y,0,0,0,0,
NR01,3000002709,,26280,0,,0,0,Y,0,0,0,0,
EA01,3000003034,,36420,0,,0,0,Y,0,0,0,0,
WE01,3000003034,,27900,0,,0,0,Y,0,0,0,0,
SO01,3000003034,,36420,0,,0,0,Y,0,0,0,0,
NR01,3000003034,,27900,0,,0,0,Y,0,0,0,0,
EA01,3000003035,,34000,0,,0,0,Y,0,0,0,0,
WE01,3000003035,,25950,0,,0,0,Y,0,0,0,0,
SO01,3000003035,,34000,0,,0,0,Y,0,0,0,0,
NR01,3000003035,,25950,0,,0,0,Y,0,0,0,0,
EA01,3000003511,,39000,0,,0,0,Y,0,0,0,0,
SO01,3000003511,,39000,0,,0,0,Y,0,0,0,0,
NR01,3000003511,,29910,0,,0,0,Y,0,0,0,0,
WE01,3000003511,,29910,0,,0,0,Y,0,0,0,0,
EA01,3000004012,,20200,0,,0,0,Y,0,0,0,0,
WE01,3000004012,,14200,0,,0,0,Y,0,0,0,0,
SO01,3000004012,,20200,0,,0,0,Y,0,0,0,0,
NR01,3000004012,,14200,0,,0,0,Y,0,0,0,0,
EA01,3000003843,,42800,0,,0,0,Y,0,0,0,0,
WE01,3000003843,,30000,0,,0,0,Y,0,0,0,0,
SO01,3000003843,,42800,0,,0,0,Y,0,0,0,0,
NR01,3000003843,,30000,0,,0,0,Y,0,0,0,0,
EA01,3000003005,,11200,0,,0,0,Y,0,0,0,0,
WE01,3000003005,,8800,0,,0,0,Y,0,0,0,0,
SO01,3000003005,,11200,0,,0,0,Y,0,0,0,0,
NR01,3000003005,,8800,0,,0,0,Y,0,0,0,0,
EA01,3000003183,,10000,0,,0,0,Y,0,0,0,0,
WE01,3000003183,,7500,0,,0,0,Y,0,0,0,0,
SO01,3000003183,,10000,0,,0,0,Y,0,0,0,0,
NR01,3000003183,,7500,0,,0,0,Y,0,0,0,0,
EA01,3000003508,,7670,0,,0,0,Y,0,0,0,0,
SO01,3000003508,,7670,0,,0,0,Y,0,0,0,0,
NR01,3000003508,,6110,0,,0,0,Y,0,0,0,0,
WE01,3000003508,,6110,0,,0,0,Y,0,0,0,0,
EA01,3000003006,,7210,0,,0,0,Y,0,0,0,0,
WE01,3000003006,,5600,0,,0,0,Y,0,0,0,0,
SO01,3000003006,,7210,0,,0,0,Y,0,0,0,0,
NR01,3000003006,,5600,0,,0,0,Y,0,0,0,0,
EA01,3000003007,,6930,0,,0,0,Y,0,0,0,0,
WE01,3000003007,,5220,0,,0,0,Y,0,0,0,0,
SO01,3000003007,,6930,0,,0,0,Y,0,0,0,0,
NR01,3000003007,,5220,0,,0,0,Y,0,0,0,0,
EA01,3000003008,,7425,0,,0,0,Y,0,0,0,0,
WE01,3000003008,,5625,0,,0,0,Y,0,0,0,0,
SO01,3000003008,,7425,0,,0,0,Y,0,0,0,0,
NR01,3000003008,,5625,0,,0,0,Y,0,0,0,0,
EA01,3000003037,,57600,0,,0,0,Y,0,0,0,0,
WE01,3000003037,,44200,0,,0,0,Y,0,0,0,0,
SO01,3000003037,,57600,0,,0,0,Y,0,0,0,0,
NR01,3000003037,,44200,0,,0,0,Y,0,0,0,0,
EA01,3000003363,,46250,0,,0,0,Y,0,0,0,0,
WE01,3000003363,,35625,0,,0,0,Y,0,0,0,0,
SO01,3000003363,,46250,0,,0,0,Y,0,0,0,0,
NR01,3000003363,,35625,0,,0,0,Y,0,0,0,0,
EA01,3000003185,,34560,0,,0,0,Y,0,0,0,0,
WE01,3000003185,,26580,0,,0,0,Y,0,0,0,0,
SO01,3000003185,,34560,0,,0,0,Y,0,0,0,0,
NR01,3000003185,,26580,0,,0,0,Y,0,0,0,0,
EA01,3000003038,,35940,0,,0,0,Y,0,0,0,0,
WE01,3000003038,,27420,0,,0,0,Y,0,0,0,0,
SO01,3000003038,,35940,0,,0,0,Y,0,0,0,0,
NR01,3000003038,,27420,0,,0,0,Y,0,0,0,0,
EA01,3000003513,,37250,0,,0,0,Y,0,0,0,0,
SO01,3000003513,,37250,0,,0,0,Y,0,0,0,0,
NR01,3000003513,,28350,0,,0,0,Y,0,0,0,0,
EA01,3000003514,,42750,0,,0,0,Y,0,0,0,0,
SO01,3000003514,,42750,0,,0,0,Y,0,0,0,0,
NR01,3000003514,,32685,0,,0,0,Y,0,0,0,0,
WE01,3000003514,,32685,0,,0,0,Y,0,0,0,0,
EA01,3000003515,,20250,0,,0,0,Y,0,0,0,0,
SO01,3000003515,,20250,0,,0,0,Y,0,0,0,0,
WE01,3000003515,,10000,0,,0,0,Y,0,0,0,0,
EA01,3000003979,,7300,0,,0,0,Y,0,0,0,0,
WE01,3000003979,,5200,0,,0,0,Y,0,0,0,0,
SO01,3000003979,,7300,0,,0,0,Y,0,0,0,0,
EA01,3000002712,,33600,0,,0,0,Y,0,0,0,0,
WE01,3000002712,,27600,0,,0,0,Y,0,0,0,0,
SO01,3000002712,,33600,0,,0,0,Y,0,0,0,0,
NR01,3000002712,,27600,0,,0,0,Y,0,0,0,0,
EA01,3000003844,,41000,0,,0,0,Y,0,0,0,0,
WE01,3000003844,,28800,0,,0,0,Y,0,0,0,0,
SO01,3000003844,,41000,0,,0,0,Y,0,0,0,0,
NR01,3000003844,,28800,0,,0,0,Y,0,0,0,0,
EA01,3000003009,,11330,0,,0,0,Y,0,0,0,0,
WE01,3000003009,,8910,0,,0,0,Y,0,0,0,0,
SO01,3000003009,,11330,0,,0,0,Y,0,0,0,0,
NR01,3000003009,,8910,0,,0,0,Y,0,0,0,0,
EA01,3000003186,,7980,0,,0,0,Y,0,0,0,0,
WE01,3000003186,,6160,0,,0,0,Y,0,0,0,0,
SO01,3000003186,,7980,0,,0,0,Y,0,0,0,0,
NR01,3000003186,,6160,0,,0,0,Y,0,0,0,0,
EA01,3000003010,,6880,0,,0,0,Y,0,0,0,0,
WE01,3000003010,,5320,0,,0,0,Y,0,0,0,0,
SO01,3000003010,,6880,0,,0,0,Y,0,0,0,0,
NR01,3000003010,,5320,0,,0,0,Y,0,0,0,0,
EA01,3000003011,,7397.5,0,,0,0,Y,0,0,0,0,
WE01,3000003011,,5802.5,0,,0,0,Y,0,0,0,0,
SO01,3000003011,,7397.5,0,,0,0,Y,0,0,0,0,
NR01,3000003011,,5802.5,0,,0,0,Y,0,0,0,0,
EA01,3000003012,,7840,0,,0,0,Y,0,0,0,0,
WE01,3000003012,,6140,0,,0,0,Y,0,0,0,0,
SO01,3000003012,,7840,0,,0,0,Y,0,0,0,0,
NR01,3000003012,,6140,0,,0,0,Y,0,0,0,0,
EA01,3000003013,,8343,0,,0,0,Y,0,0,0,0,
WE01,3000003013,,6507,0,,0,0,Y,0,0,0,0,
SO01,3000003013,,8343,0,,0,0,Y,0,0,0,0,
NR01,3000003013,,6507,0,,0,0,Y,0,0,0,0,
EA01,3000003993,,7125,0,,0,0,Y,0,0,0,0,
WE01,3000003993,,5025,0,,0,0,Y,0,0,0,0,
SO01,3000003993,,7125,0,,0,0,Y,0,0,0,0,
NR01,3000003993,,5025,0,,0,0,Y,0,0,0,0,
EA01,3000003994,,7500,0,,0,0,Y,0,0,0,0,
WE01,3000003994,,5250,0,,0,0,Y,0,0,0,0,
SO01,3000003994,,7500,0,,0,0,Y,0,0,0,0,
NR01,3000003994,,5250,0,,0,0,Y,0,0,0,0,
EA01,3000003014,,8700,0,,0,0,Y,0,0,0,0,
WE01,3000003014,,6450,0,,0,0,Y,0,0,0,0,
SO01,3000003014,,8700,0,,0,0,Y,0,0,0,0,
NR01,3000003014,,6450,0,,0,0,Y,0,0,0,0,
EA01,3000003172,,9600,0,,0,0,Y,0,0,0,0,
WE01,3000003172,,7040,0,,0,0,Y,0,0,0,0,
SO01,3000003172,,9600,0,,0,0,Y,0,0,0,0,
NR01,3000003172,,7040,0,,0,0,Y,0,0,0,0,
EA01,3000003361,,7308,0,,0,0,Y,0,0,0,0,
SO01,3000003361,,7308,0,,0,0,Y,0,0,0,0,
NR01,3000003361,,5580,0,,0,0,Y,0,0,0,0,
EA01,3000003015,,8136,0,,0,0,Y,0,0,0,0,
WE01,3000003015,,6744,0,,0,0,Y,0,0,0,0,
SO01,3000003015,,8136,0,,0,0,Y,0,0,0,0,
NR01,3000003015,,6744,0,,0,0,Y,0,0,0,0,
EA01,3000003016,,7742,0,,0,0,Y,0,0,0,0,
WE01,3000003016,,7266,0,,0,0,Y,0,0,0,0,
SO01,3000003016,,7742,0,,0,0,Y,0,0,0,0,
NR01,3000003016,,7266,0,,0,0,Y,0,0,0,0,
EA01,3000003017,,8155,0,,0,0,Y,0,0,0,0,
WE01,3000003017,,4781,0,,0,0,Y,0,0,0,0,
SO01,3000003017,,8155,0,,0,0,Y,0,0,0,0,
NR01,3000003017,,4781,0,,0,0,Y,0,0,0,0,
EA01,3000003178,,18000,0,,0,0,Y,0,0,0,0,
SO01,3000003178,,18000,0,,0,0,Y,0,0,0,0,
NR01,3000003178,,14000,0,,0,0,Y,0,0,0,0,
WE01,3000003178,,14000,0,,0,0,Y,0,0,0,0,
EA01,3000003179,,10800,0,,0,0,Y,0,0,0,0,
SO01,3000003179,,10800,0,,0,0,Y,0,0,0,0,
NR01,3000003179,,9000,0,,0,0,Y,0,0,0,0,
WE01,3000003179,,9000,0,,0,0,Y,0,0,0,0,
EA01,3000003180,,7800,0,,0,0,Y,0,0,0,0,
SO01,3000003180,,7800,0,,0,0,Y,0,0,0,0,
NR01,3000003180,,5800,0,,0,0,Y,0,0,0,0,
WE01,3000003180,,5800,0,,0,0,Y,0,0,0,0,
EA01,3000003019,,9720,0,,0,0,Y,0,0,0,0,
WE01,3000003019,,7200,0,,0,0,Y,0,0,0,0,
SO01,3000003019,,9720,0,,0,0,Y,0,0,0,0,
NR01,3000003019,,7200,0,,0,0,Y,0,0,0,0,
EA01,3000003020,,9520,0,,0,0,Y,0,0,0,0,
WE01,3000003020,,7200,0,,0,0,Y,0,0,0,0,
SO01,3000003020,,9520,0,,0,0,Y,0,0,0,0,
NR01,3000003020,,7200,0,,0,0,Y,0,0,0,0,
EA01,3000003021,,8785,0,,0,0,Y,0,0,0,0,
WE01,3000003021,,6685,0,,0,0,Y,0,0,0,0,
SO01,3000003021,,8785,0,,0,0,Y,0,0,0,0,
NR01,3000003021,,6685,0,,0,0,Y,0,0,0,0,
EA01,3000003022,,17000,0,,0,0,Y,0,0,0,0,
WE01,3000003022,,12500,0,,0,0,Y,0,0,0,0,
SO01,3000003022,,17000,0,,0,0,Y,0,0,0,0,
NR01,3000003022,,12500,0,,0,0,Y,0,0,0,0,
EA01,3000003362,,9000,0,,0,0,Y,0,0,0,0,
WE01,3000003362,,6840,0,,0,0,Y,0,0,0,0,
SO01,3000003362,,9000,0,,0,0,Y,0,0,0,0,
NR01,3000003362,,6840,0,,0,0,Y,0,0,0,0,
EA01,3000002681,,8600,0,,0,0,Y,0,0,0,0,
WE01,3000002681,,6400,0,,0,0,Y,0,0,0,0,
SO01,3000002681,,8600,0,,0,0,Y,0,0,0,0,
NR01,3000002681,,6400,0,,0,0,Y,0,0,0,0,
EA01,3000003023,,10560,0,,0,0,Y,0,0,0,0,
WE01,3000003023,,7975,0,,0,0,Y,0,0,0,0,
SO01,3000003023,,10560,0,,0,0,Y,0,0,0,0,
NR01,3000003023,,7975,0,,0,0,Y,0,0,0,0,
EA01,3000003024,,9768,0,,0,0,Y,0,0,0,0,
WE01,3000003024,,7425,0,,0,0,Y,0,0,0,0,
SO01,3000003024,,9768,0,,0,0,Y,0,0,0,0,
NR01,3000003024,,7425,0,,0,0,Y,0,0,0,0,
EA01,3000003025,,9150,0,,0,0,Y,0,0,0,0,
WE01,3000003025,,6975,0,,0,0,Y,0,0,0,0,
SO01,3000003025,,9150,0,,0,0,Y,0,0,0,0,
NR01,3000003025,,6975,0,,0,0,Y,0,0,0,0,
EA01,3000003026,,15570,0,,0,0,Y,0,0,0,0,
WE01,3000003026,,12780,0,,0,0,Y,0,0,0,0,
SO01,3000003026,,15570,0,,0,0,Y,0,0,0,0,
NR01,3000003026,,12780,0,,0,0,Y,0,0,0,0,
EA01,3000003027,,12160,0,,0,0,Y,0,0,0,0,
WE01,3000003027,,9280,0,,0,0,Y,0,0,0,0,
SO01,3000003027,,12160,0,,0,0,Y,0,0,0,0,
NR01,3000003027,,9280,0,,0,0,Y,0,0,0,0,
EA01,3000003168,,17160,0,,0,0,Y,0,0,0,0,
WE01,3000003168,,12990,0,,0,0,Y,0,0,0,0,
SO01,3000003168,,17160,0,,0,0,Y,0,0,0,0,
NR01,3000003168,,12990,0,,0,0,Y,0,0,0,0,
EA01,3000003028,,17622.5,0,,0,0,Y,0,0,0,0,
WE01,3000003028,,13475,0,,0,0,Y,0,0,0,0,
SO01,3000003028,,17622.5,0,,0,0,Y,0,0,0,0,
NR01,3000003028,,13475,0,,0,0,Y,0,0,0,0,
EA01,3000003029,,19775,0,,0,0,Y,0,0,0,0,
WE01,3000003029,,15100,0,,0,0,Y,0,0,0,0,
SO01,3000003029,,19775,0,,0,0,Y,0,0,0,0,
NR01,3000003029,,15100,0,,0,0,Y,0,0,0,0,
EA01,3000003030,,20835,0,,0,0,Y,0,0,0,0,
WE01,3000003030,,15937.5,0,,0,0,Y,0,0,0,0,
SO01,3000003030,,20835,0,,0,0,Y,0,0,0,0,
NR01,3000003030,,15937.5,0,,0,0,Y,0,0,0,0,
EA01,3000003032,,5800,0,,0,0,Y,0,0,0,0,
WE01,3000003032,,4400,0,,0,0,Y,0,0,0,0,
SO01,3000003032,,5800,0,,0,0,Y,0,0,0,0,
NR01,3000003032,,7920,0,,0,0,Y,0,0,0,0,
EA01,3000002682,,9100,0,,0,0,Y,0,0,0,0,
WE01,3000002682,,7150,0,,0,0,Y,0,0,0,0,
SO01,3000002682,,9100,0,,0,0,Y,0,0,0,0,
NR01,3000002682,,7150,0,,0,0,Y,0,0,0,0,
EA01,3000003510,,10500,0,,0,0,Y,0,0,0,0,
SO01,3000003510,,10500,0,,0,0,Y,0,0,0,0,
WE01,3000003510,,8070,0,,0,0,Y,0,0,0,0,
EA01,3000003990,,7160,0,,0,0,Y,0,0,0,0,
SO01,3000003990,,7160,0,,0,0,Y,0,0,0,0,
NR01,3000003990,,7600,0,,0,0,Y,0,0,0,0,
WE01,3000003990,,7600,0,,0,0,Y,0,0,0,0,
EA01,3000003991,,6120,0,,0,0,Y,0,0,0,0,
SO01,3000003991,,6120,0,,0,0,Y,0,0,0,0,
NR01,3000003991,,5892,0,,0,0,Y,0,0,0,0,
WE01,3000003991,,5892,0,,0,0,Y,0,0,0,0,
EA01,3000003992,,7200,0,,0,0,Y,0,0,0,0,
SO01,3000003992,,7200,0,,0,0,Y,0,0,0,0,
NR01,3000003992,,5046,0,,0,0,Y,0,0,0,0,
WE01,3000003992,,5046,0,,0,0,Y,0,0,0,0,
EA01,3000003169,,13800,0,,0,0,Y,0,0,0,0,
SO01,3000003169,,13800,0,,0,0,Y,0,0,0,0,
NR01,3000003169,,9600,0,,0,0,Y,0,0,0,0,
WE01,3000003169,,9600,0,,0,0,Y,0,0,0,0,
EA01,3000003364,,14700,0,,0,0,Y,0,0,0,0,
SO01,3000003364,,14700,0,,0,0,Y,0,0,0,0,
NR01,3000003364,,11100,0,,0,0,Y,0,0,0,0,
WE01,3000003364,,11100,0,,0,0,Y,0,0,0,0,
EA01,3000002686,,10200,0,,0,0,Y,0,0,0,0,
WE01,3000002686,,7800,0,,0,0,Y,0,0,0,0,
SO01,3000002686,,10200,0,,0,0,Y,0,0,0,0,
NR01,3000002686,,7800,0,,0,0,Y,0,0,0,0,
EA01,3000003055,,15180,0,,0,0,Y,0,0,0,0,
WE01,3000003055,,11715,0,,0,0,Y,0,0,0,0,
SO01,3000003055,,15180,0,,0,0,Y,0,0,0,0,
NR01,3000003055,,11715,0,,0,0,Y,0,0,0,0,
EA01,3000003056,,11055,0,,0,0,Y,0,0,0,0,
WE01,3000003056,,8580,0,,0,0,Y,0,0,0,0,
SO01,3000003056,,11055,0,,0,0,Y,0,0,0,0,
NR01,3000003056,,8580,0,,0,0,Y,0,0,0,0,
EA01,3000003057,,9570,0,,0,0,Y,0,0,0,0,
WE01,3000003057,,7095,0,,0,0,Y,0,0,0,0,
SO01,3000003057,,9570,0,,0,0,Y,0,0,0,0,
NR01,3000003057,,7095,0,,0,0,Y,0,0,0,0,
EA01,3000003058,,14100,0,,0,0,Y,0,0,0,0,
WE01,3000003058,,10200,0,,0,0,Y,0,0,0,0,
SO01,3000003058,,14100,0,,0,0,Y,0,0,0,0,
NR01,3000003058,,10200,0,,0,0,Y,0,0,0,0,
EA01,3000003059,,10600,0,,0,0,Y,0,0,0,0,
WE01,3000003059,,8100,0,,0,0,Y,0,0,0,0,
SO01,3000003059,,10600,0,,0,0,Y,0,0,0,0,
NR01,3000003059,,8100,0,,0,0,Y,0,0,0,0,
EA01,3000003060,,10300,0,,0,0,Y,0,0,0,0,
WE01,3000003060,,8000,0,,0,0,Y,0,0,0,0,
SO01,3000003060,,10300,0,,0,0,Y,0,0,0,0,
NR01,3000003060,,8000,0,,0,0,Y,0,0,0,0,
EA01,3000003061,,7500,0,,0,0,Y,0,0,0,0,
WE01,3000003061,,5600,0,,0,0,Y,0,0,0,0,
SO01,3000003061,,7500,0,,0,0,Y,0,0,0,0,
NR01,3000003061,,5600,0,,0,0,Y,0,0,0,0,
EA01,3000003834,,39200,0,,0,0,Y,0,0,0,0,
WE01,3000003834,,27825,0,,0,0,Y,0,0,0,0,
SO01,3000003834,,39200,0,,0,0,Y,0,0,0,0,
NR01,3000003834,,27825,0,,0,0,Y,0,0,0,0,
EA01,3000003835,,35700,0,,0,0,Y,0,0,0,0,
WE01,3000003835,,25375,0,,0,0,Y,0,0,0,0,
SO01,3000003835,,35700,0,,0,0,Y,0,0,0,0,
NR01,3000003835,,25375,0,,0,0,Y,0,0,0,0,
EA01,3000003234,,36050,0,,0,0,Y,0,0,0,0,
WE01,3000003234,,25550,0,,0,0,Y,0,0,0,0,
SO01,3000003234,,36050,0,,0,0,Y,0,0,0,0,
NR01,3000003234,,25550,0,,0,0,Y,0,0,0,0,
EA01,3000003062,,8880,0,,0,0,Y,0,0,0,0,
WE01,3000003062,,6760,0,,0,0,Y,0,0,0,0,
SO01,3000003062,,8880,0,,0,0,Y,0,0,0,0,
NR01,3000003062,,6760,0,,0,0,Y,0,0,0,0,
EA01,3000003063,,7360,0,,0,0,Y,0,0,0,0,
WE01,3000003063,,5560,0,,0,0,Y,0,0,0,0,
SO01,3000003063,,7360,0,,0,0,Y,0,0,0,0,
NR01,3000003063,,5560,0,,0,0,Y,0,0,0,0,
EA01,3000003838,,16000,0,,0,0,Y,0,0,0,0,
WE01,3000003838,,12000,0,,0,0,Y,0,0,0,0,
SO01,3000003838,,16000,0,,0,0,Y,0,0,0,0,
NR01,3000003838,,12000,0,,0,0,Y,0,0,0,0,
EA01,3000003839,,15000,0,,0,0,Y,0,0,0,0,
WE01,3000003839,,12000,0,,0,0,Y,0,0,0,0,
SO01,3000003839,,15000,0,,0,0,Y,0,0,0,0,
NR01,3000003839,,12000,0,,0,0,Y,0,0,0,0,
EA01,3000003840,,12000,0,,0,0,Y,0,0,0,0,
WE01,3000003840,,9000,0,,0,0,Y,0,0,0,0,
SO01,3000003840,,12000,0,,0,0,Y,0,0,0,0,
NR01,3000003840,,9000,0,,0,0,Y,0,0,0,0,
EA01,3000003841,,13500,0,,0,0,Y,0,0,0,0,
WE01,3000003841,,10125,0,,0,0,Y,0,0,0,0,
SO01,3000003841,,13500,0,,0,0,Y,0,0,0,0,
NR01,3000003841,,10125,0,,0,0,Y,0,0,0,0,
EA01,3000003842,,11000,0,,0,0,Y,0,0,0,0,
WE01,3000003842,,8250,0,,0,0,Y,0,0,0,0,
SO01,3000003842,,11000,0,,0,0,Y,0,0,0,0,
NR01,3000003842,,8250,0,,0,0,Y,0,0,0,0,
EA01,3000003235,,11250,0,,0,0,Y,0,0,0,0,
WE01,3000003235,,8250,0,,0,0,Y,0,0,0,0,
SO01,3000003235,,11250,0,,0,0,Y,0,0,0,0,
NR01,3000003235,,8437.5,0,,0,0,Y,0,0,0,0,
EA01,3000003845,,2400,0,,0,0,Y,0,0,0,0,
WE01,3000003845,,1800,0,,0,0,Y,0,0,0,0,
SO01,3000003845,,2400,0,,0,0,Y,0,0,0,0,
NR01,3000003845,,1800,0,,0,0,Y,0,0,0,0,
EA01,3000002687,,2000,0,,0,0,Y,0,0,0,0,
WE01,3000002687,,1500,0,,0,0,Y,0,0,0,0,
SO01,3000002687,,2000,0,,0,0,Y,0,0,0,0,
NR01,3000002687,,1500,0,,0,0,Y,0,0,0,0,
EA01,3000003341,,2640,0,,0,0,Y,0,0,0,0,
SO01,3000003341,,2640,0,,0,0,Y,0,0,0,0,
EA01,3000002693,,2952,0,,0,0,Y,0,0,0,0,
SO01,3000002693,,2952,0,,0,0,Y,0,0,0,0,
EA01,3000003945,,11250,0,,0,0,Y,0,0,0,0,
SO01,3000003945,,4500,0,,0,0,Y,0,0,0,0,
NR01,3000003945,,8000,0,,0,0,Y,0,0,0,0,
WE01,3000003945,,8000,0,,0,0,Y,0,0,0,0,
EA01,3000003946,,11850,0,,0,0,Y,0,0,0,0,
SO01,3000003946,,4740,0,,0,0,Y,0,0,0,0,
NR01,3000003946,,8400,0,,0,0,Y,0,0,0,0,
WE01,3000003946,,8400,0,,0,0,Y,0,0,0,0,
EA01,3000003947,,13100,0,,0,0,Y,0,0,0,0,
SO01,3000003947,,4912.5,0,,0,0,Y,0,0,0,0,
NR01,3000003947,,9200,0,,0,0,Y,0,0,0,0,
WE01,3000003947,,9200,0,,0,0,Y,0,0,0,0,
EA01,3000003948,,14625,0,,0,0,Y,0,0,0,0,
SO01,3000003948,,3510,0,,0,0,Y,0,0,0,0,
NR01,3000003948,,10425,0,,0,0,Y,0,0,0,0,
WE01,3000003948,,10425,0,,0,0,Y,0,0,0,0,
EA01,3000003950,,12950,0,,0,0,Y,0,0,0,0,
SO01,3000003950,,3885,0,,0,0,Y,0,0,0,0,
NR01,3000003950,,9250,0,,0,0,Y,0,0,0,0,
WE01,3000003950,,9250,0,,0,0,Y,0,0,0,0,
EA01,3000003951,,13550,0,,0,0,Y,0,0,0,0,
SO01,3000003951,,271,0,,0,0,Y,0,0,0,0,
NR01,3000003951,,9625,0,,0,0,Y,0,0,0,0,
WE01,3000003951,,9625,0,,0,0,Y,0,0,0,0,
EA01,3000003952,,26000,0,,0,0,Y,0,0,0,0,
SO01,3000003952,,26000,0,,0,0,Y,0,0,0,0,
NR01,3000003952,,19500,0,,0,0,Y,0,0,0,0,
EA01,3000003953,,19500,0,,0,0,Y,0,0,0,0,
SO01,3000003953,,19500,0,,0,0,Y,0,0,0,0,
NR01,3000003953,,15000,0,,0,0,Y,0,0,0,0,
EA01,3000003954,,14000,0,,0,0,Y,0,0,0,0,
SO01,3000003954,,14000,0,,0,0,Y,0,0,0,0,
NR01,3000003954,,10500,0,,0,0,Y,0,0,0,0,
EA01,3000003955,,15000,0,,0,0,Y,0,0,0,0,
SO01,3000003955,,15000,0,,0,0,Y,0,0,0,0,
NR01,3000003955,,11250,0,,0,0,Y,0,0,0,0,
EA01,3000003956,,9000,0,,0,0,Y,0,0,0,0,
SO01,3000003956,,9000,0,,0,0,Y,0,0,0,0,
NR01,3000003956,,6750,0,,0,0,Y,0,0,0,0,
WE01,3000003956,,6750,0,,0,0,Y,0,0,0,0,
EA01,3000003957,,11000,0,,0,0,Y,0,0,0,0,
SO01,3000003957,,11000,0,,0,0,Y,0,0,0,0,
NR01,3000003957,,8250,0,,0,0,Y,0,0,0,0,
WE01,3000003957,,8250,0,,0,0,Y,0,0,0,0,
EA01,3000003995,,21462,0,,0,0,Y,0,0,0,0,
WE01,3000003995,,15120,0,,0,0,Y,0,0,0,0,
SO01,3000003995,,21462,0,,0,0,Y,0,0,0,0,
NR01,3000003995,,15120,0,,0,0,Y,0,0,0,0,
EA01,3000003996,,17024,0,,0,0,Y,0,0,0,0,
WE01,3000003996,,12040,0,,0,0,Y,0,0,0,0,
SO01,3000003996,,17024,0,,0,0,Y,0,0,0,0,
NR01,3000003996,,12040,0,,0,0,Y,0,0,0,0,
EA01,3000003997,,16440,0,,0,0,Y,0,0,0,0,
WE01,3000003997,,11600,0,,0,0,Y,0,0,0,0,
SO01,3000003997,,16440,0,,0,0,Y,0,0,0,0,
NR01,3000003997,,11600,0,,0,0,Y,0,0,0,0,
EA01,3000003998,,17985,0,,0,0,Y,0,0,0,0,
WE01,3000003998,,12690,0,,0,0,Y,0,0,0,0,
SO01,3000003998,,17985,0,,0,0,Y,0,0,0,0,
NR01,3000003998,,12690,0,,0,0,Y,0,0,0,0,
EA01,3000003999,,15690,0,,0,0,Y,0,0,0,0,
WE01,3000003999,,11100,0,,0,0,Y,0,0,0,0,
SO01,3000003999,,15690,0,,0,0,Y,0,0,0,0,
NR01,3000003999,,11100,0,,0,0,Y,0,0,0,0,
EA01,3000004000,,15550,0,,0,0,Y,0,0,0,0,
WE01,3000004000,,11000,0,,0,0,Y,0,0,0,0,
SO01,3000004000,,15550,0,,0,0,Y,0,0,0,0,
NR01,3000004000,,11000,0,,0,0,Y,0,0,0,0,
EA01,3000004001,,15318,0,,0,0,Y,0,0,0,0,
WE01,3000004001,,10800,0,,0,0,Y,0,0,0,0,
SO01,3000004001,,15318,0,,0,0,Y,0,0,0,0,
NR01,3000004001,,10800,0,,0,0,Y,0,0,0,0,
EA01,3000004002,,15483,0,,0,0,Y,0,0,0,0,
WE01,3000004002,,11050,0,,0,0,Y,0,0,0,0,
SO01,3000004002,,15483,0,,0,0,Y,0,0,0,0,
NR01,3000004002,,11050,0,,0,0,Y,0,0,0,0,
EA01,3000004111,,0,0,,0,0,Y,0,0,0,0,
WE01,3000004111,,13500,0,,0,0,Y,0,0,0,0,
SO01,3000004111,,0,0,,0,0,Y,0,0,0,0,
EA01,3000004112,,12160,0,,0,0,Y,0,0,0,0,
WE01,3000004112,,10000,0,,0,0,Y,0,0,0,0,
SO01,3000004112,,12160,0,,0,0,Y,0,0,0,0,
NR01,3000004112,,10000,0,,0,0,Y,0,0,0,0,
EA01,3000004113,,15730,0,,0,0,Y,0,0,0,0,
WE01,3000004113,,12375,0,,0,0,Y,0,0,0,0,
SO01,3000004113,,15730,0,,0,0,Y,0,0,0,0,
NR01,3000004113,,12375,0,,0,0,Y,0,0,0,0,
EA01,3000004115,,0,0,,0,0,Y,0,0,0,0,
WE01,3000004115,,14000,0,,0,0,Y,0,0,0,0,
SO01,3000004115,,0,0,,0,0,Y,0,0,0,0,
NR01,3000004115,,14000,0,,0,0,Y,0,0,0,0,
EA01,3000004116,,19775,0,,0,0,Y,0,0,0,0,
WE01,3000004116,,15625,0,,0,0,Y,0,0,0,0,
SO01,3000004116,,19775,0,,0,0,Y,0,0,0,0,
NR01,3000004116,,15625,0,,0,0,Y,0,0,0,0,
EA01,3000004117,,0,0,,0,0,Y,0,0,0,0,
WE01,3000004117,,16500,0,,0,0,Y,0,0,0,0,
SO01,3000004117,,0,0,,0,0,Y,0,0,0,0,
EA01,3000004324,,6720,0,,0,0,Y,0,0,0,0,
SO01,3000004324,,6720,0,,0,0,Y,0,0,0,0,
NR01,3000004324,,6720,0,,0,0,Y,0,0,0,0,
EA01,3000004325,,5280,0,,0,0,Y,0,0,0,0,
SO01,3000004325,,5280,0,,0,0,Y,0,0,0,0,
NR01,3000004325,,5280,0,,0,0,Y,0,0,0,0,
EA01,3000004326,,8736,0,,0,0,Y,0,0,0,0,
SO01,3000004326,,8736,0,,0,0,Y,0,0,0,0,
NR01,3000004326,,8736,0,,0,0,Y,0,0,0,0,
EA01,3000004327,,7440,0,,0,0,Y,0,0,0,0,
SO01,3000004327,,7440,0,,0,0,Y,0,0,0,0,
NR01,3000004327,,7440,0,,0,0,Y,0,0,0,0,
EA01,3000004328,,12480,0,,0,0,Y,0,0,0,0,
SO01,3000004328,,12480,0,,0,0,Y,0,0,0,0,
NR01,3000004328,,12480,0,,0,0,Y,0,0,0,0,
EA01,3000004201,,18000,0,,0,0,Y,0,0,0,0,
WE01,3000004201,,13500,0,,0,0,Y,0,0,0,0,
SO01,3000004201,,18000,0,,0,0,Y,0,0,0,0,
EA01,3000004202,,15000,0,,0,0,Y,0,0,0,0,
SO01,3000004202,,15000,0,,0,0,Y,0,0,0,0,
WE01,3000004202,,11250,0,,0,0,Y,0,0,0,0,
EA01,3000004203,,12000,0,,0,0,Y,0,0,0,0,
WE01,3000004203,,9000,0,,0,0,Y,0,0,0,0,
SO01,3000004203,,12000,0,,0,0,Y,0,0,0,0,
EA01,3000004204,,12000,0,,0,0,Y,0,0,0,0,
SO01,3000004204,,12000,0,,0,0,Y,0,0,0,0,
WE01,3000004204,,10000,0,,0,0,Y,0,0,0,0,
EA01,3000004205,,6500,0,,0,0,Y,0,0,0,0,
SO01,3000004205,,6500,0,,0,0,Y,0,0,0,0,
WE01,3000004205,,5500,0,,0,0,Y,0,0,0,0,
EA01,3000004206,,7500,0,,0,0,Y,0,0,0,0,
SO01,3000004206,,7500,0,,0,0,Y,0,0,0,0,
WE01,3000004206,,6000,0,,0,0,Y,0,0,0,0,
EA01,3000003980,,7200,0,,0,0,Y,0,0,0,0,
SO01,3000003980,,0,0,,0,0,Y,0,0,0,0,
NR01,3000003980,,7200,0,,0,0,Y,0,0,0,0,
WE01,3000003980,,7200,0,,0,0,Y,0,0,0,0,
EA01,3000003981,,4500,0,,0,0,Y,0,0,0,0,
SO01,3000003981,,4500,0,,0,0,Y,0,0,0,0,
EA01,3000003982,,3300,0,,0,0,Y,0,0,0,0,
SO01,3000003982,,3300,0,,0,0,Y,0,0,0,0,
WE01,3000003982,,3300,0,,0,0,Y,0,0,0,0,
EA01,3000003983,,3950,0,,0,0,Y,0,0,0,0,
SO01,3000003983,,3950,0,,0,0,Y,0,0,0,0,
WE01,3000003983,,3900,0,,0,0,Y,0,0,0,0,
EA01,3000003984,,3750,0,,0,0,Y,0,0,0,0,
SO01,3000003984,,3750,0,,0,0,Y,0,0,0,0,
WE01,3000003984,,3750,0,,0,0,Y,0,0,0,0,
EA01,3000003985,,3825,0,,0,0,Y,0,0,0,0,
SO01,3000003985,,3825,0,,0,0,Y,0,0,0,0,
WE01,3000003985,,3750,0,,0,0,Y,0,0,0,0,
EA01,3000002273,,6750,0,,0,0,Y,0,0,0,0,
SO01,3000002273,,6750,0,,0,0,Y,0,0,0,0,
EA01,3000002272,,6750,0,,0,0,Y,0,0,0,0,
SO01,3000002272,,6750,0,,0,0,Y,0,0,0,0,
EA01,3000002274,,7200,0,,0,0,Y,0,0,0,0,
SO01,3000002274,,7200,0,,0,0,Y,0,0,0,0,
EA01,3000002275,,7200,0,,0,0,Y,0,0,0,0,
SO01,3000002275,,7200,0,,0,0,Y,0,0,0,0,
EA01,3000002276,,6562.5,0,,0,0,Y,0,0,0,0,
SO01,3000002276,,6562.5,0,,0,0,Y,0,0,0,0,
EA01,3000002277,,5250,0,,0,0,Y,0,0,0,0,
SO01,3000002277,,5250,0,,0,0,Y,0,0,0,0,
EA01,3000002278,,7200,0,,0,0,Y,0,0,0,0,
SO01,3000002278,,7200,0,,0,0,Y,0,0,0,0,
EA01,3000002320,,7200,0,,0,0,Y,0,0,0,0,
SO01,3000002320,,7200,0,,0,0,Y,0,0,0,0,
EA01,3000002279,,7200,0,,0,0,Y,0,0,0,0,
SO01,3000002279,,7200,0,,0,0,Y,0,0,0,0,
EA01,3000002280,,8550,0,,0,0,Y,0,0,0,0,
SO01,3000002280,,8550,0,,0,0,Y,0,0,0,0,
EA01,3000002281,,8550,0,,0,0,Y,0,0,0,0,
SO01,3000002281,,8550,0,,0,0,Y,0,0,0,0,
EA01,3000002282,,5715,0,,0,0,Y,0,0,0,0,
SO01,3000002282,,5715,0,,0,0,Y,0,0,0,0,
EA01,3000002283,,5715,0,,0,0,Y,0,0,0,0,
SO01,3000002283,,5715,0,,0,0,Y,0,0,0,0,
EA01,3000002284,,1161,0,,0,0,Y,0,0,0,0,
SO01,3000002284,,1161,0,,0,0,Y,0,0,0,0,
EA01,3000002285,,2322,0,,0,0,Y,0,0,0,0,
SO01,3000002285,,2322,0,,0,0,Y,0,0,0,0,
EA01,3000002286,,1638,0,,0,0,Y,0,0,0,0,
SO01,3000002286,,1638,0,,0,0,Y,0,0,0,0,
EA01,3000002287,,3276,0,,0,0,Y,0,0,0,0,
SO01,3000002287,,3276,0,,0,0,Y,0,0,0,0,
EA01,3000002288,,2232,0,,0,0,Y,0,0,0,0,
SO01,3000002288,,2232,0,,0,0,Y,0,0,0,0,
EA01,3000002289,,4464,0,,0,0,Y,0,0,0,0,
SO01,3000002289,,4464,0,,0,0,Y,0,0,0,0,
EA01,3000002290,,2901,0,,0,0,Y,0,0,0,0,
SO01,3000002290,,2901,0,,0,0,Y,0,0,0,0,
EA01,3000002291,,5802,0,,0,0,Y,0,0,0,0,
SO01,3000002291,,5802,0,,0,0,Y,0,0,0,0,
EA01,3000002292,,4375.5,0,,0,0,Y,0,0,0,0,
SO01,3000002292,,4375.5,0,,0,0,Y,0,0,0,0,
EA01,3000002293,,8751,0,,0,0,Y,0,0,0,0,
SO01,3000002293,,8751,0,,0,0,Y,0,0,0,0,
EA01,3000002340,,6196.5,0,,0,0,Y,0,0,0,0,
SO01,3000002340,,6196.5,0,,0,0,Y,0,0,0,0,
EA01,3000002321,,8188.5,0,,0,0,Y,0,0,0,0,
SO01,3000002321,,8188.5,0,,0,0,Y,0,0,0,0,
EA01,3000002250,,8250,0,,0,0,Y,0,0,0,0,
SO01,3000002250,,8250,0,,0,0,Y,0,0,0,0,
EA01,3000002251,,8250,0,,0,0,Y,0,0,0,0,
SO01,3000002251,,8250,0,,0,0,Y,0,0,0,0,
EA01,3000002252,,8940,0,,0,0,Y,0,0,0,0,
SO01,3000002252,,8940,0,,0,0,Y,0,0,0,0,
EA01,3000002253,,8940,0,,0,0,Y,0,0,0,0,
SO01,3000002253,,8940,0,,0,0,Y,0,0,0,0,
EA01,3000002254,,8212.5,0,,0,0,Y,0,0,0,0,
SO01,3000002254,,8212.5,0,,0,0,Y,0,0,0,0,
EA01,3000002255,,6570,0,,0,0,Y,0,0,0,0,
SO01,3000002255,,6570,0,,0,0,Y,0,0,0,0,
EA01,3000002256,,9120,0,,0,0,Y,0,0,0,0,
SO01,3000002256,,9120,0,,0,0,Y,0,0,0,0,
EA01,3000002257,,9120,0,,0,0,Y,0,0,0,0,
SO01,3000002257,,9120,0,,0,0,Y,0,0,0,0,
EA01,3000002258,,11040,0,,0,0,Y,0,0,0,0,
SO01,3000002258,,11040,0,,0,0,Y,0,0,0,0,
EA01,3000002837,,11040,0,,0,0,Y,0,0,0,0,
SO01,3000002837,,11040,0,,0,0,Y,0,0,0,0,
EA01,3000002259,,11040,0,,0,0,Y,0,0,0,0,
SO01,3000002259,,11040,0,,0,0,Y,0,0,0,0,
EA01,3000002260,,7665,0,,0,0,Y,0,0,0,0,
SO01,3000002260,,7665,0,,0,0,Y,0,0,0,0,
EA01,3000002261,,7665,0,,0,0,Y,0,0,0,0,
SO01,3000002261,,7665,0,,0,0,Y,0,0,0,0,
EA01,3000002262,,1537.5,0,,0,0,Y,0,0,0,0,
SO01,3000002262,,1537.5,0,,0,0,Y,0,0,0,0,
EA01,3000002263,,3075,0,,0,0,Y,0,0,0,0,
SO01,3000002263,,3075,0,,0,0,Y,0,0,0,0,
EA01,3000002264,,2248.5,0,,0,0,Y,0,0,0,0,
SO01,3000002264,,2248.5,0,,0,0,Y,0,0,0,0,
EA01,3000002265,,4497,0,,0,0,Y,0,0,0,0,
SO01,3000002265,,4497,0,,0,0,Y,0,0,0,0,
EA01,3000002266,,3118.5,0,,0,0,Y,0,0,0,0,
SO01,3000002266,,3118.5,0,,0,0,Y,0,0,0,0,
EA01,3000002267,,6237,0,,0,0,Y,0,0,0,0,
SO01,3000002267,,6237,0,,0,0,Y,0,0,0,0,
EA01,3000002268,,4291.5,0,,0,0,Y,0,0,0,0,
SO01,3000002268,,4291.5,0,,0,0,Y,0,0,0,0,
EA01,3000002269,,8583,0,,0,0,Y,0,0,0,0,
SO01,3000002269,,8583,0,,0,0,Y,0,0,0,0,
EA01,3000002270,,6520.5,0,,0,0,Y,0,0,0,0,
SO01,3000002270,,6520.5,0,,0,0,Y,0,0,0,0,
EA01,3000002312,,9667.5,0,,0,0,Y,0,0,0,0,
SO01,3000002312,,9667.5,0,,0,0,Y,0,0,0,0,
EA01,3000002323,,13120.5,0,,0,0,Y,0,0,0,0,
SO01,3000002323,,13120.5,0,,0,0,Y,0,0,0,0,
EA01,3000000197,,6750,0,,0,0,Y,0,0,0,0,
SO01,3000000197,,6750,0,,0,0,Y,0,0,0,0,
EA01,3000000198,,6750,0,,0,0,Y,0,0,0,0,
SO01,3000000198,,6750,0,,0,0,Y,0,0,0,0,
EA01,3000000201,,7200,0,,0,0,Y,0,0,0,0,
SO01,3000000201,,7200,0,,0,0,Y,0,0,0,0,
EA01,3000000202,,7200,0,,0,0,Y,0,0,0,0,
SO01,3000000202,,7200,0,,0,0,Y,0,0,0,0,
EA01,3000000205,,5250,0,,0,0,Y,0,0,0,0,
SO01,3000000205,,5250,0,,0,0,Y,0,0,0,0,
EA01,3000000206,,6562.5,0,,0,0,Y,0,0,0,0,
SO01,3000000206,,6562.5,0,,0,0,Y,0,0,0,0,
EA01,3000003739,,7293.75,0,,0,0,Y,0,0,0,0,
SO01,3000003739,,7293.75,0,,0,0,Y,0,0,0,0,
EA01,3000003740,,5835,0,,0,0,Y,0,0,0,0,
SO01,3000003740,,5835,0,,0,0,Y,0,0,0,0,
EA01,3000000209,,7200,0,,0,0,Y,0,0,0,0,
SO01,3000000209,,7200,0,,0,0,Y,0,0,0,0,
EA01,3000000210,,7200,0,,0,0,Y,0,0,0,0,
SO01,3000000210,,7200,0,,0,0,Y,0,0,0,0,
EA01,3000000214,,8550,0,,0,0,Y,0,0,0,0,
SO01,3000000214,,8550,0,,0,0,Y,0,0,0,0,
EA01,3000000215,,8550,0,,0,0,Y,0,0,0,0,
SO01,3000000215,,8550,0,,0,0,Y,0,0,0,0,
EA01,3000000216,,8550,0,,0,0,Y,0,0,0,0,
SO01,3000000216,,8550,0,,0,0,Y,0,0,0,0,
EA01,3000001175,,5715,0,,0,0,Y,0,0,0,0,
SO01,3000001175,,5715,0,,0,0,Y,0,0,0,0,
EA01,3000001177,,5715,0,,0,0,Y,0,0,0,0,
SO01,3000001177,,5715,0,,0,0,Y,0,0,0,0,
EA01,3000000231,,8250,0,,0,0,Y,0,0,0,0,
SO01,3000000231,,8250,0,,0,0,Y,0,0,0,0,
EA01,3000000232,,8250,0,,0,0,Y,0,0,0,0,
SO01,3000000232,,8250,0,,0,0,Y,0,0,0,0,
EA01,3000000235,,8940,0,,0,0,Y,0,0,0,0,
SO01,3000000235,,8940,0,,0,0,Y,0,0,0,0,
EA01,3000000236,,8940,0,,0,0,Y,0,0,0,0,
SO01,3000000236,,8940,0,,0,0,Y,0,0,0,0,
EA01,3000000239,,6570,0,,0,0,Y,0,0,0,0,
SO01,3000000239,,6570,0,,0,0,Y,0,0,0,0,
EA01,3000000240,,8212.5,0,,0,0,Y,0,0,0,0,
SO01,3000000240,,8212.5,0,,0,0,Y,0,0,0,0,
EA01,3000000243,,9120,0,,0,0,Y,0,0,0,0,
SO01,3000000243,,9120,0,,0,0,Y,0,0,0,0,
EA01,3000000244,,9120,0,,0,0,Y,0,0,0,0,
SO01,3000000244,,9120,0,,0,0,Y,0,0,0,0,
EA01,3000002833,,9120,0,,0,0,Y,0,0,0,0,
SO01,3000002833,,9120,0,,0,0,Y,0,0,0,0,
EA01,3000000248,,11040,0,,0,0,Y,0,0,0,0,
SO01,3000000248,,11040,0,,0,0,Y,0,0,0,0,
EA01,3000000249,,11040,0,,0,0,Y,0,0,0,0,
SO01,3000000249,,11040,0,,0,0,Y,0,0,0,0,
EA01,3000002834,,11040,0,,0,0,Y,0,0,0,0,
SO01,3000002834,,11040,0,,0,0,Y,0,0,0,0,
EA01,3000000253,,7665,0,,0,0,Y,0,0,0,0,
SO01,3000000253,,7665,0,,0,0,Y,0,0,0,0,
EA01,3000003373,,7665,0,,0,0,Y,0,0,0,0,
SO01,3000003373,,7665,0,,0,0,Y,0,0,0,0,
EA01,3000002793,,1537.5,0,,0,0,Y,0,0,0,0,
SO01,3000002793,,1537.5,0,,0,0,Y,0,0,0,0,
EA01,3000000318,,5802,0,,0,0,Y,0,0,0,0,
SO01,3000000318,,5802,0,,0,0,Y,0,0,0,0,
EA01,3000000319,,2901,0,,0,0,Y,0,0,0,0,
SO01,3000000319,,2901,0,,0,0,Y,0,0,0,0,
EA01,3000002300,,8010,0,,0,0,Y,0,0,0,0,
SO01,3000002300,,8010,0,,0,0,Y,0,0,0,0,
NR01,3000002300,,6630,0,,0,0,Y,0,0,0,0,
EA01,3000002733,,8010,0,,0,0,Y,0,0,0,0,
WE01,3000002733,,6630,0,,0,0,Y,0,0,0,0,
SO01,3000002733,,8010,0,,0,0,Y,0,0,0,0,
EA01,3000000268,,8010,0,,0,0,Y,0,0,0,0,
SO01,3000000268,,8010,0,,0,0,Y,0,0,0,0,
EA01,3000002301,,8010,0,,0,0,Y,0,0,0,0,
WE01,3000002301,,6630,0,,0,0,Y,0,0,0,0,
SO01,3000002301,,8010,0,,0,0,Y,0,0,0,0,
EA01,3000000266,,8010,0,,0,0,Y,0,0,0,0,
SO01,3000000266,,8010,0,,0,0,Y,0,0,0,0,
EA01,3000002302,,5640,0,,0,0,Y,0,0,0,0,
WE01,3000002302,,4065,0,,0,0,Y,0,0,0,0,
SO01,3000002302,,5640,0,,0,0,Y,0,0,0,0,
NR01,3000002302,,4065,0,,0,0,Y,0,0,0,0,
EA01,3000002303,,1128,0,,0,0,Y,0,0,0,0,
WE01,3000002303,,813,0,,0,0,Y,0,0,0,0,
SO01,3000002303,,1128,0,,0,0,Y,0,0,0,0,
EA01,3000000272,,1695,0,,0,0,Y,0,0,0,0,
WE01,3000000272,,1320,0,,0,0,Y,0,0,0,0,
SO01,3000000272,,1695,0,,0,0,Y,0,0,0,0,
EA01,3000001180,,1695,0,,0,0,Y,0,0,0,0,
SO01,3000001180,,1695,0,,0,0,Y,0,0,0,0,
EA01,3000000273,,847.5,0,,0,0,Y,0,0,0,0,
WE01,3000000273,,660,0,,0,0,Y,0,0,0,0,
SO01,3000000273,,847.5,0,,0,0,Y,0,0,0,0,
NR01,3000000273,,660,0,,0,0,Y,0,0,0,0,
EA01,3000000274,,847.5,0,,0,0,Y,0,0,0,0,
SO01,3000000274,,847.5,0,,0,0,Y,0,0,0,0,
EA01,3000002304,,1380,0,,0,0,Y,0,0,0,0,
WE01,3000002304,,1224,0,,0,0,Y,0,0,0,0,
SO01,3000002304,,1380,0,,0,0,Y,0,0,0,0,
NR01,3000002304,,1224,0,,0,0,Y,0,0,0,0,
EA01,3000002305,,1380,0,,0,0,Y,0,0,0,0,
SO01,3000002305,,1380,0,,0,0,Y,0,0,0,0,
WE01,3000002305,,1224,0,,0,0,Y,0,0,0,0,
EA01,3000002306,,2760,0,,0,0,Y,0,0,0,0,
WE01,3000002306,,2448,0,,0,0,Y,0,0,0,0,
SO01,3000002306,,2760,0,,0,0,Y,0,0,0,0,
EA01,3000001048,,1537.5,0,,0,0,Y,0,0,0,0,
SO01,3000001048,,1537.5,0,,0,0,Y,0,0,0,0,
NR01,3000001048,,1434,0,,0,0,Y,0,0,0,0,
EA01,3000001049,,3075,0,,0,0,Y,0,0,0,0,
SO01,3000001049,,3075,0,,0,0,Y,0,0,0,0,
EA01,3000000279,,2172,0,,0,0,Y,0,0,0,0,
WE01,3000000279,,1968,0,,0,0,Y,0,0,0,0,
SO01,3000000279,,2172,0,,0,0,Y,0,0,0,0,
NR01,3000000279,,1968,0,,0,0,Y,0,0,0,0,
EA01,3000000278,,4344,0,,0,0,Y,0,0,0,0,
WE01,3000000278,,3936,0,,0,0,Y,0,0,0,0,
SO01,3000000278,,4344,0,,0,0,Y,0,0,0,0,
EA01,3000000281,,3042,0,,0,0,Y,0,0,0,0,
WE01,3000000281,,2637,0,,0,0,Y,0,0,0,0,
SO01,3000000281,,3042,0,,0,0,Y,0,0,0,0,
NR01,3000000281,,2637,0,,0,0,Y,0,0,0,0,
EA01,3000000280,,6084,0,,0,0,Y,0,0,0,0,
WE01,3000000280,,5274,0,,0,0,Y,0,0,0,0,
SO01,3000000280,,6084,0,,0,0,Y,0,0,0,0,
EA01,3000000286,,8490,0,,0,0,Y,0,0,0,0,
WE01,3000000286,,7509,0,,0,0,Y,0,0,0,0,
SO01,3000000286,,8490,0,,0,0,Y,0,0,0,0,
EA01,3000000287,,4245,0,,0,0,Y,0,0,0,0,
WE01,3000000287,,3754.5,0,,0,0,Y,0,0,0,0,
SO01,3000000287,,4245,0,,0,0,Y,0,0,0,0,
EA01,3000002307,,5515.5,0,,0,0,Y,0,0,0,0,
WE01,3000002307,,4824,0,,0,0,Y,0,0,0,0,
SO01,3000002307,,5515.5,0,,0,0,Y,0,0,0,0,
NR01,3000002307,,4824,0,,0,0,Y,0,0,0,0,
EA01,3000002308,,11031,0,,0,0,Y,0,0,0,0,
WE01,3000002308,,9648,0,,0,0,Y,0,0,0,0,
SO01,3000002308,,11031,0,,0,0,Y,0,0,0,0,
EA01,3000000291,,16908,0,,0,0,Y,0,0,0,0,
WE01,3000000291,,15120,0,,0,0,Y,0,0,0,0,
SO01,3000000291,,16908,0,,0,0,Y,0,0,0,0,
EA01,3000000292,,8454,0,,0,0,Y,0,0,0,0,
WE01,3000000292,,7560,0,,0,0,Y,0,0,0,0,
SO01,3000000292,,8454,0,,0,0,Y,0,0,0,0,
EA01,3000002604,,11896.5,0,,0,0,Y,0,0,0,0,
WE01,3000002604,,10584,0,,0,0,Y,0,0,0,0,
SO01,3000002604,,11896.5,0,,0,0,Y,0,0,0,0,
EA01,3000002691,,0,0,,0,0,Y,0,0,0,0,
SO01,3000002691,,0,0,,0,0,Y,0,0,0,0,
EA01,3000002692,,0,0,,0,0,Y,0,0,0,0,
SO01,3000002692,,0,0,,0,0,Y,0,0,0,0,
EA01,3000002294,,2349,0,,0,0,Y,0,0,0,0,
WE01,3000002294,,2055,0,,0,0,Y,0,0,0,0,
SO01,3000002294,,2349,0,,0,0,Y,0,0,0,0,
EA01,3000002295,,4698,0,,0,0,Y,0,0,0,0,
WE01,3000002295,,4110,0,,0,0,Y,0,0,0,0,
SO01,3000002295,,4698,0,,0,0,Y,0,0,0,0,
EA01,3000002296,,3453,0,,0,0,Y,0,0,0,0,
WE01,3000002296,,3057,0,,0,0,Y,0,0,0,0,
SO01,3000002296,,3453,0,,0,0,Y,0,0,0,0,
EA01,3000002297,,6906,0,,0,0,Y,0,0,0,0,
WE01,3000002297,,6114,0,,0,0,Y,0,0,0,0,
SO01,3000002297,,6906,0,,0,0,Y,0,0,0,0,
EA01,3000002298,,4312.5,0,,0,0,Y,0,0,0,0,
WE01,3000002298,,3751.5,0,,0,0,Y,0,0,0,0,
SO01,3000002298,,4312.5,0,,0,0,Y,0,0,0,0,
EA01,3000002299,,8625,0,,0,0,Y,0,0,0,0,
WE01,3000002299,,7503,0,,0,0,Y,0,0,0,0,
SO01,3000002299,,8625,0,,0,0,Y,0,0,0,0,
EA01,3000000293,,13689,0,,0,0,Y,0,0,0,0,
WE01,3000000293,,11766,0,,0,0,Y,0,0,0,0,
SO01,3000000293,,13689,0,,0,0,Y,0,0,0,0,
EA01,3000000294,,6844.5,0,,0,0,Y,0,0,0,0,
WE01,3000000294,,5883,0,,0,0,Y,0,0,0,0,
SO01,3000000294,,6844.5,0,,0,0,Y,0,0,0,0,
EA01,3000000344,,624,0,,0,0,Y,0,0,0,0,
SO01,3000000344,,624,0,,0,0,Y,0,0,0,0,
EA01,3000001170,,918,0,,0,0,Y,0,0,0,0,
SO01,3000001170,,918,0,,0,0,Y,0,0,0,0,
EA01,3000001370,,459,0,,0,0,Y,0,0,0,0,
SO01,3000001370,,459,0,,0,0,Y,0,0,0,0,
WE01,3000001370,,393,0,,0,0,Y,0,0,0,0,
NR01,3000001370,,393,0,,0,0,Y,0,0,0,0,
EA01,3000000353,,1443,0,,0,0,Y,0,0,0,0,
SO01,3000000353,,1443,0,,0,0,Y,0,0,0,0,
EA01,3000000357,,1914,0,,0,0,Y,0,0,0,0,
SO01,3000000357,,1914,0,,0,0,Y,0,0,0,0,
EA01,3000000358,,957,0,,0,0,Y,0,0,0,0,
SO01,3000000358,,957,0,,0,0,Y,0,0,0,0,
WE01,3000000358,,817.5,0,,0,0,Y,0,0,0,0,
NR01,3000000358,,817.5,0,,0,0,Y,0,0,0,0,
EA01,3000000361,,2415,0,,0,0,Y,0,0,0,0,
SO01,3000000361,,2415,0,,0,0,Y,0,0,0,0,
EA01,3000000365,,2976,0,,0,0,Y,0,0,0,0,
SO01,3000000365,,2976,0,,0,0,Y,0,0,0,0,
EA01,3000001369,,1488,0,,0,0,Y,0,0,0,0,
SO01,3000001369,,1488,0,,0,0,Y,0,0,0,0,
WE01,3000001369,,1297.5,0,,0,0,Y,0,0,0,0,
EA01,3000002191,,4653,0,,0,0,Y,0,0,0,0,
SO01,3000002191,,4653,0,,0,0,Y,0,0,0,0,
EA01,3000002192,,2326.5,0,,0,0,Y,0,0,0,0,
SO01,3000002192,,2326.5,0,,0,0,Y,0,0,0,0,
EA01,3000000373,,7518,0,,0,0,Y,0,0,0,0,
SO01,3000000373,,7518,0,,0,0,Y,0,0,0,0,
EA01,3000001220,,3759,0,,0,0,Y,0,0,0,0,
SO01,3000001220,,3759,0,,0,0,Y,0,0,0,0,
EA01,3000000340,,486,0,,0,0,Y,0,0,0,0,
SO01,3000000340,,486,0,,0,0,Y,0,0,0,0,
EA01,3000002510,,243,0,,0,0,Y,0,0,0,0,
SO01,3000002510,,243,0,,0,0,Y,0,0,0,0,
WE01,3000002510,,208.5,0,,0,0,Y,0,0,0,0,
EA01,3000000342,,684,0,,0,0,Y,0,0,0,0,
SO01,3000000342,,684,0,,0,0,Y,0,0,0,0,
EA01,3000000345,,969,0,,0,0,Y,0,0,0,0,
SO01,3000000345,,969,0,,0,0,Y,0,0,0,0,
EA01,3000000348,,1392,0,,0,0,Y,0,0,0,0,
SO01,3000000348,,1392,0,,0,0,Y,0,0,0,0,
EA01,3000001075,,696,0,,0,0,Y,0,0,0,0,
SO01,3000001075,,696,0,,0,0,Y,0,0,0,0,
EA01,3000001054,,1818,0,,0,0,Y,0,0,0,0,
SO01,3000001054,,1818,0,,0,0,Y,0,0,0,0,
NR01,3000001054,,1581,0,,0,0,Y,0,0,0,0,
EA01,3000000354,,2271,0,,0,0,Y,0,0,0,0,
SO01,3000000354,,2271,0,,0,0,Y,0,0,0,0,
EA01,3000000359,,2976,0,,0,0,Y,0,0,0,0,
SO01,3000000359,,2976,0,,0,0,Y,0,0,0,0,
EA01,3000002722,,1488,0,,0,0,Y,0,0,0,0,
SO01,3000002722,,1488,0,,0,0,Y,0,0,0,0,
EA01,3000000362,,3819,0,,0,0,Y,0,0,0,0,
SO01,3000000362,,3819,0,,0,0,Y,0,0,0,0,
EA01,3000001483,,1909.5,0,,0,0,Y,0,0,0,0,
SO01,3000001483,,1909.5,0,,0,0,Y,0,0,0,0,
EA01,3000000366,,4632,0,,0,0,Y,0,0,0,0,
SO01,3000000366,,4632,0,,0,0,Y,0,0,0,0,
EA01,3000001462,,2316,0,,0,0,Y,0,0,0,0,
SO01,3000001462,,2316,0,,0,0,Y,0,0,0,0,
EA01,3000003676,,5964,0,,0,0,Y,0,0,0,0,
SO01,3000003676,,5964,0,,0,0,Y,0,0,0,0,
EA01,3000003677,,2982,0,,0,0,Y,0,0,0,0,
SO01,3000003677,,2982,0,,0,0,Y,0,0,0,0,
EA01,3000003125,,7212,0,,0,0,Y,0,0,0,0,
SO01,3000003125,,7212,0,,0,0,Y,0,0,0,0,
EA01,3000003126,,3606,0,,0,0,Y,0,0,0,0,
SO01,3000003126,,3606,0,,0,0,Y,0,0,0,0,
EA01,3000000374,,11661,0,,0,0,Y,0,0,0,0,
SO01,3000000374,,11661,0,,0,0,Y,0,0,0,0,
EA01,3000002325,,5830.5,0,,0,0,Y,0,0,0,0,
SO01,3000002325,,5830.5,0,,0,0,Y,0,0,0,0,
EA01,3000000338,,285,0,,0,0,Y,0,0,0,0,
SO01,3000000338,,285,0,,0,0,Y,0,0,0,0,
EA01,3000002474,,142.5,0,,0,0,Y,0,0,0,0,
SO01,3000002474,,142.5,0,,0,0,Y,0,0,0,0,
EA01,3000000339,,426,0,,0,0,Y,0,0,0,0,
SO01,3000000339,,426,0,,0,0,Y,0,0,0,0,
EA01,3000001042,,213,0,,0,0,Y,0,0,0,0,
SO01,3000001042,,213,0,,0,0,Y,0,0,0,0,
EA01,3000000341,,693,0,,0,0,Y,0,0,0,0,
SO01,3000000341,,693,0,,0,0,Y,0,0,0,0,
EA01,3000001045,,346.5,0,,0,0,Y,0,0,0,0,
SO01,3000001045,,346.5,0,,0,0,Y,0,0,0,0,
EA01,3000000343,,963,0,,0,0,Y,0,0,0,0,
SO01,3000000343,,963,0,,0,0,Y,0,0,0,0,
EA01,3000001187,,481.5,0,,0,0,Y,0,0,0,0,
SO01,3000001187,,481.5,0,,0,0,Y,0,0,0,0,
EA01,3000000346,,1386,0,,0,0,Y,0,0,0,0,
SO01,3000000346,,1386,0,,0,0,Y,0,0,0,0,
EA01,3000001026,,693,0,,0,0,Y,0,0,0,0,
SO01,3000001026,,693,0,,0,0,Y,0,0,0,0,
EA01,3000000349,,2001,0,,0,0,Y,0,0,0,0,
SO01,3000000349,,2001,0,,0,0,Y,0,0,0,0,
EA01,3000001025,,1000.5,0,,0,0,Y,0,0,0,0,
SO01,3000001025,,1000.5,0,,0,0,Y,0,0,0,0,
EA01,3000000352,,2649,0,,0,0,Y,0,0,0,0,
SO01,3000000352,,2649,0,,0,0,Y,0,0,0,0,
NR01,3000000352,,2301,0,,0,0,Y,0,0,0,0,
EA01,3000000355,,3303,0,,0,0,Y,0,0,0,0,
SO01,3000000355,,3303,0,,0,0,Y,0,0,0,0,
EA01,3000000356,,1651.5,0,,0,0,Y,0,0,0,0,
SO01,3000000356,,1651.5,0,,0,0,Y,0,0,0,0,
EA01,3000000360,,4263,0,,0,0,Y,0,0,0,0,
SO01,3000000360,,4263,0,,0,0,Y,0,0,0,0,
EA01,3000003370,,2131.5,0,,0,0,Y,0,0,0,0,
SO01,3000003370,,2131.5,0,,0,0,Y,0,0,0,0,
EA01,3000000363,,5475,0,,0,0,Y,0,0,0,0,
SO01,3000000363,,5475,0,,0,0,Y,0,0,0,0,
EA01,3000000364,,2737.5,0,,0,0,Y,0,0,0,0,
SO01,3000000364,,2737.5,0,,0,0,Y,0,0,0,0,
WE01,3000000364,,2377.5,0,,0,0,Y,0,0,0,0,
EA01,3000000367,,6792,0,,0,0,Y,0,0,0,0,
SO01,3000000367,,6792,0,,0,0,Y,0,0,0,0,
EA01,3000000368,,3396,0,,0,0,Y,0,0,0,0,
SO01,3000000368,,3396,0,,0,0,Y,0,0,0,0,
EA01,3000000371,,8577,0,,0,0,Y,0,0,0,0,
SO01,3000000371,,8577,0,,0,0,Y,0,0,0,0,
NR01,3000000371,,7614,0,,0,0,Y,0,0,0,0,
EA01,3000000372,,4288.5,0,,0,0,Y,0,0,0,0,
SO01,3000000372,,4288.5,0,,0,0,Y,0,0,0,0,
EA01,3000001279,,10683,0,,0,0,Y,0,0,0,0,
SO01,3000001279,,10683,0,,0,0,Y,0,0,0,0,
EA01,3000001318,,5341.5,0,,0,0,Y,0,0,0,0,
SO01,3000001318,,5341.5,0,,0,0,Y,0,0,0,0,
EA01,3000002540,,6733.5,0,,0,0,Y,0,0,0,0,
SO01,3000002540,,6733.5,0,,0,0,Y,0,0,0,0,
EA01,3000002541,,13467,0,,0,0,Y,0,0,0,0,
SO01,3000002541,,13467,0,,0,0,Y,0,0,0,0,
NR01,3000002541,,11928,0,,0,0,Y,0,0,0,0,
EA01,3000000375,,17163,0,,0,0,Y,0,0,0,0,
SO01,3000000375,,17163,0,,0,0,Y,0,0,0,0,
NR01,3000000375,,15198,0,,0,0,Y,0,0,0,0,
EA01,3000000376,,8581.5,0,,0,0,Y,0,0,0,0,
SO01,3000000376,,8581.5,0,,0,0,Y,0,0,0,0,
EA01,3000002790,,564,0,,0,0,Y,0,0,0,0,
SO01,3000002790,,564,0,,0,0,Y,0,0,0,0,
NR01,3000002790,,489,0,,0,0,Y,0,0,0,0,
EA01,3000002791,,282,0,,0,0,Y,0,0,0,0,
SO01,3000002791,,282,0,,0,0,Y,0,0,0,0,
EA01,3000003166,,1236,0,,0,0,Y,0,0,0,0,
SO01,3000003166,,1236,0,,0,0,Y,0,0,0,0,
NR01,3000003166,,1074,0,,0,0,Y,0,0,0,0,
EA01,3000003167,,618,0,,0,0,Y,0,0,0,0,
SO01,3000003167,,618,0,,0,0,Y,0,0,0,0,
EA01,3000000350,,2595,0,,0,0,Y,0,0,0,0,
SO01,3000000350,,2595,0,,0,0,Y,0,0,0,0,
EA01,3000003127,,4305,0,,0,0,Y,0,0,0,0,
SO01,3000003127,,4305,0,,0,0,Y,0,0,0,0,
EA01,3000003128,,2152.5,0,,0,0,Y,0,0,0,0,
SO01,3000003128,,2152.5,0,,0,0,Y,0,0,0,0,
EA01,3000003118,,5625,0,,0,0,Y,0,0,0,0,
SO01,3000003118,,5625,0,,0,0,Y,0,0,0,0,
EA01,3000003119,,2812.5,0,,0,0,Y,0,0,0,0,
SO01,3000003119,,2812.5,0,,0,0,Y,0,0,0,0,
EA01,3000003120,,7050,0,,0,0,Y,0,0,0,0,
SO01,3000003120,,7050,0,,0,0,Y,0,0,0,0,
EA01,3000003121,,3525,0,,0,0,Y,0,0,0,0,
SO01,3000003121,,3525,0,,0,0,Y,0,0,0,0,
EA01,3000000369,,8769,0,,0,0,Y,0,0,0,0,
SO01,3000000369,,8769,0,,0,0,Y,0,0,0,0,
NR01,3000000369,,7545,0,,0,0,Y,0,0,0,0,
EA01,3000002883,,11112,0,,0,0,Y,0,0,0,0,
SO01,3000002883,,11112,0,,0,0,Y,0,0,0,0,
NR01,3000002883,,9861,0,,0,0,Y,0,0,0,0,
EA01,3000002884,,5556,0,,0,0,Y,0,0,0,0,
SO01,3000002884,,5556,0,,0,0,Y,0,0,0,0,
EA01,3000002794,,22107,0,,0,0,Y,0,0,0,0,
WE01,3000002794,,19572,0,,0,0,Y,0,0,0,0,
SO01,3000002794,,22107,0,,0,0,Y,0,0,0,0,
NR01,3000002794,,19572,0,,0,0,Y,0,0,0,0,
EA01,3000002795,,11053.5,0,,0,0,Y,0,0,0,0,
SO01,3000002795,,11053.5,0,,0,0,Y,0,0,0,0,
EA01,3000001453,,669,0,,0,0,Y,0,0,0,0,
SO01,3000001453,,669,0,,0,0,Y,0,0,0,0,
NR01,3000001453,,597,0,,0,0,Y,0,0,0,0,
EA01,3000001454,,334.5,0,,0,0,Y,0,0,0,0,
SO01,3000001454,,334.5,0,,0,0,Y,0,0,0,0,
EA01,3000002324,,8625,0,,0,0,Y,0,0,0,0,
SO01,3000002324,,8625,0,,0,0,Y,0,0,0,0,
NR01,3000002324,,7572,0,,0,0,Y,0,0,0,0,
EA01,3000000370,,10695,0,,0,0,Y,0,0,0,0,
SO01,3000000370,,10695,0,,0,0,Y,0,0,0,0,
NR01,3000000370,,9264,0,,0,0,Y,0,0,0,0,
EA01,3000002796,,26997,0,,0,0,Y,0,0,0,0,
WE01,3000002796,,23946,0,,0,0,Y,0,0,0,0,
SO01,3000002796,,26997,0,,0,0,Y,0,0,0,0,
NR01,3000002796,,23946,0,,0,0,Y,0,0,0,0,
EA01,3000002797,,13498.5,0,,0,0,Y,0,0,0,0,
SO01,3000002797,,13498.5,0,,0,0,Y,0,0,0,0,
EA01,3000002530,,267,0,,0,0,Y,0,0,0,0,
SO01,3000002530,,0,0,,0,0,Y,0,0,0,0,
EA01,3000002531,,360,0,,0,0,Y,0,0,0,0,
SO01,3000002531,,0,0,,0,0,Y,0,0,0,0,
EA01,PVC3000001077,,68.5,0,,0,0,Y,0,0,0,0,
SO01,PVC3000001077,,68.5,0,,0,0,Y,0,0,0,0,
EA01,PVC3000001078,,138.5,0,,0,0,Y,0,0,0,0,
SO01,PVC3000001078,,138.5,0,,0,0,Y,0,0,0,0,
EA01,PVC3000001079,,207,0,,0,0,Y,0,0,0,0,
SO01,PVC3000001079,,207,0,,0,0,Y,0,0,0,0,
EA01,PVC3000001080,,334,0,,0,0,Y,0,0,0,0,
SO01,PVC3000001080,,334,0,,0,0,Y,0,0,0,0,
EA01,PVC3000001081,,1593,0,,0,0,Y,0,0,0,0,
SO01,PVC3000001081,,1593,0,,0,0,Y,0,0,0,0,
EA01,3000002165,,7875,0,,0,0,Y,0,0,0,0,
WE01,3000002165,,6375,0,,0,0,Y,0,0,0,0,
SO01,3000002165,,7875,0,,0,0,Y,0,0,0,0,
NR01,3000002165,,6375,0,,0,0,Y,0,0,0,0,
EA01,3000002166,,10625,0,,0,0,Y,0,0,0,0,
WE01,3000002166,,9220,0,,0,0,Y,0,0,0,0,
SO01,3000002166,,10625,0,,0,0,Y,0,0,0,0,
NR01,3000002166,,11525,0,,0,0,Y,0,0,0,0,
EA01,3000002167,,9175,0,,0,0,Y,0,0,0,0,
WE01,3000002167,,7560,0,,0,0,Y,0,0,0,0,
SO01,3000002167,,9175,0,,0,0,Y,0,0,0,0,
NR01,3000002167,,9450,0,,0,0,Y,0,0,0,0,
EA01,3000002173,,7000,0,,0,0,Y,0,0,0,0,
WE01,3000002173,,6425,0,,0,0,Y,0,0,0,0,
SO01,3000002173,,7000,0,,0,0,Y,0,0,0,0,
EA01,3000002174,,9250,0,,0,0,Y,0,0,0,0,
WE01,3000002174,,9810,0,,0,0,Y,0,0,0,0,
SO01,3000002174,,9250,0,,0,0,Y,0,0,0,0,
EA01,3000002176,,8175,0,,0,0,Y,0,0,0,0,
WE01,3000002176,,7700,0,,0,0,Y,0,0,0,0,
SO01,3000002176,,8175,0,,0,0,Y,0,0,0,0,
EA01,3000002123,,10125,0,,0,0,Y,0,0,0,0,
WE01,3000002123,,8680,0,,0,0,Y,0,0,0,0,
SO01,3000002123,,10125,0,,0,0,Y,0,0,0,0,
NR01,3000002123,,10850,0,,0,0,Y,0,0,0,0,
EA01,3000002124,,8025,0,,0,0,Y,0,0,0,0,
WE01,3000002124,,8700,0,,0,0,Y,0,0,0,0,
SO01,3000002124,,8025,0,,0,0,Y,0,0,0,0,
NR01,3000002124,,8700,0,,0,0,Y,0,0,0,0,
EA01,3000002125,,12000,0,,0,0,Y,0,0,0,0,
WE01,3000002125,,11220,0,,0,0,Y,0,0,0,0,
SO01,3000002125,,12000,0,,0,0,Y,0,0,0,0,
NR01,3000002125,,14025,0,,0,0,Y,0,0,0,0,
EA01,3000002127,,2580,0,,0,0,Y,0,0,0,0,
WE01,3000002127,,7420,0,,0,0,Y,0,0,0,0,
SO01,3000002127,,2580,0,,0,0,Y,0,0,0,0,
NR01,3000002127,,11130,0,,0,0,Y,0,0,0,0,
EA01,3000002128,,3800,0,,0,0,Y,0,0,0,0,
WE01,3000002128,,4815,0,,0,0,Y,0,0,0,0,
SO01,3000002128,,3800,0,,0,0,Y,0,0,0,0,
NR01,3000002128,,3852,0,,0,0,Y,0,0,0,0,
EA01,3000002129,,2531,0,,0,0,Y,0,0,0,0,
WE01,3000002129,,6700,0,,0,0,Y,0,0,0,0,
SO01,3000002129,,2531,0,,0,0,Y,0,0,0,0,
NR01,3000002129,,2680,0,,0,0,Y,0,0,0,0,
EA01,3000002130,,1799,0,,0,0,Y,0,0,0,0,
WE01,3000002130,,5982,0,,0,0,Y,0,0,0,0,
SO01,3000002130,,1799,0,,0,0,Y,0,0,0,0,
NR01,3000002130,,1994,0,,0,0,Y,0,0,0,0,
EA01,3000002177,,7150,0,,0,0,Y,0,0,0,0,
WE01,3000002177,,9475,0,,0,0,Y,0,0,0,0,
SO01,3000002177,,7150,0,,0,0,Y,0,0,0,0,
EA01,3000002178,,10625,0,,0,0,Y,0,0,0,0,
WE01,3000002178,,11810,0,,0,0,Y,0,0,0,0,
SO01,3000002178,,10625,0,,0,0,Y,0,0,0,0,
EA01,3000002179,,9125,0,,0,0,Y,0,0,0,0,
WE01,3000002179,,9340,0,,0,0,Y,0,0,0,0,
SO01,3000002179,,9125,0,,0,0,Y,0,0,0,0,
EA01,3000002158,,8875,0,,0,0,Y,0,0,0,0,
WE01,3000002158,,10575,0,,0,0,Y,0,0,0,0,
SO01,3000002158,,8875,0,,0,0,Y,0,0,0,0,
NR01,3000002158,,10575,0,,0,0,Y,0,0,0,0,
EA01,3000002159,,15750,0,,0,0,Y,0,0,0,0,
WE01,3000002159,,13720,0,,0,0,Y,0,0,0,0,
SO01,3000002159,,15750,0,,0,0,Y,0,0,0,0,
NR01,3000002159,,17150,0,,0,0,Y,0,0,0,0,
EA01,3000002160,,3360,0,,0,0,Y,0,0,0,0,
SO01,3000002160,,3360,0,,0,0,Y,0,0,0,0,
NR01,3000002160,,14010,0,,0,0,Y,0,0,0,0,
EA01,3000002161,,4360,0,,0,0,Y,0,0,0,0,
WE01,3000002161,,5895,0,,0,0,Y,0,0,0,0,
SO01,3000002161,,4360,0,,0,0,Y,0,0,0,0,
NR01,3000002161,,4716,0,,0,0,Y,0,0,0,0,
EA01,3000002162,,2850,0,,0,0,Y,0,0,0,0,
WE01,3000002162,,8180,0,,0,0,Y,0,0,0,0,
SO01,3000002162,,2850,0,,0,0,Y,0,0,0,0,
NR01,3000002162,,3272,0,,0,0,Y,0,0,0,0,
EA01,3000002163,,2020,0,,0,0,Y,0,0,0,0,
WE01,3000002163,,7587,0,,0,0,Y,0,0,0,0,
SO01,3000002163,,2020,0,,0,0,Y,0,0,0,0,
NR01,3000002163,,2529,0,,0,0,Y,0,0,0,0,
EA01,3000002164,,13125,0,,0,0,Y,0,0,0,0,
SO01,3000002164,,13125,0,,0,0,Y,0,0,0,0,
NR01,3000002164,,14100,0,,0,0,Y,0,0,0,0,
EA01,3000002170,,8000,0,,0,0,Y,0,0,0,0,
WE01,3000002170,,10612.5,0,,0,0,Y,0,0,0,0,
SO01,3000002170,,8000,0,,0,0,Y,0,0,0,0,
EA01,3000002171,,14375,0,,0,0,Y,0,0,0,0,
WE01,3000002171,,14880,0,,0,0,Y,0,0,0,0,
SO01,3000002171,,14375,0,,0,0,Y,0,0,0,0,
EA01,3000002172,,12125,0,,0,0,Y,0,0,0,0,
WE01,3000002172,,12320,0,,0,0,Y,0,0,0,0,
SO01,3000002172,,12125,0,,0,0,Y,0,0,0,0,
EA01,3000003333,,3720,0,,0,0,Y,0,0,0,0,
WE01,3000003333,,11680,0,,0,0,Y,0,0,0,0,
SO01,3000003333,,3720,0,,0,0,Y,0,0,0,0,
NR01,3000003333,,17520,0,,0,0,Y,0,0,0,0,
EA01,3000003334,,5290,0,,0,0,Y,0,0,0,0,
WE01,3000003334,,8850,0,,0,0,Y,0,0,0,0,
SO01,3000003334,,5290,0,,0,0,Y,0,0,0,0,
NR01,3000003334,,7080,0,,0,0,Y,0,0,0,0,
EA01,3000002550,,5375,0,,0,0,Y,0,0,0,0,
SO01,3000002550,,5375,0,,0,0,Y,0,0,0,0,
EA01,3000002551,,6250,0,,0,0,Y,0,0,0,0,
SO01,3000002551,,6250,0,,0,0,Y,0,0,0,0,
NR01,3000002551,,5250,0,,0,0,Y,0,0,0,0,
EA01,3000002552,,6250,0,,0,0,Y,0,0,0,0,
SO01,3000002552,,6250,0,,0,0,Y,0,0,0,0,
EA01,3000002553,,7250,0,,0,0,Y,0,0,0,0,
SO01,3000002553,,7250,0,,0,0,Y,0,0,0,0,
NR01,3000002553,,7100,0,,0,0,Y,0,0,0,0,
WE01,3000002553,,5680,0,,0,0,Y,0,0,0,0,
EA01,3000002554,,7250,0,,0,0,Y,0,0,0,0,
SO01,3000002554,,7250,0,,0,0,Y,0,0,0,0,
EA01,3000002555,,8250,0,,0,0,Y,0,0,0,0,
SO01,3000002555,,8250,0,,0,0,Y,0,0,0,0,
NR01,3000002555,,7825,0,,0,0,Y,0,0,0,0,
EA01,3000002560,,4500,0,,0,0,Y,0,0,0,0,
SO01,3000002560,,4500,0,,0,0,Y,0,0,0,0,
NR01,3000002560,,3750,0,,0,0,Y,0,0,0,0,
EA01,3000002561,,5250,0,,0,0,Y,0,0,0,0,
SO01,3000002561,,5250,0,,0,0,Y,0,0,0,0,
NR01,3000002561,,4437.5,0,,0,0,Y,0,0,0,0,
EA01,3000000323,,3895,0,,0,0,Y,0,0,0,0,
SO01,3000000323,,3895,0,,0,0,Y,0,0,0,0,
EA01,3000002762,,3895,0,,0,0,Y,0,0,0,0,
SO01,3000002762,,3895,0,,0,0,Y,0,0,0,0,
EA01,3000000322,,4255,0,,0,0,Y,0,0,0,0,
SO01,3000000322,,4255,0,,0,0,Y,0,0,0,0,
EA01,3000002761,,4255,0,,0,0,Y,0,0,0,0,
SO01,3000002761,,4255,0,,0,0,Y,0,0,0,0,
EA01,3000000321,,6385,0,,0,0,Y,0,0,0,0,
WE01,3000000321,,4860,0,,0,0,Y,0,0,0,0,
SO01,3000000321,,6385,0,,0,0,Y,0,0,0,0,
EA01,3000002760,,6385,0,,0,0,Y,0,0,0,0,
SO01,3000002760,,6385,0,,0,0,Y,0,0,0,0,
EA01,3000000326,,5255,0,,0,0,Y,0,0,0,0,
SO01,3000000326,,5255,0,,0,0,Y,0,0,0,0,
EA01,3000002765,,5255,0,,0,0,Y,0,0,0,0,
SO01,3000002765,,5255,0,,0,0,Y,0,0,0,0,
EA01,3000002774,,5255,0,,0,0,Y,0,0,0,0,
SO01,3000002774,,5255,0,,0,0,Y,0,0,0,0,
EA01,3000000325,,5745,0,,0,0,Y,0,0,0,0,
SO01,3000000325,,5745,0,,0,0,Y,0,0,0,0,
EA01,3000002764,,5745,0,,0,0,Y,0,0,0,0,
SO01,3000002764,,5745,0,,0,0,Y,0,0,0,0,
EA01,3000002773,,5745,0,,0,0,Y,0,0,0,0,
SO01,3000002773,,5745,0,,0,0,Y,0,0,0,0,
EA01,3000000324,,8620,0,,0,0,Y,0,0,0,0,
WE01,3000000324,,5970,0,,0,0,Y,0,0,0,0,
SO01,3000000324,,8620,0,,0,0,Y,0,0,0,0,
NR01,3000000324,,5970,0,,0,0,Y,0,0,0,0,
EA01,3000002763,,8620,0,,0,0,Y,0,0,0,0,
SO01,3000002763,,8620,0,,0,0,Y,0,0,0,0,
EA01,3000002772,,8620,0,,0,0,Y,0,0,0,0,
SO01,3000002772,,8620,0,,0,0,Y,0,0,0,0,
EA01,3000000329,,818,0,,0,0,Y,0,0,0,0,
SO01,3000000329,,818,0,,0,0,Y,0,0,0,0,
EA01,3000002768,,818,0,,0,0,Y,0,0,0,0,
SO01,3000002768,,818,0,,0,0,Y,0,0,0,0,
EA01,3000002777,,818,0,,0,0,Y,0,0,0,0,
SO01,3000002777,,818,0,,0,0,Y,0,0,0,0,
EA01,3000000328,,894,0,,0,0,Y,0,0,0,0,
SO01,3000000328,,894,0,,0,0,Y,0,0,0,0,
EA01,3000002767,,894,0,,0,0,Y,0,0,0,0,
SO01,3000002767,,894,0,,0,0,Y,0,0,0,0,
EA01,3000002776,,894,0,,0,0,Y,0,0,0,0,
SO01,3000002776,,894,0,,0,0,Y,0,0,0,0,
EA01,3000000327,,1340.5,0,,0,0,Y,0,0,0,0,
WE01,3000000327,,969,0,,0,0,Y,0,0,0,0,
SO01,3000000327,,1340.5,0,,0,0,Y,0,0,0,0,
NR01,3000000327,,969,0,,0,0,Y,0,0,0,0,
EA01,3000002766,,1340.5,0,,0,0,Y,0,0,0,0,
SO01,3000002766,,1340.5,0,,0,0,Y,0,0,0,0,
EA01,3000002775,,1340.5,0,,0,0,Y,0,0,0,0,
SO01,3000002775,,1340.5,0,,0,0,Y,0,0,0,0,
EA01,3000000332,,1246,0,,0,0,Y,0,0,0,0,
SO01,3000000332,,1246,0,,0,0,Y,0,0,0,0,
EA01,3000002771,,1246,0,,0,0,Y,0,0,0,0,
SO01,3000002771,,1246,0,,0,0,Y,0,0,0,0,
EA01,3000002780,,1246,0,,0,0,Y,0,0,0,0,
SO01,3000002780,,1246,0,,0,0,Y,0,0,0,0,
EA01,3000000331,,1362,0,,0,0,Y,0,0,0,0,
SO01,3000000331,,1362,0,,0,0,Y,0,0,0,0,
EA01,3000002770,,1362,0,,0,0,Y,0,0,0,0,
SO01,3000002770,,1362,0,,0,0,Y,0,0,0,0,
EA01,3000002779,,1362,0,,0,0,Y,0,0,0,0,
SO01,3000002779,,1362,0,,0,0,Y,0,0,0,0,
EA01,3000000330,,2043,0,,0,0,Y,0,0,0,0,
WE01,3000000330,,1620,0,,0,0,Y,0,0,0,0,
SO01,3000000330,,2043,0,,0,0,Y,0,0,0,0,
NR01,3000000330,,1620,0,,0,0,Y,0,0,0,0,
EA01,3000002769,,2043,0,,0,0,Y,0,0,0,0,
SO01,3000002769,,2043,0,,0,0,Y,0,0,0,0,
EA01,3000002778,,2043,0,,0,0,Y,0,0,0,0,
SO01,3000002778,,2043,0,,0,0,Y,0,0,0,0,
EA01,3000000334,,2290.5,0,,0,0,Y,0,0,0,0,
SO01,3000000334,,2290.5,0,,0,0,Y,0,0,0,0,
EA01,3000002782,,2290.5,0,,0,0,Y,0,0,0,0,
SO01,3000002782,,2290.5,0,,0,0,Y,0,0,0,0,
EA01,3000000333,,3436,0,,0,0,Y,0,0,0,0,
WE01,3000000333,,2413.5,0,,0,0,Y,0,0,0,0,
SO01,3000000333,,3436,0,,0,0,Y,0,0,0,0,
EA01,3000002781,,3436,0,,0,0,Y,0,0,0,0,
SO01,3000002781,,3436,0,,0,0,Y,0,0,0,0,
EA01,3000000337,,2750.5,0,,0,0,Y,0,0,0,0,
SO01,3000000337,,2750.5,0,,0,0,Y,0,0,0,0,
EA01,3000002785,,2750.5,0,,0,0,Y,0,0,0,0,
SO01,3000002785,,2750.5,0,,0,0,Y,0,0,0,0,
EA01,3000000336,,3006.5,0,,0,0,Y,0,0,0,0,
SO01,3000000336,,3006.5,0,,0,0,Y,0,0,0,0,
EA01,3000002784,,3006.5,0,,0,0,Y,0,0,0,0,
SO01,3000002784,,3006.5,0,,0,0,Y,0,0,0,0,
EA01,3000000335,,4509.5,0,,0,0,Y,0,0,0,0,
WE01,3000000335,,3207,0,,0,0,Y,0,0,0,0,
SO01,3000000335,,4509.5,0,,0,0,Y,0,0,0,0,
EA01,3000002783,,4509.5,0,,0,0,Y,0,0,0,0,
SO01,3000002783,,4509.5,0,,0,0,Y,0,0,0,0,
EA01,3000002471,,4490,0,,0,0,Y,0,0,0,0,
SO01,3000002471,,4490,0,,0,0,Y,0,0,0,0,
EA01,3000002787,,4490,0,,0,0,Y,0,0,0,0,
SO01,3000002787,,4490,0,,0,0,Y,0,0,0,0,
EA01,3000002470,,6734,0,,0,0,Y,0,0,0,0,
SO01,3000002470,,6734,0,,0,0,Y,0,0,0,0,
EA01,3000002786,,6734,0,,0,0,Y,0,0,0,0,
SO01,3000002786,,6734,0,,0,0,Y,0,0,0,0,
EA01,3000002473,,5094,0,,0,0,Y,0,0,0,0,
SO01,3000002473,,5094,0,,0,0,Y,0,0,0,0,
EA01,3000002789,,5094,0,,0,0,Y,0,0,0,0,
SO01,3000002789,,5094,0,,0,0,Y,0,0,0,0,
EA01,3000002472,,7641,0,,0,0,Y,0,0,0,0,
SO01,3000002472,,7641,0,,0,0,Y,0,0,0,0,
EA01,3000002788,,7641,0,,0,0,Y,0,0,0,0,
SO01,3000002788,,7641,0,,0,0,Y,0,0,0,0,
EA01,3000003371,,1677,0,,0,0,Y,0,0,0,0,
SO01,3000003371,,1677,0,,0,0,Y,0,0,0,0,
EA01,3000003372,,838.5,0,,0,0,Y,0,0,0,0,
SO01,3000003372,,838.5,0,,0,0,Y,0,0,0,0,
EA01,3000001402,,1147.5,0,,0,0,Y,0,0,0,0,
SO01,3000001402,,1147.5,0,,0,0,Y,0,0,0,0,
EA01,3000001403,,2295,0,,0,0,Y,0,0,0,0,
SO01,3000001403,,2295,0,,0,0,Y,0,0,0,0,
EA01,3000001428,,3639,0,,0,0,Y,0,0,0,0,
SO01,3000001428,,3639,0,,0,0,Y,0,0,0,0,
EA01,3000001429,,1819.5,0,,0,0,Y,0,0,0,0,
SO01,3000001429,,1819.5,0,,0,0,Y,0,0,0,0,
EA01,3000001730,,4659,0,,0,0,Y,0,0,0,0,
SO01,3000001730,,4659,0,,0,0,Y,0,0,0,0,
EA01,3000001731,,2329.5,0,,0,0,Y,0,0,0,0,
SO01,3000001731,,2329.5,0,,0,0,Y,0,0,0,0,
EA01,3000000896,,5955,0,,0,0,Y,0,0,0,0,
SO01,3000000896,,5955,0,,0,0,Y,0,0,0,0,
EA01,3000001430,,7434,0,,0,0,Y,0,0,0,0,
SO01,3000001430,,7434,0,,0,0,Y,0,0,0,0,
EA01,3000001431,,3717,0,,0,0,Y,0,0,0,0,
SO01,3000001431,,3717,0,,0,0,Y,0,0,0,0,
EA01,3000000295,,2586,0,,0,0,Y,0,0,0,0,
SO01,3000000295,,2586,0,,0,0,Y,0,0,0,0,
EA01,3000000296,,1293,0,,0,0,Y,0,0,0,0,
SO01,3000000296,,1293,0,,0,0,Y,0,0,0,0,
EA01,3000000299,,3588,0,,0,0,Y,0,0,0,0,
SO01,3000000299,,3588,0,,0,0,Y,0,0,0,0,
EA01,3000000300,,1794,0,,0,0,Y,0,0,0,0,
SO01,3000000300,,1794,0,,0,0,Y,0,0,0,0,
EA01,3000001387,,4830,0,,0,0,Y,0,0,0,0,
SO01,3000001387,,4830,0,,0,0,Y,0,0,0,0,
EA01,3000001388,,2415,0,,0,0,Y,0,0,0,0,
SO01,3000001388,,2415,0,,0,0,Y,0,0,0,0,
EA01,3000000304,,6234,0,,0,0,Y,0,0,0,0,
SO01,3000000304,,6234,0,,0,0,Y,0,0,0,0,
EA01,3000000305,,3117,0,,0,0,Y,0,0,0,0,
SO01,3000000305,,3117,0,,0,0,Y,0,0,0,0,
EA01,3000000297,,1992,0,,0,0,Y,0,0,0,0,
SO01,3000000297,,1992,0,,0,0,Y,0,0,0,0,
EA01,3000000298,,996,0,,0,0,Y,0,0,0,0,
SO01,3000000298,,996,0,,0,0,Y,0,0,0,0,
EA01,3000000301,,3096,0,,0,0,Y,0,0,0,0,
SO01,3000000301,,3096,0,,0,0,Y,0,0,0,0,
EA01,3000000302,,1548,0,,0,0,Y,0,0,0,0,
SO01,3000000302,,1548,0,,0,0,Y,0,0,0,0,
EA01,3000002040,,3411,0,,0,0,Y,0,0,0,0,
SO01,3000002040,,3411,0,,0,0,Y,0,0,0,0,
EA01,3000002041,,1705.5,0,,0,0,Y,0,0,0,0,
SO01,3000002041,,1705.5,0,,0,0,Y,0,0,0,0,
NR01,3000002041,,1554,0,,0,0,Y,0,0,0,0,
EA01,3000000303,,2397,0,,0,0,Y,0,0,0,0,
SO01,3000000303,,2397,0,,0,0,Y,0,0,0,0,
EA01,3000001485,,6513,0,,0,0,Y,0,0,0,0,
SO01,3000001485,,6513,0,,0,0,Y,0,0,0,0,
EA01,3000001486,,3256.5,0,,0,0,Y,0,0,0,0,
SO01,3000001486,,3256.5,0,,0,0,Y,0,0,0,0,
EA01,3000002180,,4669.5,0,,0,0,Y,0,0,0,0,
SO01,3000002180,,4669.5,0,,0,0,Y,0,0,0,0,
EA01,3000002181,,9339,0,,0,0,Y,0,0,0,0,
SO01,3000002181,,9339,0,,0,0,Y,0,0,0,0,
EA01,3000002800,,5940,0,,0,0,Y,0,0,0,0,
SO01,3000002800,,5940,0,,0,0,Y,0,0,0,0,
EA01,3000000306,,5121,0,,0,0,Y,0,0,0,0,
SO01,3000000306,,5121,0,,0,0,Y,0,0,0,0,
EA01,3000000307,,2560.5,0,,0,0,Y,0,0,0,0,
SO01,3000000307,,2560.5,0,,0,0,Y,0,0,0,0,
EA01,3000002688,,3840,0,,0,0,Y,0,0,0,0,
SO01,3000002688,,3840,0,,0,0,Y,0,0,0,0,
EA01,3000002689,,7680,0,,0,0,Y,0,0,0,0,
SO01,3000002689,,7680,0,,0,0,Y,0,0,0,0,
EA01,3000000309,,6234,0,,0,0,Y,0,0,0,0,
SO01,3000000309,,6234,0,,0,0,Y,0,0,0,0,
EA01,3000000310,,3117,0,,0,0,Y,0,0,0,0,
SO01,3000000310,,3117,0,,0,0,Y,0,0,0,0,
EA01,3000000460,,46.75,0,,0,0,Y,0,0,0,0,
SO01,3000000460,,46.75,0,,0,0,Y,0,0,0,0,
EA01,3000000486,,28,0,,0,0,Y,0,0,0,0,
SO01,3000000486,,28,0,,0,0,Y,0,0,0,0,
EA01,3000000487,,32.5,0,,0,0,Y,0,0,0,0,
SO01,3000000487,,32.5,0,,0,0,Y,0,0,0,0,
EA01,3000000488,,42,0,,0,0,Y,0,0,0,0,
SO01,3000000488,,42,0,,0,0,Y,0,0,0,0,
EA01,3000000489,,82.5,0,,0,0,Y,0,0,0,0,
SO01,3000000489,,82.5,0,,0,0,Y,0,0,0,0,
EA01,3000000490,,115.5,0,,0,0,Y,0,0,0,0,
SO01,3000000490,,115.5,0,,0,0,Y,0,0,0,0,
EA01,3000001204,,115.5,0,,0,0,Y,0,0,0,0,
SO01,3000001204,,115.5,0,,0,0,Y,0,0,0,0,
EA01,3000000491,,297.5,0,,0,0,Y,0,0,0,0,
SO01,3000000491,,297.5,0,,0,0,Y,0,0,0,0,
EA01,3000002316,,390,0,,0,0,Y,0,0,0,0,
SO01,3000002316,,390,0,,0,0,Y,0,0,0,0,
EA01,3000003261,,460,0,,0,0,Y,0,0,0,0,
SO01,3000003261,,460,0,,0,0,Y,0,0,0,0,
EA01,3000000493,,587.5,0,,0,0,Y,0,0,0,0,
SO01,3000000493,,587.5,0,,0,0,Y,0,0,0,0,
EA01,3000000383,,25.5,0,,0,0,Y,0,0,0,0,
SO01,3000000383,,25.5,0,,0,0,Y,0,0,0,0,
WE01,3000000383,,23,0,,0,0,Y,0,0,0,0,
EA01,3000000386,,41,0,,0,0,Y,0,0,0,0,
SO01,3000000386,,41,0,,0,0,Y,0,0,0,0,
WE01,3000000386,,37.5,0,,0,0,Y,0,0,0,0,
EA01,3000000389,,62.5,0,,0,0,Y,0,0,0,0,
SO01,3000000389,,62.5,0,,0,0,Y,0,0,0,0,
WE01,3000000389,,50,0,,0,0,Y,0,0,0,0,
EA01,3000000392,,75,0,,0,0,Y,0,0,0,0,
SO01,3000000392,,75,0,,0,0,Y,0,0,0,0,
WE01,3000000392,,78.5,0,,0,0,Y,0,0,0,0,
EA01,3000000395,,106.75,0,,0,0,Y,0,0,0,0,
SO01,3000000395,,106.75,0,,0,0,Y,0,0,0,0,
WE01,3000000395,,103,0,,0,0,Y,0,0,0,0,
EA01,3000000398,,135.5,0,,0,0,Y,0,0,0,0,
SO01,3000000398,,135.5,0,,0,0,Y,0,0,0,0,
WE01,3000000398,,140,0,,0,0,Y,0,0,0,0,
EA01,3000000401,,178.5,0,,0,0,Y,0,0,0,0,
SO01,3000000401,,178.5,0,,0,0,Y,0,0,0,0,
WE01,3000000401,,192,0,,0,0,Y,0,0,0,0,
EA01,3000002327,,407.5,0,,0,0,Y,0,0,0,0,
SO01,3000002327,,407.5,0,,0,0,Y,0,0,0,0,
EA01,3000000407,,590.5,0,,0,0,Y,0,0,0,0,
SO01,3000000407,,590.5,0,,0,0,Y,0,0,0,0,
WE01,3000000407,,670,0,,0,0,Y,0,0,0,0,
EA01,3000000379,,16,0,,0,0,Y,0,0,0,0,
SO01,3000000379,,16,0,,0,0,Y,0,0,0,0,
WE01,3000000379,,10.75,0,,0,0,Y,0,0,0,0,
EA01,3000000381,,24.25,0,,0,0,Y,0,0,0,0,
SO01,3000000381,,24.25,0,,0,0,Y,0,0,0,0,
WE01,3000000381,,17.5,0,,0,0,Y,0,0,0,0,
EA01,3000000384,,36.75,0,,0,0,Y,0,0,0,0,
SO01,3000000384,,36.75,0,,0,0,Y,0,0,0,0,
WE01,3000000384,,31.75,0,,0,0,Y,0,0,0,0,
EA01,3000000387,,59,0,,0,0,Y,0,0,0,0,
SO01,3000000387,,59,0,,0,0,Y,0,0,0,0,
WE01,3000000387,,56,0,,0,0,Y,0,0,0,0,
EA01,3000000390,,86,0,,0,0,Y,0,0,0,0,
SO01,3000000390,,86,0,,0,0,Y,0,0,0,0,
WE01,3000000390,,78,0,,0,0,Y,0,0,0,0,
EA01,3000000393,,115,0,,0,0,Y,0,0,0,0,
SO01,3000000393,,115,0,,0,0,Y,0,0,0,0,
WE01,3000000393,,102.75,0,,0,0,Y,0,0,0,0,
EA01,3000000396,,162.25,0,,0,0,Y,0,0,0,0,
SO01,3000000396,,162.25,0,,0,0,Y,0,0,0,0,
WE01,3000000396,,158,0,,0,0,Y,0,0,0,0,
EA01,3000000399,,210,0,,0,0,Y,0,0,0,0,
SO01,3000000399,,210,0,,0,0,Y,0,0,0,0,
WE01,3000000399,,224.5,0,,0,0,Y,0,0,0,0,
EA01,3000000402,,274,0,,0,0,Y,0,0,0,0,
SO01,3000000402,,274,0,,0,0,Y,0,0,0,0,
WE01,3000000402,,291,0,,0,0,Y,0,0,0,0,
EA01,3000000408,,928.5,0,,0,0,Y,0,0,0,0,
SO01,3000000408,,928.5,0,,0,0,Y,0,0,0,0,
WE01,3000000408,,1056.75,0,,0,0,Y,0,0,0,0,
EA01,3000000377,,8.5,0,,0,0,Y,0,0,0,0,
SO01,3000000377,,8.5,0,,0,0,Y,0,0,0,0,
WE01,3000000377,,6.5,0,,0,0,Y,0,0,0,0,
EA01,3000000378,,12,0,,0,0,Y,0,0,0,0,
SO01,3000000378,,12,0,,0,0,Y,0,0,0,0,
WE01,3000000378,,11,0,,0,0,Y,0,0,0,0,
EA01,3000000380,,21.25,0,,0,0,Y,0,0,0,0,
SO01,3000000380,,21.25,0,,0,0,Y,0,0,0,0,
WE01,3000000380,,15.75,0,,0,0,Y,0,0,0,0,
EA01,3000000382,,32.5,0,,0,0,Y,0,0,0,0,
SO01,3000000382,,32.5,0,,0,0,Y,0,0,0,0,
WE01,3000000382,,27,0,,0,0,Y,0,0,0,0,
EA01,3000000385,,50,0,,0,0,Y,0,0,0,0,
SO01,3000000385,,50,0,,0,0,Y,0,0,0,0,
WE01,3000000385,,49,0,,0,0,Y,0,0,0,0,
EA01,3000000388,,82.25,0,,0,0,Y,0,0,0,0,
SO01,3000000388,,82.25,0,,0,0,Y,0,0,0,0,
WE01,3000000388,,82.5,0,,0,0,Y,0,0,0,0,
EA01,3000000391,,123,0,,0,0,Y,0,0,0,0,
SO01,3000000391,,123,0,,0,0,Y,0,0,0,0,
WE01,3000000391,,113.5,0,,0,0,Y,0,0,0,0,
EA01,3000000394,,163.5,0,,0,0,Y,0,0,0,0,
SO01,3000000394,,163.5,0,,0,0,Y,0,0,0,0,
WE01,3000000394,,160.25,0,,0,0,Y,0,0,0,0,
EA01,3000000397,,229,0,,0,0,Y,0,0,0,0,
SO01,3000000397,,229,0,,0,0,Y,0,0,0,0,
WE01,3000000397,,225.5,0,,0,0,Y,0,0,0,0,
EA01,3000000400,,298,0,,0,0,Y,0,0,0,0,
SO01,3000000400,,298,0,,0,0,Y,0,0,0,0,
WE01,3000000400,,291,0,,0,0,Y,0,0,0,0,
EA01,3000000403,,395.5,0,,0,0,Y,0,0,0,0,
SO01,3000000403,,395.5,0,,0,0,Y,0,0,0,0,
WE01,3000000403,,414.5,0,,0,0,Y,0,0,0,0,
EA01,3000000406,,504,0,,0,0,Y,0,0,0,0,
SO01,3000000406,,504,0,,0,0,Y,0,0,0,0,
WE01,3000000406,,626,0,,0,0,Y,0,0,0,0,
EA01,3000001301,,632.75,0,,0,0,Y,0,0,0,0,
SO01,3000001301,,632.75,0,,0,0,Y,0,0,0,0,
WE01,3000001301,,822.75,0,,0,0,Y,0,0,0,0,
EA01,3000002613,,850,0,,0,0,Y,0,0,0,0,
SO01,3000002613,,850,0,,0,0,Y,0,0,0,0,
WE01,3000002613,,1084,0,,0,0,Y,0,0,0,0,
EA01,3000000409,,1363,0,,0,0,Y,0,0,0,0,
SO01,3000000409,,1363,0,,0,0,Y,0,0,0,0,
WE01,3000000409,,1714.25,0,,0,0,Y,0,0,0,0,
EA01,3000003162,,36.75,0,,0,0,Y,0,0,0,0,
SO01,3000003162,,36.75,0,,0,0,Y,0,0,0,0,
EA01,3000001199,,98,0,,0,0,Y,0,0,0,0,
SO01,3000001199,,98,0,,0,0,Y,0,0,0,0,
EA01,3000003163,,235,0,,0,0,Y,0,0,0,0,
SO01,3000003163,,235,0,,0,0,Y,0,0,0,0,
EA01,3000003164,,318.75,0,,0,0,Y,0,0,0,0,
SO01,3000003164,,318.75,0,,0,0,Y,0,0,0,0,
EA01,3000003165,,398.5,0,,0,0,Y,0,0,0,0,
SO01,3000003165,,398.5,0,,0,0,Y,0,0,0,0,
EA01,3000000404,,508.75,0,,0,0,Y,0,0,0,0,
SO01,3000000404,,508.75,0,,0,0,Y,0,0,0,0,
EA01,3000002798,,1763,0,,0,0,Y,0,0,0,0,
SO01,3000002798,,1763,0,,0,0,Y,0,0,0,0,
EA01,3000002326,,17.5,0,,0,0,Y,0,0,0,0,
SO01,3000002326,,17.5,0,,0,0,Y,0,0,0,0,
EA01,3000001200,,123,0,,0,0,Y,0,0,0,0,
SO01,3000001200,,123,0,,0,0,Y,0,0,0,0,
EA01,3000000405,,617.5,0,,0,0,Y,0,0,0,0,
SO01,3000000405,,617.5,0,,0,0,Y,0,0,0,0,
EA01,3000002799,,2105.25,0,,0,0,Y,0,0,0,0,
SO01,3000002799,,2105.25,0,,0,0,Y,0,0,0,0,
EA01,3000000471,,28.5,0,,0,0,Y,0,0,0,0,
SO01,3000000471,,28.5,0,,0,0,Y,0,0,0,0,
EA01,3000000473,,40,0,,0,0,Y,0,0,0,0,
SO01,3000000473,,40,0,,0,0,Y,0,0,0,0,
EA01,3000000475,,87.5,0,,0,0,Y,0,0,0,0,
SO01,3000000475,,87.5,0,,0,0,Y,0,0,0,0,
EA01,3000000477,,126.5,0,,0,0,Y,0,0,0,0,
SO01,3000000477,,126.5,0,,0,0,Y,0,0,0,0,
EA01,3000001440,,204.5,0,,0,0,Y,0,0,0,0,
SO01,3000001440,,204.5,0,,0,0,Y,0,0,0,0,
EA01,3000001451,,256.25,0,,0,0,Y,0,0,0,0,
SO01,3000001451,,256.25,0,,0,0,Y,0,0,0,0,
EA01,3000000472,,31.25,0,,0,0,Y,0,0,0,0,
SO01,3000000472,,31.25,0,,0,0,Y,0,0,0,0,
EA01,3000000474,,43,0,,0,0,Y,0,0,0,0,
SO01,3000000474,,43,0,,0,0,Y,0,0,0,0,
EA01,3000000476,,93.25,0,,0,0,Y,0,0,0,0,
SO01,3000000476,,93.25,0,,0,0,Y,0,0,0,0,
EA01,3000000478,,132.25,0,,0,0,Y,0,0,0,0,
SO01,3000000478,,132.25,0,,0,0,Y,0,0,0,0,
EA01,3000002332,,207.75,0,,0,0,Y,0,0,0,0,
SO01,3000002332,,207.75,0,,0,0,Y,0,0,0,0,
EA01,3000000437,,86.25,0,,0,0,Y,0,0,0,0,
SO01,3000000437,,86.25,0,,0,0,Y,0,0,0,0,
EA01,3000000441,,155,0,,0,0,Y,0,0,0,0,
SO01,3000000441,,155,0,,0,0,Y,0,0,0,0,
EA01,3000000442,,150,0,,0,0,Y,0,0,0,0,
SO01,3000000442,,150,0,,0,0,Y,0,0,0,0,
EA01,3000000438,,201.5,0,,0,0,Y,0,0,0,0,
SO01,3000000438,,201.5,0,,0,0,Y,0,0,0,0,
EA01,3000001201,,201.5,0,,0,0,Y,0,0,0,0,
SO01,3000001201,,201.5,0,,0,0,Y,0,0,0,0,
EA01,3000001202,,187.5,0,,0,0,Y,0,0,0,0,
SO01,3000001202,,187.5,0,,0,0,Y,0,0,0,0,
EA01,3000000439,,187.5,0,,0,0,Y,0,0,0,0,
SO01,3000000439,,187.5,0,,0,0,Y,0,0,0,0,
EA01,3000000440,,194,0,,0,0,Y,0,0,0,0,
SO01,3000000440,,194,0,,0,0,Y,0,0,0,0,
EA01,3000000443,,300,0,,0,0,Y,0,0,0,0,
SO01,3000000443,,300,0,,0,0,Y,0,0,0,0,
EA01,3000000444,,360,0,,0,0,Y,0,0,0,0,
SO01,3000000444,,360,0,,0,0,Y,0,0,0,0,
EA01,3000000445,,400,0,,0,0,Y,0,0,0,0,
SO01,3000000445,,400,0,,0,0,Y,0,0,0,0,
EA01,3000000446,,400,0,,0,0,Y,0,0,0,0,
SO01,3000000446,,400,0,,0,0,Y,0,0,0,0,
EA01,3000000447,,577.5,0,,0,0,Y,0,0,0,0,
SO01,3000000447,,577.5,0,,0,0,Y,0,0,0,0,
EA01,3000000456,,700,0,,0,0,Y,0,0,0,0,
SO01,3000000456,,700,0,,0,0,Y,0,0,0,0,
EA01,3000000457,,700,0,,0,0,Y,0,0,0,0,
SO01,3000000457,,700,0,,0,0,Y,0,0,0,0,
EA01,3000002315,,1135,0,,0,0,Y,0,0,0,0,
SO01,3000002315,,1135,0,,0,0,Y,0,0,0,0,
EA01,3000002741,,2453,0,,0,0,Y,0,0,0,0,
SO01,3000002741,,2453,0,,0,0,Y,0,0,0,0,
EA01,3000000436,,75,0,,0,0,Y,0,0,0,0,
SO01,3000000436,,75,0,,0,0,Y,0,0,0,0,
EA01,3000000461,,146.25,0,,0,0,Y,0,0,0,0,
SO01,3000000461,,146.25,0,,0,0,Y,0,0,0,0,
EA01,3000000462,,158.25,0,,0,0,Y,0,0,0,0,
SO01,3000000462,,158.25,0,,0,0,Y,0,0,0,0,
EA01,3000000465,,185.25,0,,0,0,Y,0,0,0,0,
SO01,3000000465,,185.25,0,,0,0,Y,0,0,0,0,
EA01,3000000463,,171.75,0,,0,0,Y,0,0,0,0,
SO01,3000000463,,171.75,0,,0,0,Y,0,0,0,0,
EA01,3000000464,,206.75,0,,0,0,Y,0,0,0,0,
SO01,3000000464,,206.75,0,,0,0,Y,0,0,0,0,
EA01,3000002480,,320,0,,0,0,Y,0,0,0,0,
SO01,3000002480,,320,0,,0,0,Y,0,0,0,0,
EA01,3000000479,,375,0,,0,0,Y,0,0,0,0,
SO01,3000000479,,375,0,,0,0,Y,0,0,0,0,
EA01,3000000451,,375,0,,0,0,Y,0,0,0,0,
SO01,3000000451,,375,0,,0,0,Y,0,0,0,0,
EA01,3000000452,,525,0,,0,0,Y,0,0,0,0,
SO01,3000000452,,525,0,,0,0,Y,0,0,0,0,
EA01,3000000453,,600,0,,0,0,Y,0,0,0,0,
SO01,3000000453,,600,0,,0,0,Y,0,0,0,0,
EA01,3000000455,,550,0,,0,0,Y,0,0,0,0,
SO01,3000000455,,550,0,,0,0,Y,0,0,0,0,
EA01,3000002233,,800,0,,0,0,Y,0,0,0,0,
SO01,3000002233,,800,0,,0,0,Y,0,0,0,0,
EA01,3000001382,,800,0,,0,0,Y,0,0,0,0,
SO01,3000001382,,800,0,,0,0,Y,0,0,0,0,
EA01,3000000459,,650,0,,0,0,Y,0,0,0,0,
SO01,3000000459,,650,0,,0,0,Y,0,0,0,0,
EA01,3000000458,,650,0,,0,0,Y,0,0,0,0,
SO01,3000000458,,650,0,,0,0,Y,0,0,0,0,
EA01,3000000895,,700,0,,0,0,Y,0,0,0,0,
SO01,3000000895,,700,0,,0,0,Y,0,0,0,0,
EA01,3000002611,,365.75,0,,0,0,Y,0,0,0,0,
SO01,3000002611,,365.75,0,,0,0,Y,0,0,0,0,
EA01,3000000485,,360,0,,0,0,Y,0,0,0,0,
SO01,3000000485,,360,0,,0,0,Y,0,0,0,0,
EA01,3000000484,,258,0,,0,0,Y,0,0,0,0,
SO01,3000000484,,258,0,,0,0,Y,0,0,0,0,
EA01,3000002742,,770,0,,0,0,Y,0,0,0,0,
SO01,3000002742,,770,0,,0,0,Y,0,0,0,0,
EA01,3000000448,,475,0,,0,0,Y,0,0,0,0,
SO01,3000000448,,475,0,,0,0,Y,0,0,0,0,
EA01,3000000449,,650,0,,0,0,Y,0,0,0,0,
SO01,3000000449,,650,0,,0,0,Y,0,0,0,0,
EA01,3000000450,,650,0,,0,0,Y,0,0,0,0,
SO01,3000000450,,650,0,,0,0,Y,0,0,0,0,
EA01,3000003260,,680,0,,0,0,Y,0,0,0,0,
SO01,3000003260,,680,0,,0,0,Y,0,0,0,0,
EA01,3000001943,,375,0,,0,0,Y,0,0,0,0,
WE01,3000001943,,291.5,0,,0,0,Y,0,0,0,0,
SO01,3000001943,,375,0,,0,0,Y,0,0,0,0,
NR01,3000001943,,291.5,0,,0,0,Y,0,0,0,0,
EA01,3000001944,,398,0,,0,0,Y,0,0,0,0,
WE01,3000001944,,308.5,0,,0,0,Y,0,0,0,0,
SO01,3000001944,,398,0,,0,0,Y,0,0,0,0,
EA01,3000001945,,247,0,,0,0,Y,0,0,0,0,
WE01,3000001945,,183.5,0,,0,0,Y,0,0,0,0,
SO01,3000001945,,247,0,,0,0,Y,0,0,0,0,
EA01,3000001946,,268,0,,0,0,Y,0,0,0,0,
WE01,3000001946,,199.5,0,,0,0,Y,0,0,0,0,
SO01,3000001946,,268,0,,0,0,Y,0,0,0,0,
EA01,3000001947,,185,0,,0,0,Y,0,0,0,0,
WE01,3000001947,,137.5,0,,0,0,Y,0,0,0,0,
SO01,3000001947,,185,0,,0,0,Y,0,0,0,0,
EA01,3000001948,,154,0,,0,0,Y,0,0,0,0,
WE01,3000001948,,112.5,0,,0,0,Y,0,0,0,0,
SO01,3000001948,,154,0,,0,0,Y,0,0,0,0,
EA01,3000001949,,114,0,,0,0,Y,0,0,0,0,
WE01,3000001949,,82,0,,0,0,Y,0,0,0,0,
SO01,3000001949,,114,0,,0,0,Y,0,0,0,0,
EA01,3000001951,,657,0,,0,0,Y,0,0,0,0,
WE01,3000001951,,523.5,0,,0,0,Y,0,0,0,0,
SO01,3000001951,,657,0,,0,0,Y,0,0,0,0,
NR01,3000001951,,523.5,0,,0,0,Y,0,0,0,0,
EA01,3000001952,,695,0,,0,0,Y,0,0,0,0,
WE01,3000001952,,560,0,,0,0,Y,0,0,0,0,
SO01,3000001952,,695,0,,0,0,Y,0,0,0,0,
EA01,3000001953,,432,0,,0,0,Y,0,0,0,0,
WE01,3000001953,,322,0,,0,0,Y,0,0,0,0,
SO01,3000001953,,432,0,,0,0,Y,0,0,0,0,
EA01,3000001954,,464,0,,0,0,Y,0,0,0,0,
WE01,3000001954,,345,0,,0,0,Y,0,0,0,0,
SO01,3000001954,,464,0,,0,0,Y,0,0,0,0,
EA01,3000001955,,321,0,,0,0,Y,0,0,0,0,
WE01,3000001955,,239,0,,0,0,Y,0,0,0,0,
SO01,3000001955,,321,0,,0,0,Y,0,0,0,0,
EA01,3000001956,,253,0,,0,0,Y,0,0,0,0,
WE01,3000001956,,188,0,,0,0,Y,0,0,0,0,
SO01,3000001956,,253,0,,0,0,Y,0,0,0,0,
EA01,3000001957,,184,0,,0,0,Y,0,0,0,0,
WE01,3000001957,,139.5,0,,0,0,Y,0,0,0,0,
SO01,3000001957,,184,0,,0,0,Y,0,0,0,0,
EA01,3000001959,,1547,0,,0,0,Y,0,0,0,0,
WE01,3000001959,,1188,0,,0,0,Y,0,0,0,0,
SO01,3000001959,,1547,0,,0,0,Y,0,0,0,0,
NR01,3000001959,,1188,0,,0,0,Y,0,0,0,0,
EA01,3000001960,,1608,0,,0,0,Y,0,0,0,0,
SO01,3000001960,,1608,0,,0,0,Y,0,0,0,0,
EA01,3000003277,,368,0,,0,0,Y,0,0,0,0,
WE01,3000003277,,288.5,0,,0,0,Y,0,0,0,0,
SO01,3000003277,,368,0,,0,0,Y,0,0,0,0,
NR01,3000003277,,305.5,0,,0,0,Y,0,0,0,0,
EA01,3000003279,,644,0,,0,0,Y,0,0,0,0,
WE01,3000003279,,521,0,,0,0,Y,0,0,0,0,
SO01,3000003279,,644,0,,0,0,Y,0,0,0,0,
NR01,3000003279,,554.5,0,,0,0,Y,0,0,0,0,
EA01,3000003671,,1516,0,,0,0,Y,0,0,0,0,
SO01,3000003671,,1516,0,,0,0,Y,0,0,0,0,
NR01,3000003671,,1183.5,0,,0,0,Y,0,0,0,0,
WE01,3000003671,,1183.5,0,,0,0,Y,0,0,0,0,
EA01,3000002074,,686,0,,0,0,Y,0,0,0,0,
WE01,3000002074,,511.5,0,,0,0,Y,0,0,0,0,
SO01,3000002074,,686,0,,0,0,Y,0,0,0,0,
NR01,3000002074,,511.5,0,,0,0,Y,0,0,0,0,
EA01,3000002075,,720,0,,0,0,Y,0,0,0,0,
WE01,3000002075,,528.5,0,,0,0,Y,0,0,0,0,
SO01,3000002075,,720,0,,0,0,Y,0,0,0,0,
EA01,3000002076,,468,0,,0,0,Y,0,0,0,0,
SO01,3000002076,,468,0,,0,0,Y,0,0,0,0,
EA01,3000002077,,476,0,,0,0,Y,0,0,0,0,
WE01,3000002077,,342.5,0,,0,0,Y,0,0,0,0,
SO01,3000002077,,476,0,,0,0,Y,0,0,0,0,
EA01,3000002078,,335,0,,0,0,Y,0,0,0,0,
SO01,3000002078,,335,0,,0,0,Y,0,0,0,0,
EA01,3000002079,,256,0,,0,0,Y,0,0,0,0,
SO01,3000002079,,256,0,,0,0,Y,0,0,0,0,
EA01,3000002080,,181,0,,0,0,Y,0,0,0,0,
WE01,3000002080,,130,0,,0,0,Y,0,0,0,0,
SO01,3000002080,,181,0,,0,0,Y,0,0,0,0,
EA01,3000003374,,1016,0,,0,0,Y,0,0,0,0,
SO01,3000003374,,1016,0,,0,0,Y,0,0,0,0,
NR01,3000003374,,757,0,,0,0,Y,0,0,0,0,
WE01,3000003374,,757,0,,0,0,Y,0,0,0,0,
EA01,3000003375,,1064,0,,0,0,Y,0,0,0,0,
SO01,3000003375,,1064,0,,0,0,Y,0,0,0,0,
EA01,3000003376,,654,0,,0,0,Y,0,0,0,0,
SO01,3000003376,,654,0,,0,0,Y,0,0,0,0,
EA01,3000003377,,693,0,,0,0,Y,0,0,0,0,
WE01,3000003377,,511.5,0,,0,0,Y,0,0,0,0,
SO01,3000003377,,693,0,,0,0,Y,0,0,0,0,
EA01,3000003378,,469,0,,0,0,Y,0,0,0,0,
WE01,3000003378,,345,0,,0,0,Y,0,0,0,0,
SO01,3000003378,,469,0,,0,0,Y,0,0,0,0,
EA01,3000003379,,357,0,,0,0,Y,0,0,0,0,
SO01,3000003379,,357,0,,0,0,Y,0,0,0,0,
EA01,3000003382,,250,0,,0,0,Y,0,0,0,0,
WE01,3000003382,,183.5,0,,0,0,Y,0,0,0,0,
SO01,3000003382,,250,0,,0,0,Y,0,0,0,0,
EA01,3000003380,,1913,0,,0,0,Y,0,0,0,0,
SO01,3000003380,,1913,0,,0,0,Y,0,0,0,0,
NR01,3000003380,,1405,0,,0,0,Y,0,0,0,0,
WE01,3000003380,,1405,0,,0,0,Y,0,0,0,0,
EA01,3000003381,,1929,0,,0,0,Y,0,0,0,0,
SO01,3000003381,,1929,0,,0,0,Y,0,0,0,0,
EA01,3000003393,,672,0,,0,0,Y,0,0,0,0,
SO01,3000003393,,672,0,,0,0,Y,0,0,0,0,
NR01,3000003393,,509.5,0,,0,0,Y,0,0,0,0,
EA01,3000003412,,996,0,,0,0,Y,0,0,0,0,
WE01,3000003412,,751.5,0,,0,0,Y,0,0,0,0,
SO01,3000003412,,996,0,,0,0,Y,0,0,0,0,
NR01,3000003412,,784.5,0,,0,0,Y,0,0,0,0,
EA01,3000001961,,4032,0,,0,0,Y,0,0,0,0,
SO01,3000001961,,4032,0,,0,0,Y,0,0,0,0,
EA01,3000003448,,2460,0,,0,0,Y,0,0,0,0,
SO01,3000003448,,2460,0,,0,0,Y,0,0,0,0,
EA01,3000003457,,3648,0,,0,0,Y,0,0,0,0,
SO01,3000003457,,3648,0,,0,0,Y,0,0,0,0,
WE01,3000003457,,2536,0,,0,0,Y,0,0,0,0,
EA01,3000003474,,3660,0,,0,0,Y,0,0,0,0,
SO01,3000003474,,3660,0,,0,0,Y,0,0,0,0,
EA01,3000003483,,2700,0,,0,0,Y,0,0,0,0,
SO01,3000003483,,2700,0,,0,0,Y,0,0,0,0,
EA01,3000003455,,1772,0,,0,0,Y,0,0,0,0,
WE01,3000003455,,1232,0,,0,0,Y,0,0,0,0,
SO01,3000003455,,1772,0,,0,0,Y,0,0,0,0,
EA01,3000003625,,3392,0,,0,0,Y,0,0,0,0,
SO01,3000003625,,3392,0,,0,0,Y,0,0,0,0,
EA01,3000003615,,2496,0,,0,0,Y,0,0,0,0,
SO01,3000003615,,2496,0,,0,0,Y,0,0,0,0,
EA01,3000003628,,1808,0,,0,0,Y,0,0,0,0,
SO01,3000003628,,1808,0,,0,0,Y,0,0,0,0,
WE01,3000003628,,1260,0,,0,0,Y,0,0,0,0,
EA01,3000003605,,4160,0,,0,0,Y,0,0,0,0,
SO01,3000003605,,4160,0,,0,0,Y,0,0,0,0,
EA01,3000003606,,4160,0,,0,0,Y,0,0,0,0,
SO01,3000003606,,4160,0,,0,0,Y,0,0,0,0,
EA01,3000003610,,3790,0,,0,0,Y,0,0,0,0,
SO01,3000003610,,3790,0,,0,0,Y,0,0,0,0,
EA01,3000003609,,3790,0,,0,0,Y,0,0,0,0,
SO01,3000003609,,3790,0,,0,0,Y,0,0,0,0,
EA01,3000003465,,3480,0,,0,0,Y,0,0,0,0,
SO01,3000003465,,3480,0,,0,0,Y,0,0,0,0,
EA01,3000003485,,1750.5,0,,0,0,Y,0,0,0,0,
SO01,3000003485,,1750.5,0,,0,0,Y,0,0,0,0,
EA01,3000003611,,4440,0,,0,0,Y,0,0,0,0,
SO01,3000003611,,4440,0,,0,0,Y,0,0,0,0,
EA01,3000001974,,2048,0,,0,0,Y,0,0,0,0,
WE01,3000001974,,1424,0,,0,0,Y,0,0,0,0,
SO01,3000001974,,2048,0,,0,0,Y,0,0,0,0,
EA01,3000003497,,2700,0,,0,0,Y,0,0,0,0,
SO01,3000003497,,2700,0,,0,0,Y,0,0,0,0,
EA01,3000001976,,3285,0,,0,0,Y,0,0,0,0,
SO01,3000001976,,3285,0,,0,0,Y,0,0,0,0,
EA01,3000003454,,1656,0,,0,0,Y,0,0,0,0,
SO01,3000003454,,1656,0,,0,0,Y,0,0,0,0,
WE01,3000003454,,1146,0,,0,0,Y,0,0,0,0,
EA01,3000001977,,3375,0,,0,0,Y,0,0,0,0,
SO01,3000001977,,3375,0,,0,0,Y,0,0,0,0,
NR01,3000001977,,2241,0,,0,0,Y,0,0,0,0,
EA01,3000003487,,2570,0,,0,0,Y,0,0,0,0,
SO01,3000003487,,2570,0,,0,0,Y,0,0,0,0,
EA01,3000003472,,3380,0,,0,0,Y,0,0,0,0,
SO01,3000003472,,3380,0,,0,0,Y,0,0,0,0,
WE01,3000003472,,2335,0,,0,0,Y,0,0,0,0,
EA01,3000003601,,4032,0,,0,0,Y,0,0,0,0,
SO01,3000003601,,4032,0,,0,0,Y,0,0,0,0,
EA01,3000003592,,3340,0,,0,0,Y,0,0,0,0,
SO01,3000003592,,3340,0,,0,0,Y,0,0,0,0,
EA01,3000003630,,3770,0,,0,0,Y,0,0,0,0,
SO01,3000003630,,3770,0,,0,0,Y,0,0,0,0,
WE01,3000003630,,2605,0,,0,0,Y,0,0,0,0,
EA01,3000003636,,2660,0,,0,0,Y,0,0,0,0,
SO01,3000003636,,2660,0,,0,0,Y,0,0,0,0,
EA01,3000003637,,2660,0,,0,0,Y,0,0,0,0,
SO01,3000003637,,2660,0,,0,0,Y,0,0,0,0,
EA01,3000003608,,5032,0,,0,0,Y,0,0,0,0,
SO01,3000003608,,5032,0,,0,0,Y,0,0,0,0,
EA01,3000003607,,5032,0,,0,0,Y,0,0,0,0,
SO01,3000003607,,5032,0,,0,0,Y,0,0,0,0,
EA01,3000003470,,3270,0,,0,0,Y,0,0,0,0,
SO01,3000003470,,3270,0,,0,0,Y,0,0,0,0,
EA01,3000003477,,2484,0,,0,0,Y,0,0,0,0,
SO01,3000003477,,2484,0,,0,0,Y,0,0,0,0,
EA01,3000003468,,2484,0,,0,0,Y,0,0,0,0,
SO01,3000003468,,2484,0,,0,0,Y,0,0,0,0,
WE01,3000003468,,1718,0,,0,0,Y,0,0,0,0,
EA01,3000003638,,3850,0,,0,0,Y,0,0,0,0,
SO01,3000003638,,3850,0,,0,0,Y,0,0,0,0,
WE01,3000003638,,2475,0,,0,0,Y,0,0,0,0,
EA01,3000003600,,2392,0,,0,0,Y,0,0,0,0,
SO01,3000003600,,2392,0,,0,0,Y,0,0,0,0,
EA01,3000003446,,2287.5,0,,0,0,Y,0,0,0,0,
SO01,3000003446,,2287.5,0,,0,0,Y,0,0,0,0,
EA01,3000003451,,2280,0,,0,0,Y,0,0,0,0,
SO01,3000003451,,2280,0,,0,0,Y,0,0,0,0,
WE01,3000003451,,1368,0,,0,0,Y,0,0,0,0,
EA01,3000003617,,2568,0,,0,0,Y,0,0,0,0,
SO01,3000003617,,2568,0,,0,0,Y,0,0,0,0,
EA01,3000003603,,2208,0,,0,0,Y,0,0,0,0,
SO01,3000003603,,2208,0,,0,0,Y,0,0,0,0,
EA01,3000001993,,4095,0,,0,0,Y,0,0,0,0,
WE01,3000001993,,2607.5,0,,0,0,Y,0,0,0,0,
SO01,3000001993,,4095,0,,0,0,Y,0,0,0,0,
NR01,3000001993,,2607.5,0,,0,0,Y,0,0,0,0,
EA01,3000003463,,5184,0,,0,0,Y,0,0,0,0,
SO01,3000003463,,5184,0,,0,0,Y,0,0,0,0,
EA01,3000001995,,2664,0,,0,0,Y,0,0,0,0,
WE01,3000001995,,1752,0,,0,0,Y,0,0,0,0,
SO01,3000001995,,2664,0,,0,0,Y,0,0,0,0,
NR01,3000001995,,1752,0,,0,0,Y,0,0,0,0,
EA01,3000003658,,4512,0,,0,0,Y,0,0,0,0,
WE01,3000003658,,2424,0,,0,0,Y,0,0,0,0,
SO01,3000003658,,4512,0,,0,0,Y,0,0,0,0,
NR01,3000003658,,2424,0,,0,0,Y,0,0,0,0,
EA01,3000003635,,4344,0,,0,0,Y,0,0,0,0,
SO01,3000003635,,4344,0,,0,0,Y,0,0,0,0,
EA01,3000001998,,3312,0,,0,0,Y,0,0,0,0,
SO01,3000001998,,3312,0,,0,0,Y,0,0,0,0,
EA01,3000003489,,38,0,,0,0,Y,0,0,0,0,
SO01,3000003489,,38,0,,0,0,Y,0,0,0,0,
NR01,3000003489,,24.5,0,,0,0,Y,0,0,0,0,
EA01,3000003486,,58,0,,0,0,Y,0,0,0,0,
SO01,3000003486,,58,0,,0,0,Y,0,0,0,0,
NR01,3000003486,,35.5,0,,0,0,Y,0,0,0,0,
EA01,3000003499,,3825,0,,0,0,Y,0,0,0,0,
WE01,3000003499,,2587.5,0,,0,0,Y,0,0,0,0,
SO01,3000003499,,3825,0,,0,0,Y,0,0,0,0,
NR01,3000003499,,2587.5,0,,0,0,Y,0,0,0,0,
EA01,3000003501,,2640,0,,0,0,Y,0,0,0,0,
WE01,3000003501,,1800,0,,0,0,Y,0,0,0,0,
SO01,3000003501,,2640,0,,0,0,Y,0,0,0,0,
NR01,3000003501,,1800,0,,0,0,Y,0,0,0,0,
EA01,3000003450,,2730,0,,0,0,Y,0,0,0,0,
SO01,3000003450,,2730,0,,0,0,Y,0,0,0,0,
NR01,3000003450,,1860,0,,0,0,Y,0,0,0,0,
EA01,3000002004,,4095,0,,0,0,Y,0,0,0,0,
WE01,3000002004,,2730,0,,0,0,Y,0,0,0,0,
SO01,3000002004,,4095,0,,0,0,Y,0,0,0,0,
NR01,3000002004,,2730,0,,0,0,Y,0,0,0,0,
EA01,3000003478,,4350,0,,0,0,Y,0,0,0,0,
WE01,3000003478,,3000,0,,0,0,Y,0,0,0,0,
SO01,3000003478,,4350,0,,0,0,Y,0,0,0,0,
EA01,3000003444,,2232,0,,0,0,Y,0,0,0,0,
SO01,3000003444,,2232,0,,0,0,Y,0,0,0,0,
NR01,3000003444,,1530,0,,0,0,Y,0,0,0,0,
WE01,3000003444,,1530,0,,0,0,Y,0,0,0,0,
EA01,3000003445,,324,0,,0,0,Y,0,0,0,0,
SO01,3000003445,,324,0,,0,0,Y,0,0,0,0,
EA01,3000003496,,457,0,,0,0,Y,0,0,0,0,
SO01,3000003496,,457,0,,0,0,Y,0,0,0,0,
EA01,3000003660,,2800,0,,0,0,Y,0,0,0,0,
WE01,3000003660,,1890,0,,0,0,Y,0,0,0,0,
SO01,3000003660,,2800,0,,0,0,Y,0,0,0,0,
NR01,3000003660,,1890,0,,0,0,Y,0,0,0,0,
EA01,3000003659,,3430,0,,0,0,Y,0,0,0,0,
SO01,3000003659,,3430,0,,0,0,Y,0,0,0,0,
NR01,3000003659,,2385,0,,0,0,Y,0,0,0,0,
WE01,3000003659,,2385,0,,0,0,Y,0,0,0,0,
EA01,3000003663,,3910.5,0,,0,0,Y,0,0,0,0,
SO01,3000003663,,3910.5,0,,0,0,Y,0,0,0,0,
EA01,3000003662,,4420,0,,0,0,Y,0,0,0,0,
SO01,3000003662,,4420,0,,0,0,Y,0,0,0,0,
NR01,3000003662,,3056,0,,0,0,Y,0,0,0,0,
EA01,3000003491,,5952,0,,0,0,Y,0,0,0,0,
SO01,3000003491,,5952,0,,0,0,Y,0,0,0,0,
EA01,3000003654,,1420,0,,0,0,Y,0,0,0,0,
SO01,3000003654,,1420,0,,0,0,Y,0,0,0,0,
NR01,3000003654,,330,0,,0,0,Y,0,0,0,0,
EA01,3000003652,,1890,0,,0,0,Y,0,0,0,0,
SO01,3000003652,,1890,0,,0,0,Y,0,0,0,0,
NR01,3000003652,,490,0,,0,0,Y,0,0,0,0,
EA01,3000003661,,3370,0,,0,0,Y,0,0,0,0,
WE01,3000003661,,98,0,,0,0,Y,0,0,0,0,
SO01,3000003661,,3370,0,,0,0,Y,0,0,0,0,
NR01,3000003661,,980,0,,0,0,Y,0,0,0,0,
EA01,3000003502,,4920,0,,0,0,Y,0,0,0,0,
SO01,3000003502,,4920,0,,0,0,Y,0,0,0,0,
NR01,3000003502,,3390,0,,0,0,Y,0,0,0,0,
EA01,3000003476,,3069,0,,0,0,Y,0,0,0,0,
SO01,3000003476,,3069,0,,0,0,Y,0,0,0,0,
NR01,3000003476,,2115,0,,0,0,Y,0,0,0,0,
WE01,3000003476,,2115,0,,0,0,Y,0,0,0,0,
EA01,3000003440,,2145,0,,0,0,Y,0,0,0,0,
SO01,3000003440,,2145,0,,0,0,Y,0,0,0,0,
NR01,3000003440,,1470,0,,0,0,Y,0,0,0,0,
EA01,3000003602,,3402,0,,0,0,Y,0,0,0,0,
SO01,3000003602,,3402,0,,0,0,Y,0,0,0,0,
NR01,3000003602,,2340,0,,0,0,Y,0,0,0,0,
WE01,3000003602,,2340,0,,0,0,Y,0,0,0,0,
EA01,3000002020,,2256,0,,0,0,Y,0,0,0,0,
WE01,3000002020,,1560,0,,0,0,Y,0,0,0,0,
SO01,3000002020,,2256,0,,0,0,Y,0,0,0,0,
NR01,3000002020,,1560,0,,0,0,Y,0,0,0,0,
EA01,3000003634,,2469,0,,0,0,Y,0,0,0,0,
SO01,3000003634,,2469,0,,0,0,Y,0,0,0,0,
NR01,3000003634,,1764,0,,0,0,Y,0,0,0,0,
EA01,3000003484,,14.5,0,,0,0,Y,0,0,0,0,
SO01,3000003484,,14.5,0,,0,0,Y,0,0,0,0,
EA01,3000003464,,18,0,,0,0,Y,0,0,0,0,
SO01,3000003464,,18,0,,0,0,Y,0,0,0,0,
EA01,3000003482,,133.5,0,,0,0,Y,0,0,0,0,
SO01,3000003482,,133.5,0,,0,0,Y,0,0,0,0,
EA01,3000002845,,4095,0,,0,0,Y,0,0,0,0,
WE01,3000002845,,2345,0,,0,0,Y,0,0,0,0,
SO01,3000002845,,4095,0,,0,0,Y,0,0,0,0,
NR01,3000002845,,2345,0,,0,0,Y,0,0,0,0,
EA01,3000002562,,331,0,,0,0,Y,0,0,0,0,
WE01,3000002562,,509.5,0,,0,0,Y,0,0,0,0,
SO01,3000002562,,331,0,,0,0,Y,0,0,0,0,
EA01,3000002564,,351,0,,0,0,Y,0,0,0,0,
SO01,3000002564,,351,0,,0,0,Y,0,0,0,0,
EA01,3000002566,,218,0,,0,0,Y,0,0,0,0,
SO01,3000002566,,218,0,,0,0,Y,0,0,0,0,
EA01,3000002567,,236,0,,0,0,Y,0,0,0,0,
SO01,3000002567,,236,0,,0,0,Y,0,0,0,0,
EA01,3000002569,,163,0,,0,0,Y,0,0,0,0,
SO01,3000002569,,163,0,,0,0,Y,0,0,0,0,
EA01,3000002571,,136,0,,0,0,Y,0,0,0,0,
SO01,3000002571,,136,0,,0,0,Y,0,0,0,0,
EA01,3000002573,,101,0,,0,0,Y,0,0,0,0,
SO01,3000002573,,101,0,,0,0,Y,0,0,0,0,
EA01,3000002576,,579,0,,0,0,Y,0,0,0,0,
SO01,3000002576,,579,0,,0,0,Y,0,0,0,0,
EA01,3000002577,,613,0,,0,0,Y,0,0,0,0,
SO01,3000002577,,613,0,,0,0,Y,0,0,0,0,
EA01,3000002578,,381,0,,0,0,Y,0,0,0,0,
SO01,3000002578,,381,0,,0,0,Y,0,0,0,0,
EA01,3000002579,,409,0,,0,0,Y,0,0,0,0,
SO01,3000002579,,409,0,,0,0,Y,0,0,0,0,
EA01,3000002581,,283,0,,0,0,Y,0,0,0,0,
SO01,3000002581,,283,0,,0,0,Y,0,0,0,0,
EA01,3000002585,,223,0,,0,0,Y,0,0,0,0,
SO01,3000002585,,223,0,,0,0,Y,0,0,0,0,
EA01,3000002587,,162,0,,0,0,Y,0,0,0,0,
SO01,3000002587,,162,0,,0,0,Y,0,0,0,0,
EA01,3000002590,,1289,0,,0,0,Y,0,0,0,0,
SO01,3000002590,,1289,0,,0,0,Y,0,0,0,0,
EA01,3000002591,,1339,0,,0,0,Y,0,0,0,0,
SO01,3000002591,,1339,0,,0,0,Y,0,0,0,0,
EA01,3000002592,,832,0,,0,0,Y,0,0,0,0,
SO01,3000002592,,832,0,,0,0,Y,0,0,0,0,
EA01,3000002593,,867,0,,0,0,Y,0,0,0,0,
SO01,3000002593,,867,0,,0,0,Y,0,0,0,0,
EA01,3000002595,,603,0,,0,0,Y,0,0,0,0,
SO01,3000002595,,603,0,,0,0,Y,0,0,0,0,
EA01,3000002353,,324,0,,0,0,Y,0,0,0,0,
SO01,3000002353,,324,0,,0,0,Y,0,0,0,0,
EA01,3000002354,,344,0,,0,0,Y,0,0,0,0,
SO01,3000002354,,344,0,,0,0,Y,0,0,0,0,
EA01,3000002355,,213,0,,0,0,Y,0,0,0,0,
SO01,3000002355,,213,0,,0,0,Y,0,0,0,0,
EA01,3000002356,,232,0,,0,0,Y,0,0,0,0,
SO01,3000002356,,232,0,,0,0,Y,0,0,0,0,
WE01,3000002356,,196,0,,0,0,Y,0,0,0,0,
EA01,3000002358,,160,0,,0,0,Y,0,0,0,0,
SO01,3000002358,,160,0,,0,0,Y,0,0,0,0,
WE01,3000002358,,133.5,0,,0,0,Y,0,0,0,0,
EA01,3000002360,,133,0,,0,0,Y,0,0,0,0,
SO01,3000002360,,133,0,,0,0,Y,0,0,0,0,
WE01,3000002360,,108.5,0,,0,0,Y,0,0,0,0,
EA01,3000002362,,99,0,,0,0,Y,0,0,0,0,
SO01,3000002362,,99,0,,0,0,Y,0,0,0,0,
WE01,3000002362,,79,0,,0,0,Y,0,0,0,0,
EA01,3000002341,,568,0,,0,0,Y,0,0,0,0,
SO01,3000002341,,568,0,,0,0,Y,0,0,0,0,
EA01,3000002342,,601,0,,0,0,Y,0,0,0,0,
SO01,3000002342,,601,0,,0,0,Y,0,0,0,0,
EA01,3000002343,,373,0,,0,0,Y,0,0,0,0,
SO01,3000002343,,373,0,,0,0,Y,0,0,0,0,
EA01,3000002344,,401,0,,0,0,Y,0,0,0,0,
SO01,3000002344,,401,0,,0,0,Y,0,0,0,0,
WE01,3000002344,,339,0,,0,0,Y,0,0,0,0,
EA01,3000002346,,277,0,,0,0,Y,0,0,0,0,
SO01,3000002346,,277,0,,0,0,Y,0,0,0,0,
WE01,3000002346,,230,0,,0,0,Y,0,0,0,0,
EA01,3000002348,,219,0,,0,0,Y,0,0,0,0,
SO01,3000002348,,219,0,,0,0,Y,0,0,0,0,
WE01,3000002348,,179.5,0,,0,0,Y,0,0,0,0,
EA01,3000002350,,159,0,,0,0,Y,0,0,0,0,
SO01,3000002350,,159,0,,0,0,Y,0,0,0,0,
WE01,3000002350,,134.5,0,,0,0,Y,0,0,0,0,
EA01,3000002365,,1263,0,,0,0,Y,0,0,0,0,
WE01,3000002365,,1183.5,0,,0,0,Y,0,0,0,0,
SO01,3000002365,,1263,0,,0,0,Y,0,0,0,0,
EA01,3000002366,,1313,0,,0,0,Y,0,0,0,0,
SO01,3000002366,,1313,0,,0,0,Y,0,0,0,0,
EA01,3000002367,,816,0,,0,0,Y,0,0,0,0,
SO01,3000002367,,816,0,,0,0,Y,0,0,0,0,
EA01,3000002368,,850,0,,0,0,Y,0,0,0,0,
SO01,3000002368,,850,0,,0,0,Y,0,0,0,0,
EA01,3000002370,,591,0,,0,0,Y,0,0,0,0,
SO01,3000002370,,591,0,,0,0,Y,0,0,0,0,
EA01,3000002384,,4032,0,,0,0,Y,0,0,0,0,
WE01,3000002384,,2058,0,,0,0,Y,0,0,0,0,
SO01,3000002384,,4032,0,,0,0,Y,0,0,0,0,
NR01,3000002384,,2058,0,,0,0,Y,0,0,0,0,
EA01,3000003447,,2340,0,,0,0,Y,0,0,0,0,
WE01,3000003447,,1425,0,,0,0,Y,0,0,0,0,
SO01,3000003447,,2340,0,,0,0,Y,0,0,0,0,
NR01,3000003447,,1425,0,,0,0,Y,0,0,0,0,
EA01,3000003456,,3456,0,,0,0,Y,0,0,0,0,
SO01,3000003456,,3456,0,,0,0,Y,0,0,0,0,
NR01,3000003456,,1656,0,,0,0,Y,0,0,0,0,
EA01,3000003473,,3480,0,,0,0,Y,0,0,0,0,
SO01,3000003473,,3480,0,,0,0,Y,0,0,0,0,
NR01,3000003473,,1920,0,,0,0,Y,0,0,0,0,
EA01,3000003492,,2565,0,,0,0,Y,0,0,0,0,
WE01,3000003492,,1447.5,0,,0,0,Y,0,0,0,0,
SO01,3000003492,,2565,0,,0,0,Y,0,0,0,0,
NR01,3000003492,,1447.5,0,,0,0,Y,0,0,0,0,
EA01,3000003467,,1684,0,,0,0,Y,0,0,0,0,
SO01,3000003467,,1684,0,,0,0,Y,0,0,0,0,
NR01,3000003467,,928,0,,0,0,Y,0,0,0,0,
EA01,3000003626,,3216,0,,0,0,Y,0,0,0,0,
SO01,3000003626,,3216,0,,0,0,Y,0,0,0,0,
NR01,3000003626,,1904,0,,0,0,Y,0,0,0,0,
EA01,3000003616,,2364,0,,0,0,Y,0,0,0,0,
SO01,3000003616,,2364,0,,0,0,Y,0,0,0,0,
NR01,3000003616,,1458,0,,0,0,Y,0,0,0,0,
EA01,3000003629,,1720,0,,0,0,Y,0,0,0,0,
SO01,3000003629,,1720,0,,0,0,Y,0,0,0,0,
NR01,3000003629,,1098,0,,0,0,Y,0,0,0,0,
EA01,3000002391,,3940,0,,0,0,Y,0,0,0,0,
WE01,3000002391,,1790,0,,0,0,Y,0,0,0,0,
SO01,3000002391,,3940,0,,0,0,Y,0,0,0,0,
NR01,3000002391,,1790,0,,0,0,Y,0,0,0,0,
EA01,3000002439,,3940,0,,0,0,Y,0,0,0,0,
WE01,3000002439,,1790,0,,0,0,Y,0,0,0,0,
SO01,3000002439,,3940,0,,0,0,Y,0,0,0,0,
NR01,3000002439,,1790,0,,0,0,Y,0,0,0,0,
EA01,3000003632,,3600,0,,0,0,Y,0,0,0,0,
SO01,3000003632,,3600,0,,0,0,Y,0,0,0,0,
NR01,3000003632,,3430,0,,0,0,Y,0,0,0,0,
EA01,3000003633,,3600,0,,0,0,Y,0,0,0,0,
SO01,3000003633,,3600,0,,0,0,Y,0,0,0,0,
NR01,3000003633,,1715,0,,0,0,Y,0,0,0,0,
EA01,3000003461,,3312,0,,0,0,Y,0,0,0,0,
SO01,3000003461,,3312,0,,0,0,Y,0,0,0,0,
NR01,3000003461,,745,0,,0,0,Y,0,0,0,0,
EA01,3000003493,,1665,0,,0,0,Y,0,0,0,0,
SO01,3000003493,,1665,0,,0,0,Y,0,0,0,0,
NR01,3000003493,,1425,0,,0,0,Y,0,0,0,0,
EA01,3000003612,,4220,0,,0,0,Y,0,0,0,0,
SO01,3000003612,,4220,0,,0,0,Y,0,0,0,0,
NR01,3000003612,,1910,0,,0,0,Y,0,0,0,0,
EA01,3000002395,,1944,0,,0,0,Y,0,0,0,0,
WE01,3000002395,,1416,0,,0,0,Y,0,0,0,0,
SO01,3000002395,,1944,0,,0,0,Y,0,0,0,0,
NR01,3000002395,,1416,0,,0,0,Y,0,0,0,0,
EA01,3000002396,,2575,0,,0,0,Y,0,0,0,0,
WE01,3000002396,,1650,0,,0,0,Y,0,0,0,0,
SO01,3000002396,,2575,0,,0,0,Y,0,0,0,0,
NR01,3000002396,,1650,0,,0,0,Y,0,0,0,0,
EA01,3000003503,,3120,0,,0,0,Y,0,0,0,0,
WE01,3000003503,,2040,0,,0,0,Y,0,0,0,0,
SO01,3000003503,,3120,0,,0,0,Y,0,0,0,0,
NR01,3000003503,,2040,0,,0,0,Y,0,0,0,0,
EA01,3000003453,,1575,0,,0,0,Y,0,0,0,0,
WE01,3000003453,,876,0,,0,0,Y,0,0,0,0,
SO01,3000003453,,1575,0,,0,0,Y,0,0,0,0,
NR01,3000003453,,876,0,,0,0,Y,0,0,0,0,
EA01,3000003466,,3186,0,,0,0,Y,0,0,0,0,
SO01,3000003466,,3186,0,,0,0,Y,0,0,0,0,
NR01,3000003466,,2160,0,,0,0,Y,0,0,0,0,
EA01,3000003490,,2440,0,,0,0,Y,0,0,0,0,
WE01,3000003490,,1390,0,,0,0,Y,0,0,0,0,
SO01,3000003490,,2440,0,,0,0,Y,0,0,0,0,
NR01,3000003490,,1390,0,,0,0,Y,0,0,0,0,
EA01,3000003471,,3210,0,,0,0,Y,0,0,0,0,
WE01,3000003471,,1870,0,,0,0,Y,0,0,0,0,
SO01,3000003471,,3210,0,,0,0,Y,0,0,0,0,
NR01,3000003471,,1870,0,,0,0,Y,0,0,0,0,
EA01,3000003596,,3816,0,,0,0,Y,0,0,0,0,
SO01,3000003596,,3816,0,,0,0,Y,0,0,0,0,
NR01,3000003596,,2448,0,,0,0,Y,0,0,0,0,
EA01,3000003593,,3170,0,,0,0,Y,0,0,0,0,
WE01,3000003593,,1680,0,,0,0,Y,0,0,0,0,
SO01,3000003593,,3170,0,,0,0,Y,0,0,0,0,
NR01,3000003593,,1680,0,,0,0,Y,0,0,0,0,
EA01,3000003631,,3585,0,,0,0,Y,0,0,0,0,
SO01,3000003631,,3585,0,,0,0,Y,0,0,0,0,
NR01,3000003631,,2220,0,,0,0,Y,0,0,0,0,
EA01,3000003598,,4784,0,,0,0,Y,0,0,0,0,
SO01,3000003598,,4784,0,,0,0,Y,0,0,0,0,
NR01,3000003598,,2304,0,,0,0,Y,0,0,0,0,
EA01,3000003599,,4784,0,,0,0,Y,0,0,0,0,
SO01,3000003599,,4784,0,,0,0,Y,0,0,0,0,
NR01,3000003599,,2304,0,,0,0,Y,0,0,0,0,
EA01,3000003469,,3090,0,,0,0,Y,0,0,0,0,
SO01,3000003469,,3090,0,,0,0,Y,0,0,0,0,
NR01,3000003469,,1965,0,,0,0,Y,0,0,0,0,
EA01,3000002404,,2364,0,,0,0,Y,0,0,0,0,
WE01,3000002404,,1572,0,,0,0,Y,0,0,0,0,
SO01,3000002404,,2364,0,,0,0,Y,0,0,0,0,
NR01,3000002404,,1572,0,,0,0,Y,0,0,0,0,
EA01,3000002380,,2396,0,,0,0,Y,0,0,0,0,
WE01,3000002380,,1708,0,,0,0,Y,0,0,0,0,
SO01,3000002380,,2396,0,,0,0,Y,0,0,0,0,
NR01,3000002380,,1708,0,,0,0,Y,0,0,0,0,
EA01,3000003623,,2925,0,,0,0,Y,0,0,0,0,
SO01,3000003623,,2925,0,,0,0,Y,0,0,0,0,
NR01,3000003623,,2137.5,0,,0,0,Y,0,0,0,0,
EA01,3000003620,,1752,0,,0,0,Y,0,0,0,0,
SO01,3000003620,,1752,0,,0,0,Y,0,0,0,0,
NR01,3000003620,,1412,0,,0,0,Y,0,0,0,0,
EA01,3000002407,,2175,0,,0,0,Y,0,0,0,0,
WE01,3000002407,,1432.5,0,,0,0,Y,0,0,0,0,
SO01,3000002407,,2175,0,,0,0,Y,0,0,0,0,
NR01,3000002407,,1432.5,0,,0,0,Y,0,0,0,0,
EA01,3000003604,,2168,0,,0,0,Y,0,0,0,0,
SO01,3000003604,,2168,0,,0,0,Y,0,0,0,0,
NR01,3000003604,,1336,0,,0,0,Y,0,0,0,0,
EA01,3000003619,,2448,0,,0,0,Y,0,0,0,0,
SO01,3000003619,,2448,0,,0,0,Y,0,0,0,0,
NR01,3000003619,,1344,0,,0,0,Y,0,0,0,0,
EA01,3000002410,,2097,0,,0,0,Y,0,0,0,0,
WE01,3000002410,,1359,0,,0,0,Y,0,0,0,0,
SO01,3000002410,,2097,0,,0,0,Y,0,0,0,0,
NR01,3000002410,,1359,0,,0,0,Y,0,0,0,0,
EA01,3000003627,,4128,0,,0,0,Y,0,0,0,0,
SO01,3000003627,,4128,0,,0,0,Y,0,0,0,0,
NR01,3000003627,,2424,0,,0,0,Y,0,0,0,0,
EA01,3000002414,,3150,0,,0,0,Y,0,0,0,0,
SO01,3000002414,,3150,0,,0,0,Y,0,0,0,0,
NR01,3000002414,,1845,0,,0,0,Y,0,0,0,0,
WE01,3000002414,,1845,0,,0,0,Y,0,0,0,0,
EA01,3000002381,,2616,0,,0,0,Y,0,0,0,0,
SO01,3000002381,,2616,0,,0,0,Y,0,0,0,0,
NR01,3000002381,,1353,0,,0,0,Y,0,0,0,0,
EA01,3000002424,,4680,0,,0,0,Y,0,0,0,0,
WE01,3000002424,,2610,0,,0,0,Y,0,0,0,0,
SO01,3000002424,,4680,0,,0,0,Y,0,0,0,0,
NR01,3000002424,,2610,0,,0,0,Y,0,0,0,0,
EA01,3000003475,,2916,0,,0,0,Y,0,0,0,0,
SO01,3000003475,,2916,0,,0,0,Y,0,0,0,0,
NR01,3000003475,,1989,0,,0,0,Y,0,0,0,0,
EA01,3000003441,,2040,0,,0,0,Y,0,0,0,0,
WE01,3000003441,,1357.5,0,,0,0,Y,0,0,0,0,
SO01,3000003441,,2040,0,,0,0,Y,0,0,0,0,
NR01,3000003441,,1357.5,0,,0,0,Y,0,0,0,0,
EA01,3000003613,,3222,0,,0,0,Y,0,0,0,0,
WE01,3000003613,,2196,0,,0,0,Y,0,0,0,0,
SO01,3000003613,,3222,0,,0,0,Y,0,0,0,0,
NR01,3000003613,,2196,0,,0,0,Y,0,0,0,0,
EA01,3000002426,,2142,0,,0,0,Y,0,0,0,0,
WE01,3000002426,,1533,0,,0,0,Y,0,0,0,0,
SO01,3000002426,,2142,0,,0,0,Y,0,0,0,0,
NR01,3000002426,,1533,0,,0,0,Y,0,0,0,0,
EA01,3000003614,,2346,0,,0,0,Y,0,0,0,0,
SO01,3000003614,,2346,0,,0,0,Y,0,0,0,0,
NR01,3000003614,,1650,0,,0,0,Y,0,0,0,0,
EA01,3000003768,,4242,0,,0,0,Y,0,0,0,0,
WE01,3000003768,,2688,0,,0,0,Y,0,0,0,0,
SO01,3000003768,,4242,0,,0,0,Y,0,0,0,0,
NR01,3000003768,,2688,0,,0,0,Y,0,0,0,0,
EA01,3000003769,,2580,0,,0,0,Y,0,0,0,0,
WE01,3000003769,,1710,0,,0,0,Y,0,0,0,0,
SO01,3000003769,,2580,0,,0,0,Y,0,0,0,0,
NR01,3000003769,,1710,0,,0,0,Y,0,0,0,0,
EA01,3000003771,,3840,0,,0,0,Y,0,0,0,0,
WE01,3000003771,,2360,0,,0,0,Y,0,0,0,0,
SO01,3000003771,,3840,0,,0,0,Y,0,0,0,0,
NR01,3000003771,,2360,0,,0,0,Y,0,0,0,0,
EA01,3000003772,,2835,0,,0,0,Y,0,0,0,0,
WE01,3000003772,,1890,0,,0,0,Y,0,0,0,0,
SO01,3000003772,,2835,0,,0,0,Y,0,0,0,0,
EA01,3000003773,,3552,0,,0,0,Y,0,0,0,0,
WE01,3000003773,,2240,0,,0,0,Y,0,0,0,0,
SO01,3000003773,,3552,0,,0,0,Y,0,0,0,0,
NR01,3000003773,,2240,0,,0,0,Y,0,0,0,0,
EA01,3000003774,,2616,0,,0,0,Y,0,0,0,0,
WE01,3000003774,,1680,0,,0,0,Y,0,0,0,0,
SO01,3000003774,,2616,0,,0,0,Y,0,0,0,0,
NR01,3000003774,,1680,0,,0,0,Y,0,0,0,0,
EA01,3000003775,,4360,0,,0,0,Y,0,0,0,0,
SO01,3000003775,,4360,0,,0,0,Y,0,0,0,0,
NR01,3000003775,,2010,0,,0,0,Y,0,0,0,0,
EA01,3000003776,,4360,0,,0,0,Y,0,0,0,0,
SO01,3000003776,,4360,0,,0,0,Y,0,0,0,0,
NR01,3000003776,,2010,0,,0,0,Y,0,0,0,0,
EA01,3000003777,,3980,0,,0,0,Y,0,0,0,0,
SO01,3000003777,,3980,0,,0,0,Y,0,0,0,0,
NR01,3000003777,,1960,0,,0,0,Y,0,0,0,0,
EA01,3000003778,,3980,0,,0,0,Y,0,0,0,0,
SO01,3000003778,,3980,0,,0,0,Y,0,0,0,0,
NR01,3000003778,,1960,0,,0,0,Y,0,0,0,0,
EA01,3000003779,,3648,0,,0,0,Y,0,0,0,0,
WE01,3000003779,,2400,0,,0,0,Y,0,0,0,0,
SO01,3000003779,,3648,0,,0,0,Y,0,0,0,0,
NR01,3000003779,,2400,0,,0,0,Y,0,0,0,0,
EA01,3000003780,,1836,0,,0,0,Y,0,0,0,0,
SO01,3000003780,,1836,0,,0,0,Y,0,0,0,0,
NR01,3000003780,,1215,0,,0,0,Y,0,0,0,0,
EA01,3000003781,,4660,0,,0,0,Y,0,0,0,0,
SO01,3000003781,,4660,0,,0,0,Y,0,0,0,0,
NR01,3000003781,,3060,0,,0,0,Y,0,0,0,0,
EA01,3000003782,,2152,0,,0,0,Y,0,0,0,0,
SO01,3000003782,,2152,0,,0,0,Y,0,0,0,0,
NR01,3000003782,,1424,0,,0,0,Y,0,0,0,0,
EA01,3000003783,,2850,0,,0,0,Y,0,0,0,0,
WE01,3000003783,,1875,0,,0,0,Y,0,0,0,0,
SO01,3000003783,,2850,0,,0,0,Y,0,0,0,0,
NR01,3000003783,,1875,0,,0,0,Y,0,0,0,0,
EA01,3000003784,,3450,0,,0,0,Y,0,0,0,0,
WE01,3000003784,,2220,0,,0,0,Y,0,0,0,0,
SO01,3000003784,,3450,0,,0,0,Y,0,0,0,0,
NR01,3000003784,,2220,0,,0,0,Y,0,0,0,0,
EA01,3000003785,,3537,0,,0,0,Y,0,0,0,0,
WE01,3000003785,,2241,0,,0,0,Y,0,0,0,0,
SO01,3000003785,,3537,0,,0,0,Y,0,0,0,0,
NR01,3000003785,,2241,0,,0,0,Y,0,0,0,0,
EA01,3000003788,,2700,0,,0,0,Y,0,0,0,0,
WE01,3000003788,,1720,0,,0,0,Y,0,0,0,0,
SO01,3000003788,,2700,0,,0,0,Y,0,0,0,0,
EA01,3000003789,,4224,0,,0,0,Y,0,0,0,0,
WE01,3000003789,,2808,0,,0,0,Y,0,0,0,0,
SO01,3000003789,,4224,0,,0,0,Y,0,0,0,0,
EA01,3000003790,,3500,0,,0,0,Y,0,0,0,0,
WE01,3000003790,,2260,0,,0,0,Y,0,0,0,0,
SO01,3000003790,,3500,0,,0,0,Y,0,0,0,0,
NR01,3000003790,,2260,0,,0,0,Y,0,0,0,0,
EA01,3000003791,,2800,0,,0,0,Y,0,0,0,0,
SO01,3000003791,,2800,0,,0,0,Y,0,0,0,0,
NR01,3000003791,,1760,0,,0,0,Y,0,0,0,0,
EA01,3000003792,,2800,0,,0,0,Y,0,0,0,0,
SO01,3000003792,,2800,0,,0,0,Y,0,0,0,0,
NR01,3000003792,,1760,0,,0,0,Y,0,0,0,0,
EA01,3000003793,,5280,0,,0,0,Y,0,0,0,0,
SO01,3000003793,,5280,0,,0,0,Y,0,0,0,0,
NR01,3000003793,,2960,0,,0,0,Y,0,0,0,0,
EA01,3000003794,,5280,0,,0,0,Y,0,0,0,0,
SO01,3000003794,,5280,0,,0,0,Y,0,0,0,0,
NR01,3000003794,,2960,0,,0,0,Y,0,0,0,0,
EA01,3000003795,,3420,0,,0,0,Y,0,0,0,0,
WE01,3000003795,,2175,0,,0,0,Y,0,0,0,0,
SO01,3000003795,,3420,0,,0,0,Y,0,0,0,0,
NR01,3000003795,,2175,0,,0,0,Y,0,0,0,0,
EA01,3000003796,,2604,0,,0,0,Y,0,0,0,0,
WE01,3000003796,,1656,0,,0,0,Y,0,0,0,0,
SO01,3000003796,,2604,0,,0,0,Y,0,0,0,0,
NR01,3000003796,,1656,0,,0,0,Y,0,0,0,0,
EA01,3000003797,,4050,0,,0,0,Y,0,0,0,0,
SO01,3000003797,,4050,0,,0,0,Y,0,0,0,0,
NR01,3000003797,,2475,0,,0,0,Y,0,0,0,0,
EA01,3000003798,,2512,0,,0,0,Y,0,0,0,0,
SO01,3000003798,,2512,0,,0,0,Y,0,0,0,0,
NR01,3000003798,,1568,0,,0,0,Y,0,0,0,0,
EA01,3000003799,,2400,0,,0,0,Y,0,0,0,0,
WE01,3000003799,,1575,0,,0,0,Y,0,0,0,0,
SO01,3000003799,,2400,0,,0,0,Y,0,0,0,0,
NR01,3000003799,,1575,0,,0,0,Y,0,0,0,0,
EA01,3000003800,,2392,0,,0,0,Y,0,0,0,0,
SO01,3000003800,,2392,0,,0,0,Y,0,0,0,0,
NR01,3000003800,,1368,0,,0,0,Y,0,0,0,0,
EA01,3000003801,,2700,0,,0,0,Y,0,0,0,0,
SO01,3000003801,,2700,0,,0,0,Y,0,0,0,0,
NR01,3000003801,,1776,0,,0,0,Y,0,0,0,0,
EA01,3000003802,,1716,0,,0,0,Y,0,0,0,0,
WE01,3000003802,,1524,0,,0,0,Y,0,0,0,0,
SO01,3000003802,,1716,0,,0,0,Y,0,0,0,0,
NR01,3000003802,,1524,0,,0,0,Y,0,0,0,0,
EA01,3000003803,,4560,0,,0,0,Y,0,0,0,0,
WE01,3000003803,,2952,0,,0,0,Y,0,0,0,0,
SO01,3000003803,,4560,0,,0,0,Y,0,0,0,0,
NR01,3000003803,,2952,0,,0,0,Y,0,0,0,0,
EA01,3000003804,,3474,0,,0,0,Y,0,0,0,0,
WE01,3000003804,,2277,0,,0,0,Y,0,0,0,0,
SO01,3000003804,,3474,0,,0,0,Y,0,0,0,0,
NR01,3000003804,,2277,0,,0,0,Y,0,0,0,0,
EA01,3000003805,,5160,0,,0,0,Y,0,0,0,0,
WE01,3000003805,,3390,0,,0,0,Y,0,0,0,0,
SO01,3000003805,,5160,0,,0,0,Y,0,0,0,0,
EA01,3000003806,,3222,0,,0,0,Y,0,0,0,0,
SO01,3000003806,,3222,0,,0,0,Y,0,0,0,0,
EA01,3000003807,,2250,0,,0,0,Y,0,0,0,0,
WE01,3000003807,,1470,0,,0,0,Y,0,0,0,0,
SO01,3000003807,,2250,0,,0,0,Y,0,0,0,0,
EA01,3000003809,,3564,0,,0,0,Y,0,0,0,0,
SO01,3000003809,,3564,0,,0,0,Y,0,0,0,0,
EA01,3000003810,,28,0,,0,0,Y,0,0,0,0,
SO01,3000003810,,28,0,,0,0,Y,0,0,0,0,
EA01,3000003811,,36,0,,0,0,Y,0,0,0,0,
SO01,3000003811,,36,0,,0,0,Y,0,0,0,0,
EA01,3000003850,,728,0,,0,0,Y,0,0,0,0,
SO01,3000003850,,728,0,,0,0,Y,0,0,0,0,
EA01,3000003852,,778,0,,0,0,Y,0,0,0,0,
SO01,3000003852,,778,0,,0,0,Y,0,0,0,0,
EA01,3000003853,,478,0,,0,0,Y,0,0,0,0,
SO01,3000003853,,478,0,,0,0,Y,0,0,0,0,
EA01,3000003854,,501,0,,0,0,Y,0,0,0,0,
SO01,3000003854,,501,0,,0,0,Y,0,0,0,0,
EA01,3000003855,,347,0,,0,0,Y,0,0,0,0,
SO01,3000003855,,347,0,,0,0,Y,0,0,0,0,
EA01,3000003856,,275,0,,0,0,Y,0,0,0,0,
SO01,3000003856,,275,0,,0,0,Y,0,0,0,0,
EA01,3000003857,,204,0,,0,0,Y,0,0,0,0,
SO01,3000003857,,204,0,,0,0,Y,0,0,0,0,
EA01,3000003858,,408,0,,0,0,Y,0,0,0,0,
SO01,3000003858,,408,0,,0,0,Y,0,0,0,0,
EA01,3000003859,,433,0,,0,0,Y,0,0,0,0,
SO01,3000003859,,433,0,,0,0,Y,0,0,0,0,
EA01,3000003860,,273,0,,0,0,Y,0,0,0,0,
SO01,3000003860,,273,0,,0,0,Y,0,0,0,0,
EA01,3000003861,,296,0,,0,0,Y,0,0,0,0,
SO01,3000003861,,296,0,,0,0,Y,0,0,0,0,
EA01,3000003862,,205,0,,0,0,Y,0,0,0,0,
SO01,3000003862,,205,0,,0,0,Y,0,0,0,0,
EA01,3000003863,,170,0,,0,0,Y,0,0,0,0,
SO01,3000003863,,170,0,,0,0,Y,0,0,0,0,
EA01,3000003864,,126,0,,0,0,Y,0,0,0,0,
SO01,3000003864,,126,0,,0,0,Y,0,0,0,0,
EA01,3000003865,,1067,0,,0,0,Y,0,0,0,0,
SO01,3000003865,,1067,0,,0,0,Y,0,0,0,0,
EA01,3000003866,,1117,0,,0,0,Y,0,0,0,0,
SO01,3000003866,,1117,0,,0,0,Y,0,0,0,0,
EA01,3000003867,,687,0,,0,0,Y,0,0,0,0,
SO01,3000003867,,687,0,,0,0,Y,0,0,0,0,
EA01,3000003868,,728,0,,0,0,Y,0,0,0,0,
SO01,3000003868,,728,0,,0,0,Y,0,0,0,0,
EA01,3000003869,,492,0,,0,0,Y,0,0,0,0,
SO01,3000003869,,492,0,,0,0,Y,0,0,0,0,
EA01,3000003870,,375,0,,0,0,Y,0,0,0,0,
SO01,3000003870,,375,0,,0,0,Y,0,0,0,0,
EA01,3000003871,,262,0,,0,0,Y,0,0,0,0,
SO01,3000003871,,262,0,,0,0,Y,0,0,0,0,
EA01,3000003872,,720,0,,0,0,Y,0,0,0,0,
SO01,3000003872,,720,0,,0,0,Y,0,0,0,0,
EA01,3000003874,,756,0,,0,0,Y,0,0,0,0,
SO01,3000003874,,756,0,,0,0,Y,0,0,0,0,
EA01,3000003875,,492,0,,0,0,Y,0,0,0,0,
SO01,3000003875,,492,0,,0,0,Y,0,0,0,0,
EA01,3000003876,,500,0,,0,0,Y,0,0,0,0,
SO01,3000003876,,500,0,,0,0,Y,0,0,0,0,
EA01,3000003877,,352,0,,0,0,Y,0,0,0,0,
SO01,3000003877,,352,0,,0,0,Y,0,0,0,0,
EA01,3000003878,,269,0,,0,0,Y,0,0,0,0,
SO01,3000003878,,269,0,,0,0,Y,0,0,0,0,
EA01,3000003879,,190,0,,0,0,Y,0,0,0,0,
SO01,3000003879,,190,0,,0,0,Y,0,0,0,0,
EA01,3000002134,,8100,0,,0,0,Y,0,0,0,0,
WE01,3000002134,,5625,0,,0,0,Y,0,0,0,0,
SO01,3000002134,,8100,0,,0,0,Y,0,0,0,0,
NR01,3000002134,,5625,0,,0,0,Y,0,0,0,0,
EA01,3000002135,,8100,0,,0,0,Y,0,0,0,0,
WE01,3000002135,,5625,0,,0,0,Y,0,0,0,0,
SO01,3000002135,,8100,0,,0,0,Y,0,0,0,0,
NR01,3000002135,,5625,0,,0,0,Y,0,0,0,0,
EA01,3000002136,,8820,0,,0,0,Y,0,0,0,0,
WE01,3000002136,,6240,0,,0,0,Y,0,0,0,0,
SO01,3000002136,,8820,0,,0,0,Y,0,0,0,0,
NR01,3000002136,,6240,0,,0,0,Y,0,0,0,0,
EA01,3000002137,,8820,0,,0,0,Y,0,0,0,0,
WE01,3000002137,,6240,0,,0,0,Y,0,0,0,0,
SO01,3000002137,,8820,0,,0,0,Y,0,0,0,0,
NR01,3000002137,,6240,0,,0,0,Y,0,0,0,0,
EA01,3000002138,,8212.5,0,,0,0,Y,0,0,0,0,
WE01,3000002138,,5512.5,0,,0,0,Y,0,0,0,0,
SO01,3000002138,,8212.5,0,,0,0,Y,0,0,0,0,
NR01,3000002138,,5512.5,0,,0,0,Y,0,0,0,0,
EA01,3000002139,,6570,0,,0,0,Y,0,0,0,0,
WE01,3000002139,,4410,0,,0,0,Y,0,0,0,0,
SO01,3000002139,,6570,0,,0,0,Y,0,0,0,0,
NR01,3000002139,,4410,0,,0,0,Y,0,0,0,0,
EA01,3000002140,,8820,0,,0,0,Y,0,0,0,0,
WE01,3000002140,,6270,0,,0,0,Y,0,0,0,0,
SO01,3000002140,,8820,0,,0,0,Y,0,0,0,0,
NR01,3000002140,,6270,0,,0,0,Y,0,0,0,0,
EA01,3000002141,,8820,0,,0,0,Y,0,0,0,0,
WE01,3000002141,,6270,0,,0,0,Y,0,0,0,0,
SO01,3000002141,,8820,0,,0,0,Y,0,0,0,0,
NR01,3000002141,,6270,0,,0,0,Y,0,0,0,0,
EA01,3000002142,,10410,0,,0,0,Y,0,0,0,0,
WE01,3000002142,,7140,0,,0,0,Y,0,0,0,0,
SO01,3000002142,,10410,0,,0,0,Y,0,0,0,0,
NR01,3000002142,,7140,0,,0,0,Y,0,0,0,0,
EA01,3000002143,,10410,0,,0,0,Y,0,0,0,0,
WE01,3000002143,,7140,0,,0,0,Y,0,0,0,0,
SO01,3000002143,,10410,0,,0,0,Y,0,0,0,0,
NR01,3000002143,,7140,0,,0,0,Y,0,0,0,0,
EA01,3000002144,,7155,0,,0,0,Y,0,0,0,0,
WE01,3000002144,,4770,0,,0,0,Y,0,0,0,0,
SO01,3000002144,,7155,0,,0,0,Y,0,0,0,0,
NR01,3000002144,,4770,0,,0,0,Y,0,0,0,0,
EA01,3000002145,,7155,0,,0,0,Y,0,0,0,0,
WE01,3000002145,,4770,0,,0,0,Y,0,0,0,0,
SO01,3000002145,,7155,0,,0,0,Y,0,0,0,0,
NR01,3000002145,,4770,0,,0,0,Y,0,0,0,0,
EA01,3000003291,,7260,0,,0,0,Y,0,0,0,0,
SO01,3000003291,,7260,0,,0,0,Y,0,0,0,0,
WE01,3000003291,,5047.5,0,,0,0,Y,0,0,0,0,
EA01,3000002146,,10425,0,,0,0,Y,0,0,0,0,
WE01,3000002146,,7050,0,,0,0,Y,0,0,0,0,
SO01,3000002146,,10425,0,,0,0,Y,0,0,0,0,
NR01,3000002146,,7050,0,,0,0,Y,0,0,0,0,
EA01,3000002147,,10425,0,,0,0,Y,0,0,0,0,
WE01,3000002147,,7050,0,,0,0,Y,0,0,0,0,
SO01,3000002147,,10425,0,,0,0,Y,0,0,0,0,
NR01,3000002147,,7050,0,,0,0,Y,0,0,0,0,
EA01,3000002148,,11160,0,,0,0,Y,0,0,0,0,
WE01,3000002148,,7680,0,,0,0,Y,0,0,0,0,
SO01,3000002148,,11160,0,,0,0,Y,0,0,0,0,
NR01,3000002148,,7680,0,,0,0,Y,0,0,0,0,
EA01,3000002149,,11160,0,,0,0,Y,0,0,0,0,
WE01,3000002149,,7680,0,,0,0,Y,0,0,0,0,
SO01,3000002149,,11160,0,,0,0,Y,0,0,0,0,
NR01,3000002149,,7680,0,,0,0,Y,0,0,0,0,
EA01,3000002150,,10575,0,,0,0,Y,0,0,0,0,
WE01,3000002150,,7050,0,,0,0,Y,0,0,0,0,
SO01,3000002150,,10575,0,,0,0,Y,0,0,0,0,
NR01,3000002150,,7050,0,,0,0,Y,0,0,0,0,
EA01,3000002151,,8460,0,,0,0,Y,0,0,0,0,
WE01,3000002151,,5640,0,,0,0,Y,0,0,0,0,
SO01,3000002151,,8460,0,,0,0,Y,0,0,0,0,
NR01,3000002151,,5640,0,,0,0,Y,0,0,0,0,
EA01,3000002152,,11250,0,,0,0,Y,0,0,0,0,
WE01,3000002152,,7860,0,,0,0,Y,0,0,0,0,
SO01,3000002152,,11250,0,,0,0,Y,0,0,0,0,
NR01,3000002152,,7860,0,,0,0,Y,0,0,0,0,
EA01,3000002153,,11250,0,,0,0,Y,0,0,0,0,
WE01,3000002153,,7860,0,,0,0,Y,0,0,0,0,
SO01,3000002153,,11250,0,,0,0,Y,0,0,0,0,
NR01,3000002153,,7860,0,,0,0,Y,0,0,0,0,
EA01,3000002154,,13830,0,,0,0,Y,0,0,0,0,
WE01,3000002154,,9600,0,,0,0,Y,0,0,0,0,
SO01,3000002154,,13830,0,,0,0,Y,0,0,0,0,
NR01,3000002154,,9600,0,,0,0,Y,0,0,0,0,
EA01,3000002155,,13830,0,,0,0,Y,0,0,0,0,
WE01,3000002155,,9600,0,,0,0,Y,0,0,0,0,
SO01,3000002155,,13830,0,,0,0,Y,0,0,0,0,
NR01,3000002155,,9600,0,,0,0,Y,0,0,0,0,
EA01,3000002156,,9465,0,,0,0,Y,0,0,0,0,
WE01,3000002156,,6600,0,,0,0,Y,0,0,0,0,
SO01,3000002156,,9465,0,,0,0,Y,0,0,0,0,
NR01,3000002156,,6600,0,,0,0,Y,0,0,0,0,
EA01,3000002157,,9465,0,,0,0,Y,0,0,0,0,
WE01,3000002157,,6600,0,,0,0,Y,0,0,0,0,
SO01,3000002157,,9465,0,,0,0,Y,0,0,0,0,
NR01,3000002157,,6600,0,,0,0,Y,0,0,0,0,
EA01,3000004095,,11370,0,,0,0,Y,0,0,0,0,
SO01,3000004095,,11370,0,,0,0,Y,0,0,0,0,
WE01,3000004095,,2028,0,,0,0,Y,0,0,0,0,
EA01,3000003345,,5750,0,,0,0,Y,0,0,0,0,
WE01,3000003345,,3220,0,,0,0,Y,0,0,0,0,
SO01,3000003345,,5750,0,,0,0,Y,0,0,0,0,
NR01,3000003345,,3220,0,,0,0,Y,0,0,0,0,
EA01,3000002631,,4900,0,,0,0,Y,0,0,0,0,
WE01,3000002631,,3220,0,,0,0,Y,0,0,0,0,
SO01,3000002631,,4900,0,,0,0,Y,0,0,0,0,
NR01,3000002631,,3220,0,,0,0,Y,0,0,0,0,
EA01,3000002632,,5700,0,,0,0,Y,0,0,0,0,
WE01,3000002632,,3500,0,,0,0,Y,0,0,0,0,
SO01,3000002632,,5700,0,,0,0,Y,0,0,0,0,
NR01,3000002632,,3500,0,,0,0,Y,0,0,0,0,
EA01,3000003346,,4300,0,,0,0,Y,0,0,0,0,
WE01,3000003346,,2850,0,,0,0,Y,0,0,0,0,
SO01,3000003346,,4300,0,,0,0,Y,0,0,0,0,
NR01,3000003346,,2850,0,,0,0,Y,0,0,0,0,
EA01,3000002634,,4248,0,,0,0,Y,0,0,0,0,
WE01,3000002634,,2520,0,,0,0,Y,0,0,0,0,
SO01,3000002634,,4248,0,,0,0,Y,0,0,0,0,
NR01,3000002634,,2520,0,,0,0,Y,0,0,0,0,
EA01,3000002892,,1730,0,,0,0,Y,0,0,0,0,
WE01,3000002892,,1030,0,,0,0,Y,0,0,0,0,
SO01,3000002892,,1730,0,,0,0,Y,0,0,0,0,
NR01,3000002892,,1030,0,,0,0,Y,0,0,0,0,
EA01,3000003817,,12025,0,,0,0,Y,0,0,0,0,
SO01,3000003817,,12025,0,,0,0,Y,0,0,0,0,
NR01,3000003817,,7475,0,,0,0,Y,0,0,0,0,
WE01,3000003817,,7475,0,,0,0,Y,0,0,0,0,
EA01,3000003818,,10800,0,,0,0,Y,0,0,0,0,
SO01,3000003818,,10800,0,,0,0,Y,0,0,0,0,
NR01,3000003818,,6000,0,,0,0,Y,0,0,0,0,
WE01,3000003818,,6000,0,,0,0,Y,0,0,0,0,
EA01,3000003819,,11400,0,,0,0,Y,0,0,0,0,
SO01,3000003819,,11400,0,,0,0,Y,0,0,0,0,
NR01,3000003819,,8300,0,,0,0,Y,0,0,0,0,
WE01,3000003819,,8300,0,,0,0,Y,0,0,0,0,
EA01,3000003197,,15300,0,,0,0,Y,0,0,0,0,
WE01,3000003197,,10800,0,,0,0,Y,0,0,0,0,
SO01,3000003197,,15300,0,,0,0,Y,0,0,0,0,
NR01,3000003197,,10800,0,,0,0,Y,0,0,0,0,
EA01,3000003198,,16125,0,,0,0,Y,0,0,0,0,
WE01,3000003198,,11625,0,,0,0,Y,0,0,0,0,
SO01,3000003198,,16125,0,,0,0,Y,0,0,0,0,
NR01,3000003198,,11625,0,,0,0,Y,0,0,0,0,
EA01,3000003199,,12925,0,,0,0,Y,0,0,0,0,
WE01,3000003199,,9240,0,,0,0,Y,0,0,0,0,
SO01,3000003199,,12925,0,,0,0,Y,0,0,0,0,
NR01,3000003199,,9240,0,,0,0,Y,0,0,0,0,
EA01,3000004043,,20850,0,,0,0,Y,0,0,0,0,
WE01,3000004043,,14550,0,,0,0,Y,0,0,0,0,
SO01,3000004043,,20850,0,,0,0,Y,0,0,0,0,
NR01,3000004043,,14550,0,,0,0,Y,0,0,0,0,
EA01,3000004044,,16300,0,,0,0,Y,0,0,0,0,
SO01,3000004044,,16300,0,,0,0,Y,0,0,0,0,
NR01,3000004044,,11000,0,,0,0,Y,0,0,0,0,
WE01,3000004044,,11000,0,,0,0,Y,0,0,0,0,
EA01,3000004045,,12240,0,,0,0,Y,0,0,0,0,
SO01,3000004045,,12240,0,,0,0,Y,0,0,0,0,
NR01,3000004045,,8400,0,,0,0,Y,0,0,0,0,
WE01,3000004045,,8400,0,,0,0,Y,0,0,0,0,
EA01,3000003924,,15300,0,,0,0,Y,0,0,0,0,
SO01,3000003924,,15300,0,,0,0,Y,0,0,0,0,
WE01,3000003924,,10440,0,,0,0,Y,0,0,0,0,
EA01,3000003211,,5270,0,,0,0,Y,0,0,0,0,
WE01,3000003211,,3230,0,,0,0,Y,0,0,0,0,
SO01,3000003211,,5270,0,,0,0,Y,0,0,0,0,
NR01,3000003211,,3230,0,,0,0,Y,0,0,0,0,
EA01,3000003106,,3960,0,,0,0,Y,0,0,0,0,
WE01,3000003106,,2430,0,,0,0,Y,0,0,0,0,
SO01,3000003106,,3960,0,,0,0,Y,0,0,0,0,
NR01,3000003106,,2430,0,,0,0,Y,0,0,0,0,
EA01,3000003113,,3942,0,,0,0,Y,0,0,0,0,
WE01,3000003113,,2538,0,,0,0,Y,0,0,0,0,
SO01,3000003113,,3942,0,,0,0,Y,0,0,0,0,
NR01,3000003113,,2538,0,,0,0,Y,0,0,0,0,
EA01,3000002636,,4320,0,,0,0,Y,0,0,0,0,
WE01,3000002636,,2520,0,,0,0,Y,0,0,0,0,
SO01,3000002636,,4320,0,,0,0,Y,0,0,0,0,
NR01,3000002636,,2520,0,,0,0,Y,0,0,0,0,
EA01,3000002637,,3850,0,,0,0,Y,0,0,0,0,
WE01,3000002637,,2325,0,,0,0,Y,0,0,0,0,
SO01,3000002637,,3850,0,,0,0,Y,0,0,0,0,
NR01,3000002637,,2325,0,,0,0,Y,0,0,0,0,
EA01,3000002893,,1762.5,0,,0,0,Y,0,0,0,0,
WE01,3000002893,,1132.5,0,,0,0,Y,0,0,0,0,
SO01,3000002893,,1762.5,0,,0,0,Y,0,0,0,0,
NR01,3000002893,,1132.5,0,,0,0,Y,0,0,0,0,
EA01,3000002947,,13520,0,,0,0,Y,0,0,0,0,
WE01,3000002947,,8580,0,,0,0,Y,0,0,0,0,
SO01,3000002947,,13520,0,,0,0,Y,0,0,0,0,
NR01,3000002947,,8970,0,,0,0,Y,0,0,0,0,
EA01,3000003212,,13420,0,,0,0,Y,0,0,0,0,
WE01,3000003212,,8360,0,,0,0,Y,0,0,0,0,
SO01,3000003212,,13420,0,,0,0,Y,0,0,0,0,
NR01,3000003212,,8360,0,,0,0,Y,0,0,0,0,
EA01,3000003213,,11840,0,,0,0,Y,0,0,0,0,
WE01,3000003213,,6920,0,,0,0,Y,0,0,0,0,
SO01,3000003213,,11840,0,,0,0,Y,0,0,0,0,
NR01,3000003213,,6920,0,,0,0,Y,0,0,0,0,
EA01,3000004046,,16750,0,,0,0,Y,0,0,0,0,
SO01,3000004046,,16750,0,,0,0,Y,0,0,0,0,
NR01,3000004046,,8800,0,,0,0,Y,0,0,0,0,
WE01,3000004046,,8800,0,,0,0,Y,0,0,0,0,
EA01,3000004047,,19500,0,,0,0,Y,0,0,0,0,
SO01,3000004047,,19500,0,,0,0,Y,0,0,0,0,
NR01,3000004047,,14600,0,,0,0,Y,0,0,0,0,
WE01,3000004047,,14600,0,,0,0,Y,0,0,0,0,
EA01,3000003925,,13520,0,,0,0,Y,0,0,0,0,
SO01,3000003925,,13520,0,,0,0,Y,0,0,0,0,
EA01,3000003214,,3750,0,,0,0,Y,0,0,0,0,
SO01,3000003214,,3750,0,,0,0,Y,0,0,0,0,
EA01,3000002638,,4900,0,,0,0,Y,0,0,0,0,
WE01,3000002638,,2700,0,,0,0,Y,0,0,0,0,
SO01,3000002638,,4900,0,,0,0,Y,0,0,0,0,
NR01,3000002638,,2700,0,,0,0,Y,0,0,0,0,
EA01,3000002697,,2220,0,,0,0,Y,0,0,0,0,
WE01,3000002697,,3680,0,,0,0,Y,0,0,0,0,
SO01,3000002697,,5920,0,,0,0,Y,0,0,0,0,
NR01,3000002697,,3680,0,,0,0,Y,0,0,0,0,
EA01,3000003355,,5197.5,0,,0,0,Y,0,0,0,0,
WE01,3000003355,,3105,0,,0,0,Y,0,0,0,0,
SO01,3000003355,,5197.5,0,,0,0,Y,0,0,0,0,
NR01,3000003355,,3105,0,,0,0,Y,0,0,0,0,
EA01,3000002918,,2825,0,,0,0,Y,0,0,0,0,
WE01,3000002918,,2325,0,,0,0,Y,0,0,0,0,
SO01,3000002918,,2825,0,,0,0,Y,0,0,0,0,
NR01,3000002918,,2604,0,,0,0,Y,0,0,0,0,
EA01,3000003215,,2825,0,,0,0,Y,0,0,0,0,
SO01,3000003215,,2825,0,,0,0,Y,0,0,0,0,
NR01,3000003215,,2325,0,,0,0,Y,0,0,0,0,
WE01,3000003215,,2325,0,,0,0,Y,0,0,0,0,
EA01,3000002917,,2677.5,0,,0,0,Y,0,0,0,0,
WE01,3000002917,,2092.5,0,,0,0,Y,0,0,0,0,
SO01,3000002917,,2677.5,0,,0,0,Y,0,0,0,0,
NR01,3000002917,,2092.5,0,,0,0,Y,0,0,0,0,
EA01,3000003356,,3360,0,,0,0,Y,0,0,0,0,
WE01,3000003356,,2160,0,,0,0,Y,0,0,0,0,
SO01,3000003356,,3360,0,,0,0,Y,0,0,0,0,
NR01,3000003356,,2160,0,,0,0,Y,0,0,0,0,
EA01,3000003357,,2556,0,,0,0,Y,0,0,0,0,
WE01,3000003357,,1800,0,,0,0,Y,0,0,0,0,
SO01,3000003357,,2556,0,,0,0,Y,0,0,0,0,
NR01,3000003357,,1800,0,,0,0,Y,0,0,0,0,
EA01,3000003216,,2610,0,,0,0,Y,0,0,0,0,
SO01,3000003216,,2610,0,,0,0,Y,0,0,0,0,
NR01,3000003216,,1800,0,,0,0,Y,0,0,0,0,
WE01,3000003216,,1800,0,,0,0,Y,0,0,0,0,
EA01,3000002922,,1860,0,,0,0,Y,0,0,0,0,
WE01,3000002922,,1524,0,,0,0,Y,0,0,0,0,
SO01,3000002922,,1860,0,,0,0,Y,0,0,0,0,
NR01,3000002922,,1524,0,,0,0,Y,0,0,0,0,
EA01,3000002923,,3165,0,,0,0,Y,0,0,0,0,
WE01,3000002923,,2190,0,,0,0,Y,0,0,0,0,
SO01,3000002923,,3165,0,,0,0,Y,0,0,0,0,
NR01,3000002923,,2190,0,,0,0,Y,0,0,0,0,
EA01,3000002924,,3240,0,,0,0,Y,0,0,0,0,
WE01,3000002924,,2550,0,,0,0,Y,0,0,0,0,
SO01,3000002924,,3240,0,,0,0,Y,0,0,0,0,
NR01,3000002924,,2550,0,,0,0,Y,0,0,0,0,
EA01,3000003217,,2431,0,,0,0,Y,0,0,0,0,
SO01,3000003217,,2431,0,,0,0,Y,0,0,0,0,
NR01,3000003217,,1837,0,,0,0,Y,0,0,0,0,
WE01,3000003217,,1837,0,,0,0,Y,0,0,0,0,
EA01,3000003218,,2052,0,,0,0,Y,0,0,0,0,
SO01,3000003218,,2052,0,,0,0,Y,0,0,0,0,
NR01,3000003218,,1584,0,,0,0,Y,0,0,0,0,
WE01,3000003218,,1584,0,,0,0,Y,0,0,0,0,
EA01,3000002927,,2097,0,,0,0,Y,0,0,0,0,
WE01,3000002927,,1440,0,,0,0,Y,0,0,0,0,
SO01,3000002927,,2097,0,,0,0,Y,0,0,0,0,
NR01,3000002927,,1440,0,,0,0,Y,0,0,0,0,
EA01,3000003350,,7350,0,,0,0,Y,0,0,0,0,
WE01,3000003350,,3150,0,,0,0,Y,0,0,0,0,
SO01,3000003350,,7350,0,,0,0,Y,0,0,0,0,
NR01,3000003350,,3150,0,,0,0,Y,0,0,0,0,
EA01,3000003114,,6750,0,,0,0,Y,0,0,0,0,
WE01,3000003114,,3375,0,,0,0,Y,0,0,0,0,
SO01,3000003114,,6750,0,,0,0,Y,0,0,0,0,
NR01,3000003114,,3375,0,,0,0,Y,0,0,0,0,
EA01,3000003351,,6860,0,,0,0,Y,0,0,0,0,
WE01,3000003351,,3220,0,,0,0,Y,0,0,0,0,
SO01,3000003351,,6860,0,,0,0,Y,0,0,0,0,
EA01,3000003193,,5692.5,0,,0,0,Y,0,0,0,0,
SO01,3000003193,,9660,0,,0,0,Y,0,0,0,0,
NR01,3000003193,,2887.5,0,,0,0,Y,0,0,0,0,
WE01,3000003193,,2625,0,,0,0,Y,0,0,0,0,
EA01,3000003352,,5100,0,,0,0,Y,0,0,0,0,
WE01,3000003352,,2820,0,,0,0,Y,0,0,0,0,
SO01,3000003352,,5100,0,,0,0,Y,0,0,0,0,
NR01,3000003352,,2820,0,,0,0,Y,0,0,0,0,
EA01,3000002897,,2340,0,,0,0,Y,0,0,0,0,
WE01,3000002897,,1360,0,,0,0,Y,0,0,0,0,
SO01,3000002897,,2340,0,,0,0,Y,0,0,0,0,
NR01,3000002897,,1360,0,,0,0,Y,0,0,0,0,
EA01,3000002700,,6750,0,,0,0,Y,0,0,0,0,
WE01,3000002700,,2750,0,,0,0,Y,0,0,0,0,
SO01,3000002700,,6750,0,,0,0,Y,0,0,0,0,
NR01,3000002700,,2750,0,,0,0,Y,0,0,0,0,
EA01,3000003194,,7000,0,,0,0,Y,0,0,0,0,
WE01,3000003194,,3500,0,,0,0,Y,0,0,0,0,
SO01,3000003194,,7000,0,,0,0,Y,0,0,0,0,
NR01,3000003194,,3500,0,,0,0,Y,0,0,0,0,
EA01,3000002643,,6720,0,,0,0,Y,0,0,0,0,
WE01,3000002643,,2720,0,,0,0,Y,0,0,0,0,
SO01,3000002643,,6720,0,,0,0,Y,0,0,0,0,
EA01,3000002898,,2700,0,,0,0,Y,0,0,0,0,
WE01,3000002898,,1500,0,,0,0,Y,0,0,0,0,
SO01,3000002898,,2700,0,,0,0,Y,0,0,0,0,
NR01,3000002898,,2550,0,,0,0,Y,0,0,0,0,
EA01,3000002899,,4675,0,,0,0,Y,0,0,0,0,
WE01,3000002899,,2720,0,,0,0,Y,0,0,0,0,
SO01,3000002899,,4675,0,,0,0,Y,0,0,0,0,
NR01,3000002899,,2720,0,,0,0,Y,0,0,0,0,
EA01,3000002900,,2950,0,,0,0,Y,0,0,0,0,
WE01,3000002900,,1350,0,,0,0,Y,0,0,0,0,
SO01,3000002900,,2950,0,,0,0,Y,0,0,0,0,
NR01,3000002900,,1350,0,,0,0,Y,0,0,0,0,
EA01,3000002901,,3650,0,,0,0,Y,0,0,0,0,
WE01,3000002901,,1800,0,,0,0,Y,0,0,0,0,
SO01,3000002901,,3650,0,,0,0,Y,0,0,0,0,
NR01,3000002901,,1872,0,,0,0,Y,0,0,0,0,
EA01,3000002902,,3700,0,,0,0,Y,0,0,0,0,
WE01,3000002902,,2000,0,,0,0,Y,0,0,0,0,
SO01,3000002902,,3700,0,,0,0,Y,0,0,0,0,
NR01,3000002902,,2080,0,,0,0,Y,0,0,0,0,
EA01,3000002903,,4108,0,,0,0,Y,0,0,0,0,
WE01,3000002903,,2132,0,,0,0,Y,0,0,0,0,
SO01,3000002903,,4108,0,,0,0,Y,0,0,0,0,
NR01,3000002903,,2132,0,,0,0,Y,0,0,0,0,
EA01,3000002904,,2282.5,0,,0,0,Y,0,0,0,0,
WE01,3000002904,,962.5,0,,0,0,Y,0,0,0,0,
SO01,3000002904,,2282.5,0,,0,0,Y,0,0,0,0,
NR01,3000002904,,962.5,0,,0,0,Y,0,0,0,0,
EA01,3000002905,,2835,0,,0,0,Y,0,0,0,0,
WE01,3000002905,,1728,0,,0,0,Y,0,0,0,0,
SO01,3000002905,,2835,0,,0,0,Y,0,0,0,0,
NR01,3000002905,,2304,0,,0,0,Y,0,0,0,0,
EA01,3000002906,,2943,0,,0,0,Y,0,0,0,0,
WE01,3000002906,,1674,0,,0,0,Y,0,0,0,0,
SO01,3000002906,,2943,0,,0,0,Y,0,0,0,0,
NR01,3000002906,,2232,0,,0,0,Y,0,0,0,0,
EA01,3000003195,,3051,0,,0,0,Y,0,0,0,0,
SO01,3000003195,,3051,0,,0,0,Y,0,0,0,0,
NR01,3000003195,,2244,0,,0,0,Y,0,0,0,0,
WE01,3000003195,,2244,0,,0,0,Y,0,0,0,0,
EA01,3000003196,,3240,0,,0,0,Y,0,0,0,0,
SO01,3000003196,,3240,0,,0,0,Y,0,0,0,0,
NR01,3000003196,,1701,0,,0,0,Y,0,0,0,0,
EA01,3000002909,,3321,0,,0,0,Y,0,0,0,0,
WE01,3000002909,,2187,0,,0,0,Y,0,0,0,0,
SO01,3000002909,,3321,0,,0,0,Y,0,0,0,0,
NR01,3000002909,,2187,0,,0,0,Y,0,0,0,0,
EA01,3000002967,,7632,0,,0,0,Y,0,0,0,0,
WE01,3000002967,,5040,0,,0,0,Y,0,0,0,0,
SO01,3000002967,,7632,0,,0,0,Y,0,0,0,0,
NR01,3000002967,,5040,0,,0,0,Y,0,0,0,0,
EA01,3000002968,,9000,0,,0,0,Y,0,0,0,0,
WE01,3000002968,,4920,0,,0,0,Y,0,0,0,0,
SO01,3000002968,,9000,0,,0,0,Y,0,0,0,0,
NR01,3000002968,,4920,0,,0,0,Y,0,0,0,0,
EA01,3000002969,,5820,0,,0,0,Y,0,0,0,0,
WE01,3000002969,,4080,0,,0,0,Y,0,0,0,0,
SO01,3000002969,,5820,0,,0,0,Y,0,0,0,0,
NR01,3000002969,,4080,0,,0,0,Y,0,0,0,0,
EA01,3000002970,,5472,0,,0,0,Y,0,0,0,0,
WE01,3000002970,,3312,0,,0,0,Y,0,0,0,0,
SO01,3000002970,,5472,0,,0,0,Y,0,0,0,0,
NR01,3000002970,,3312,0,,0,0,Y,0,0,0,0,
EA01,3000002971,,6187.5,0,,0,0,Y,0,0,0,0,
WE01,3000002971,,3060,0,,0,0,Y,0,0,0,0,
SO01,3000002971,,6187.5,0,,0,0,Y,0,0,0,0,
NR01,3000002971,,3060,0,,0,0,Y,0,0,0,0,
EA01,3000002972,,5580,0,,0,0,Y,0,0,0,0,
WE01,3000002972,,2424,0,,0,0,Y,0,0,0,0,
SO01,3000002972,,5580,0,,0,0,Y,0,0,0,0,
NR01,3000002972,,2424,0,,0,0,Y,0,0,0,0,
EA01,3000003714,,5525,0,,0,0,Y,0,0,0,0,
SO01,3000003714,,5525,0,,0,0,Y,0,0,0,0,
NR01,3000003714,,2925,0,,0,0,Y,0,0,0,0,
WE01,3000003714,,2925,0,,0,0,Y,0,0,0,0,
EA01,3000003203,,5000,0,,0,0,Y,0,0,0,0,
WE01,3000003203,,3000,0,,0,0,Y,0,0,0,0,
SO01,3000003203,,5000,0,,0,0,Y,0,0,0,0,
NR01,3000003203,,3000,0,,0,0,Y,0,0,0,0,
EA01,3000003715,,4920,0,,0,0,Y,0,0,0,0,
SO01,3000003715,,4920,0,,0,0,Y,0,0,0,0,
NR01,3000003715,,2640,0,,0,0,Y,0,0,0,0,
WE01,3000003715,,2640,0,,0,0,Y,0,0,0,0,
EA01,3000003204,,4275,0,,0,0,Y,0,0,0,0,
WE01,3000003204,,2625,0,,0,0,Y,0,0,0,0,
SO01,3000003204,,4275,0,,0,0,Y,0,0,0,0,
NR01,3000003204,,2625,0,,0,0,Y,0,0,0,0,
EA01,3000003110,,3750,0,,0,0,Y,0,0,0,0,
WE01,3000003110,,2150,0,,0,0,Y,0,0,0,0,
SO01,3000003110,,3750,0,,0,0,Y,0,0,0,0,
NR01,3000003110,,2150,0,,0,0,Y,0,0,0,0,
EA01,3000002894,,2226,0,,0,0,Y,0,0,0,0,
WE01,3000002894,,1386,0,,0,0,Y,0,0,0,0,
SO01,3000002894,,2226,0,,0,0,Y,0,0,0,0,
NR01,3000002894,,1386,0,,0,0,Y,0,0,0,0,
EA01,3000002940,,19800,0,,0,0,Y,0,0,0,0,
WE01,3000002940,,15240,0,,0,0,Y,0,0,0,0,
SO01,3000002940,,19800,0,,0,0,Y,0,0,0,0,
NR01,3000002940,,15240,0,,0,0,Y,0,0,0,0,
EA01,3000002941,,17100,0,,0,0,Y,0,0,0,0,
WE01,3000002941,,12150,0,,0,0,Y,0,0,0,0,
SO01,3000002941,,17100,0,,0,0,Y,0,0,0,0,
NR01,3000002941,,12150,0,,0,0,Y,0,0,0,0,
EA01,3000002942,,23968,0,,0,0,Y,0,0,0,0,
WE01,3000002942,,13272,0,,0,0,Y,0,0,0,0,
SO01,3000002942,,23968,0,,0,0,Y,0,0,0,0,
NR01,3000002942,,13272,0,,0,0,Y,0,0,0,0,
EA01,3000004039,,15250,0,,0,0,Y,0,0,0,0,
SO01,3000004039,,15250,0,,0,0,Y,0,0,0,0,
NR01,3000004039,,8750,0,,0,0,Y,0,0,0,0,
WE01,3000004039,,8750,0,,0,0,Y,0,0,0,0,
EA01,3000004040,,18140,0,,0,0,Y,0,0,0,0,
SO01,3000004040,,18140,0,,0,0,Y,0,0,0,0,
NR01,3000004040,,9300,0,,0,0,Y,0,0,0,0,
WE01,3000004040,,9300,0,,0,0,Y,0,0,0,0,
EA01,3000004041,,19305,0,,0,0,Y,0,0,0,0,
SO01,3000004041,,19305,0,,0,0,Y,0,0,0,0,
NR01,3000004041,,9000,0,,0,0,Y,0,0,0,0,
WE01,3000004041,,9000,0,,0,0,Y,0,0,0,0,
EA01,3000003923,,19800,0,,0,0,Y,0,0,0,0,
SO01,3000003923,,19800,0,,0,0,Y,0,0,0,0,
WE01,3000003923,,14400,0,,0,0,Y,0,0,0,0,
EA01,3000003205,,15210,0,,0,0,Y,0,0,0,0,
WE01,3000003205,,11520,0,,0,0,Y,0,0,0,0,
SO01,3000003205,,15210,0,,0,0,Y,0,0,0,0,
NR01,3000003205,,11520,0,,0,0,Y,0,0,0,0,
EA01,3000004042,,11400,0,,0,0,Y,0,0,0,0,
WE01,3000004042,,8200,0,,0,0,Y,0,0,0,0,
SO01,3000004042,,11400,0,,0,0,Y,0,0,0,0,
NR01,3000004042,,8200,0,,0,0,Y,0,0,0,0,
EA01,3000003716,,5200,0,,0,0,Y,0,0,0,0,
WE01,3000003716,,2800,0,,0,0,Y,0,0,0,0,
SO01,3000003716,,5200,0,,0,0,Y,0,0,0,0,
NR01,3000003716,,2800,0,,0,0,Y,0,0,0,0,
EA01,3000003207,,6000,0,,0,0,Y,0,0,0,0,
WE01,3000003207,,3300,0,,0,0,Y,0,0,0,0,
SO01,3000003207,,6000,0,,0,0,Y,0,0,0,0,
NR01,3000003207,,3300,0,,0,0,Y,0,0,0,0,
EA01,3000003717,,5670,0,,0,0,Y,0,0,0,0,
SO01,3000003717,,5670,0,,0,0,Y,0,0,0,0,
NR01,3000003717,,2754,0,,0,0,Y,0,0,0,0,
WE01,3000003717,,2754,0,,0,0,Y,0,0,0,0,
EA01,3000003208,,5390,0,,0,0,Y,0,0,0,0,
WE01,3000003208,,3080,0,,0,0,Y,0,0,0,0,
SO01,3000003208,,5390,0,,0,0,Y,0,0,0,0,
NR01,3000003208,,3080,0,,0,0,Y,0,0,0,0,
EA01,3000003111,,4875,0,,0,0,Y,0,0,0,0,
WE01,3000003111,,2850,0,,0,0,Y,0,0,0,0,
SO01,3000003111,,4875,0,,0,0,Y,0,0,0,0,
NR01,3000003111,,2850,0,,0,0,Y,0,0,0,0,
EA01,3000002895,,2730,0,,0,0,Y,0,0,0,0,
WE01,3000002895,,1710,0,,0,0,Y,0,0,0,0,
SO01,3000002895,,2730,0,,0,0,Y,0,0,0,0,
NR01,3000002895,,1710,0,,0,0,Y,0,0,0,0,
EA01,3000003209,,46800,0,,0,0,Y,0,0,0,0,
WE01,3000003209,,34000,0,,0,0,Y,0,0,0,0,
SO01,3000003209,,46800,0,,0,0,Y,0,0,0,0,
EA01,3000002938,,38875,0,,0,0,Y,0,0,0,0,
WE01,3000002938,,31375,0,,0,0,Y,0,0,0,0,
SO01,3000002938,,38875,0,,0,0,Y,0,0,0,0,
NR01,3000002938,,31375,0,,0,0,Y,0,0,0,0,
EA01,3000003210,,47136,0,,0,0,Y,0,0,0,0,
WE01,3000003210,,30240,0,,0,0,Y,0,0,0,0,
SO01,3000003210,,47136,0,,0,0,Y,0,0,0,0,
NR01,3000003210,,25200,0,,0,0,Y,0,0,0,0,
EA01,3000003830,,35800,0,,0,0,Y,0,0,0,0,
WE01,3000003830,,23500,0,,0,0,Y,0,0,0,0,
SO01,3000003830,,35800,0,,0,0,Y,0,0,0,0,
NR01,3000003830,,23500,0,,0,0,Y,0,0,0,0,
EA01,3000003831,,31120,0,,0,0,Y,0,0,0,0,
WE01,3000003831,,23240,0,,0,0,Y,0,0,0,0,
SO01,3000003831,,31120,0,,0,0,Y,0,0,0,0,
EA01,3000003832,,33425,0,,0,0,Y,0,0,0,0,
WE01,3000003832,,21975,0,,0,0,Y,0,0,0,0,
SO01,3000003832,,33425,0,,0,0,Y,0,0,0,0,
EA01,3000004013,,2375,0,,0,0,Y,0,0,0,0,
WE01,3000004013,,2000,0,,0,0,Y,0,0,0,0,
SO01,3000004013,,2375,0,,0,0,Y,0,0,0,0,
EA01,3000004038,,26510,0,,0,0,Y,0,0,0,0,
SO01,3000004038,,26510,0,,0,0,Y,0,0,0,0,
NR01,3000004038,,19800,0,,0,0,Y,0,0,0,0,
WE01,3000004038,,19800,0,,0,0,Y,0,0,0,0,
EA01,3000003824,,4840,0,,0,0,Y,0,0,0,0,
WE01,3000003824,,3630,0,,0,0,Y,0,0,0,0,
SO01,3000003824,,4840,0,,0,0,Y,0,0,0,0,
NR01,3000003824,,3630,0,,0,0,Y,0,0,0,0,
EA01,3000003825,,4270,0,,0,0,Y,0,0,0,0,
WE01,3000003825,,2800,0,,0,0,Y,0,0,0,0,
SO01,3000003825,,4270,0,,0,0,Y,0,0,0,0,
NR01,3000003825,,2800,0,,0,0,Y,0,0,0,0,
EA01,3000003826,,3960,0,,0,0,Y,0,0,0,0,
WE01,3000003826,,2040,0,,0,0,Y,0,0,0,0,
SO01,3000003826,,3960,0,,0,0,Y,0,0,0,0,
NR01,3000003826,,2040,0,,0,0,Y,0,0,0,0,
EA01,3000003827,,3850,0,,0,0,Y,0,0,0,0,
WE01,3000003827,,1870,0,,0,0,Y,0,0,0,0,
SO01,3000003827,,3850,0,,0,0,Y,0,0,0,0,
NR01,3000003827,,1870,0,,0,0,Y,0,0,0,0,
EA01,3000003828,,3260,0,,0,0,Y,0,0,0,0,
WE01,3000003828,,1560,0,,0,0,Y,0,0,0,0,
SO01,3000003828,,3260,0,,0,0,Y,0,0,0,0,
NR01,3000003828,,1560,0,,0,0,Y,0,0,0,0,
EA01,3000003829,,3523.5,0,,0,0,Y,0,0,0,0,
WE01,3000003829,,1350,0,,0,0,Y,0,0,0,0,
SO01,3000003829,,3523.5,0,,0,0,Y,0,0,0,0,
NR01,3000003829,,1350,0,,0,0,Y,0,0,0,0,
EA01,3000004027,,4275,0,,0,0,Y,0,0,0,0,
WE01,3000004027,,2775,0,,0,0,Y,0,0,0,0,
SO01,3000004027,,4275,0,,0,0,Y,0,0,0,0,
NR01,3000004027,,2775,0,,0,0,Y,0,0,0,0,
EA01,3000004028,,4650,0,,0,0,Y,0,0,0,0,
WE01,3000004028,,3000,0,,0,0,Y,0,0,0,0,
SO01,3000004028,,4650,0,,0,0,Y,0,0,0,0,
NR01,3000004028,,3000,0,,0,0,Y,0,0,0,0,
EA01,3000002950,,4900,0,,0,0,Y,0,0,0,0,
WE01,3000002950,,2100,0,,0,0,Y,0,0,0,0,
SO01,3000002950,,4900,0,,0,0,Y,0,0,0,0,
NR01,3000002950,,1701,0,,0,0,Y,0,0,0,0,
EA01,3000002951,,5175,0,,0,0,Y,0,0,0,0,
WE01,3000002951,,2175,0,,0,0,Y,0,0,0,0,
SO01,3000002951,,5175,0,,0,0,Y,0,0,0,0,
NR01,3000002951,,1740,0,,0,0,Y,0,0,0,0,
EA01,3000002952,,5350,0,,0,0,Y,0,0,0,0,
WE01,3000002952,,3000,0,,0,0,Y,0,0,0,0,
SO01,3000002952,,5350,0,,0,0,Y,0,0,0,0,
NR01,3000002952,,3150,0,,0,0,Y,0,0,0,0,
EA01,3000002714,,8400,0,,0,0,Y,0,0,0,0,
WE01,3000002714,,4900,0,,0,0,Y,0,0,0,0,
SO01,3000002714,,8400,0,,0,0,Y,0,0,0,0,
NR01,3000002714,,4900,0,,0,0,Y,0,0,0,0,
EA01,3000003347,,8100,0,,0,0,Y,0,0,0,0,
WE01,3000003347,,4950,0,,0,0,Y,0,0,0,0,
SO01,3000003347,,8100,0,,0,0,Y,0,0,0,0,
NR01,3000003347,,4950,0,,0,0,Y,0,0,0,0,
EA01,3000003348,,7500,0,,0,0,Y,0,0,0,0,
WE01,3000003348,,3750,0,,0,0,Y,0,0,0,0,
SO01,3000003348,,7500,0,,0,0,Y,0,0,0,0,
NR01,3000003348,,3750,0,,0,0,Y,0,0,0,0,
EA01,3000003349,,7425,0,,0,0,Y,0,0,0,0,
SO01,3000003349,,7425,0,,0,0,Y,0,0,0,0,
NR01,3000003349,,4620,0,,0,0,Y,0,0,0,0,
WE01,3000003349,,4620,0,,0,0,Y,0,0,0,0,
EA01,3000003202,,7320,0,,0,0,Y,0,0,0,0,
SO01,3000003202,,7320,0,,0,0,Y,0,0,0,0,
NR01,3000003202,,4200,0,,0,0,Y,0,0,0,0,
WE01,3000003202,,4200,0,,0,0,Y,0,0,0,0,
EA01,3000002896,,3384,0,,0,0,Y,0,0,0,0,
WE01,3000002896,,1944,0,,0,0,Y,0,0,0,0,
SO01,3000002896,,3384,0,,0,0,Y,0,0,0,0,
NR01,3000002896,,1944,0,,0,0,Y,0,0,0,0,
EA01,3000002886,,3300,0,,0,0,Y,0,0,0,0,
WE01,3000002886,,1950,0,,0,0,Y,0,0,0,0,
SO01,3000002886,,3300,0,,0,0,Y,0,0,0,0,
NR01,3000002886,,1950,0,,0,0,Y,0,0,0,0,
EA01,3000002887,,2560,0,,0,0,Y,0,0,0,0,
WE01,3000002887,,1600,0,,0,0,Y,0,0,0,0,
SO01,3000002887,,2560,0,,0,0,Y,0,0,0,0,
NR01,3000002887,,1600,0,,0,0,Y,0,0,0,0,
EA01,3000002888,,2805,0,,0,0,Y,0,0,0,0,
WE01,3000002888,,1705,0,,0,0,Y,0,0,0,0,
SO01,3000002888,,2805,0,,0,0,Y,0,0,0,0,
NR01,3000002888,,1705,0,,0,0,Y,0,0,0,0,
EA01,3000002889,,2556,0,,0,0,Y,0,0,0,0,
WE01,3000002889,,1692,0,,0,0,Y,0,0,0,0,
SO01,3000002889,,2556,0,,0,0,Y,0,0,0,0,
NR01,3000002889,,1692,0,,0,0,Y,0,0,0,0,
EA01,3000002890,,1920,0,,0,0,Y,0,0,0,0,
WE01,3000002890,,1240,0,,0,0,Y,0,0,0,0,
SO01,3000002890,,1920,0,,0,0,Y,0,0,0,0,
NR01,3000002890,,1240,0,,0,0,Y,0,0,0,0,
EA01,3000002891,,2114,0,,0,0,Y,0,0,0,0,
WE01,3000002891,,1372,0,,0,0,Y,0,0,0,0,
SO01,3000002891,,2114,0,,0,0,Y,0,0,0,0,
NR01,3000002891,,1372,0,,0,0,Y,0,0,0,0,
EA01,3000002953,,8019,0,,0,0,Y,0,0,0,0,
WE01,3000002953,,14256,0,,0,0,Y,0,0,0,0,
SO01,3000002953,,8019,0,,0,0,Y,0,0,0,0,
NR01,3000002953,,14256,0,,0,0,Y,0,0,0,0,
EA01,3000002955,,8040,0,,0,0,Y,0,0,0,0,
WE01,3000002955,,9480,0,,0,0,Y,0,0,0,0,
SO01,3000002955,,8040,0,,0,0,Y,0,0,0,0,
NR01,3000002955,,9480,0,,0,0,Y,0,0,0,0,
EA01,3000002956,,16002,0,,0,0,Y,0,0,0,0,
WE01,3000002956,,14154,0,,0,0,Y,0,0,0,0,
SO01,3000002956,,16002,0,,0,0,Y,0,0,0,0,
NR01,3000002956,,14154,0,,0,0,Y,0,0,0,0,
EA01,3000002957,,15225,0,,0,0,Y,0,0,0,0,
WE01,3000002957,,10925,0,,0,0,Y,0,0,0,0,
SO01,3000002957,,15225,0,,0,0,Y,0,0,0,0,
NR01,3000002957,,10925,0,,0,0,Y,0,0,0,0,
EA01,3000002958,,22344,0,,0,0,Y,0,0,0,0,
WE01,3000002958,,15696,0,,0,0,Y,0,0,0,0,
SO01,3000002958,,22344,0,,0,0,Y,0,0,0,0,
NR01,3000002958,,15696,0,,0,0,Y,0,0,0,0,
EA01,3000002959,,21360,0,,0,0,Y,0,0,0,0,
WE01,3000002959,,12012,0,,0,0,Y,0,0,0,0,
SO01,3000002959,,21360,0,,0,0,Y,0,0,0,0,
NR01,3000002959,,12012,0,,0,0,Y,0,0,0,0,
EA01,3000002718,,2450,0,,0,0,Y,0,0,0,0,
WE01,3000002718,,1225,0,,0,0,Y,0,0,0,0,
SO01,3000002718,,2450,0,,0,0,Y,0,0,0,0,
NR01,3000002718,,1225,0,,0,0,Y,0,0,0,0,
EA01,3000002719,,3450,0,,0,0,Y,0,0,0,0,
WE01,3000002719,,1950,0,,0,0,Y,0,0,0,0,
SO01,3000002719,,3450,0,,0,0,Y,0,0,0,0,
NR01,3000002719,,1950,0,,0,0,Y,0,0,0,0,
EA01,3000003188,,2100,0,,0,0,Y,0,0,0,0,
WE01,3000003188,,1200,0,,0,0,Y,0,0,0,0,
SO01,3000003188,,2100,0,,0,0,Y,0,0,0,0,
NR01,3000003188,,1200,0,,0,0,Y,0,0,0,0,
EA01,3000004014,,6125,0,,0,0,Y,0,0,0,0,
SO01,3000004014,,6125,0,,0,0,Y,0,0,0,0,
WE01,3000004014,,4000,0,,0,0,Y,0,0,0,0,
EA01,3000004015,,4625,0,,0,0,Y,0,0,0,0,
SO01,3000004015,,4625,0,,0,0,Y,0,0,0,0,
WE01,3000004015,,3125,0,,0,0,Y,0,0,0,0,
EA01,3000003353,,2250,0,,0,0,Y,0,0,0,0,
SO01,3000003353,,2250,0,,0,0,Y,0,0,0,0,
NR01,3000003353,,1260,0,,0,0,Y,0,0,0,0,
WE01,3000003353,,1260,0,,0,0,Y,0,0,0,0,
EA01,3000002911,,3442.5,0,,0,0,Y,0,0,0,0,
WE01,3000002911,,2092.5,0,,0,0,Y,0,0,0,0,
SO01,3000002911,,3442.5,0,,0,0,Y,0,0,0,0,
NR01,3000002911,,2092.5,0,,0,0,Y,0,0,0,0,
EA01,3000003820,,13250,0,,0,0,Y,0,0,0,0,
WE01,3000003820,,8500,0,,0,0,Y,0,0,0,0,
SO01,3000003820,,13250,0,,0,0,Y,0,0,0,0,
EA01,3000002912,,3172.5,0,,0,0,Y,0,0,0,0,
WE01,3000002912,,1822.5,0,,0,0,Y,0,0,0,0,
SO01,3000002912,,3172.5,0,,0,0,Y,0,0,0,0,
NR01,3000002912,,1822.5,0,,0,0,Y,0,0,0,0,
EA01,3000003354,,1890,0,,0,0,Y,0,0,0,0,
WE01,3000003354,,945,0,,0,0,Y,0,0,0,0,
SO01,3000003354,,1890,0,,0,0,Y,0,0,0,0,
NR01,3000003354,,945,0,,0,0,Y,0,0,0,0,
EA01,3000003821,,12375,0,,0,0,Y,0,0,0,0,
WE01,3000003821,,7125,0,,0,0,Y,0,0,0,0,
SO01,3000003821,,12375,0,,0,0,Y,0,0,0,0,
EA01,3000003822,,15400,0,,0,0,Y,0,0,0,0,
WE01,3000003822,,8400,0,,0,0,Y,0,0,0,0,
SO01,3000003822,,15400,0,,0,0,Y,0,0,0,0,
EA01,3000003823,,12875,0,,0,0,Y,0,0,0,0,
WE01,3000003823,,5750,0,,0,0,Y,0,0,0,0,
SO01,3000003823,,12875,0,,0,0,Y,0,0,0,0,
EA01,3000004016,,4550,0,,0,0,Y,0,0,0,0,
WE01,3000004016,,2950,0,,0,0,Y,0,0,0,0,
SO01,3000004016,,4550,0,,0,0,Y,0,0,0,0,
EA01,3000003190,,2760,0,,0,0,Y,0,0,0,0,
SO01,3000003190,,2760,0,,0,0,Y,0,0,0,0,
NR01,3000003190,,1600,0,,0,0,Y,0,0,0,0,
WE01,3000003190,,1600,0,,0,0,Y,0,0,0,0,
EA01,3000003358,,16464,0,,0,0,Y,0,0,0,0,
SO01,3000003358,,16464,0,,0,0,Y,0,0,0,0,
NR01,3000003358,,18480,0,,0,0,Y,0,0,0,0,
WE01,3000003358,,18480,0,,0,0,Y,0,0,0,0,
EA01,3000002961,,16537.5,0,,0,0,Y,0,0,0,0,
WE01,3000002961,,18585,0,,0,0,Y,0,0,0,0,
SO01,3000002961,,16537.5,0,,0,0,Y,0,0,0,0,
NR01,3000002961,,18585,0,,0,0,Y,0,0,0,0,
EA01,3000002962,,19530,0,,0,0,Y,0,0,0,0,
WE01,3000002962,,24780,0,,0,0,Y,0,0,0,0,
SO01,3000002962,,19530,0,,0,0,Y,0,0,0,0,
NR01,3000002962,,24780,0,,0,0,Y,0,0,0,0,
EA01,3000002963,,9960,0,,0,0,Y,0,0,0,0,
WE01,3000002963,,11460,0,,0,0,Y,0,0,0,0,
SO01,3000002963,,9960,0,,0,0,Y,0,0,0,0,
NR01,3000002963,,11460,0,,0,0,Y,0,0,0,0,
EA01,3000002964,,16144,0,,0,0,Y,0,0,0,0,
WE01,3000002964,,18304,0,,0,0,Y,0,0,0,0,
SO01,3000002964,,16144,0,,0,0,Y,0,0,0,0,
NR01,3000002964,,18304,0,,0,0,Y,0,0,0,0,
EA01,3000002965,,10116,0,,0,0,Y,0,0,0,0,
WE01,3000002965,,10512,0,,0,0,Y,0,0,0,0,
SO01,3000002965,,10116,0,,0,0,Y,0,0,0,0,
NR01,3000002965,,10512,0,,0,0,Y,0,0,0,0,
EA01,3000002928,,4000,0,,0,0,Y,0,0,0,0,
WE01,3000002928,,1300,0,,0,0,Y,0,0,0,0,
SO01,3000002928,,4000,0,,0,0,Y,0,0,0,0,
NR01,3000002928,,1300,0,,0,0,Y,0,0,0,0,
EA01,3000002929,,3648,0,,0,0,Y,0,0,0,0,
WE01,3000002929,,1152,0,,0,0,Y,0,0,0,0,
SO01,3000002929,,3648,0,,0,0,Y,0,0,0,0,
NR01,3000002929,,1152,0,,0,0,Y,0,0,0,0,
EA01,3000002930,,3870,0,,0,0,Y,0,0,0,0,
WE01,3000002930,,1440,0,,0,0,Y,0,0,0,0,
SO01,3000002930,,3870,0,,0,0,Y,0,0,0,0,
NR01,3000002930,,1440,0,,0,0,Y,0,0,0,0,
EA01,3000002931,,5760,0,,0,0,Y,0,0,0,0,
WE01,3000002931,,1760,0,,0,0,Y,0,0,0,0,
SO01,3000002931,,5760,0,,0,0,Y,0,0,0,0,
NR01,3000002931,,1188,0,,0,0,Y,0,0,0,0,
EA01,3000002932,,4800,0,,0,0,Y,0,0,0,0,
WE01,3000002932,,1400,0,,0,0,Y,0,0,0,0,
SO01,3000002932,,4800,0,,0,0,Y,0,0,0,0,
NR01,3000002932,,896,0,,0,0,Y,0,0,0,0,
EA01,3000002933,,3587.5,0,,0,0,Y,0,0,0,0,
WE01,3000002933,,1075,0,,0,0,Y,0,0,0,0,
SO01,3000002933,,3587.5,0,,0,0,Y,0,0,0,0,
NR01,3000002933,,946,0,,0,0,Y,0,0,0,0,
EA01,3000002934,,4160,0,,0,0,Y,0,0,0,0,
WE01,3000002934,,1280,0,,0,0,Y,0,0,0,0,
SO01,3000002934,,4160,0,,0,0,Y,0,0,0,0,
NR01,3000002934,,1280,0,,0,0,Y,0,0,0,0,
EA01,3000002935,,3700,0,,0,0,Y,0,0,0,0,
WE01,3000002935,,1050,0,,0,0,Y,0,0,0,0,
SO01,3000002935,,3700,0,,0,0,Y,0,0,0,0,
NR01,3000002935,,1050,0,,0,0,Y,0,0,0,0,
EA01,3000003219,,3332,0,,0,0,Y,0,0,0,0,
WE01,3000003219,,980,0,,0,0,Y,0,0,0,0,
SO01,3000003219,,3332,0,,0,0,Y,0,0,0,0,
NR01,3000003219,,980,0,,0,0,Y,0,0,0,0,
EA01,3000003220,,5400,0,,0,0,Y,0,0,0,0,
SO01,3000003220,,5400,0,,0,0,Y,0,0,0,0,
NR01,3000003220,,1200,0,,0,0,Y,0,0,0,0,
EA01,3000002974,,5400,0,,0,0,Y,0,0,0,0,
WE01,3000002974,,1170,0,,0,0,Y,0,0,0,0,
SO01,3000002974,,5400,0,,0,0,Y,0,0,0,0,
NR01,3000002974,,1170,0,,0,0,Y,0,0,0,0,
EA01,3000003221,,3960,0,,0,0,Y,0,0,0,0,
SO01,3000003221,,3960,0,,0,0,Y,0,0,0,0,
NR01,3000003221,,840,0,,0,0,Y,0,0,0,0,
EA01,3000002976,,3550,0,,0,0,Y,0,0,0,0,
WE01,3000002976,,850,0,,0,0,Y,0,0,0,0,
SO01,3000002976,,3550,0,,0,0,Y,0,0,0,0,
NR01,3000002976,,850,0,,0,0,Y,0,0,0,0,
EA01,3000002977,,5925,0,,0,0,Y,0,0,0,0,
WE01,3000002977,,1350,0,,0,0,Y,0,0,0,0,
SO01,3000002977,,5925,0,,0,0,Y,0,0,0,0,
NR01,3000002977,,1350,0,,0,0,Y,0,0,0,0,
EA01,3000003222,,4550,0,,0,0,Y,0,0,0,0,
SO01,3000003222,,4550,0,,0,0,Y,0,0,0,0,
NR01,3000003222,,1000,0,,0,0,Y,0,0,0,0,
EA01,3000002966,,3636,0,,0,0,Y,0,0,0,0,
WE01,3000002966,,3240,0,,0,0,Y,0,0,0,0,
SO01,3000002966,,3636,0,,0,0,Y,0,0,0,0,
NR01,3000002966,,3240,0,,0,0,Y,0,0,0,0,
EA01,3000001077,,68.5,0,,0,0,Y,0,0,0,0,
SO01,3000001077,,68.5,0,,0,0,Y,0,0,0,0,
EA01,3000001078,,138.5,0,,0,0,Y,0,0,0,0,
SO01,3000001078,,138.5,0,,0,0,Y,0,0,0,0,
EA01,3000001079,,207,0,,0,0,Y,0,0,0,0,
SO01,3000001079,,207,0,,0,0,Y,0,0,0,0,
EA01,3000001080,,334,0,,0,0,Y,0,0,0,0,
SO01,3000001080,,334,0,,0,0,Y,0,0,0,0,
EA01,3000001081,,1593,0,,0,0,Y,0,0,0,0,
SO01,3000001081,,1593,0,,0,0,Y,0,0,0,0,
EA01,3000003958,,9975,0,,0,0,Y,0,0,0,0,
WE01,3000003958,,6650,0,,0,0,Y,0,0,0,0,
SO01,3000003958,,5700,0,,0,0,Y,0,0,0,0,
NR01,3000003958,,6650,0,,0,0,Y,0,0,0,0,
EA01,3000003959,,9500,0,,0,0,Y,0,0,0,0,
WE01,3000003959,,6250,0,,0,0,Y,0,0,0,0,
SO01,3000003959,,4560,0,,0,0,Y,0,0,0,0,
NR01,3000003959,,6250,0,,0,0,Y,0,0,0,0,
EA01,3000003960,,8645,0,,0,0,Y,0,0,0,0,
WE01,3000003960,,5655,0,,0,0,Y,0,0,0,0,
SO01,3000003960,,4987.5,0,,0,0,Y,0,0,0,0,
NR01,3000003960,,5655,0,,0,0,Y,0,0,0,0,
EA01,3000003961,,7595,0,,0,0,Y,0,0,0,0,
WE01,3000003961,,5040,0,,0,0,Y,0,0,0,0,
SO01,3000003961,,3906,0,,0,0,Y,0,0,0,0,
NR01,3000003961,,5040,0,,0,0,Y,0,0,0,0,
EA01,3000003963,,6875,0,,0,0,Y,0,0,0,0,
WE01,3000003963,,4500,0,,0,0,Y,0,0,0,0,
SO01,3000003963,,4125,0,,0,0,Y,0,0,0,0,
NR01,3000003963,,4500,0,,0,0,Y,0,0,0,0,
EA01,3000003964,,6315,0,,0,0,Y,0,0,0,0,
WE01,3000003964,,4170,0,,0,0,Y,0,0,0,0,
SO01,3000003964,,6315,0,,0,0,Y,0,0,0,0,
NR01,3000003964,,4170,0,,0,0,Y,0,0,0,0,
EA01,3000003965,,22000,0,,0,0,Y,0,0,0,0,
SO01,3000003965,,22000,0,,0,0,Y,0,0,0,0,
NR01,3000003965,,19500,0,,0,0,Y,0,0,0,0,
WE01,3000003965,,19500,0,,0,0,Y,0,0,0,0,
EA01,3000003966,,17250,0,,0,0,Y,0,0,0,0,
SO01,3000003966,,17250,0,,0,0,Y,0,0,0,0,
NR01,3000003966,,15000,0,,0,0,Y,0,0,0,0,
WE01,3000003966,,15000,0,,0,0,Y,0,0,0,0,
EA01,3000003967,,13000,0,,0,0,Y,0,0,0,0,
SO01,3000003967,,13000,0,,0,0,Y,0,0,0,0,
NR01,3000003967,,10500,0,,0,0,Y,0,0,0,0,
WE01,3000003967,,10500,0,,0,0,Y,0,0,0,0,
EA01,3000003968,,14500,0,,0,0,Y,0,0,0,0,
SO01,3000003968,,14500,0,,0,0,Y,0,0,0,0,
NR01,3000003968,,11250,0,,0,0,Y,0,0,0,0,
WE01,3000003968,,11250,0,,0,0,Y,0,0,0,0,
EA01,3000003969,,8000,0,,0,0,Y,0,0,0,0,
SO01,3000003969,,8000,0,,0,0,Y,0,0,0,0,
NR01,3000003969,,6750,0,,0,0,Y,0,0,0,0,
WE01,3000003969,,6750,0,,0,0,Y,0,0,0,0,
EA01,3000003970,,9500,0,,0,0,Y,0,0,0,0,
SO01,3000003970,,9500,0,,0,0,Y,0,0,0,0,
NR01,3000003970,,8000,0,,0,0,Y,0,0,0,0,
WE01,3000003970,,8000,0,,0,0,Y,0,0,0,0,
EA01,3000004021,,4000,0,,0,0,Y,0,0,0,0,
SO01,3000004021,,4000,0,,0,0,Y,0,0,0,0,
EA01,3000004022,,4000,0,,0,0,Y,0,0,0,0,
SO01,3000004022,,4000,0,,0,0,Y,0,0,0,0,
EA01,3000004023,,3900,0,,0,0,Y,0,0,0,0,
SO01,3000004023,,3900,0,,0,0,Y,0,0,0,0,
EA01,3000004024,,5250,0,,0,0,Y,0,0,0,0,
SO01,3000004024,,5250,0,,0,0,Y,0,0,0,0,
EA01,3000004025,,3750,0,,0,0,Y,0,0,0,0,
SO01,3000004025,,3750,0,,0,0,Y,0,0,0,0,
EA01,3000004026,,3300,0,,0,0,Y,0,0,0,0,
SO01,3000004026,,3300,0,,0,0,Y,0,0,0,0,
EA01,3000004030,,5832,0,,0,0,Y,0,0,0,0,
WE01,3000004030,,3816,0,,0,0,Y,0,0,0,0,
SO01,3000004030,,5832,0,,0,0,Y,0,0,0,0,
NR01,3000004030,,3816,0,,0,0,Y,0,0,0,0,
EA01,3000004031,,5012,0,,0,0,Y,0,0,0,0,
WE01,3000004031,,3276,0,,0,0,Y,0,0,0,0,
SO01,3000004031,,5012,0,,0,0,Y,0,0,0,0,
NR01,3000004031,,3276,0,,0,0,Y,0,0,0,0,
EA01,3000004032,,5100,0,,0,0,Y,0,0,0,0,
WE01,3000004032,,3360,0,,0,0,Y,0,0,0,0,
SO01,3000004032,,5100,0,,0,0,Y,0,0,0,0,
NR01,3000004032,,3360,0,,0,0,Y,0,0,0,0,
EA01,3000004033,,5325,0,,0,0,Y,0,0,0,0,
WE01,3000004033,,3465,0,,0,0,Y,0,0,0,0,
SO01,3000004033,,5325,0,,0,0,Y,0,0,0,0,
NR01,3000004033,,3465,0,,0,0,Y,0,0,0,0,
EA01,3000004034,,5379,0,,0,0,Y,0,0,0,0,
WE01,3000004034,,3564,0,,0,0,Y,0,0,0,0,
SO01,3000004034,,5379,0,,0,0,Y,0,0,0,0,
NR01,3000004034,,3564,0,,0,0,Y,0,0,0,0,
EA01,3000004035,,4070,0,,0,0,Y,0,0,0,0,
WE01,3000004035,,2640,0,,0,0,Y,0,0,0,0,
SO01,3000004035,,4070,0,,0,0,Y,0,0,0,0,
NR01,3000004035,,2640,0,,0,0,Y,0,0,0,0,
EA01,3000004036,,4192,0,,0,0,Y,0,0,0,0,
WE01,3000004036,,2752,0,,0,0,Y,0,0,0,0,
SO01,3000004036,,4192,0,,0,0,Y,0,0,0,0,
NR01,3000004036,,2752,0,,0,0,Y,0,0,0,0,
EA01,3000004037,,5445,0,,0,0,Y,0,0,0,0,
WE01,3000004037,,3510,0,,0,0,Y,0,0,0,0,
SO01,3000004037,,5445,0,,0,0,Y,0,0,0,0,
NR01,3000004037,,3510,0,,0,0,Y,0,0,0,0,
EA01,3000004195,,21000,0,,0,0,Y,0,0,0,0,
WE01,3000004195,,13500,0,,0,0,Y,0,0,0,0,
SO01,3000004195,,21000,0,,0,0,Y,0,0,0,0,
EA01,3000004196,,17250,0,,0,0,Y,0,0,0,0,
WE01,3000004196,,11250,0,,0,0,Y,0,0,0,0,
SO01,3000004196,,17250,0,,0,0,Y,0,0,0,0,
EA01,3000004197,,11500,0,,0,0,Y,0,0,0,0,
SO01,3000004197,,11500,0,,0,0,Y,0,0,0,0,
WE01,3000004197,,9000,0,,0,0,Y,0,0,0,0,
EA01,3000004198,,14500,0,,0,0,Y,0,0,0,0,
SO01,3000004198,,14500,0,,0,0,Y,0,0,0,0,
WE01,3000004198,,10000,0,,0,0,Y,0,0,0,0,
EA01,3000004199,,7250,0,,0,0,Y,0,0,0,0,
SO01,3000004199,,7250,0,,0,0,Y,0,0,0,0,
WE01,3000004199,,5500,0,,0,0,Y,0,0,0,0,
EA01,3000004200,,8250,0,,0,0,Y,0,0,0,0,
SO01,3000004200,,8250,0,,0,0,Y,0,0,0,0,
WE01,3000004200,,6000,0,,0,0,Y,0,0,0,0,
WE01,3000002684,,9600,0,,0,0,Y,0,0,0,0,
WE01,3000002685,,11100,0,,0,0,Y,0,0,0,0,
WE01,3000002669,,9200,0,,0,0,Y,0,0,0,0,
WE01,3000002678,,5580,0,,0,0,Y,0,0,0,0,
WE01,3000002662,,8550,0,,0,0,Y,0,0,0,0,
WE01,3000003064,,16740,0,,0,0,Y,0,0,0,0,
NR01,3000003064,,16740,0,,0,0,Y,0,0,0,0,
WE01,3000003065,,17250,0,,0,0,Y,0,0,0,0,
WE01,3000003018,,14000,0,,0,0,Y,0,0,0,0,
WE01,3000002679,,9000,0,,0,0,Y,0,0,0,0,
WE01,3000002680,,5800,0,,0,0,Y,0,0,0,0,
WE01,3000002673,,7000,0,,0,0,Y,0,0,0,0,
WE01,3000003033,,42400,0,,0,0,Y,0,0,0,0,
WE01,3000003036,,29910,0,,0,0,Y,0,0,0,0,
WE01,3000002997,,18150,0,,0,0,Y,0,0,0,0,
NR01,3000002997,,18150,0,,0,0,Y,0,0,0,0,
EA01,3000002997,,23700,0,,0,0,Y,0,0,0,0,
WE01,3000002705,,6110,0,,0,0,Y,0,0,0,0,
WE01,3000003542,,28350,0,,0,0,Y,0,0,0,0,
WE01,3000003040,,32685,0,,0,0,Y,0,0,0,0,
WE01,3000002675,,10000,0,,0,0,Y,0,0,0,0,
NR01,3000002675,,10000,0,,0,0,Y,0,0,0,0,
WE01,3000002683,,8070,0,,0,0,Y,0,0,0,0,
NR01,3000002683,,8070,0,,0,0,Y,0,0,0,0,
WE01,3000002671,,7380,0,,0,0,Y,0,0,0,0,
WE01,3000003295,,786,0,,0,0,Y,0,0,0,0,
NR01,3000003295,,786,0,,0,0,Y,0,0,0,0,
SO01,3000003295,,918,0,,0,0,Y,0,0,0,0,
WE01,3000003296,,1203,0,,0,0,Y,0,0,0,0,
NR01,3000003296,,1203,0,,0,0,Y,0,0,0,0,
SO01,3000003296,,1392,0,,0,0,Y,0,0,0,0,
WE01,3000003297,,1746,0,,0,0,Y,0,0,0,0,
NR01,3000003297,,1746,0,,0,0,Y,0,0,0,0,
SO01,3000003297,,2001,0,,0,0,Y,0,0,0,0,
WE01,3000003459,,2277,0,,0,0,Y,0,0,0,0,
NR01,3000003459,,2277,0,,0,0,Y,0,0,0,0,
SO01,3000003459,,2595,0,,0,0,Y,0,0,0,0,
WE01,3000003290,,2811,0,,0,0,Y,0,0,0,0,
SO01,3000003290,,3219,0,,0,0,Y,0,0,0,0,
WE01,3000003298,,1254,0,,0,0,Y,0,0,0,0,
NR01,3000003298,,1254,0,,0,0,Y,0,0,0,0,
SO01,3000003298,,1443,0,,0,0,Y,0,0,0,0,
WE01,3000003280,,2856,0,,0,0,Y,0,0,0,0,
NR01,3000003280,,2856,0,,0,0,Y,0,0,0,0,
SO01,3000003280,,3303,0,,0,0,Y,0,0,0,0,
WE01,3000003299,,1959,0,,0,0,Y,0,0,0,0,
NR01,3000003299,,1959,0,,0,0,Y,0,0,0,0,
SO01,3000003299,,2271,0,,0,0,Y,0,0,0,0,
WE01,3000003300,,2559,0,,0,0,Y,0,0,0,0,
NR01,3000003300,,2559,0,,0,0,Y,0,0,0,0,
SO01,3000003300,,2976,0,,0,0,Y,0,0,0,0,
WE01,3000003301,,1635,0,,0,0,Y,0,0,0,0,
NR01,3000003301,,1635,0,,0,0,Y,0,0,0,0,
SO01,3000003301,,1914,0,,0,0,Y,0,0,0,0,
WE01,3000003302,,3696,0,,0,0,Y,0,0,0,0,
NR01,3000003302,,3696,0,,0,0,Y,0,0,0,0,
SO01,3000003302,,4263,0,,0,0,Y,0,0,0,0,
WE01,3000003281,,3318,0,,0,0,Y,0,0,0,0,
NR01,3000003281,,3318,0,,0,0,Y,0,0,0,0,
SO01,3000003281,,3819,0,,0,0,Y,0,0,0,0,
WE01,3000003675,,3456,0,,0,0,Y,0,0,0,0,
WE01,3000003305,,5826,0,,0,0,Y,0,0,0,0,
NR01,3000003305,,5826,0,,0,0,Y,0,0,0,0,
SO01,3000003305,,6792,0,,0,0,Y,0,0,0,0,
WE01,3000003304,,2595,0,,0,0,Y,0,0,0,0,
NR01,3000003304,,2595,0,,0,0,Y,0,0,0,0,
SO01,3000003304,,2976,0,,0,0,Y,0,0,0,0,
WE01,3000003306,,4023,0,,0,0,Y,0,0,0,0,
NR01,3000003306,,4023,0,,0,0,Y,0,0,0,0,
SO01,3000003306,,4632,0,,0,0,Y,0,0,0,0,
WE01,3000003674,,4182,0,,0,0,Y,0,0,0,0,
WE01,3000003293,,3441,0,,0,0,Y,0,0,0,0,
WE01,3000003392,,5241,0,,0,0,Y,0,0,0,0,
NR01,3000003392,,5241,0,,0,0,Y,0,0,0,0,
SO01,3000003392,,5964,0,,0,0,Y,0,0,0,0,
WE01,3000003670,,5436,0,,0,0,Y,0,0,0,0,
WE01,3000003307,,4155,0,,0,0,Y,0,0,0,0,
NR01,3000003307,,4155,0,,0,0,Y,0,0,0,0,
SO01,3000003307,,4653,0,,0,0,Y,0,0,0,0,
WE01,3000003308,,6420,0,,0,0,Y,0,0,0,0,
NR01,3000003308,,6420,0,,0,0,Y,0,0,0,0,
SO01,3000003308,,7212,0,,0,0,Y,0,0,0,0,
WE01,3000003309,,9528,0,,0,0,Y,0,0,0,0,
NR01,3000003309,,9528,0,,0,0,Y,0,0,0,0,
SO01,3000003309,,10683,0,,0,0,Y,0,0,0,0,
WE01,3000003587,,6660,0,,0,0,Y,0,0,0,0,
WE01,3000003294,,5325,0,,0,0,Y,0,0,0,0,
WE01,3000003396,,8139,0,,0,0,Y,0,0,0,0,
WE01,3000003588,,8436,0,,0,0,Y,0,0,0,0,
WE01,3000003310,,6690,0,,0,0,Y,0,0,0,0,
NR01,3000003310,,6690,0,,0,0,Y,0,0,0,0,
SO01,3000003310,,7518,0,,0,0,Y,0,0,0,0,
WE01,3000003311,,10386,0,,0,0,Y,0,0,0,0,
NR01,3000003311,,10386,0,,0,0,Y,0,0,0,0,
SO01,3000003311,,11661,0,,0,0,Y,0,0,0,0,
WE01,4000000567,,15198,0,,0,0,Y,0,0,0,0,
WE01,3000003265,,10797,0,,0,0,Y,0,0,0,0,
WE01,3000003313,,124.5,0,,0,0,Y,0,0,0,0,
NR01,3000003313,,124.5,0,,0,0,Y,0,0,0,0,
WE01,3000004188,,184.5,0,,0,0,Y,0,0,0,0,
NR01,3000004188,,184.5,0,,0,0,Y,0,0,0,0,
WE01,3000003283,,249,0,,0,0,Y,0,0,0,0,
NR01,3000003283,,249,0,,0,0,Y,0,0,0,0,
SO01,3000003283,,285,0,,0,0,Y,0,0,0,0,
WE01,3000004189,,369,0,,0,0,Y,0,0,0,0,
WE01,3000003284,,189,0,,0,0,Y,0,0,0,0,
NR01,3000003284,,189,0,,0,0,Y,0,0,0,0,
WE01,3000003312,,378,0,,0,0,Y,0,0,0,0,
NR01,3000003312,,378,0,,0,0,Y,0,0,0,0,
SO01,3000003312,,426,0,,0,0,Y,0,0,0,0,
WE01,3000003314,,417,0,,0,0,Y,0,0,0,0,
NR01,3000003314,,417,0,,0,0,Y,0,0,0,0,
SO01,3000003314,,486,0,,0,0,Y,0,0,0,0,
WE01,3000003315,,600,0,,0,0,Y,0,0,0,0,
NR01,3000003315,,600,0,,0,0,Y,0,0,0,0,
SO01,3000003315,,693,0,,0,0,Y,0,0,0,0,
WE01,3000003316,,591,0,,0,0,Y,0,0,0,0,
NR01,3000003316,,591,0,,0,0,Y,0,0,0,0,
SO01,3000003316,,684,0,,0,0,Y,0,0,0,0,
WE01,3000003317,,834,0,,0,0,Y,0,0,0,0,
NR01,3000003317,,834,0,,0,0,Y,0,0,0,0,
SO01,3000003317,,963,0,,0,0,Y,0,0,0,0,
WE01,3000003318,,825,0,,0,0,Y,0,0,0,0,
NR01,3000003318,,825,0,,0,0,Y,0,0,0,0,
SO01,3000003318,,969,0,,0,0,Y,0,0,0,0,
WE01,3000003319,,1203,0,,0,0,Y,0,0,0,0,
NR01,3000003319,,1203,0,,0,0,Y,0,0,0,0,
SO01,3000003319,,1386,0,,0,0,Y,0,0,0,0,
WE01,3000003320,,531,0,,0,0,Y,0,0,0,0,
NR01,3000003320,,531,0,,0,0,Y,0,0,0,0,
SO01,3000003320,,624,0,,0,0,Y,0,0,0,0,
WE01,3000001988,,1568,0,,0,0,Y,0,0,0,0,
WE01,3000001983,,2960,0,,0,0,Y,0,0,0,0,
WE01,3000001984,,2960,0,,0,0,Y,0,0,0,0,
WE01,3000001969,,1960,0,,0,0,Y,0,0,0,0,
WE01,3000001970,,1960,0,,0,0,Y,0,0,0,0,
WE01,3000001972,,1215,0,,0,0,Y,0,0,0,0,
WE01,3000001990,,1368,0,,0,0,Y,0,0,0,0,
WE01,3000002071,,2536,0,,0,0,Y,0,0,0,0,
WE01,3000002060,,2605,0,,0,0,Y,0,0,0,0,
WE01,3000002056,,1260,0,,0,0,Y,0,0,0,0,
WE01,3000002073,,1860,0,,0,0,Y,0,0,0,0,
WE01,3000002070,,1146,0,,0,0,Y,0,0,0,0,
WE01,3000002057,,1718,0,,0,0,Y,0,0,0,0,
WE01,3000002072,,1530,0,,0,0,Y,0,0,0,0,
WE01,3000001981,,1760,0,,0,0,Y,0,0,0,0,
WE01,3000001982,,1760,0,,0,0,Y,0,0,0,0,
WE01,3000001967,,2010,0,,0,0,Y,0,0,0,0,
WE01,3000001968,,2010,0,,0,0,Y,0,0,0,0,
WE01,3000001987,,2475,0,,0,0,Y,0,0,0,0,
WE01,3000001973,,3060,0,,0,0,Y,0,0,0,0,
WE01,3000001991,,1776,0,,0,0,Y,0,0,0,0,
WE01,3000001994,,3384,0,,0,0,Y,0,0,0,0,
NR01,3000001994,,3384,0,,0,0,Y,0,0,0,0,
WE01,3000002009,,2385,0,,0,0,Y,0,0,0,0,
WE01,3000002018,,2115,0,,0,0,Y,0,0,0,0,
WE01,3000002021,,2340,0,,0,0,Y,0,0,0,0,
WE01,3000002022,,1764,0,,0,0,Y,0,0,0,0,
WE01,3000002059,,2335,0,,0,0,Y,0,0,0,0,
WE01,3000002402,,2304,0,,0,0,Y,0,0,0,0,
WE01,3000002440,,2304,0,,0,0,Y,0,0,0,0,
WE01,3000002389,,1458,0,,0,0,Y,0,0,0,0,
WE01,3000002390,,1715,0,,0,0,Y,0,0,0,0,
WE01,3000002438,,1715,0,,0,0,Y,0,0,0,0,
WE01,3000002406,,1412,0,,0,0,Y,0,0,0,0,
WE01,3000002393,,1282.5,0,,0,0,Y,0,0,0,0,
WE01,3000002408,,1336,0,,0,0,Y,0,0,0,0,
WE01,3000002003,,1800,0,,0,0,Y,0,0,0,0,
WE01,3000002373,,1656,0,,0,0,Y,0,0,0,0,
WE01,3000002379,,2220,0,,0,0,Y,0,0,0,0,
WE01,3000002376,,1098,0,,0,0,Y,0,0,0,0,
WE01,3000002374,,928,0,,0,0,Y,0,0,0,0,
WE01,3000002403,,1965,0,,0,0,Y,0,0,0,0,
WE01,3000002400,,2448,0,,0,0,Y,0,0,0,0,
WE01,3000002452,,1620,0,,0,0,Y,0,0,0,0,
WE01,3000002450,,1620,0,,0,0,Y,0,0,0,0,
WE01,3000002388,,1904,0,,0,0,Y,0,0,0,0,
WE01,3000002405,,2137.5,0,,0,0,Y,0,0,0,0,
WE01,3000002394,,1910,0,,0,0,Y,0,0,0,0,
WE01,3000002392,,1788,0,,0,0,Y,0,0,0,0,
WE01,3000002409,,1344,0,,0,0,Y,0,0,0,0,
WE01,3000002398,,2160,0,,0,0,Y,0,0,0,0,
WE01,3000002386,,1920,0,,0,0,Y,0,0,0,0,
WE01,3000002427,,1650,0,,0,0,Y,0,0,0,0,
WE01,3000002436,,1989,0,,0,0,Y,0,0,0,0,
WE01,3000003278,,1042,0,,0,0,Y,0,0,0,0,
NR01,3000003278,,1042,0,,0,0,Y,0,0,0,0,
SO01,3000003278,,1288,0,,0,0,Y,0,0,0,0,
EA01,3000003278,,1288,0,,0,0,Y,0,0,0,0,
WE01,3000003285,,2367,0,,0,0,Y,0,0,0,0,
NR01,3000003285,,2367,0,,0,0,Y,0,0,0,0,
SO01,3000003285,,3032,0,,0,0,Y,0,0,0,0,
EA01,3000003285,,3032,0,,0,0,Y,0,0,0,0,
WE01,3000003276,,577,0,,0,0,Y,0,0,0,0,
NR01,3000003276,,577,0,,0,0,Y,0,0,0,0,
SO01,3000003276,,736,0,,0,0,Y,0,0,0,0,
EA01,3000003276,,736,0,,0,0,Y,0,0,0,0,
WE01,3000002081,,757,0,,0,0,Y,0,0,0,0,
WE01,3000002082,,757,0,,0,0,Y,0,0,0,0,
WE01,3000002083,,482.5,0,,0,0,Y,0,0,0,0,
WE01,3000002087,,1405,0,,0,0,Y,0,0,0,0,
WE01,4000000571,,36,0,,0,0,Y,0,0,0,0,
WE01,4000000572,,28,0,,0,0,Y,0,0,0,0,
WE01,3000003189,,1260,0,,0,0,Y,0,0,0,0,
WE01,3000002914,,1600,0,,0,0,Y,0,0,0,0,
WE01,3000002641,,2625,0,,0,0,Y,0,0,0,0,
WE01,3000002907,,1836,0,,0,0,Y,0,0,0,0,
WE01,3000002908,,1701,0,,0,0,Y,0,0,0,0,
WE01,3000002717,,4620,0,,0,0,Y,0,0,0,0,
WE01,3000002652,,4200,0,,0,0,Y,0,0,0,0,
WE01,3000003108,,2925,0,,0,0,Y,0,0,0,0,
WE01,3000002646,,2640,0,,0,0,Y,0,0,0,0,
WE01,3000003112,,2754,0,,0,0,Y,0,0,0,0,
WE01,3000002960,,18480,0,,0,0,Y,0,0,0,0,
WE01,3000002915,,1875,0,,0,0,Y,0,0,0,0,
WE01,3000002916,,2325,0,,0,0,Y,0,0,0,0,
WE01,3000002921,,1800,0,,0,0,Y,0,0,0,0,
WE01,3000002925,,1837,0,,0,0,Y,0,0,0,0,
WE01,3000002926,,1584,0,,0,0,Y,0,0,0,0,
WE01,3000002973,,1200,0,,0,0,Y,0,0,0,0,
WE01,3000002975,,840,0,,0,0,Y,0,0,0,0,
WE01,3000002978,,1000,0,,0,0,Y,0,0,0,0,
WE01,3000001280,,1320,0,,0,0,Y,0,0,0,0,
WE01,3000004161,,2370,0,,0,0,Y,0,0,0,0,
WE01,3000004162,,750,0,,0,0,Y,0,0,0,0,
WE01,3000004163,,960,0,,0,0,Y,0,0,0,0,
WE01,3000004164,,1200,0,,0,0,Y,0,0,0,0,
WE01,3000004165,,1680,0,,0,0,Y,0,0,0,0,
EA01,3000004165,,1680,0,,0,0,Y,0,0,0,0,
WE01,3000004166,,2130,0,,0,0,Y,0,0,0,0,
WE01,3000004167,,1830,0,,0,0,Y,0,0,0,0,
WE01,3000004168,,3420,0,,0,0,Y,0,0,0,0,
EA01,3000004168,,3420,0,,0,0,Y,0,0,0,0,
SO01,3000004168,,3420,0,,0,0,Y,0,0,0,0,
WE01,3000004169,,2820,0,,0,0,Y,0,0,0,0,
EA01,3000004169,,2820,0,,0,0,Y,0,0,0,0,
SO01,3000004169,,2820,0,,0,0,Y,0,0,0,0,
WE01,3000004170,,5370,0,,0,0,Y,0,0,0,0,
EA01,3000004170,,5370,0,,0,0,Y,0,0,0,0,
SO01,3000004170,,5370,0,,0,0,Y,0,0,0,0,
WE01,3000004171,,4140,0,,0,0,Y,0,0,0,0,
EA01,3000004171,,4140,0,,0,0,Y,0,0,0,0,
SO01,3000004171,,4140,0,,0,0,Y,0,0,0,0,
WE01,3000004172,,3600,0,,0,0,Y,0,0,0,0,
WE01,3000004174,,1740,0,,0,0,Y,0,0,0,0,
WE01,3000004175,,3570,0,,0,0,Y,0,0,0,0,
EA01,3000004175,,3570,0,,0,0,Y,0,0,0,0,
SO01,3000004175,,3570,0,,0,0,Y,0,0,0,0,
WE01,3000004177,,2880,0,,0,0,Y,0,0,0,0,
EA01,3000004177,,2880,0,,0,0,Y,0,0,0,0,
SO01,3000004177,,2880,0,,0,0,Y,0,0,0,0,
WE01,3000004178,,2460,0,,0,0,Y,0,0,0,0,
WE01,3000004179,,5043,0,,0,0,Y,0,0,0,0,
EA01,3000004179,,5880,0,,0,0,Y,0,0,0,0,
SO01,3000004179,,5880,0,,0,0,Y,0,0,0,0,
WE01,3000004180,,4275,0,,0,0,Y,0,0,0,0,
EA01,3000004180,,4927,0,,0,0,Y,0,0,0,0,
SO01,3000004180,,4927,0,,0,0,Y,0,0,0,0,
WE01,3000004181,,3780,0,,0,0,Y,0,0,0,0,
WE01,3000004182,,8700,0,,0,0,Y,0,0,0,0,
EA01,3000004182,,8700,0,,0,0,Y,0,0,0,0,
SO01,3000004182,,8700,0,,0,0,Y,0,0,0,0,
WE01,3000004183,,6765,0,,0,0,Y,0,0,0,0,
EA01,3000004183,,5154,0,,0,0,Y,0,0,0,0,
SO01,3000004183,,7701,0,,0,0,Y,0,0,0,0,
WE01,3000004184,,5412,0,,0,0,Y,0,0,0,0,
WE01,3000004185,,12732,0,,0,0,Y,0,0,0,0,
EA01,3000004185,,10950,0,,0,0,Y,0,0,0,0,
SO01,3000004185,,14330,0,,0,0,Y,0,0,0,0,
WE01,3000004186,,10701,0,,0,0,Y,0,0,0,0,
EA01,3000004186,,7572,0,,0,0,Y,0,0,0,0,
SO01,3000004186,,12032,0,,0,0,Y,0,0,0,0,
WE01,3000004187,,8595,0,,0,0,Y,0,0,0,0,
EA01,3000004187,,10051,0,,0,0,Y,0,0,0,0,
SO01,3000004187,,10051,0,,0,0,Y,0,0,0,0,
NR01,3000003174,,17250,0,,0,0,Y,0,0,0,0,
NR01,3000004286,,29600,0,,0,0,Y,0,0,0,0,
WE01,3000004286,,29600,0,,0,0,Y,0,0,0,0,
EA01,3000004286,,41600,0,,0,0,Y,0,0,0,0,
NR01,3000003931,,4500,0,,0,0,Y,0,0,0,0,
WE01,3000003931,,4500,0,,0,0,Y,0,0,0,0,
NR01,3000003576,,3150,0,,0,0,Y,0,0,0,0,
NR01,3000003577,,3220,0,,0,0,Y,0,0,0,0,
NR01,3000003545,,2720,0,,0,0,Y,0,0,0,0,
NR01,3000003571,,34000,0,,0,0,Y,0,0,0,0,
NR01,3000003572,,31375,0,,0,0,Y,0,0,0,0,
NR01,3000003282,,4755,0,,0,0,Y,0,0,0,0,
SO01,3000003282,,5475,0,,0,0,Y,0,0,0,0,
WE01,3000003282,,4755,0,,0,0,Y,0,0,0,0,
NR01,3000003975,,1795,0,,0,0,Y,0,0,0,0,
NR01,3000004093,,1595,0,,0,0,Y,0,0,0,0,
NR01,3000001964,,1890,0,,0,0,Y,0,0,0,0,
NR01,3000001978,,1720,0,,0,0,Y,0,0,0,0,
NR01,3000001979,,2808,0,,0,0,Y,0,0,0,0,
NR01,3000002005,,3000,0,,0,0,Y,0,0,0,0,
NR01,3000002010,,2700,0,,0,0,Y,0,0,0,0,
NR01,3000003668,,395,0,,0,0,Y,0,0,0,0,
WE01,3000003668,,395,0,,0,0,Y,0,0,0,0,
NR01,3000003972,,625,0,,0,0,Y,0,0,0,0,
WE01,3000003972,,625,0,,0,0,Y,0,0,0,0,
NR01,3000003719,,1019,0,,0,0,Y,0,0,0,0,
SO01,3000003719,,1344,0,,0,0,Y,0,0,0,0,
NR01,3000003664,,761,0,,0,0,Y,0,0,0,0,
SO01,3000003664,,1060,0,,0,0,Y,0,0,0,0,
WE01,3000003664,,761,0,,0,0,Y,0,0,0,0,
NR01,3000003666,,380,0,,0,0,Y,0,0,0,0,
WE01,3000003666,,380,0,,0,0,Y,0,0,0,0,
NR01,3000003720,,1247,0,,0,0,Y,0,0,0,0,
WE01,3000003720,,1247,0,,0,0,Y,0,0,0,0,
NR01,3000003721,,1503,0,,0,0,Y,0,0,0,0,
SO01,3000003721,,1992,0,,0,0,Y,0,0,0,0,
NR01,3000003722,,2803,0,,0,0,Y,0,0,0,0,
WE01,3000003722,,2803,0,,0,0,Y,0,0,0,0,
NR01,3000003930,,1401.5,0,,0,0,Y,0,0,0,0,
SO01,3000003930,,1875,0,,0,0,Y,0,0,0,0,
EA01,3000004361,,2040,0,,0,0,Y,0,0,0,0,
WE01,3000004361,,1595,0,,0,0,Y,0,0,0,0,
SO01,3000004361,,2040,0,,0,0,Y,0,0,0,0,
NR01,3000004361,,2040,0,,0,0,Y,0,0,0,0,
EA01,3000004362,,2520,0,,0,0,Y,0,0,0,0,
WE01,3000004362,,2160,0,,0,0,Y,0,0,0,0,
SO01,3000004362,,2520,0,,0,0,Y,0,0,0,0,
NR01,3000004362,,2520,0,,0,0,Y,0,0,0,0,
EA01,3000004363,,2088,0,,0,0,Y,0,0,0,0,
WE01,3000004363,,1520,0,,0,0,Y,0,0,0,0,
SO01,3000004363,,2088,0,,0,0,Y,0,0,0,0,
NR01,3000004363,,2088,0,,0,0,Y,0,0,0,0,
EA01,3000004364,,2240,0,,0,0,Y,0,0,0,0,
WE01,3000004364,,1920,0,,0,0,Y,0,0,0,0,
SO01,3000004364,,2240,0,,0,0,Y,0,0,0,0,
NR01,3000004364,,2240,0,,0,0,Y,0,0,0,0,
EA01,3000004365,,2100,0,,0,0,Y,0,0,0,0,
WE01,3000004365,,1800,0,,0,0,Y,0,0,0,0,
SO01,3000004365,,2100,0,,0,0,Y,0,0,0,0,
NR01,3000004365,,2100,0,,0,0,Y,0,0,0,0,
EA01,3000004366,,2684,0,,0,0,Y,0,0,0,0,
WE01,3000004366,,2090,0,,0,0,Y,0,0,0,0,
SO01,3000004366,,2684,0,,0,0,Y,0,0,0,0,
NR01,3000004366,,2684,0,,0,0,Y,0,0,0,0,
EA01,3000004380,,2400,0,,0,0,Y,0,0,0,0,
WE01,3000004380,,2070,0,,0,0,Y,0,0,0,0,
SO01,3000004380,,2400,0,,0,0,Y,0,0,0,0,
NR01,3000004380,,2400,0,,0,0,Y,0,0,0,0,
EA01,3000004381,,1152,0,,0,0,Y,0,0,0,0,
WE01,3000004381,,984,0,,0,0,Y,0,0,0,0,
SO01,3000004381,,1152,0,,0,0,Y,0,0,0,0,
NR01,3000004381,,1152,0,,0,0,Y,0,0,0,0,
EA01,3000004382,,4400,0,,0,0,Y,0,0,0,0,
WE01,3000004382,,3800,0,,0,0,Y,0,0,0,0,
SO01,3000004382,,4400,0,,0,0,Y,0,0,0,0,
NR01,3000004382,,4400,0,,0,0,Y,0,0,0,0,
EA01,3000004383,,1650,0,,0,0,Y,0,0,0,0,
WE01,3000004383,,1410,0,,0,0,Y,0,0,0,0,
SO01,3000004383,,1650,0,,0,0,Y,0,0,0,0,
NR01,3000004383,,1650,0,,0,0,Y,0,0,0,0,
EA01,3000004384,,1400,0,,0,0,Y,0,0,0,0,
WE01,3000004384,,1200,0,,0,0,Y,0,0,0,0,
SO01,3000004384,,1400,0,,0,0,Y,0,0,0,0,
NR01,3000004384,,1400,0,,0,0,Y,0,0,0,0,
EA01,3000004385,,1740,0,,0,0,Y,0,0,0,0,
WE01,3000004385,,1500,0,,0,0,Y,0,0,0,0,
SO01,3000004385,,1740,0,,0,0,Y,0,0,0,0,
NR01,3000004385,,1740,0,,0,0,Y,0,0,0,0,
EA01,3000004386,,3800,0,,0,0,Y,0,0,0,0,
WE01,3000004386,,3249,0,,0,0,Y,0,0,0,0,
SO01,3000004386,,3800,0,,0,0,Y,0,0,0,0,
NR01,3000004386,,3800,0,,0,0,Y,0,0,0,0,
EA01,3000004387,,2800,0,,0,0,Y,0,0,0,0,
WE01,3000004387,,2390,0,,0,0,Y,0,0,0,0,
SO01,3000004387,,2800,0,,0,0,Y,0,0,0,0,
NR01,3000004387,,2800,0,,0,0,Y,0,0,0,0,
EA01,3000004388,,3336,0,,0,0,Y,0,0,0,0,
WE01,3000004388,,2838,0,,0,0,Y,0,0,0,0,
SO01,3000004388,,3336,0,,0,0,Y,0,0,0,0,
NR01,3000004388,,3336,0,,0,0,Y,0,0,0,0,
EA01,3000004389,,2870,0,,0,0,Y,0,0,0,0,
WE01,3000004389,,2443,0,,0,0,Y,0,0,0,0,
SO01,3000004389,,2870,0,,0,0,Y,0,0,0,0,
NR01,3000004389,,2870,0,,0,0,Y,0,0,0,0,
EA01,3000004391,,1392,0,,0,0,Y,0,0,0,0,
WE01,3000004391,,1188,0,,0,0,Y,0,0,0,0,
SO01,3000004391,,1392,0,,0,0,Y,0,0,0,0,
NR01,3000004391,,1392,0,,0,0,Y,0,0,0,0,
EA01,3000004394,,2925,0,,0,0,Y,0,0,0,0,
WE01,3000004394,,2490,0,,0,0,Y,0,0,0,0,
SO01,3000004394,,2925,0,,0,0,Y,0,0,0,0,
NR01,3000004394,,2925,0,,0,0,Y,0,0,0,0,
EA01,3000004395,,2784,0,,0,0,Y,0,0,0,0,
WE01,3000004395,,2368,0,,0,0,Y,0,0,0,0,
SO01,3000004395,,2784,0,,0,0,Y,0,0,0,0,
NR01,3000004395,,2784,0,,0,0,Y,0,0,0,0,
EA01,3000004396,,3100,0,,0,0,Y,0,0,0,0,
WE01,3000004396,,2637.5,0,,0,0,Y,0,0,0,0,
SO01,3000004396,,3100,0,,0,0,Y,0,0,0,0,
NR01,3000004396,,3100,0,,0,0,Y,0,0,0,0,
EA01,3000004397,,1128,0,,0,0,Y,0,0,0,0,
WE01,3000004397,,960,0,,0,0,Y,0,0,0,0,
SO01,3000004397,,1128,0,,0,0,Y,0,0,0,0,
NR01,3000004397,,1128,0,,0,0,Y,0,0,0,0,
EA01,3000004398,,3840,0,,0,0,Y,0,0,0,0,
WE01,3000004398,,3288,0,,0,0,Y,0,0,0,0,
SO01,3000004398,,3840,0,,0,0,Y,0,0,0,0,
NR01,3000004398,,3840,0,,0,0,Y,0,0,0,0,
EA01,3000004399,,2790,0,,0,0,Y,0,0,0,0,
WE01,3000004399,,2376,0,,0,0,Y,0,0,0,0,
SO01,3000004399,,2790,0,,0,0,Y,0,0,0,0,
NR01,3000004399,,2790,0,,0,0,Y,0,0,0,0,
EA01,3000004400,,2848,0,,0,0,Y,0,0,0,0,
WE01,3000004400,,2424,0,,0,0,Y,0,0,0,0,
SO01,3000004400,,2848,0,,0,0,Y,0,0,0,0,
NR01,3000004400,,2848,0,,0,0,Y,0,0,0,0,
EA01,3000004401,,4248,0,,0,0,Y,0,0,0,0,
WE01,3000004401,,3612,0,,0,0,Y,0,0,0,0,
SO01,3000004401,,4248,0,,0,0,Y,0,0,0,0,
NR01,3000004401,,4248,0,,0,0,Y,0,0,0,0,
EA01,3000004402,,1800,0,,0,0,Y,0,0,0,0,
WE01,3000004402,,1536,0,,0,0,Y,0,0,0,0,
SO01,3000004402,,1800,0,,0,0,Y,0,0,0,0,
NR01,3000004402,,1800,0,,0,0,Y,0,0,0,0,
EA01,3000004403,,1680,0,,0,0,Y,0,0,0,0,
WE01,3000004403,,1440,0,,0,0,Y,0,0,0,0,
SO01,3000004403,,1680,0,,0,0,Y,0,0,0,0,
NR01,3000004403,,1680,0,,0,0,Y,0,0,0,0,
EA01,3000004404,,1560,0,,0,0,Y,0,0,0,0,
WE01,3000004404,,1332,0,,0,0,Y,0,0,0,0,
SO01,3000004404,,1560,0,,0,0,Y,0,0,0,0,
NR01,3000004404,,1560,0,,0,0,Y,0,0,0,0,
EA01,3000004405,,1890,0,,0,0,Y,0,0,0,0,
WE01,3000004405,,1617,0,,0,0,Y,0,0,0,0,
SO01,3000004405,,1890,0,,0,0,Y,0,0,0,0,
NR01,3000004405,,1890,0,,0,0,Y,0,0,0,0,
EA01,3000004406,,1890,0,,0,0,Y,0,0,0,0,
WE01,3000004406,,1617,0,,0,0,Y,0,0,0,0,
SO01,3000004406,,1890,0,,0,0,Y,0,0,0,0,
NR01,3000004406,,1890,0,,0,0,Y,0,0,0,0,
EA01,3000004408,,3360,0,,0,0,Y,0,0,0,0,
WE01,3000004408,,3335.5,0,,0,0,Y,0,0,0,0,
SO01,3000004408,,3360,0,,0,0,Y,0,0,0,0,
NR01,3000004408,,3360,0,,0,0,Y,0,0,0,0,
EA01,3000004409,,3300,0,,0,0,Y,0,0,0,0,
WE01,3000004409,,2107.5,0,,0,0,Y,0,0,0,0,
SO01,3000004409,,3300,0,,0,0,Y,0,0,0,0,
NR01,3000004409,,3300,0,,0,0,Y,0,0,0,0,
EA01,3000004410,,3120,0,,0,0,Y,0,0,0,0,
WE01,3000004410,,2660,0,,0,0,Y,0,0,0,0,
SO01,3000004410,,3120,0,,0,0,Y,0,0,0,0,
NR01,3000004410,,3120,0,,0,0,Y,0,0,0,0,
EA01,3000004411,,1520,0,,0,0,Y,0,0,0,0,
WE01,3000004411,,1295,0,,0,0,Y,0,0,0,0,
SO01,3000004411,,1520,0,,0,0,Y,0,0,0,0,
NR01,3000004411,,1520,0,,0,0,Y,0,0,0,0,
EA01,3000004412,,3852,0,,0,0,Y,0,0,0,0,
WE01,3000004412,,3276,0,,0,0,Y,0,0,0,0,
SO01,3000004412,,3852,0,,0,0,Y,0,0,0,0,
NR01,3000004412,,3852,0,,0,0,Y,0,0,0,0,
EA01,3000004413,,3536,0,,0,0,Y,0,0,0,0,
WE01,3000004413,,3009,0,,0,0,Y,0,0,0,0,
SO01,3000004413,,3536,0,,0,0,Y,0,0,0,0,
NR01,3000004413,,3536,0,,0,0,Y,0,0,0,0,
EA01,3000004414,,2380,0,,0,0,Y,0,0,0,0,
WE01,3000004414,,2026.5,0,,0,0,Y,0,0,0,0,
SO01,3000004414,,2380,0,,0,0,Y,0,0,0,0,
NR01,3000004414,,2380,0,,0,0,Y,0,0,0,0,
EA01,3000004415,,2700,0,,0,0,Y,0,0,0,0,
WE01,3000004415,,2300,0,,0,0,Y,0,0,0,0,
SO01,3000004415,,2700,0,,0,0,Y,0,0,0,0,
NR01,3000004415,,2700,0,,0,0,Y,0,0,0,0,
EA01,3000004416,,2400,0,,0,0,Y,0,0,0,0,
WE01,3000004416,,2050,0,,0,0,Y,0,0,0,0,
SO01,3000004416,,2400,0,,0,0,Y,0,0,0,0,
NR01,3000004416,,2400,0,,0,0,Y,0,0,0,0,
WE01,3000004271,,30000,0,,0,0,Y,0,0,0,0,
EA01,3000004271,,35400,0,,0,0,Y,0,0,0,0,
WE01,3000004272,,29010,0,,0,0,Y,0,0,0,0,
EA01,3000004272,,34200,0,,0,0,Y,0,0,0,0,
WE01,3000004273,,31020,0,,0,0,Y,0,0,0,0,
EA01,3000004273,,36600,0,,0,0,Y,0,0,0,0,
WE01,3000004274,,19860,0,,0,0,Y,0,0,0,0,
EA01,3000004274,,23400,0,,0,0,Y,0,0,0,0,
WE01,3000004275,,28352,0,,0,0,Y,0,0,0,0,
EA01,3000004275,,33440,0,,0,0,Y,0,0,0,0,
WE01,3000004276,,21968,0,,0,0,Y,0,0,0,0,
EA01,3000004276,,25920,0,,0,0,Y,0,0,0,0,
WE01,3000004252,,25407,0,,0,0,Y,0,0,0,0,
EA01,3000004252,,29970,0,,0,0,Y,0,0,0,0,
WE01,3000004253,,24102,0,,0,0,Y,0,0,0,0,
EA01,3000004253,,28440,0,,0,0,Y,0,0,0,0,
WE01,3000004254,,14238,0,,0,0,Y,0,0,0,0,
EA01,3000004254,,16800,0,,0,0,Y,0,0,0,0,
WE01,3000004265,,20100,0,,0,0,Y,0,0,0,0,
EA01,3000004265,,23700,0,,0,0,Y,0,0,0,0,
WE01,3000004266,,17332,0,,0,0,Y,0,0,0,0,
EA01,3000004266,,20440,0,,0,0,Y,0,0,0,0,
WE01,3000004267,,20952,0,,0,0,Y,0,0,0,0,
EA01,3000004267,,24720,0,,0,0,Y,0,0,0,0,
WE01,3000004268,,17406,0,,0,0,Y,0,0,0,0,
EA01,3000004268,,20520,0,,0,0,Y,0,0,0,0,
WE01,3000004269,,15928.5,0,,0,0,Y,0,0,0,0,
EA01,3000004269,,18795,0,,0,0,Y,0,0,0,0,
WE01,3000004270,,14265,0,,0,0,Y,0,0,0,0,
EA01,3000004270,,16830,0,,0,0,Y,0,0,0,0,
WE01,3000004258,,19710,0,,0,0,Y,0,0,0,0,
EA01,3000004258,,23250,0,,0,0,Y,0,0,0,0,
WE01,3000004260,,18560,0,,0,0,Y,0,0,0,0,
EA01,3000004260,,21900,0,,0,0,Y,0,0,0,0,
WE01,3000004261,,16910,0,,0,0,Y,0,0,0,0,
EA01,3000004261,,19950,0,,0,0,Y,0,0,0,0,
WE01,3000004255,,27162,0,,0,0,Y,0,0,0,0,
EA01,3000004255,,32040,0,,0,0,Y,0,0,0,0,
WE01,3000004256,,16462.5,0,,0,0,Y,0,0,0,0,
EA01,3000004256,,19425,0,,0,0,Y,0,0,0,0,
WE01,3000004257,,22326,0,,0,0,Y,0,0,0,0,
EA01,3000004257,,26340,0,,0,0,Y,0,0,0,0,
WE01,3000004277,,21637.5,0,,0,0,Y,0,0,0,0,
EA01,3000004277,,25500,0,,0,0,Y,0,0,0,0,
WE01,3000004278,,21814,0,,0,0,Y,0,0,0,0,
EA01,3000004278,,25740,0,,0,0,Y,0,0,0,0,
WE01,3000004279,,21000,0,,0,0,Y,0,0,0,0,
EA01,3000004279,,24780,0,,0,0,Y,0,0,0,0,
WE01,3000004280,,13545,0,,0,0,Y,0,0,0,0,
EA01,3000004280,,15975,0,,0,0,Y,0,0,0,0,
WE01,3000004281,,17406,0,,0,0,Y,0,0,0,0,
EA01,3000004281,,20520,0,,0,0,Y,0,0,0,0,
WE01,3000004282,,9768,0,,0,0,Y,0,0,0,0,
EA01,3000004282,,11520,0,,0,0,Y,0,0,0,0,
WE01,3000004283,,18330,0,,0,0,Y,0,0,0,0,
EA01,3000004283,,21600,0,,0,0,Y,0,0,0,0,
WE01,3000004284,,20136,0,,0,0,Y,0,0,0,0,
EA01,3000004284,,23760,0,,0,0,Y,0,0,0,0,
WE01,3000004285,,14652,0,,0,0,Y,0,0,0,0,
EA01,3000004285,,17280,0,,0,0,Y,0,0,0,0,
WE01,3000004262,,22286,0,,0,0,Y,0,0,0,0,
EA01,3000004262,,26290,0,,0,0,Y,0,0,0,0,
WE01,3000004263,,27387,0,,0,0,Y,0,0,0,0,
EA01,3000004263,,32310,0,,0,0,Y,0,0,0,0,
WE01,3000004264,,25385,0,,0,0,Y,0,0,0,0,
EA01,3000004264,,29950,0,,0,0,Y,0,0,0,0,
WE01,3000004346,,5400,0,,0,0,Y,0,0,0,0,
EA01,3000004346,,7200,0,,0,0,Y,0,0,0,0,
WE01,3000004348,,5610,0,,0,0,Y,0,0,0,0,
EA01,3000004348,,7500,0,,0,0,Y,0,0,0,0,
WE01,3000004349,,5610,0,,0,0,Y,0,0,0,0,
EA01,3000004349,,7500,0,,0,0,Y,0,0,0,0,
WE01,3000004350,,4260,0,,0,0,Y,0,0,0,0,
EA01,3000004350,,5700,0,,0,0,Y,0,0,0,0,
WE01,3000004351,,5152,0,,0,0,Y,0,0,0,0,
EA01,3000004351,,6880,0,,0,0,Y,0,0,0,0,
WE01,3000004352,,4672,0,,0,0,Y,0,0,0,0,
EA01,3000004352,,6240,0,,0,0,Y,0,0,0,0,
WE01,3000004353,,6012,0,,0,0,Y,0,0,0,0,
EA01,3000004353,,8040,0,,0,0,Y,0,0,0,0,
WE01,3000004354,,7461,0,,0,0,Y,0,0,0,0,
EA01,3000004354,,9990,0,,0,0,Y,0,0,0,0,
WE01,3000004418,,8073,0,,0,0,Y,0,0,0,0,
EA01,3000004418,,10800,0,,0,0,Y,0,0,0,0,
WE01,3000004419,,5985,0,,0,0,Y,0,0,0,0,
EA01,3000004419,,8010,0,,0,0,Y,0,0,0,0,
WE01,3000004287,,5454,0,,0,0,Y,0,0,0,0,
EA01,3000004287,,7290,0,,0,0,Y,0,0,0,0,
WE01,3000004288,,4986,0,,0,0,Y,0,0,0,0,
EA01,3000004288,,6660,0,,0,0,Y,0,0,0,0,
WE01,3000004289,,3297,0,,0,0,Y,0,0,0,0,
EA01,3000004289,,4410,0,,0,0,Y,0,0,0,0,
WE01,3000004290,,4350,0,,0,0,Y,0,0,0,0,
EA01,3000004290,,5820,0,,0,0,Y,0,0,0,0,
WE01,3000004291,,3564,0,,0,0,Y,0,0,0,0,
EA01,3000004291,,4770,0,,0,0,Y,0,0,0,0,
WE01,3000004319,,4710,0,,0,0,Y,0,0,0,0,
EA01,3000004319,,6300,0,,0,0,Y,0,0,0,0,
WE01,3000004320,,5160,0,,0,0,Y,0,0,0,0,
EA01,3000004320,,6900,0,,0,0,Y,0,0,0,0,
WE01,3000004321,,5568,0,,0,0,Y,0,0,0,0,
EA01,3000004321,,7440,0,,0,0,Y,0,0,0,0,
WE01,3000004322,,4842,0,,0,0,Y,0,0,0,0,
EA01,3000004322,,6480,0,,0,0,Y,0,0,0,0,
WE01,3000004323,,4242,0,,0,0,Y,0,0,0,0,
EA01,3000004323,,5670,0,,0,0,Y,0,0,0,0,
WE01,3000004345,,3906,0,,0,0,Y,0,0,0,0,
EA01,3000004345,,5220,0,,0,0,Y,0,0,0,0,
WE01,3000004347,,4774.5,0,,0,0,Y,0,0,0,0,
EA01,3000004347,,6390,0,,0,0,Y,0,0,0,0,
WE01,3000004297,,4035,0,,0,0,Y,0,0,0,0,
EA01,3000004297,,5400,0,,0,0,Y,0,0,0,0,
WE01,3000004298,,3890,0,,0,0,Y,0,0,0,0,
EA01,3000004298,,5200,0,,0,0,Y,0,0,0,0,
WE01,3000004299,,3250,0,,0,0,Y,0,0,0,0,
EA01,3000004299,,4350,0,,0,0,Y,0,0,0,0,
WE01,3000004300,,4392,0,,0,0,Y,0,0,0,0,
EA01,3000004300,,5880,0,,0,0,Y,0,0,0,0,
WE01,3000004301,,5379,0,,0,0,Y,0,0,0,0,
EA01,3000004301,,7200,0,,0,0,Y,0,0,0,0,
WE01,3000004292,,6588,0,,0,0,Y,0,0,0,0,
EA01,3000004292,,8820,0,,0,0,Y,0,0,0,0,
WE01,3000004293,,3697.5,0,,0,0,Y,0,0,0,0,
EA01,3000004293,,4950,0,,0,0,Y,0,0,0,0,
WE01,3000004294,,5202,0,,0,0,Y,0,0,0,0,
EA01,3000004294,,6960,0,,0,0,Y,0,0,0,0,
WE01,3000004295,,5796,0,,0,0,Y,0,0,0,0,
EA01,3000004295,,7760,0,,0,0,Y,0,0,0,0,
WE01,3000004296,,4750,0,,0,0,Y,0,0,0,0,
EA01,3000004296,,6360,0,,0,0,Y,0,0,0,0,
WE01,3000004420,,5887.5,0,,0,0,Y,0,0,0,0,
EA01,3000004420,,7875,0,,0,0,Y,0,0,0,0,
WE01,3000004421,,5642,0,,0,0,Y,0,0,0,0,
EA01,3000004421,,7540,0,,0,0,Y,0,0,0,0,
WE01,3000004422,,5124,0,,0,0,Y,0,0,0,0,
EA01,3000004422,,6860,0,,0,0,Y,0,0,0,0,
WE01,3000004423,,5874,0,,0,0,Y,0,0,0,0,
EA01,3000004423,,7860,0,,0,0,Y,0,0,0,0,
WE01,3000004424,,4725,0,,0,0,Y,0,0,0,0,
EA01,3000004424,,6300,0,,0,0,Y,0,0,0,0,
WE01,3000004425,,5256,0,,0,0,Y,0,0,0,0,
EA01,3000004425,,7020,0,,0,0,Y,0,0,0,0,
WE01,3000004426,,3006,0,,0,0,Y,0,0,0,0,
EA01,3000004426,,4020,0,,0,0,Y,0,0,0,0,
WE01,3000004427,,5610,0,,0,0,Y,0,0,0,0,
EA01,3000004427,,7500,0,,0,0,Y,0,0,0,0,
WE01,3000004428,,6456,0,,0,0,Y,0,0,0,0,
EA01,3000004428,,8640,0,,0,0,Y,0,0,0,0,
WE01,3000004429,,4302,0,,0,0,Y,0,0,0,0,
EA01,3000004429,,5760,0,,0,0,Y,0,0,0,0,
WE01,3000004302,,4686,0,,0,0,Y,0,0,0,0,
EA01,3000004302,,6270,0,,0,0,Y,0,0,0,0,
WE01,3000004303,,5580,0,,0,0,Y,0,0,0,0,
EA01,3000004303,,7470,0,,0,0,Y,0,0,0,0,
WE01,3000004304,,5755,0,,0,0,Y,0,0,0,0,
EA01,3000004304,,7700,0,,0,0,Y,0,0,0,0,
WE01,3000004305,,3750,0,,0,0,Y,0,0,0,0,
EA01,3000004305,,5020,0,,0,0,Y,0,0,0,0,
WE01,3000004306,,5886,0,,0,0,Y,0,0,0,0,
EA01,3000004306,,7880,0,,0,0,Y,0,0,0,0,
WE01,3000004311,,4816,0,,0,0,Y,0,0,0,0,
EA01,3000004311,,6440,0,,0,0,Y,0,0,0,0,
WE01,3000004312,,3769.5,0,,0,0,Y,0,0,0,0,
EA01,3000004312,,5040,0,,0,0,Y,0,0,0,0,
WE01,3000004313,,4780,0,,0,0,Y,0,0,0,0,
EA01,3000004313,,6400,0,,0,0,Y,0,0,0,0,
WE01,3000004314,,6280,0,,0,0,Y,0,0,0,0,
EA01,3000004314,,8400,0,,0,0,Y,0,0,0,0,
WE01,3000004315,,4842,0,,0,0,Y,0,0,0,0,
EA01,3000004315,,6480,0,,0,0,Y,0,0,0,0,
WE01,3000004316,,5455,0,,0,0,Y,0,0,0,0,
EA01,3000004316,,7300,0,,0,0,Y,0,0,0,0,
WE01,3000004317,,3884,0,,0,0,Y,0,0,0,0,
EA01,3000004317,,5200,0,,0,0,Y,0,0,0,0,
WE01,3000004318,,4422,0,,0,0,Y,0,0,0,0,
EA01,3000004318,,5920,0,,0,0,Y,0,0,0,0,
WE01,1000004041,,6720,0,,0,0,Y,0,0,0,0,
WE01,1000004042,,5280,0,,0,0,Y,0,0,0,0,
WE01,1000004043,,8736,0,,0,0,Y,0,0,0,0,
WE01,1000004044,,7440,0,,0,0,Y,0,0,0,0,
WE01,1000004045,,12480,0,,0,0,Y,0,0,0,0,
WE01,3000003303,,2106,0,,0,0,Y,0,0,0,0,
SO01,3000003303,,2415,0,,0,0,Y,0,0,0,0,
WE01,4000000487,,734,0,,0,0,Y,0,0,0,0,
WE01,3000003109,,2640,0,,0,0,Y,0,0,0,0,
WE01,3000004017,,2400,0,,0,0,Y,0,0,0,0,
NR01,3000004017,,2400,0,,0,0,Y,0,0,0,0,
EA01,3000004017,,3600,0,,0,0,Y,0,0,0,0,
WE01,3000004018,,3200,0,,0,0,Y,0,0,0,0,
NR01,3000004018,,3200,0,,0,0,Y,0,0,0,0,
EA01,3000004018,,4920,0,,0,0,Y,0,0,0,0,
WE01,3000004020,,3750,0,,0,0,Y,0,0,0,0,
NR01,3000004020,,3750,0,,0,0,Y,0,0,0,0,
EA01,3000004020,,5725,0,,0,0,Y,0,0,0,0,
WE01,3000004360,,3855,0,,0,0,Y,0,0,0,0,
EA01,3000004360,,5610,0,,0,0,Y,0,0,0,0,
WE01,3000004452,,5212.5,0,,0,0,Y,0,0,0,0,
EA01,3000004452,,7192.5,0,,0,0,Y,0,0,0,0,
WE01,3000004392,,7710,0,,0,0,Y,0,0,0,0,
WE01,3000004432,,6952.5,0,,0,0,Y,0,0,0,0,
EA01,3000004432,,9705,0,,0,0,Y,0,0,0,0,
WE01,3000004453,,10095,0,,0,0,Y,0,0,0,0,
EA01,3000004453,,14520,0,,0,0,Y,0,0,0,0,
WE01,3000004368,,4279.5,0,,0,0,Y,0,0,0,0,
EA01,3000004368,,8250,0,,0,0,Y,0,0,0,0,
EA01,3000004756,,2880,0,,0,0,Y,0,0,0,0,
NR01,3000004756,,2880,0,,0,0,Y,0,0,0,0,
SO01,3000004756,,2880,0,,0,0,Y,0,0,0,0,
WE01,3000004756,,2880,0,,0,0,Y,0,0,0,0,
EA01,3000004757,,4320,0,,0,0,Y,0,0,0,0,
NR01,3000004757,,4320,0,,0,0,Y,0,0,0,0,
SO01,3000004757,,4320,0,,0,0,Y,0,0,0,0,
WE01,3000004757,,4320,0,,0,0,Y,0,0,0,0,
EA01,3000004758,,4200,0,,0,0,Y,0,0,0,0,
NR01,3000004758,,4200,0,,0,0,Y,0,0,0,0,
SO01,3000004758,,4200,0,,0,0,Y,0,0,0,0,
WE01,3000004758,,4200,0,,0,0,Y,0,0,0,0,
EA01,3000004759,,4080,0,,0,0,Y,0,0,0,0,
NR01,3000004759,,4080,0,,0,0,Y,0,0,0,0,
SO01,3000004759,,4080,0,,0,0,Y,0,0,0,0,
WE01,3000004759,,4080,0,,0,0,Y,0,0,0,0,
EA01,3000004063,,240,0,,0,0,Y,0,0,0,0,
SO01,3000004063,,240,0,,0,0,Y,0,0,0,0,
WE01,3000004063,,207,0,,0,0,Y,0,0,0,0,
NR01,3000004063,,207,0,,0,0,Y,0,0,0,0,
SO01,3000004055,,807.5,0,,0,0,Y,0,0,0,0,
SO01,3000004056,,570,0,,0,0,Y,0,0,0,0,
SO01,3000004062,,3625,0,,0,0,Y,0,0,0,0,
SO01,3000004065,,5812.5,0,,0,0,Y,0,0,0,0,
SO01,3000004194,,1455,0,,0,0,Y,0,0,0,0,
SO01,3000004250,,557.5,0,,0,0,Y,0,0,0,0,
SO01,3000004251,,5000,0,,0,0,Y,0,0,0,0,
SO01,3000004336,,7000.02,0,,0,0,Y,0,0,0,0,
SO01,3000004367,,5040,0,,0,0,Y,0,0,0,0,
SO01,3000002854,,6525,0,,0,0,Y,0,0,0,0,
SO01,3000002855,,8100,0,,0,0,Y,0,0,0,0,
SO01,3000003329,,7050,0,,0,0,Y,0,0,0,0,
SO01,3000003331,,5625,0,,0,0,Y,0,0,0,0,
SO01,3000003411,,17163,0,,0,0,Y,0,0,0,0,
SO01,3000003690,,4312.5,0,,0,0,Y,0,0,0,0,
SO01,3000003691,,5347.5,0,,0,0,Y,0,0,0,0,
SO01,3000003732,,4384.5,0,,0,0,Y,0,0,0,0,
SO01,3000003846,,4750,0,,0,0,Y,0,0,0,0,
SO01,3000003847,,355,0,,0,0,Y,0,0,0,0,
SO01,3000003848,,405,0,,0,0,Y,0,0,0,0,
SO01,3000003849,,1160,0,,0,0,Y,0,0,0,0,
SO01,3000003888,,3303,0,,0,0,Y,0,0,0,0,
SO01,3000003889,,969,0,,0,0,Y,0,0,0,0,
SO01,3000003892,,2271,0,,0,0,Y,0,0,0,0,
SO01,3000003893,,4263,0,,0,0,Y,0,0,0,0,
SO01,3000003894,,5475,0,,0,0,Y,0,0,0,0,
SO01,3000004068,,1950,0,,0,0,Y,0,0,0,0,
SO01,3000004069,,4350,0,,0,0,Y,0,0,0,0,
SO01,3000004126,,2375,0,,0,0,Y,0,0,0,0,
SO01,3000004191,,1500,0,,0,0,Y,0,0,0,0,
SO01,3000004192,,2130,0,,0,0,Y,0,0,0,0,
SO01,3000003928,,6270,0,,0,0,Y,0,0,0,0,
SO01,3000003929,,3540,0,,0,0,Y,0,0,0,0,
SO01,3000003933,,946.67,0,,0,0,Y,0,0,0,0,
SO01,3000004050,,2526.67,0,,0,0,Y,0,0,0,0,
SO01,3000003932,,1073.33,0,,0,0,Y,0,0,0,0,
SO01,3000004066,,2850,0,,0,0,Y,0,0,0,0,
EA01,3000004066,,2850,0,,0,0,Y,0,0,0,0,
SO01,3000004072,,6975,0,,0,0,Y,0,0,0,0,
SO01,3000004176,,8400,0,,0,0,Y,0,0,0,0,
SO01,3000004393,,2910,0,,0,0,Y,0,0,0,0,
SO01,3000004437,,875,0,,0,0,Y,0,0,0,0,
SO01,3000004438,,7150,0,,0,0,Y,0,0,0,0,
SO01,3000004449,,951,0,,0,0,Y,0,0,0,0,
EA01,3000004449,,951,0,,0,0,Y,0,0,0,0,
WE01,3000004449,,951,0,,0,0,Y,0,0,0,0,
NR01,3000004449,,951,0,,0,0,Y,0,0,0,0,
SO01,3000004450,,951,0,,0,0,Y,0,0,0,0,
EA01,3000004450,,951,0,,0,0,Y,0,0,0,0,
WE01,3000004450,,951,0,,0,0,Y,0,0,0,0,
NR01,3000004450,,951,0,,0,0,Y,0,0,0,0,
SO01,3000003332,,4305,0,,0,0,Y,0,0,0,0,
SO01,3000004570,,2454,0,,0,0,Y,0,0,0,0,
SO01,3000002588,,1226,0,,0,0,Y,0,0,0,0,
SO01,3000002589,,1158,0,,0,0,Y,0,0,0,0,
SO01,3000004558,,1456,0,,0,0,Y,0,0,0,0,
SO01,3000004560,,2134,0,,0,0,Y,0,0,0,0,
SO01,3000004562,,816,0,,0,0,Y,0,0,0,0,
SO01,3000004563,,866,0,,0,0,Y,0,0,0,0,
SO01,3000004561,,2234,0,,0,0,Y,0,0,0,0,
SO01,3000004580,,139.5,0,,0,0,Y,0,0,0,0,
SO01,3000004591,,4245,0,,0,0,Y,0,0,0,0,
EA01,3000004591,,4245,0,,0,0,Y,0,0,0,0,
SO01,3000004682,,47,0,,0,0,Y,0,0,0,0,
EA01,3000004682,,47,0,,0,0,Y,0,0,0,0,
WE01,3000004682,,47,0,,0,0,Y,0,0,0,0,
NR01,3000004682,,47,0,,0,0,Y,0,0,0,0,
SO01,3000004634,,52,0,,0,0,Y,0,0,0,0,
EA01,3000004634,,52,0,,0,0,Y,0,0,0,0,
WE01,3000004634,,52,0,,0,0,Y,0,0,0,0,
NR01,3000004634,,52,0,,0,0,Y,0,0,0,0,
SO01,3000004683,,63,0,,0,0,Y,0,0,0,0,
EA01,3000004683,,63,0,,0,0,Y,0,0,0,0,
WE01,3000004683,,63,0,,0,0,Y,0,0,0,0,
NR01,3000004683,,63,0,,0,0,Y,0,0,0,0,
SO01,3000004589,,2172,0,,0,0,Y,0,0,0,0,
EA01,3000004589,,2172,0,,0,0,Y,0,0,0,0,
WE01,3000004589,,1968,0,,0,0,Y,0,0,0,0,
SO01,3000002363,,648,0,,0,0,Y,0,0,0,0,
EA01,3000002363,,648,0,,0,0,Y,0,0,0,0,
SO01,3000003912,,1136,0,,0,0,Y,0,0,0,0,
SO01,3000004057,,156,0,,0,0,Y,0,0,0,0,
SO01,3000004588,,1537.5,0,,0,0,Y,0,0,0,0,
EA01,3000004588,,1537.5,0,,0,0,Y,0,0,0,0,
SO01,3000004590,,3042,0,,0,0,Y,0,0,0,0,
WE01,3000004590,,2637,0,,0,0,Y,0,0,0,0,
EA01,3000004590,,3042,0,,0,0,Y,0,0,0,0,
SO01,3000004592,,5515.5,0,,0,0,Y,0,0,0,0,
EA01,3000004592,,5515.5,0,,0,0,Y,0,0,0,0,
WE01,3000004592,,4824,0,,0,0,Y,0,0,0,0,
SO01,3000001184,,577.5,0,,0,0,Y,0,0,0,0,
SO01,4000000369,,486,0,,0,0,Y,0,0,0,0,
SO01,4000000347,,672,0,,0,0,Y,0,0,0,0,
SO01,4000000348,,1516,0,,0,0,Y,0,0,0,0,
SO01,4000000349,,644,0,,0,0,Y,0,0,0,0,
SO01,3000004600,,8100,0,,0,0,Y,0,0,0,0,
EA01,3000004754,,1160,0,,0,0,Y,0,0,0,0,
NR01,3000004712,,2450,0,,0,0,Y,0,0,0,0,
WE01,3000004712,,2450,0,,0,0,Y,0,0,0,0,
NR01,3000004128,,638.41,0,,0,0,Y,0,0,0,0,
NR01,3000004132,,923.17,0,,0,0,Y,0,0,0,0,
NR01,3000004127,,481.71,0,,0,0,Y,0,0,0,0,
NR01,3000004713,,2450,0,,0,0,Y,0,0,0,0,
WE01,3000004713,,2450,0,,0,0,Y,0,0,0,0,
WE01,3000003750,,2661,0,,0,0,Y,0,0,0,0,
EA01,3000004690,,2700,0,,0,0,Y,0,0,0,0,
NR01,3000004716,,2660,0,,0,0,Y,0,0,0,0,
WE01,3000004716,,2660,0,,0,0,Y,0,0,0,0,
SO01,3000004836,,765,0,,0,0,Y,0,0,0,0,
EA01,3000004584,,5640,0,,0,0,Y,0,0,0,0,
EA01,3000004587,,847.5,0,,0,0,Y,0,0,0,0,
EA01,3000004960,,13200,0,,0,0,Y,0,0,0,0,
EA01,3000004962,,10200,0,,0,0,Y,0,0,0,0,
EA01,3000004961,,8280,0,,0,0,Y,0,0,0,0,
EA01,3000004963,,6540,0,,0,0,Y,0,0,0,0,
EA01,3000004585,,847.5,0,,0,0,Y,0,0,0,0,
EA01,3000004964,,847.5,0,,0,0,Y,0,0,0,0,
EA01,3000004968,,3210,0,,0,0,Y,0,0,0,0,
WE01,3000004940,,1665,0,,0,0,Y,0,0,0,0,
WE01,3000004465,,8559,0,,0,0,Y,0,0,0,0,
EA01,3000004370,,855,0,,0,0,Y,0,0,0,0,
EA01,3000004991,,3616.5,0,,0,0,Y,0,0,0,0,
EA01,3000004710,,4095,0,,0,0,Y,0,0,0,0,
NR01,3000004710,,2345,0,,0,0,Y,0,0,0,0,
SO01,3000004710,,4095,0,,0,0,Y,0,0,0,0,
WE01,3000004710,,2345,0,,0,0,Y,0,0,0,0,
EA01,3000004714,,4095,0,,0,0,Y,0,0,0,0,
NR01,3000004714,,2607.5,0,,0,0,Y,0,0,0,0,
SO01,3000004714,,4095,0,,0,0,Y,0,0,0,0,
WE01,3000004714,,2607.5,0,,0,0,Y,0,0,0,0,
NR01,3000005009,,1550,0,,0,0,Y,0,0,0,0,
EA01,3000005009,,1550,0,,0,0,Y,0,0,0,0,
WE01,3000005009,,1550,0,,0,0,Y,0,0,0,0,
SO01,3000005009,,1550,0,,0,0,Y,0,0,0,0,
NR01,3000005010,,2325,0,,0,0,Y,0,0,0,0,
EA01,3000005010,,2325,0,,0,0,Y,0,0,0,0,
WE01,3000005010,,2325,0,,0,0,Y,0,0,0,0,
SO01,3000005010,,2325,0,,0,0,Y,0,0,0,0,
NR01,3000005011,,3100,0,,0,0,Y,0,0,0,0,
EA01,3000005011,,3100,0,,0,0,Y,0,0,0,0,
WE01,3000005011,,3100,0,,0,0,Y,0,0,0,0,
SO01,3000005011,,3100,0,,0,0,Y,0,0,0,0,
NR01,3000005012,,4650,0,,0,0,Y,0,0,0,0,
EA01,3000005012,,4650,0,,0,0,Y,0,0,0,0,
WE01,3000005012,,4650,0,,0,0,Y,0,0,0,0,
SO01,3000005012,,4650,0,,0,0,Y,0,0,0,0,
NR01,3000005013,,6200,0,,0,0,Y,0,0,0,0,
EA01,3000005013,,6200,0,,0,0,Y,0,0,0,0,
WE01,3000005013,,6200,0,,0,0,Y,0,0,0,0,
SO01,3000005013,,6200,0,,0,0,Y,0,0,0,0,
NR01,3000005014,,1550,0,,0,0,Y,0,0,0,0,
EA01,3000005014,,1550,0,,0,0,Y,0,0,0,0,
WE01,3000005014,,1550,0,,0,0,Y,0,0,0,0,
SO01,3000005014,,1550,0,,0,0,Y,0,0,0,0,
NR01,3000005015,,2325,0,,0,0,Y,0,0,0,0,
EA01,3000005015,,2325,0,,0,0,Y,0,0,0,0,
WE01,3000005015,,2325,0,,0,0,Y,0,0,0,0,
SO01,3000005015,,2325,0,,0,0,Y,0,0,0,0,
NR01,3000005016,,3100,0,,0,0,Y,0,0,0,0,
EA01,3000005016,,3100,0,,0,0,Y,0,0,0,0,
WE01,3000005016,,3100,0,,0,0,Y,0,0,0,0,
SO01,3000005016,,3100,0,,0,0,Y,0,0,0,0,
NR01,3000005017,,4650,0,,0,0,Y,0,0,0,0,
EA01,3000005017,,4650,0,,0,0,Y,0,0,0,0,
WE01,3000005017,,4650,0,,0,0,Y,0,0,0,0,
SO01,3000005017,,4650,0,,0,0,Y,0,0,0,0,
NR01,3000005018,,6200,0,,0,0,Y,0,0,0,0,
EA01,3000005018,,6200,0,,0,0,Y,0,0,0,0,
WE01,3000005018,,6200,0,,0,0,Y,0,0,0,0,
SO01,3000005018,,6200,0,,0,0,Y,0,0,0,0,
NR01,3000005019,,1550,0,,0,0,Y,0,0,0,0,
EA01,3000005019,,1550,0,,0,0,Y,0,0,0,0,
WE01,3000005019,,1550,0,,0,0,Y,0,0,0,0,
SO01,3000005019,,1550,0,,0,0,Y,0,0,0,0,
NR01,3000005022,,2325,0,,0,0,Y,0,0,0,0,
EA01,3000005022,,2325,0,,0,0,Y,0,0,0,0,
WE01,3000005022,,2325,0,,0,0,Y,0,0,0,0,
SO01,3000005022,,2325,0,,0,0,Y,0,0,0,0,
NR01,3000005023,,3100,0,,0,0,Y,0,0,0,0,
EA01,3000005023,,3100,0,,0,0,Y,0,0,0,0,
WE01,3000005023,,3100,0,,0,0,Y,0,0,0,0,
SO01,3000005023,,3100,0,,0,0,Y,0,0,0,0,
NR01,3000005024,,4650,0,,0,0,Y,0,0,0,0,
EA01,3000005024,,4650,0,,0,0,Y,0,0,0,0,
WE01,3000005024,,4650,0,,0,0,Y,0,0,0,0,
SO01,3000005024,,4650,0,,0,0,Y,0,0,0,0,
NR01,3000005025,,6200,0,,0,0,Y,0,0,0,0,
EA01,3000005025,,6200,0,,0,0,Y,0,0,0,0,
WE01,3000005025,,6200,0,,0,0,Y,0,0,0,0,
SO01,3000005025,,6200,0,,0,0,Y,0,0,0,0,
NR01,3000005036,,1850,0,,0,0,Y,0,0,0,0,
EA01,3000005036,,1850,0,,0,0,Y,0,0,0,0,
WE01,3000005036,,1850,0,,0,0,Y,0,0,0,0,
SO01,3000005036,,1850,0,,0,0,Y,0,0,0,0,
NR01,3000005037,,2775,0,,0,0,Y,0,0,0,0,
EA01,3000005037,,2775,0,,0,0,Y,0,0,0,0,
WE01,3000005037,,2775,0,,0,0,Y,0,0,0,0,
SO01,3000005037,,2775,0,,0,0,Y,0,0,0,0,
NR01,3000005038,,3700,0,,0,0,Y,0,0,0,0,
EA01,3000005038,,3700,0,,0,0,Y,0,0,0,0,
WE01,3000005038,,3700,0,,0,0,Y,0,0,0,0,
SO01,3000005038,,3700,0,,0,0,Y,0,0,0,0,
NR01,3000005039,,5550,0,,0,0,Y,0,0,0,0,
EA01,3000005039,,5550,0,,0,0,Y,0,0,0,0,
WE01,3000005039,,5550,0,,0,0,Y,0,0,0,0,
SO01,3000005039,,5550,0,,0,0,Y,0,0,0,0,
NR01,3000005040,,7400,0,,0,0,Y,0,0,0,0,
EA01,3000005040,,7400,0,,0,0,Y,0,0,0,0,
WE01,3000005040,,7400,0,,0,0,Y,0,0,0,0,
SO01,3000005040,,7400,0,,0,0,Y,0,0,0,0,
NR01,3000005056,,2050,0,,0,0,Y,0,0,0,0,
EA01,3000005056,,2050,0,,0,0,Y,0,0,0,0,
WE01,3000005056,,2050,0,,0,0,Y,0,0,0,0,
SO01,3000005056,,2050,0,,0,0,Y,0,0,0,0,
NR01,3000005057,,3075,0,,0,0,Y,0,0,0,0,
EA01,3000005057,,3075,0,,0,0,Y,0,0,0,0,
WE01,3000005057,,3075,0,,0,0,Y,0,0,0,0,
SO01,3000005057,,3075,0,,0,0,Y,0,0,0,0,
NR01,3000005058,,4100,0,,0,0,Y,0,0,0,0,
EA01,3000005058,,4100,0,,0,0,Y,0,0,0,0,
WE01,3000005058,,4100,0,,0,0,Y,0,0,0,0,
SO01,3000005058,,4100,0,,0,0,Y,0,0,0,0,
NR01,3000005059,,6150,0,,0,0,Y,0,0,0,0,
EA01,3000005059,,6150,0,,0,0,Y,0,0,0,0,
WE01,3000005059,,6150,0,,0,0,Y,0,0,0,0,
SO01,3000005059,,6150,0,,0,0,Y,0,0,0,0,
NR01,3000005060,,8200,0,,0,0,Y,0,0,0,0,
EA01,3000005060,,8200,0,,0,0,Y,0,0,0,0,
WE01,3000005060,,8200,0,,0,0,Y,0,0,0,0,
SO01,3000005060,,8200,0,,0,0,Y,0,0,0,0,
EA01,3000002371,,2526,0,,0,0,Y,0,0,0,0,
EA01,3000002352,,1136,0,,0,0,Y,0,0,0,0,
WE01,1000003405,,19500,0,,0,0,Y,0,0,0,0,
WE01,1000003406,,15000,0,,0,0,Y,0,0,0,0,
WE01,1000003407,,10500,0,,0,0,Y,0,0,0,0,
WE01,1000003408,,11250,0,,0,0,Y,0,0,0,0,
EA01,3000004595,,1695,0,,0,0,Y,0,0,0,0,
SO01,3000004595,,1695,0,,0,0,Y,0,0,0,0,
NR01,3000004595,,1320,0,,0,0,Y,0,0,0,0,
WE01,3000004595,,1320,0,,0,0,Y,0,0,0,0,
WE01,3000004464,,3680,0,,0,0,Y,0,0,0,0,
EA01,3000004435,,304,0,,0,0,Y,0,0,0,0,
WE01,3000004435,,304,0,,0,0,Y,0,0,0,0,
NR01,3000004435,,304,0,,0,0,Y,0,0,0,0,
SO01,3000004435,,304,0,,0,0,Y,0,0,0,0,
EA01,3000004440,,304,0,,0,0,Y,0,0,0,0,
WE01,3000004440,,304,0,,0,0,Y,0,0,0,0,
NR01,3000004440,,304,0,,0,0,Y,0,0,0,0,
SO01,3000004440,,304,0,,0,0,Y,0,0,0,0,
EA01,3000004441,,386,0,,0,0,Y,0,0,0,0,
WE01,3000004441,,386,0,,0,0,Y,0,0,0,0,
NR01,3000004441,,386,0,,0,0,Y,0,0,0,0,
SO01,3000004441,,386,0,,0,0,Y,0,0,0,0,
EA01,3000004442,,386,0,,0,0,Y,0,0,0,0,
WE01,3000004442,,386,0,,0,0,Y,0,0,0,0,
NR01,3000004442,,386,0,,0,0,Y,0,0,0,0,
SO01,3000004442,,386,0,,0,0,Y,0,0,0,0,
EA01,3000004443,,454,0,,0,0,Y,0,0,0,0,
WE01,3000004443,,454,0,,0,0,Y,0,0,0,0,
NR01,3000004443,,454,0,,0,0,Y,0,0,0,0,
SO01,3000004443,,454,0,,0,0,Y,0,0,0,0,
EA01,3000004444,,454,0,,0,0,Y,0,0,0,0,
WE01,3000004444,,454,0,,0,0,Y,0,0,0,0,
NR01,3000004444,,454,0,,0,0,Y,0,0,0,0,
SO01,3000004444,,454,0,,0,0,Y,0,0,0,0,
EA01,3000004445,,577,0,,0,0,Y,0,0,0,0,
WE01,3000004445,,577,0,,0,0,Y,0,0,0,0,
NR01,3000004445,,577,0,,0,0,Y,0,0,0,0,
SO01,3000004445,,577,0,,0,0,Y,0,0,0,0,
EA01,3000004446,,577,0,,0,0,Y,0,0,0,0,
WE01,3000004446,,577,0,,0,0,Y,0,0,0,0,
NR01,3000004446,,577,0,,0,0,Y,0,0,0,0,
SO01,3000004446,,577,0,,0,0,Y,0,0,0,0,
EA01,3000004447,,728,0,,0,0,Y,0,0,0,0,
WE01,3000004447,,728,0,,0,0,Y,0,0,0,0,
NR01,3000004447,,728,0,,0,0,Y,0,0,0,0,
SO01,3000004447,,728,0,,0,0,Y,0,0,0,0,
EA01,3000004448,,728,0,,0,0,Y,0,0,0,0,
WE01,3000004448,,728,0,,0,0,Y,0,0,0,0,
NR01,3000004448,,728,0,,0,0,Y,0,0,0,0,
SO01,3000004448,,728,0,,0,0,Y,0,0,0,0,
EA01,3000004631,,29,0,,0,0,Y,0,0,0,0,
WE01,3000004631,,29,0,,0,0,Y,0,0,0,0,
NR01,3000004631,,29,0,,0,0,Y,0,0,0,0,
SO01,3000004631,,29,0,,0,0,Y,0,0,0,0,
EA01,3000004632,,37,0,,0,0,Y,0,0,0,0,
WE01,3000004632,,37,0,,0,0,Y,0,0,0,0,
NR01,3000004632,,37,0,,0,0,Y,0,0,0,0,
SO01,3000004632,,37,0,,0,0,Y,0,0,0,0,
EA01,3000004633,,47,0,,0,0,Y,0,0,0,0,
WE01,3000004633,,47,0,,0,0,Y,0,0,0,0,
NR01,3000004633,,47,0,,0,0,Y,0,0,0,0,
SO01,3000004633,,47,0,,0,0,Y,0,0,0,0,
EA01,3000004635,,61,0,,0,0,Y,0,0,0,0,
WE01,3000004635,,61,0,,0,0,Y,0,0,0,0,
NR01,3000004635,,61,0,,0,0,Y,0,0,0,0,
SO01,3000004635,,61,0,,0,0,Y,0,0,0,0,
EA01,3000004636,,75,0,,0,0,Y,0,0,0,0,
WE01,3000004636,,75,0,,0,0,Y,0,0,0,0,
NR01,3000004636,,75,0,,0,0,Y,0,0,0,0,
SO01,3000004636,,75,0,,0,0,Y,0,0,0,0,
EA01,3000004637,,66,0,,0,0,Y,0,0,0,0,
WE01,3000004637,,66,0,,0,0,Y,0,0,0,0,
NR01,3000004637,,66,0,,0,0,Y,0,0,0,0,
SO01,3000004637,,66,0,,0,0,Y,0,0,0,0,
EA01,3000004638,,78,0,,0,0,Y,0,0,0,0,
WE01,3000004638,,78,0,,0,0,Y,0,0,0,0,
NR01,3000004638,,78,0,,0,0,Y,0,0,0,0,
SO01,3000004638,,78,0,,0,0,Y,0,0,0,0,
EA01,3000004639,,122,0,,0,0,Y,0,0,0,0,
WE01,3000004639,,122,0,,0,0,Y,0,0,0,0,
NR01,3000004639,,122,0,,0,0,Y,0,0,0,0,
SO01,3000004639,,122,0,,0,0,Y,0,0,0,0,
EA01,3000004640,,177,0,,0,0,Y,0,0,0,0,
WE01,3000004640,,177,0,,0,0,Y,0,0,0,0,
NR01,3000004640,,177,0,,0,0,Y,0,0,0,0,
SO01,3000004640,,177,0,,0,0,Y,0,0,0,0,
EA01,3000004641,,125,0,,0,0,Y,0,0,0,0,
WE01,3000004641,,125,0,,0,0,Y,0,0,0,0,
NR01,3000004641,,125,0,,0,0,Y,0,0,0,0,
SO01,3000004641,,125,0,,0,0,Y,0,0,0,0,
EA01,3000004642,,161,0,,0,0,Y,0,0,0,0,
WE01,3000004642,,161,0,,0,0,Y,0,0,0,0,
NR01,3000004642,,161,0,,0,0,Y,0,0,0,0,
SO01,3000004642,,161,0,,0,0,Y,0,0,0,0,
EA01,3000004643,,193,0,,0,0,Y,0,0,0,0,
WE01,3000004643,,193,0,,0,0,Y,0,0,0,0,
NR01,3000004643,,193,0,,0,0,Y,0,0,0,0,
SO01,3000004643,,193,0,,0,0,Y,0,0,0,0,
EA01,3000004644,,178,0,,0,0,Y,0,0,0,0,
WE01,3000004644,,178,0,,0,0,Y,0,0,0,0,
NR01,3000004644,,178,0,,0,0,Y,0,0,0,0,
SO01,3000004644,,178,0,,0,0,Y,0,0,0,0,
EA01,3000004645,,178,0,,0,0,Y,0,0,0,0,
WE01,3000004645,,178,0,,0,0,Y,0,0,0,0,
NR01,3000004645,,178,0,,0,0,Y,0,0,0,0,
SO01,3000004645,,178,0,,0,0,Y,0,0,0,0,
EA01,3000004646,,225,0,,0,0,Y,0,0,0,0,
WE01,3000004646,,225,0,,0,0,Y,0,0,0,0,
NR01,3000004646,,225,0,,0,0,Y,0,0,0,0,
SO01,3000004646,,225,0,,0,0,Y,0,0,0,0,
EA01,3000004647,,225,0,,0,0,Y,0,0,0,0,
WE01,3000004647,,225,0,,0,0,Y,0,0,0,0,
NR01,3000004647,,225,0,,0,0,Y,0,0,0,0,
SO01,3000004647,,225,0,,0,0,Y,0,0,0,0,
EA01,3000004648,,274,0,,0,0,Y,0,0,0,0,
WE01,3000004648,,274,0,,0,0,Y,0,0,0,0,
NR01,3000004648,,274,0,,0,0,Y,0,0,0,0,
SO01,3000004648,,274,0,,0,0,Y,0,0,0,0,
EA01,3000004650,,253,0,,0,0,Y,0,0,0,0,
WE01,3000004650,,253,0,,0,0,Y,0,0,0,0,
NR01,3000004650,,253,0,,0,0,Y,0,0,0,0,
SO01,3000004650,,253,0,,0,0,Y,0,0,0,0,
EA01,3000004651,,253,0,,0,0,Y,0,0,0,0,
WE01,3000004651,,253,0,,0,0,Y,0,0,0,0,
NR01,3000004651,,253,0,,0,0,Y,0,0,0,0,
SO01,3000004651,,253,0,,0,0,Y,0,0,0,0,
EA01,3000004652,,323,0,,0,0,Y,0,0,0,0,
WE01,3000004652,,323,0,,0,0,Y,0,0,0,0,
NR01,3000004652,,323,0,,0,0,Y,0,0,0,0,
SO01,3000004652,,323,0,,0,0,Y,0,0,0,0,
EA01,3000004653,,323,0,,0,0,Y,0,0,0,0,
WE01,3000004653,,323,0,,0,0,Y,0,0,0,0,
NR01,3000004653,,323,0,,0,0,Y,0,0,0,0,
SO01,3000004653,,323,0,,0,0,Y,0,0,0,0,
EA01,3000004654,,393,0,,0,0,Y,0,0,0,0,
WE01,3000004654,,393,0,,0,0,Y,0,0,0,0,
NR01,3000004654,,393,0,,0,0,Y,0,0,0,0,
SO01,3000004654,,393,0,,0,0,Y,0,0,0,0,
EA01,3000004655,,393,0,,0,0,Y,0,0,0,0,
WE01,3000004655,,393,0,,0,0,Y,0,0,0,0,
NR01,3000004655,,393,0,,0,0,Y,0,0,0,0,
SO01,3000004655,,393,0,,0,0,Y,0,0,0,0,
EA01,3000004656,,370,0,,0,0,Y,0,0,0,0,
WE01,3000004656,,370,0,,0,0,Y,0,0,0,0,
NR01,3000004656,,370,0,,0,0,Y,0,0,0,0,
SO01,3000004656,,370,0,,0,0,Y,0,0,0,0,
EA01,3000004657,,370,0,,0,0,Y,0,0,0,0,
WE01,3000004657,,370,0,,0,0,Y,0,0,0,0,
NR01,3000004657,,370,0,,0,0,Y,0,0,0,0,
SO01,3000004657,,370,0,,0,0,Y,0,0,0,0,
EA01,3000004658,,480,0,,0,0,Y,0,0,0,0,
WE01,3000004658,,480,0,,0,0,Y,0,0,0,0,
NR01,3000004658,,480,0,,0,0,Y,0,0,0,0,
SO01,3000004658,,480,0,,0,0,Y,0,0,0,0,
EA01,3000004659,,480,0,,0,0,Y,0,0,0,0,
WE01,3000004659,,480,0,,0,0,Y,0,0,0,0,
NR01,3000004659,,480,0,,0,0,Y,0,0,0,0,
SO01,3000004659,,480,0,,0,0,Y,0,0,0,0,
EA01,3000004660,,580,0,,0,0,Y,0,0,0,0,
WE01,3000004660,,580,0,,0,0,Y,0,0,0,0,
NR01,3000004660,,580,0,,0,0,Y,0,0,0,0,
SO01,3000004660,,580,0,,0,0,Y,0,0,0,0,
EA01,3000004661,,605,0,,0,0,Y,0,0,0,0,
WE01,3000004661,,605,0,,0,0,Y,0,0,0,0,
NR01,3000004661,,605,0,,0,0,Y,0,0,0,0,
SO01,3000004661,,605,0,,0,0,Y,0,0,0,0,
EA01,3000004662,,605,0,,0,0,Y,0,0,0,0,
WE01,3000004662,,605,0,,0,0,Y,0,0,0,0,
NR01,3000004662,,605,0,,0,0,Y,0,0,0,0,
SO01,3000004662,,605,0,,0,0,Y,0,0,0,0,
EA01,3000004663,,775,0,,0,0,Y,0,0,0,0,
WE01,3000004663,,775,0,,0,0,Y,0,0,0,0,
NR01,3000004663,,775,0,,0,0,Y,0,0,0,0,
SO01,3000004663,,775,0,,0,0,Y,0,0,0,0,
EA01,3000004664,,775,0,,0,0,Y,0,0,0,0,
WE01,3000004664,,775,0,,0,0,Y,0,0,0,0,
NR01,3000004664,,775,0,,0,0,Y,0,0,0,0,
SO01,3000004664,,775,0,,0,0,Y,0,0,0,0,
EA01,3000004665,,935,0,,0,0,Y,0,0,0,0,
WE01,3000004665,,935,0,,0,0,Y,0,0,0,0,
NR01,3000004665,,935,0,,0,0,Y,0,0,0,0,
SO01,3000004665,,935,0,,0,0,Y,0,0,0,0,
EA01,3000004666,,935,0,,0,0,Y,0,0,0,0,
WE01,3000004666,,935,0,,0,0,Y,0,0,0,0,
NR01,3000004666,,935,0,,0,0,Y,0,0,0,0,
SO01,3000004666,,935,0,,0,0,Y,0,0,0,0,
EA01,3000004667,,785,0,,0,0,Y,0,0,0,0,
WE01,3000004667,,785,0,,0,0,Y,0,0,0,0,
NR01,3000004667,,785,0,,0,0,Y,0,0,0,0,
SO01,3000004667,,785,0,,0,0,Y,0,0,0,0,
EA01,3000004668,,785,0,,0,0,Y,0,0,0,0,
WE01,3000004668,,785,0,,0,0,Y,0,0,0,0,
NR01,3000004668,,785,0,,0,0,Y,0,0,0,0,
SO01,3000004668,,785,0,,0,0,Y,0,0,0,0,
EA01,3000004669,,1000,0,,0,0,Y,0,0,0,0,
WE01,3000004669,,1000,0,,0,0,Y,0,0,0,0,
NR01,3000004669,,1000,0,,0,0,Y,0,0,0,0,
SO01,3000004669,,1000,0,,0,0,Y,0,0,0,0,
EA01,3000004670,,1000,0,,0,0,Y,0,0,0,0,
WE01,3000004670,,1000,0,,0,0,Y,0,0,0,0,
NR01,3000004670,,1000,0,,0,0,Y,0,0,0,0,
SO01,3000004670,,1000,0,,0,0,Y,0,0,0,0,
EA01,3000004671,,1220,0,,0,0,Y,0,0,0,0,
WE01,3000004671,,1220,0,,0,0,Y,0,0,0,0,
NR01,3000004671,,1220,0,,0,0,Y,0,0,0,0,
SO01,3000004671,,1220,0,,0,0,Y,0,0,0,0,
EA01,3000004672,,1220,0,,0,0,Y,0,0,0,0,
WE01,3000004672,,1220,0,,0,0,Y,0,0,0,0,
NR01,3000004672,,1220,0,,0,0,Y,0,0,0,0,
SO01,3000004672,,1220,0,,0,0,Y,0,0,0,0,
EA01,3000004673,,1225,0,,0,0,Y,0,0,0,0,
WE01,3000004673,,1225,0,,0,0,Y,0,0,0,0,
NR01,3000004673,,1225,0,,0,0,Y,0,0,0,0,
SO01,3000004673,,1225,0,,0,0,Y,0,0,0,0,
EA01,3000004674,,1225,0,,0,0,Y,0,0,0,0,
WE01,3000004674,,1225,0,,0,0,Y,0,0,0,0,
NR01,3000004674,,1225,0,,0,0,Y,0,0,0,0,
SO01,3000004674,,1225,0,,0,0,Y,0,0,0,0,
EA01,3000004675,,1575,0,,0,0,Y,0,0,0,0,
WE01,3000004675,,1575,0,,0,0,Y,0,0,0,0,
NR01,3000004675,,1575,0,,0,0,Y,0,0,0,0,
SO01,3000004675,,1575,0,,0,0,Y,0,0,0,0,
EA01,3000004676,,1575,0,,0,0,Y,0,0,0,0,
WE01,3000004676,,1575,0,,0,0,Y,0,0,0,0,
NR01,3000004676,,1575,0,,0,0,Y,0,0,0,0,
SO01,3000004676,,1575,0,,0,0,Y,0,0,0,0,
EA01,3000004733,,0,0,,0,0,Y,0,0,0,0,
WE01,3000004733,,0,0,,0,0,Y,0,0,0,0,
NR01,3000004733,,0,0,,0,0,Y,0,0,0,0,
SO01,3000004733,,0,0,,0,0,Y,0,0,0,0,
EA01,3000004734,,4151,0,,0,0,Y,0,0,0,0,
WE01,3000004734,,4151,0,,0,0,Y,0,0,0,0,
NR01,3000004734,,4151,0,,0,0,Y,0,0,0,0,
SO01,3000004734,,4151,0,,0,0,Y,0,0,0,0,
EA01,3000004735,,4598,0,,0,0,Y,0,0,0,0,
WE01,3000004735,,4598,0,,0,0,Y,0,0,0,0,
NR01,3000004735,,4598,0,,0,0,Y,0,0,0,0,
SO01,3000004735,,4598,0,,0,0,Y,0,0,0,0,
EA01,3000004736,,3204,0,,0,0,Y,0,0,0,0,
WE01,3000004736,,3204,0,,0,0,Y,0,0,0,0,
NR01,3000004736,,3204,0,,0,0,Y,0,0,0,0,
SO01,3000004736,,3204,0,,0,0,Y,0,0,0,0,
EA01,3000004738,,1195,0,,0,0,Y,0,0,0,0,
WE01,3000004738,,1195,0,,0,0,Y,0,0,0,0,
NR01,3000004738,,1195,0,,0,0,Y,0,0,0,0,
SO01,3000004738,,1195,0,,0,0,Y,0,0,0,0,
EA01,3000004739,,454,0,,0,0,Y,0,0,0,0,
WE01,3000004739,,454,0,,0,0,Y,0,0,0,0,
NR01,3000004739,,454,0,,0,0,Y,0,0,0,0,
SO01,3000004739,,454,0,,0,0,Y,0,0,0,0,
EA01,3000004740,,96,0,,0,0,Y,0,0,0,0,
WE01,3000004740,,96,0,,0,0,Y,0,0,0,0,
NR01,3000004740,,96,0,,0,0,Y,0,0,0,0,
SO01,3000004740,,96,0,,0,0,Y,0,0,0,0,
EA01,3000004741,,63,0,,0,0,Y,0,0,0,0,
WE01,3000004741,,63,0,,0,0,Y,0,0,0,0,
NR01,3000004741,,63,0,,0,0,Y,0,0,0,0,
SO01,3000004741,,63,0,,0,0,Y,0,0,0,0,
EA01,3000004776,,101,0,,0,0,Y,0,0,0,0,
WE01,3000004776,,101,0,,0,0,Y,0,0,0,0,
NR01,3000004776,,101,0,,0,0,Y,0,0,0,0,
SO01,3000004776,,101,0,,0,0,Y,0,0,0,0,
EA01,3000004812,,93,0,,0,0,Y,0,0,0,0,
WE01,3000004812,,93,0,,0,0,Y,0,0,0,0,
NR01,3000004812,,93,0,,0,0,Y,0,0,0,0,
SO01,3000004812,,93,0,,0,0,Y,0,0,0,0,
EA01,3000004813,,146,0,,0,0,Y,0,0,0,0,
WE01,3000004813,,146,0,,0,0,Y,0,0,0,0,
NR01,3000004813,,146,0,,0,0,Y,0,0,0,0,
SO01,3000004813,,146,0,,0,0,Y,0,0,0,0,
EA01,3000004834,,148,0,,0,0,Y,0,0,0,0,
WE01,3000004834,,148,0,,0,0,Y,0,0,0,0,
NR01,3000004834,,148,0,,0,0,Y,0,0,0,0,
SO01,3000004834,,148,0,,0,0,Y,0,0,0,0,
EA01,3000004835,,230,0,,0,0,Y,0,0,0,0,
WE01,3000004835,,230,0,,0,0,Y,0,0,0,0,
NR01,3000004835,,230,0,,0,0,Y,0,0,0,0,
SO01,3000004835,,230,0,,0,0,Y,0,0,0,0,
EA01,3000004841,,61,0,,0,0,Y,0,0,0,0,
WE01,3000004841,,61,0,,0,0,Y,0,0,0,0,
NR01,3000004841,,61,0,,0,0,Y,0,0,0,0,
SO01,3000004841,,61,0,,0,0,Y,0,0,0,0,
EA01,3000004920,,0,0,,0,0,Y,0,0,0,0,
WE01,3000004920,,0,0,,0,0,Y,0,0,0,0,
NR01,3000004920,,0,0,,0,0,Y,0,0,0,0,
SO01,3000004920,,0,0,,0,0,Y,0,0,0,0,
EA01,3000004965,,149,0,,0,0,Y,0,0,0,0,
WE01,3000004965,,149,0,,0,0,Y,0,0,0,0,
NR01,3000004965,,149,0,,0,0,Y,0,0,0,0,
SO01,3000004965,,149,0,,0,0,Y,0,0,0,0,
EA01,3000004967,,37,0,,0,0,Y,0,0,0,0,
WE01,3000004967,,37,0,,0,0,Y,0,0,0,0,
NR01,3000004967,,37,0,,0,0,Y,0,0,0,0,
SO01,3000004967,,37,0,,0,0,Y,0,0,0,0,
EA01,3000005129,,323,0,,0,0,Y,0,0,0,0,
WE01,3000005129,,323,0,,0,0,Y,0,0,0,0,
NR01,3000005129,,323,0,,0,0,Y,0,0,0,0,
SO01,3000005129,,323,0,,0,0,Y,0,0,0,0,
EA01,3000005130,,661,0,,0,0,Y,0,0,0,0,
WE01,3000005130,,661,0,,0,0,Y,0,0,0,0,
NR01,3000005130,,661,0,,0,0,Y,0,0,0,0,
SO01,3000005130,,661,0,,0,0,Y,0,0,0,0,
EA01,3000005131,,506,0,,0,0,Y,0,0,0,0,
WE01,3000005131,,506,0,,0,0,Y,0,0,0,0,
NR01,3000005131,,506,0,,0,0,Y,0,0,0,0,
SO01,3000005131,,506,0,,0,0,Y,0,0,0,0,
EA01,3000005132,,407,0,,0,0,Y,0,0,0,0,
WE01,3000005132,,407,0,,0,0,Y,0,0,0,0,
NR01,3000005132,,407,0,,0,0,Y,0,0,0,0,
SO01,3000005132,,407,0,,0,0,Y,0,0,0,0,
EA01,3000005133,,147,0,,0,0,Y,0,0,0,0,
WE01,3000005133,,147,0,,0,0,Y,0,0,0,0,
NR01,3000005133,,147,0,,0,0,Y,0,0,0,0,
SO01,3000005133,,147,0,,0,0,Y,0,0,0,0,
EA01,3000005179,,35,0,,0,0,Y,0,0,0,0,
WE01,3000005179,,35,0,,0,0,Y,0,0,0,0,
NR01,3000005179,,35,0,,0,0,Y,0,0,0,0,
SO01,3000005179,,35,0,,0,0,Y,0,0,0,0,
EA01,3000005180,,27,0,,0,0,Y,0,0,0,0,
WE01,3000005180,,27,0,,0,0,Y,0,0,0,0,
NR01,3000005180,,27,0,,0,0,Y,0,0,0,0,
SO01,3000005180,,27,0,,0,0,Y,0,0,0,0,
EA01,3000005187,,386,0,,0,0,Y,0,0,0,0,
WE01,3000005187,,386,0,,0,0,Y,0,0,0,0,
NR01,3000005187,,386,0,,0,0,Y,0,0,0,0,
SO01,3000005187,,386,0,,0,0,Y,0,0,0,0,
EA01,3000005189,,270,0,,0,0,Y,0,0,0,0,
WE01,3000005189,,270,0,,0,0,Y,0,0,0,0,
NR01,3000005189,,270,0,,0,0,Y,0,0,0,0,
SO01,3000005189,,270,0,,0,0,Y,0,0,0,0,
EA01,4000001030,,65,0,,0,0,Y,0,0,0,0,
WE01,4000001030,,65,0,,0,0,Y,0,0,0,0,
NR01,4000001030,,65,0,,0,0,Y,0,0,0,0,
SO01,4000001030,,65,0,,0,0,Y,0,0,0,0,
EA01,4000001031,,90,0,,0,0,Y,0,0,0,0,
WE01,4000001031,,90,0,,0,0,Y,0,0,0,0,
NR01,4000001031,,90,0,,0,0,Y,0,0,0,0,
SO01,4000001031,,90,0,,0,0,Y,0,0,0,0,
EA01,4000001032,,140,0,,0,0,Y,0,0,0,0,
WE01,4000001032,,140,0,,0,0,Y,0,0,0,0,
NR01,4000001032,,140,0,,0,0,Y,0,0,0,0,
SO01,4000001032,,140,0,,0,0,Y,0,0,0,0,
EA01,4000001033,,175,0,,0,0,Y,0,0,0,0,
WE01,4000001033,,175,0,,0,0,Y,0,0,0,0,
NR01,4000001033,,175,0,,0,0,Y,0,0,0,0,
SO01,4000001033,,175,0,,0,0,Y,0,0,0,0,
EA01,4000001034,,75,0,,0,0,Y,0,0,0,0,
WE01,4000001034,,75,0,,0,0,Y,0,0,0,0,
NR01,4000001034,,75,0,,0,0,Y,0,0,0,0,
SO01,4000001034,,75,0,,0,0,Y,0,0,0,0,
EA01,4000001035,,100,0,,0,0,Y,0,0,0,0,
WE01,4000001035,,100,0,,0,0,Y,0,0,0,0,
NR01,4000001035,,100,0,,0,0,Y,0,0,0,0,
SO01,4000001035,,100,0,,0,0,Y,0,0,0,0,
EA01,4000001036,,175,0,,0,0,Y,0,0,0,0,
WE01,4000001036,,175,0,,0,0,Y,0,0,0,0,
NR01,4000001036,,175,0,,0,0,Y,0,0,0,0,
SO01,4000001036,,175,0,,0,0,Y,0,0,0,0,
EA01,4000001037,,225,0,,0,0,Y,0,0,0,0,
WE01,4000001037,,225,0,,0,0,Y,0,0,0,0,
NR01,4000001037,,225,0,,0,0,Y,0,0,0,0,
SO01,4000001037,,225,0,,0,0,Y,0,0,0,0,
EA01,4000001038,,65,0,,0,0,Y,0,0,0,0,
WE01,4000001038,,65,0,,0,0,Y,0,0,0,0,
NR01,4000001038,,65,0,,0,0,Y,0,0,0,0,
SO01,4000001038,,65,0,,0,0,Y,0,0,0,0,
EA01,4000001039,,75,0,,0,0,Y,0,0,0,0,
WE01,4000001039,,75,0,,0,0,Y,0,0,0,0,
NR01,4000001039,,75,0,,0,0,Y,0,0,0,0,
SO01,4000001039,,75,0,,0,0,Y,0,0,0,0,
EA01,4000001040,,125,0,,0,0,Y,0,0,0,0,
WE01,4000001040,,125,0,,0,0,Y,0,0,0,0,
NR01,4000001040,,125,0,,0,0,Y,0,0,0,0,
SO01,4000001040,,125,0,,0,0,Y,0,0,0,0,
EA01,4000001041,,135,0,,0,0,Y,0,0,0,0,
WE01,4000001041,,135,0,,0,0,Y,0,0,0,0,
NR01,4000001041,,135,0,,0,0,Y,0,0,0,0,
SO01,4000001041,,135,0,,0,0,Y,0,0,0,0,
EA01,4000001042,,55,0,,0,0,Y,0,0,0,0,
WE01,4000001042,,55,0,,0,0,Y,0,0,0,0,
NR01,4000001042,,55,0,,0,0,Y,0,0,0,0,
SO01,4000001042,,55,0,,0,0,Y,0,0,0,0,
EA01,4000001043,,100,0,,0,0,Y,0,0,0,0,
WE01,4000001043,,100,0,,0,0,Y,0,0,0,0,
NR01,4000001043,,100,0,,0,0,Y,0,0,0,0,
SO01,4000001043,,100,0,,0,0,Y,0,0,0,0,
EA01,4000001044,,125,0,,0,0,Y,0,0,0,0,
WE01,4000001044,,125,0,,0,0,Y,0,0,0,0,
NR01,4000001044,,125,0,,0,0,Y,0,0,0,0,
SO01,4000001044,,125,0,,0,0,Y,0,0,0,0,
EA01,4000001045,,145,0,,0,0,Y,0,0,0,0,
WE01,4000001045,,145,0,,0,0,Y,0,0,0,0,
NR01,4000001045,,145,0,,0,0,Y,0,0,0,0,
SO01,4000001045,,145,0,,0,0,Y,0,0,0,0,
EA01,4000001046,,115,0,,0,0,Y,0,0,0,0,
WE01,4000001046,,115,0,,0,0,Y,0,0,0,0,
NR01,4000001046,,115,0,,0,0,Y,0,0,0,0,
SO01,4000001046,,115,0,,0,0,Y,0,0,0,0,
EA01,4000001047,,125,0,,0,0,Y,0,0,0,0,
WE01,4000001047,,125,0,,0,0,Y,0,0,0,0,
NR01,4000001047,,125,0,,0,0,Y,0,0,0,0,
SO01,4000001047,,125,0,,0,0,Y,0,0,0,0,
EA01,4000001048,,145,0,,0,0,Y,0,0,0,0,
WE01,4000001048,,145,0,,0,0,Y,0,0,0,0,
NR01,4000001048,,145,0,,0,0,Y,0,0,0,0,
SO01,4000001048,,145,0,,0,0,Y,0,0,0,0,
EA01,4000001049,,170,0,,0,0,Y,0,0,0,0,
WE01,4000001049,,170,0,,0,0,Y,0,0,0,0,
NR01,4000001049,,170,0,,0,0,Y,0,0,0,0,
SO01,4000001049,,170,0,,0,0,Y,0,0,0,0,
EA01,4000001050,,225,0,,0,0,Y,0,0,0,0,
WE01,4000001050,,225,0,,0,0,Y,0,0,0,0,
NR01,4000001050,,225,0,,0,0,Y,0,0,0,0,
SO01,4000001050,,225,0,,0,0,Y,0,0,0,0,
WE01,3000005184,,2085,0,,0,0,Y,0,0,0,0,
WE01,3000005182,,1086,0,,0,0,Y,0,0,0,0,
