Branch code/name,Prod_Code,mrp_code,mrp,sale_rate,vertical_value,destination_code,sale_type,acedns,ws_rate,distributor_rate,ss_rate,depot_rate,statename
,FG0001,,0,0,,0,0,Y,0,0,0,0,Jharkhand
,FG0001,,0,0,,0,0,Y,0,0,0,0,ROB
,FG0001,,0,0,,0,0,Y,0,0,0,0,
,FG0001,,0,3.67,,0,0,Y,1220.53,1174.9,1151.86,1074.89,UP-North
,FG0001,,0,0,,0,0,Y,0,0,0,0,ODISHA
,FG0001,,0,3.75,,0,0,Y,1310.68,1261.68,1236.94,1177.37,West Bengal
,FG0001,,0,0,,0,0,Y,0,0,0,0,Bihar
,FG0001,,0,0,,0,0,Y,0,0,0,0,KOLKATA
,FG0002,,0,3.75,,0,0,Y,1310.679611,1261.682243,1236.943375,1177.368528,ROB
,FG0002,,0,3.75,,0,0,Y,1310.679611,1261.682243,1236.943375,1177.368528,
,FG0002,,0,3.67,,0,0,Y,1220.53,1174.9,1151.86,1074.89,UP-North
,FG0002,,0,3.75,,0,0,Y,1310.679611,1261.682243,1236.943375,1177.368528,Jharkhand
,FG0002,,0,3.75,,0,0,Y,1310.679611,1261.682243,1236.943375,1177.368528,ODISHA
,FG0002,,0,3.75,,0,0,Y,1310.679611,1261.682243,1236.943375,1177.368528,Bihar
,FG0002,,0,3.75,,0,0,Y,1310.68,1261.68,1236.94,1177.37,KOLKATA
,FG0003,,0,0,,0,0,Y,0,0,0,0,ROB
,FG0003,,0,0,,0,0,Y,0,0,0,0,
,FG0003,,0,3.67,,0,0,Y,1220.53,1174.9,1151.86,1074.89,UP-North
,FG0003,,0,0,,0,0,Y,0,0,0,0,ODISHA
,FG0003,,0,0,,0,0,Y,0,0,0,0,Jharkhand
,FG0003,,0,3.75,,0,0,Y,1310.68,1261.68,1236.94,1177.37,West Bengal
,FG0003,,0,0,,0,0,Y,0,0,0,0,Bihar
,FG0003,,0,0,,0,0,Y,0,0,0,0,KOLKATA
,FG0004,,0,3.5,,0,0,Y,1310.68,1261.68,1236.94,1177.37,ROB
,FG0004,,0,3.75,,0,0,Y,1310.68,1261.68,1236.94,1177.37,
,FG0004,,0,3.67,,0,0,Y,1220.53,1174.9,1151.86,1074.89,UP-North
,FG0004,,0,3.75,,0,0,Y,1310.68,1261.68,1236.94,1177.37,ODISHA
,FG0004,,0,3.75,,0,0,Y,1310.68,1261.68,1236.94,1177.37,Bihar
,FG0004,,0,3.75,,0,0,Y,1310.68,1261.68,1236.94,1177.37,Jharkhand
,FG0004,,0,3.5,,0,0,Y,1310.68,1261.68,1236.94,1177.37,KOLKATA
,FG0005,,0,0,,0,0,Y,0,0,0,0,ROB
,FG0005,,0,0,,0,0,Y,0,0,0,0,
,FG0005,,0,3.67,,0,0,Y,1220.53,1174.9,1151.86,1074.89,UP-North
,FG0005,,0,0,,0,0,Y,0,0,0,0,ODISHA
,FG0005,,0,3.75,,0,0,Y,1310.68,1261.68,1236.94,1177.37,West Bengal
,FG0005,,0,0,,0,0,Y,0,0,0,0,Bihar
,FG0005,,0,0,,0,0,Y,0,0,0,0,Jharkhand
,FG0005,,0,0,,0,0,Y,0,0,0,0,KOLKATA
,FG0006,,0,0,,0,0,Y,0,0,0,0,ROB
,FG0006,,0,0,,0,0,Y,0,0,0,0,
,FG0006,,0,3.67,,0,0,Y,1220.53,1174.9,1151.86,1074.89,UP-North
,FG0006,,0,0,,0,0,Y,0,0,0,0,ODISHA
,FG0006,,0,3.75,,0,0,Y,1310.68,1261.68,1236.94,1177.37,West Bengal
,FG0006,,0,0,,0,0,Y,0,0,0,0,Bihar
,FG0006,,0,0,,0,0,Y,0,0,0,0,Jharkhand
,FG0006,,0,0,,0,0,Y,0,0,0,0,KOLKATA
,FG0007,,0,3.75,,0,0,Y,1310.679611,1261.682243,1236.943375,1177.368528,ROB
,FG0007,,0,3.75,,0,0,Y,1310.679611,1261.682243,1236.943375,1177.368528,
,FG0007,,0,3.67,,0,0,Y,1220.53,1174.9,1151.86,1074.89,UP-North
,FG0007,,0,3.75,,0,0,Y,1310.679611,1261.682243,1236.943375,1177.368528,ODISHA
,FG0007,,0,3.75,,0,0,Y,1310.679611,1261.682243,1236.943375,1177.368528,Bihar
,FG0007,,0,3.75,,0,0,Y,1310.679611,1261.682243,1236.943375,1177.368528,Jharkhand
,FG0007,,0,3.75,,0,0,Y,1310.68,1261.68,1236.94,1177.37,KOLKATA
,FG0008,,0,3.75,,0,0,Y,1310.679611,1261.682243,1236.943375,1177.368528,ROB
,FG0008,,0,3.75,,0,0,Y,1310.679611,1261.682243,1236.943375,1177.368528,
,FG0008,,0,3.67,,0,0,Y,1220.53,1174.9,1151.86,1074.89,UP-North
,FG0008,,0,3.75,,0,0,Y,1310.679611,1261.682243,1236.943375,1177.368528,ODISHA
,FG0008,,0,3.75,,0,0,Y,1310.679611,1261.682243,1236.943375,1177.368528,Bihar
,FG0008,,0,3.75,,0,0,Y,1310.679611,1261.682243,1236.943375,1177.368528,Jharkhand
,FG0008,,0,3.75,,0,0,Y,1310.68,1261.68,1236.94,1177.37,KOLKATA
,FG0009,,0,3.75,,0,0,Y,1310.679611,1261.682243,1236.943375,1177.368528,ROB
,FG0009,,0,3.75,,0,0,Y,1310.679611,1261.682243,1236.943375,1177.368528,
,FG0009,,0,3.67,,0,0,Y,1220.53,1174.9,1151.86,1074.89,UP-North
,FG0009,,0,3.75,,0,0,Y,1310.679611,1261.682243,1236.943375,1177.368528,ODISHA
,FG0009,,0,3.75,,0,0,Y,1310.679611,1261.682243,1236.943375,1177.368528,Bihar
,FG0009,,0,3.75,,0,0,Y,1310.679611,1261.682243,1236.943375,1177.368528,Jharkhand
,FG0009,,0,3.75,,0,0,Y,1310.68,1261.68,1236.94,1177.37,KOLKATA
,FG0010,,0,3.75,,0,0,Y,1310.679611,1261.682243,1236.943375,1177.368528,Jharkhand
,FG0010,,0,3.75,,0,0,Y,1310.679611,1261.682243,1236.943375,1177.368528,ROB
,FG0010,,0,3.75,,0,0,Y,1310.679611,1261.682243,1236.943375,1177.368528,
,FG0010,,0,3.67,,0,0,Y,1220.53,1174.9,1151.86,1074.89,UP-North
,FG0010,,0,3.75,,0,0,Y,1310.679611,1261.682243,1236.943375,1177.368528,ODISHA
,FG0010,,0,3.75,,0,0,Y,1310.679611,1261.682243,1236.943375,1177.368528,Bihar
,FG0010,,0,3.75,,0,0,Y,1310.68,1261.68,1236.94,1177.37,KOLKATA
,FG0011,,0,0,,0,0,Y,0,0,0,0,ROB
,FG0011,,0,0,,0,0,Y,0,0,0,0,Jharkhand
,FG0011,,0,0,,0,0,Y,0,0,0,0,
,FG0011,,0,48,,0,0,Y,1109.57,1068.09,1047.15,977.17,UP-North
,FG0011,,0,0,,0,0,Y,0,0,0,0,ODISHA
,FG0011,,0,45,,0,0,Y,1092.23,1051.4,1030.79,981.14,West Bengal
,FG0011,,0,0,,0,0,Y,0,0,0,0,Bihar
,FG0011,,0,0,,0,0,Y,0,0,0,0,KOLKATA
,FG0012,,0,0,,0,0,Y,0,0,0,0,ROB
,FG0012,,0,0,,0,0,Y,0,0,0,0,Jharkhand
,FG0012,,0,0,,0,0,Y,0,0,0,0,
,FG0012,,0,3.67,,0,0,Y,1220.53,1174.9,1151.86,1074.89,UP-North
,FG0012,,0,0,,0,0,Y,0,0,0,0,ODISHA
,FG0012,,0,3.75,,0,0,Y,1310.68,1261.68,1236.94,1177.37,West Bengal
,FG0012,,0,0,,0,0,Y,0,0,0,0,Bihar
,FG0012,,0,0,,0,0,Y,0,0,0,0,KOLKATA
,FG0013,,0,0,,0,0,Y,0,0,0,0,ROB
,FG0013,,0,0,,0,0,Y,0,0,0,0,Jharkhand
,FG0013,,0,0,,0,0,Y,0,0,0,0,
,FG0013,,0,3.67,,0,0,Y,1220.53,1174.9,1151.86,1074.89,UP-North
,FG0013,,0,0,,0,0,Y,0,0,0,0,ODISHA
,FG0013,,0,3.75,,0,0,Y,1310.68,1261.68,1236.94,1177.37,West Bengal
,FG0013,,0,0,,0,0,Y,0,0,0,0,Bihar
,FG0013,,0,0,,0,0,Y,0,0,0,0,KOLKATA
,FG0014,,0,3.75,,0,0,Y,1310.68,1261.68,1236.94,1177.37,ROB
,FG0014,,0,3.75,,0,0,Y,1310.68,1261.68,1236.94,1177.37,
,FG0014,,0,3.75,,0,0,Y,1310.68,1261.68,1236.94,1177.37,Jharkhand
,FG0014,,0,3.67,,0,0,Y,1220.53,1174.9,1151.86,1074.89,UP-North
,FG0014,,0,3.75,,0,0,Y,1310.68,1261.68,1236.94,1177.37,ODISHA
,FG0014,,0,3.5,,0,0,Y,1223.3,1177.57,1154.48,1098.88,West Bengal
,FG0014,,0,3.75,,0,0,Y,1310.68,1261.68,1236.94,1177.37,Bihar
,FG0014,,0,3.75,,0,0,Y,1310.68,1261.68,1236.94,1177.37,KOLKATA
,FG0015,,0,3.75,,0,0,Y,1310.68,1261.68,1236.94,1177.37,ROB
,FG0015,,0,3.75,,0,0,Y,1310.68,1261.68,1236.94,1177.37,
,FG0015,,0,3.75,,0,0,Y,1310.68,1261.68,1236.94,1177.37,Jharkhand
,FG0015,,0,3.67,,0,0,Y,1220.53,1174.9,1151.86,1074.89,UP-North
,FG0015,,0,3.75,,0,0,Y,1310.68,1261.68,1236.94,1177.37,ODISHA
,FG0015,,0,3.5,,0,0,Y,1223.3,1177.57,1154.48,1098.88,West Bengal
,FG0015,,0,3.75,,0,0,Y,1310.68,1261.68,1236.94,1177.37,Bihar
,FG0015,,0,3.75,,0,0,Y,1310.68,1261.68,1236.94,1177.37,KOLKATA
,FG0016,,0,3.5,,0,0,Y,1223.300971,1177.570093,1154.480484,1098.877293,ROB
,FG0016,,0,3.5,,0,0,Y,1223.300971,1177.570093,1154.480484,1098.877293,
,FG0016,,0,3.5,,0,0,Y,1223.300971,1177.570093,1154.480484,1098.877293,Jharkhand
,FG0016,,0,3.67,,0,0,Y,1220.53,1174.9,1151.86,1074.89,UP-North
,FG0016,,0,3.5,,0,0,Y,1223.300971,1177.570093,1154.480484,1098.877293,ODISHA
,FG0016,,0,3.5,,0,0,Y,1223.300971,1177.570093,1154.480484,1098.877293,Bihar
,FG0016,,0,3.5,,0,0,Y,1223.300971,1177.570093,1154.480484,1098.877293,KOLKATA
,FG0017,,0,3.5,,0,0,Y,1223.300971,1177.570093,1154.480484,1098.877293,ROB
,FG0017,,0,3.5,,0,0,Y,1223.300971,1177.570093,1154.480484,1098.877293,
,FG0017,,0,3.67,,0,0,Y,1220.53,1174.9,1151.86,1074.89,UP-North
,FG0017,,0,3.5,,0,0,Y,1223.300971,1177.570093,1154.480484,1098.877293,Jharkhand
,FG0017,,0,3.5,,0,0,Y,1223.300971,1177.570093,1154.480484,1098.877293,ODISHA
,FG0017,,0,3.5,,0,0,Y,1223.300971,1177.570093,1154.480484,1098.877293,Bihar
,FG0017,,0,3.5,,0,0,Y,1223.300971,1177.570093,1154.480484,1098.877293,KOLKATA
,FG0018,,0,3.75,,0,0,Y,1310.68,1261.68,1236.94,1177.37,ROB
,FG0018,,0,3.75,,0,0,Y,1310.68,1261.68,1236.94,1177.37,
,FG0018,,0,3.67,,0,0,Y,1220.53,1174.9,1151.86,1074.89,UP-North
,FG0018,,0,3.75,,0,0,Y,1310.68,1261.68,1236.94,1177.37,Jharkhand
,FG0018,,0,3.75,,0,0,Y,1310.68,1261.68,1236.94,1177.37,ODISHA
,FG0018,,0,3.5,,0,0,Y,1223.3,1177.57,1154.48,1098.88,West Bengal
,FG0018,,0,3.75,,0,0,Y,1310.68,1261.68,1236.94,1177.37,Bihar
,FG0018,,0,3.75,,0,0,Y,1310.68,1261.68,1236.94,1177.37,KOLKATA
,FG0019,,0,3.75,,0,0,Y,1310.68,1261.68,1236.94,1177.37,ROB
,FG0019,,0,3.75,,0,0,Y,1310.68,1261.68,1236.94,1177.37,
,FG0019,,0,3.67,,0,0,Y,1220.53,1174.9,1151.86,1074.89,UP-North
,FG0019,,0,3.75,,0,0,Y,1310.68,1261.68,1236.94,1177.37,Jharkhand
,FG0019,,0,3.75,,0,0,Y,1310.68,1261.68,1236.94,1177.37,ODISHA
,FG0019,,0,3.5,,0,0,Y,1223.3,1177.57,1154.48,1098.88,West Bengal
,FG0019,,0,3.75,,0,0,Y,1310.68,1261.68,1236.94,1177.37,Bihar
,FG0019,,0,3.75,,0,0,Y,1310.68,1261.68,1236.94,1177.37,KOLKATA
,FG0020,,0,3.75,,0,0,Y,1310.68,1261.68,1236.94,1177.37,ROB
,FG0020,,0,3.75,,0,0,Y,1310.68,1261.68,1236.94,1177.37,
,FG0020,,0,3.67,,0,0,Y,1220.53,1174.9,1151.86,1074.89,UP-North
,FG0020,,0,3.75,,0,0,Y,1310.68,1261.68,1236.94,1177.37,Jharkhand
,FG0020,,0,3.75,,0,0,Y,1310.68,1261.68,1236.94,1177.37,ODISHA
,FG0020,,0,3.5,,0,0,Y,1223.3,1177.57,1154.48,1098.88,West Bengal
,FG0020,,0,3.75,,0,0,Y,1310.68,1261.68,1236.94,1177.37,Bihar
,FG0020,,0,3.75,,0,0,Y,1310.68,1261.68,1236.94,1177.37,KOLKATA
,FG0021,,0,3.75,,0,0,Y,1310.679611,1261.682243,1236.943375,1177.368528,ROB
,FG0021,,0,3.75,,0,0,Y,1310.679611,1261.682243,1236.943375,1177.368528,
,FG0021,,0,3.67,,0,0,Y,1220.53,1174.9,1151.86,1074.89,UP-North
,FG0021,,0,3.75,,0,0,Y,1310.679611,1261.682243,1236.943375,1177.368528,Jharkhand
,FG0021,,0,3.75,,0,0,Y,1310.679611,1261.682243,1236.943375,1177.368528,ODISHA
,FG0021,,0,3.75,,0,0,Y,1310.679611,1261.682243,1236.943375,1177.368528,Bihar
,FG0021,,0,3.75,,0,0,Y,1310.68,1261.68,1236.94,1177.37,KOLKATA
,FG0022,,0,3.75,,0,0,Y,1310.679611,1261.682243,1236.943375,1177.368528,ROB
,FG0022,,0,3.75,,0,0,Y,1310.679611,1261.682243,1236.943375,1177.368528,
,FG0022,,0,3.67,,0,0,Y,1220.53,1174.9,1151.86,1074.89,UP-North
,FG0022,,0,3.75,,0,0,Y,1310.679611,1261.682243,1236.943375,1177.368528,ODISHA
,FG0022,,0,3.75,,0,0,Y,1310.679611,1261.682243,1236.943375,1177.368528,Jharkhand
,FG0022,,0,3.75,,0,0,Y,1310.679611,1261.682243,1236.943375,1177.368528,Bihar
,FG0022,,0,3.75,,0,0,Y,1310.68,1261.68,1236.94,1177.37,KOLKATA
,FG0023,,0,3.75,,0,0,Y,1310.68,1261.68,1236.94,1177.37,ROB
,FG0023,,0,3.75,,0,0,Y,1310.68,1261.68,1236.94,1177.37,
,FG0023,,0,3.67,,0,0,Y,1220.53,1174.9,1151.86,1074.89,UP-North
,FG0023,,0,3.75,,0,0,Y,1310.68,1261.68,1236.94,1177.37,ODISHA
,FG0023,,0,3.75,,0,0,Y,1310.68,1261.68,1236.94,1177.37,Jharkhand
,FG0023,,0,3.5,,0,0,Y,1223.3,1177.57,1154.48,1098.88,West Bengal
,FG0023,,0,3.75,,0,0,Y,1310.68,1261.68,1236.94,1177.37,Bihar
,FG0023,,0,3.75,,0,0,Y,1310.68,1261.68,1236.94,1177.37,KOLKATA
,FG0024,,0,3.75,,0,0,Y,1310.68,1261.68,1236.94,1177.37,ROB
,FG0024,,0,3.75,,0,0,Y,1310.68,1261.68,1236.94,1177.37,
,FG0024,,0,3.67,,0,0,Y,1220.53,1174.9,1151.86,1074.89,UP-North
,FG0024,,0,3.75,,0,0,Y,1310.68,1261.68,1236.94,1177.37,ODISHA
,FG0024,,0,3.75,,0,0,Y,1310.68,1261.68,1236.94,1177.37,Jharkhand
,FG0024,,0,3.5,,0,0,Y,1223.3,1177.57,1154.48,1098.88,West Bengal
,FG0024,,0,3.75,,0,0,Y,1310.68,1261.68,1236.94,1177.37,Bihar
,FG0024,,0,3.75,,0,0,Y,1310.68,1261.68,1236.94,1177.37,KOLKATA
,FG0025,,0,3.75,,0,0,Y,1310.679611,1261.682243,1236.943375,1177.368528,ROB
,FG0025,,0,3.75,,0,0,Y,1310.679611,1261.682243,1236.943375,1177.368528,
,FG0025,,0,3.67,,0,0,Y,1220.53,1174.9,1151.86,1074.89,UP-North
,FG0025,,0,3.75,,0,0,Y,1310.679611,1261.682243,1236.943375,1177.368528,ODISHA
,FG0025,,0,3.75,,0,0,Y,1310.679611,1261.682243,1236.943375,1177.368528,Jharkhand
,FG0025,,0,3.75,,0,0,Y,1310.679611,1261.682243,1236.943375,1177.368528,Bihar
,FG0025,,0,3.75,,0,0,Y,1310.68,1261.68,1236.94,1177.37,KOLKATA
,FG0026,,0,3,,0,0,Y,559.22,538.32,527.76,502.34,ROB
,FG0026,,0,3,,0,0,Y,559.22,538.32,527.76,502.34,
,FG0026,,0,3.35,,0,0,Y,594.73,572.5,561.27,523.76,UP-North
,FG0026,,0,3,,0,0,Y,559.22,538.32,527.76,502.34,ODISHA
,FG0026,,0,3,,0,0,Y,559.22,538.32,527.76,502.34,Jharkhand
,FG0026,,0,3,,0,0,Y,559.22,538.32,527.76,502.34,West Bengal
,FG0026,,0,3,,0,0,Y,559.22,538.32,527.76,502.34,Bihar
,FG0026,,0,3,,0,0,Y,559.22,538.32,527.76,502.34,KOLKATA
,FG0027,,0,3,,0,0,Y,559.22,538.32,527.76,502.34,ROB
,FG0027,,0,3,,0,0,Y,559.22,538.32,527.76,502.34,
,FG0027,,0,3.35,,0,0,Y,594.73,572.5,561.27,523.76,UP-North
,FG0027,,0,3,,0,0,Y,559.22,538.32,527.76,502.34,ODISHA
,FG0027,,0,3,,0,0,Y,559.22,538.32,527.76,502.34,Jharkhand
,FG0027,,0,3,,0,0,Y,559.22,538.32,527.76,502.34,West Bengal
,FG0027,,0,3,,0,0,Y,559.22,538.32,527.76,502.34,Bihar
,FG0027,,0,3,,0,0,Y,559.22,538.32,527.76,502.34,KOLKATA
,FG0028,,0,3,,0,0,Y,559.22,538.32,527.76,502.34,ROB
,FG0028,,0,3,,0,0,Y,559.22,538.32,527.76,502.34,
,FG0028,,0,3.35,,0,0,Y,594.73,572.5,561.27,523.76,UP-North
,FG0028,,0,3,,0,0,Y,559.22,538.32,527.76,502.34,ODISHA
,FG0028,,0,3,,0,0,Y,559.22,538.32,527.76,502.34,Jharkhand
,FG0028,,0,3,,0,0,Y,559.22,538.32,527.76,502.34,West Bengal
,FG0028,,0,3,,0,0,Y,559.22,538.32,527.76,502.34,Bihar
,FG0028,,0,3,,0,0,Y,559.22,538.32,527.76,502.34,KOLKATA
,FG0029,,0,3,,0,0,Y,559.22,538.32,527.76,502.34,ROB
,FG0029,,0,3,,0,0,Y,559.22,538.32,527.76,502.34,
,FG0029,,0,3.35,,0,0,Y,594.73,572.5,561.27,523.76,UP-North
,FG0029,,0,3,,0,0,Y,559.22,538.32,527.76,502.34,ODISHA
,FG0029,,0,3,,0,0,Y,559.22,538.32,527.76,502.34,Jharkhand
,FG0029,,0,3,,0,0,Y,559.22,538.32,527.76,502.34,West Bengal
,FG0029,,0,3,,0,0,Y,559.22,538.32,527.76,502.34,Bihar
,FG0029,,0,3,,0,0,Y,559.22,538.32,527.76,502.34,KOLKATA
,FG0030,,0,3,,0,0,Y,559.22,538.32,527.76,502.34,ROB
,FG0030,,0,3,,0,0,Y,559.22,538.32,527.76,502.34,
,FG0030,,0,3.35,,0,0,Y,594.73,572.5,561.27,523.76,UP-North
,FG0030,,0,3,,0,0,Y,559.22,538.32,527.76,502.34,ODISHA
,FG0030,,0,3,,0,0,Y,559.22,538.32,527.76,502.34,Jharkhand
,FG0030,,0,3,,0,0,Y,559.22,538.32,527.76,502.34,West Bengal
,FG0030,,0,3,,0,0,Y,559.22,538.32,527.76,502.34,Bihar
,FG0030,,0,3,,0,0,Y,559.22,538.32,527.76,502.34,KOLKATA
,FG0031,,0,4,,0,0,Y,745.631068,717.7570093,703.6833425,669.7918737,ROB
,FG0031,,0,4,,0,0,Y,745.631068,717.7570093,703.6833425,669.7918737,
,FG0031,,0,4,,0,0,Y,710.12,683.58,670.17,625.39,UP-North
,FG0031,,0,4,,0,0,Y,745.631068,717.7570093,703.6833425,669.7918737,ODISHA
,FG0031,,0,4,,0,0,Y,745.631068,717.7570093,703.6833425,669.7918737,Jharkhand
,FG0031,,0,4,,0,0,Y,745.631068,717.7570093,703.6833425,669.7918737,Bihar
,FG0031,,0,4,,0,0,Y,745.631068,717.7570093,703.6833425,669.7918737,KOLKATA
,FG0032,,0,4,,0,0,Y,745.631068,717.7570093,703.6833425,669.7918737,ROB
,FG0032,,0,4,,0,0,Y,745.631068,717.7570093,703.6833425,669.7918737,
,FG0032,,0,4,,0,0,Y,710.12,683.58,670.17,625.39,UP-North
,FG0032,,0,4,,0,0,Y,745.631068,717.7570093,703.6833425,669.7918737,ODISHA
,FG0032,,0,4,,0,0,Y,745.631068,717.7570093,703.6833425,669.7918737,Jharkhand
,FG0032,,0,4,,0,0,Y,745.631068,717.7570093,703.6833425,669.7918737,Bihar
,FG0032,,0,4,,0,0,Y,745.631068,717.7570093,703.6833425,669.7918737,KOLKATA
,FG0033,,0,4,,0,0,Y,745.631068,717.7570093,703.6833425,669.7918737,ROB
,FG0033,,0,4,,0,0,Y,745.631068,717.7570093,703.6833425,669.7918737,
,FG0033,,0,4,,0,0,Y,710.12,683.58,670.17,625.39,UP-North
,FG0033,,0,4,,0,0,Y,745.631068,717.7570093,703.6833425,669.7918737,ODISHA
,FG0033,,0,4,,0,0,Y,745.631068,717.7570093,703.6833425,669.7918737,Jharkhand
,FG0033,,0,4,,0,0,Y,745.631068,717.7570093,703.6833425,669.7918737,Bihar
,FG0033,,0,4,,0,0,Y,745.631068,717.7570093,703.6833425,669.7918737,KOLKATA
,FG0034,,0,4,,0,0,Y,745.631068,717.7570093,703.6833425,669.7918737,ROB
,FG0034,,0,4,,0,0,Y,745.631068,717.7570093,703.6833425,669.7918737,
,FG0034,,0,4,,0,0,Y,710.12,683.58,670.17,625.39,UP-North
,FG0034,,0,4,,0,0,Y,745.631068,717.7570093,703.6833425,669.7918737,ODISHA
,FG0034,,0,4,,0,0,Y,745.631068,717.7570093,703.6833425,669.7918737,Jharkhand
,FG0034,,0,4,,0,0,Y,745.631068,717.7570093,703.6833425,669.7918737,Bihar
,FG0034,,0,4,,0,0,Y,745.631068,717.7570093,703.6833425,669.7918737,KOLKATA
,FG0035,,0,3,,0,0,Y,559.22,538.32,527.76,502.34,ROB
,FG0035,,0,3,,0,0,Y,559.22,538.32,527.76,502.34,
,FG0035,,0,3.83,,0,0,Y,680.54,655.1,642.25,599.33,UP-North
,FG0035,,0,3,,0,0,Y,559.22,538.32,527.76,502.34,ODISHA
,FG0035,,0,3,,0,0,Y,559.22,538.32,527.76,502.34,West Bengal
,FG0035,,0,3,,0,0,Y,559.22,538.32,527.76,502.34,Jharkhand
,FG0035,,0,3,,0,0,Y,559.22,538.32,527.76,502.34,Bihar
,FG0035,,0,3,,0,0,Y,559.22,538.32,527.76,502.34,KOLKATA
,FG0036,,0,3,,0,0,Y,559.22,538.32,527.76,502.34,ROB
,FG0036,,0,3,,0,0,Y,559.22,538.32,527.76,502.34,
,FG0036,,0,3.83,,0,0,Y,680.54,655.1,642.25,599.33,UP-North
,FG0036,,0,3,,0,0,Y,559.22,538.32,527.76,502.34,ODISHA
,FG0036,,0,3,,0,0,Y,559.22,538.32,527.76,502.34,West Bengal
,FG0036,,0,3,,0,0,Y,559.22,538.32,527.76,502.34,Jharkhand
,FG0036,,0,3,,0,0,Y,559.22,538.32,527.76,502.34,Bihar
,FG0036,,0,3,,0,0,Y,559.22,538.32,527.76,502.34,KOLKATA
,FG0037,,0,4,,0,0,Y,699.03,672.9,659.7,627.93,ROB
,FG0037,,0,4,,0,0,Y,699.03,672.9,659.7,627.93,
,FG0037,,0,4,,0,0,Y,665.74,640.85,628.29,586.3,UP-North
,FG0037,,0,4,,0,0,Y,699.03,672.9,659.7,627.93,ODISHA
,FG0037,,0,4,,0,0,Y,699.03,672.9,659.7,627.93,West Bengal
,FG0037,,0,4,,0,0,Y,699.03,672.9,659.7,627.93,Jharkhand
,FG0037,,0,4,,0,0,Y,699.03,672.9,659.7,627.93,Bihar
,FG0037,,0,4,,0,0,Y,699.03,672.9,659.7,627.93,KOLKATA
,FG0038,,0,4,,0,0,Y,699.03,672.9,659.7,627.93,ROB
,FG0038,,0,4,,0,0,Y,699.03,672.9,659.7,627.93,
,FG0038,,0,4,,0,0,Y,665.74,640.85,628.29,586.3,UP-North
,FG0038,,0,4,,0,0,Y,699.03,672.9,659.7,627.93,ODISHA
,FG0038,,0,4,,0,0,Y,699.03,672.9,659.7,627.93,West Bengal
,FG0038,,0,4,,0,0,Y,699.03,672.9,659.7,627.93,Bihar
,FG0038,,0,4,,0,0,Y,699.03,672.9,659.7,627.93,Jharkhand
,FG0038,,0,4,,0,0,Y,699.03,672.9,659.7,627.93,KOLKATA
,FG0039,,0,3,,0,0,Y,279.61,269.16,263.88,251.17,ROB
,FG0039,,0,3,,0,0,Y,279.61,269.16,263.88,251.17,
,FG0039,,0,3.83,,0,0,Y,680.54,655.1,642.25,599.33,UP-North
,FG0039,,0,3,,0,0,Y,279.61,269.16,263.88,251.17,ODISHA
,FG0039,,0,3,,0,0,Y,279.61,269.16,263.88,251.17,West Bengal
,FG0039,,0,3,,0,0,Y,279.61,269.16,263.88,251.17,Bihar
,FG0039,,0,3,,0,0,Y,279.61,269.16,263.88,251.17,Jharkhand
,FG0039,,0,3,,0,0,Y,279.61,269.16,263.88,251.17,KOLKATA
,FG0040,,0,3,,0,0,Y,559.22,538.32,527.76,502.34,ROB
,FG0040,,0,3,,0,0,Y,559.22,538.32,527.76,502.34,
,FG0040,,0,3.83,,0,0,Y,680.54,655.1,642.25,599.33,UP-North
,FG0040,,0,3,,0,0,Y,559.22,538.32,527.76,502.34,ODISHA
,FG0040,,0,3,,0,0,Y,559.22,538.32,527.76,502.34,West Bengal
,FG0040,,0,3,,0,0,Y,559.22,538.32,527.76,502.34,Bihar
,FG0040,,0,3,,0,0,Y,559.22,538.32,527.76,502.34,Jharkhand
,FG0040,,0,3,,0,0,Y,559.22,538.32,527.76,502.34,KOLKATA
,FG0041,,0,3,,0,0,Y,559.22,538.32,527.76,502.34,ROB
,FG0041,,0,3,,0,0,Y,559.22,538.32,527.76,502.34,
,FG0041,,0,3.83,,0,0,Y,680.54,655.1,642.25,599.33,UP-North
,FG0041,,0,3,,0,0,Y,559.22,538.32,527.76,502.34,ODISHA
,FG0041,,0,3,,0,0,Y,559.22,538.32,527.76,502.34,West Bengal
,FG0041,,0,3,,0,0,Y,559.22,538.32,527.76,502.34,Bihar
,FG0041,,0,3,,0,0,Y,559.22,538.32,527.76,502.34,Jharkhand
,FG0041,,0,3,,0,0,Y,559.22,538.32,527.76,502.34,KOLKATA
,FG0042,,0,8,,0,0,Y,1553.4,1495.33,1466.01,1395.4,ROB
,FG0042,,0,8,,0,0,Y,1553.4,1495.33,1466.01,1395.4,
,FG0042,,0,7.8,,0,0,Y,1442.44,1388.52,1361.29,1270.32,UP-North
,FG0042,,0,8,,0,0,Y,1553.4,1495.33,1466.01,1395.4,ODISHA
,FG0042,,0,8,,0,0,Y,1553.4,1495.33,1466.01,1395.4,West Bengal
,FG0042,,0,8,,0,0,Y,1553.4,1495.33,1466.01,1395.4,Bihar
,FG0042,,0,8,,0,0,Y,1553.4,1495.33,1466.01,1395.4,Jharkhand
,FG0042,,0,8,,0,0,Y,1553.4,1495.33,1466.01,1395.4,KOLKATA
,FG0043,,0,8,,0,0,Y,1553.4,1495.33,1466.01,1395.4,ROB
,FG0043,,0,8,,0,0,Y,1553.4,1495.33,1466.01,1395.4,
,FG0043,,0,7.8,,0,0,Y,1442.44,1388.52,1361.29,1270.32,UP-North
,FG0043,,0,8,,0,0,Y,1553.4,1495.33,1466.01,1395.4,ODISHA
,FG0043,,0,8,,0,0,Y,1553.4,1495.33,1466.01,1395.4,Bihar
,FG0043,,0,8,,0,0,Y,1553.4,1495.33,1466.01,1395.4,Jharkhand
,FG0043,,0,8,,0,0,Y,1553.4,1495.33,1466.01,1395.4,KOLKATA
,FG0044,,0,0,,0,0,Y,0,0,0,0,ROB
,FG0044,,0,0,,0,0,Y,0,0,0,0,
,FG0044,,0,7.8,,0,0,Y,1442.44,1388.52,1361.29,1270.32,UP-North
,FG0044,,0,0,,0,0,Y,0,0,0,0,ODISHA
,FG0044,,0,8,,0,0,Y,1553.4,1495.33,1466.01,1395.4,West Bengal
,FG0044,,0,0,,0,0,Y,0,0,0,0,Bihar
,FG0044,,0,0,,0,0,Y,0,0,0,0,Jharkhand
,FG0044,,0,0,,0,0,Y,0,0,0,0,KOLKATA
,FG0045,,0,0,,0,0,Y,0,0,0,0,ROB
,FG0045,,0,0,,0,0,Y,0,0,0,0,
,FG0045,,0,7.8,,0,0,Y,1442.44,1388.52,1361.29,1270.32,UP-North
,FG0045,,0,0,,0,0,Y,0,0,0,0,ODISHA
,FG0045,,0,8,,0,0,Y,1553.4,1495.33,1466.01,1395.4,West Bengal
,FG0045,,0,0,,0,0,Y,0,0,0,0,Bihar
,FG0045,,0,0,,0,0,Y,0,0,0,0,Jharkhand
,FG0045,,0,0,,0,0,Y,0,0,0,0,KOLKATA
,FG0046,,0,8,,0,0,Y,1553.398058,1495.327103,1466.006964,1395.399737,ROB
,FG0046,,0,8,,0,0,Y,1553.398058,1495.327103,1466.006964,1395.399737,
,FG0046,,0,7.8,,0,0,Y,1442.44,1388.52,1361.29,1270.32,UP-North
,FG0046,,0,8,,0,0,Y,1553.398058,1495.327103,1466.006964,1395.399737,ODISHA
,FG0046,,0,8,,0,0,Y,1553.398058,1495.327103,1466.006964,1395.399737,Bihar
,FG0046,,0,8,,0,0,Y,1553.398058,1495.327103,1466.006964,1395.399737,Jharkhand
,FG0046,,0,8,,0,0,Y,1553.398058,1495.327103,1466.006964,1395.399737,KOLKATA
,FG0047,,0,0,,0,0,Y,0,0,0,0,ROB
,FG0047,,0,0,,0,0,Y,0,0,0,0,
,FG0047,,0,7.8,,0,0,Y,1442.44,1388.52,1361.29,1270.32,UP-North
,FG0047,,0,0,,0,0,Y,0,0,0,0,ODISHA
,FG0047,,0,8,,0,0,Y,1553.4,1495.33,1466.01,1395.4,West Bengal
,FG0047,,0,0,,0,0,Y,0,0,0,0,Bihar
,FG0047,,0,0,,0,0,Y,0,0,0,0,Jharkhand
,FG0047,,0,0,,0,0,Y,0,0,0,0,KOLKATA
,FG0048,,0,0,,0,0,Y,0,0,0,0,ROB
,FG0048,,0,0,,0,0,Y,0,0,0,0,
,FG0048,,0,7.8,,0,0,Y,1442.44,1388.52,1361.29,1270.32,UP-North
,FG0048,,0,0,,0,0,Y,0,0,0,0,ODISHA
,FG0048,,0,8,,0,0,Y,1553.4,1495.33,1466.01,1395.4,West Bengal
,FG0048,,0,0,,0,0,Y,0,0,0,0,Bihar
,FG0048,,0,0,,0,0,Y,0,0,0,0,Jharkhand
,FG0048,,0,0,,0,0,Y,0,0,0,0,KOLKATA
,FG0049,,0,0,,0,0,Y,0,0,0,0,ROB
,FG0049,,0,0,,0,0,Y,0,0,0,0,
,FG0049,,0,7.8,,0,0,Y,1442.44,1388.52,1361.29,1270.32,UP-North
,FG0049,,0,0,,0,0,Y,0,0,0,0,ODISHA
,FG0049,,0,8,,0,0,Y,1553.4,1495.33,1466.01,1395.4,West Bengal
,FG0049,,0,0,,0,0,Y,0,0,0,0,Bihar
,FG0049,,0,0,,0,0,Y,0,0,0,0,Jharkhand
,FG0049,,0,0,,0,0,Y,0,0,0,0,KOLKATA
,FG0050,,0,0,,0,0,Y,0,0,0,0,ROB
,FG0050,,0,0,,0,0,Y,0,0,0,0,
,FG0050,,0,7.8,,0,0,Y,1442.44,1388.52,1361.29,1270.32,UP-North
,FG0050,,0,0,,0,0,Y,0,0,0,0,ODISHA
,FG0050,,0,8,,0,0,Y,1553.4,1495.33,1466.01,1395.4,West Bengal
,FG0050,,0,0,,0,0,Y,0,0,0,0,Bihar
,FG0050,,0,0,,0,0,Y,0,0,0,0,Jharkhand
,FG0050,,0,0,,0,0,Y,0,0,0,0,KOLKATA
,FG0051,,0,8,,0,0,Y,1553.4,1495.33,1466.01,1395.4,ROB
,FG0051,,0,8,,0,0,Y,1553.4,1495.33,1466.01,1395.4,
,FG0051,,0,7.8,,0,0,Y,1442.44,1388.52,1361.29,1270.32,UP-North
,FG0051,,0,8,,0,0,Y,1553.4,1495.33,1466.01,1395.4,ODISHA
,FG0051,,0,8,,0,0,Y,1553.4,1495.33,1466.01,1395.4,West Bengal
,FG0051,,0,8,,0,0,Y,1553.4,1495.33,1466.01,1395.4,Bihar
,FG0051,,0,8,,0,0,Y,1553.4,1495.33,1466.01,1395.4,Jharkhand
,FG0051,,0,8,,0,0,Y,1553.4,1495.33,1466.01,1395.4,KOLKATA
,FG0052,,0,8,,0,0,Y,1553.4,1495.33,1466.01,1395.4,ROB
,FG0052,,0,8,,0,0,Y,1553.4,1495.33,1466.01,1395.4,
,FG0052,,0,7.8,,0,0,Y,1442.44,1388.52,1361.29,1270.32,UP-North
,FG0052,,0,8,,0,0,Y,1553.4,1495.33,1466.01,1395.4,ODISHA
,FG0052,,0,8,,0,0,Y,1553.4,1495.33,1466.01,1395.4,West Bengal
,FG0052,,0,8,,0,0,Y,1553.4,1495.33,1466.01,1395.4,Bihar
,FG0052,,0,8,,0,0,Y,1553.4,1495.33,1466.01,1395.4,Jharkhand
,FG0052,,0,8,,0,0,Y,1553.4,1495.33,1466.01,1395.4,KOLKATA
,FG0053,,0,8,,0,0,Y,1553.398058,1495.327103,1466.006964,1395.399737,ROB
,FG0053,,0,8,,0,0,Y,1553.398058,1495.327103,1466.006964,1395.399737,
,FG0053,,0,7.8,,0,0,Y,1442.44,1388.52,1361.29,1270.32,UP-North
,FG0053,,0,8,,0,0,Y,1553.398058,1495.327103,1466.006964,1395.399737,ODISHA
,FG0053,,0,8,,0,0,Y,1553.398058,1495.327103,1466.006964,1395.399737,Bihar
,FG0053,,0,8,,0,0,Y,1553.398058,1495.327103,1466.006964,1395.399737,Jharkhand
,FG0053,,0,8,,0,0,Y,1553.4,1495.33,1466.01,1395.4,KOLKATA
,FG0054,,0,8,,0,0,Y,1553.398058,1495.327103,1466.006964,1395.399737,ROB
,FG0054,,0,8,,0,0,Y,1553.398058,1495.327103,1466.006964,1395.399737,
,FG0054,,0,7.8,,0,0,Y,1442.44,1388.52,1361.29,1270.32,UP-North
,FG0054,,0,8,,0,0,Y,1553.398058,1495.327103,1466.006964,1395.399737,ODISHA
,FG0054,,0,8,,0,0,Y,1553.398058,1495.327103,1466.006964,1395.399737,Bihar
,FG0054,,0,8,,0,0,Y,1553.398058,1495.327103,1466.006964,1395.399737,Jharkhand
,FG0054,,0,8,,0,0,Y,1553.4,1495.33,1466.01,1395.4,KOLKATA
,FG0055,,0,8,,0,0,Y,1553.398058,1495.327103,1466.006964,1395.399737,ROB
,FG0055,,0,8,,0,0,Y,1553.398058,1495.327103,1466.006964,1395.399737,
,FG0055,,0,7.8,,0,0,Y,1442.44,1388.52,1361.29,1270.32,UP-North
,FG0055,,0,8,,0,0,Y,1553.398058,1495.327103,1466.006964,1395.399737,ODISHA
,FG0055,,0,8,,0,0,Y,1553.398058,1495.327103,1466.006964,1395.399737,Bihar
,FG0055,,0,8,,0,0,Y,1553.398058,1495.327103,1466.006964,1395.399737,Jharkhand
,FG0055,,0,8,,0,0,Y,1553.4,1495.33,1466.01,1395.4,KOLKATA
,FG0056,,0,0,,0,0,Y,0,0,0,0,ROB
,FG0056,,0,0,,0,0,Y,0,0,0,0,
,FG0056,,0,80,,0,0,Y,1479.43,1424.12,1396.2,1302.89,UP-North
,FG0056,,0,0,,0,0,Y,0,0,0,0,ODISHA
,FG0056,,0,80,,0,0,Y,1553.4,1495.33,1466.01,1395.4,West Bengal
,FG0056,,0,0,,0,0,Y,0,0,0,0,Bihar
,FG0056,,0,0,,0,0,Y,0,0,0,0,Jharkhand
,FG0056,,0,0,,0,0,Y,0,0,0,0,KOLKATA
,FG0057,,0,8,,0,0,Y,1553.4,1495.33,1466.01,1395.4,ROB
,FG0057,,0,8,,0,0,Y,1553.4,1495.33,1466.01,1395.4,
,FG0057,,0,7.8,,0,0,Y,1442.44,1388.52,1361.29,1270.32,UP-North
,FG0057,,0,8,,0,0,Y,1553.4,1495.33,1466.01,1395.4,ODISHA
,FG0057,,0,7.7,,0,0,Y,1495.15,1439.25,1411.03,1343.07,West Bengal
,FG0057,,0,8,,0,0,Y,1553.4,1495.33,1466.01,1395.4,Bihar
,FG0057,,0,8,,0,0,Y,1553.4,1495.33,1466.01,1395.4,Jharkhand
,FG0057,,0,8,,0,0,Y,1553.4,1495.33,1466.01,1395.4,KOLKATA
,FG0058,,0,0,,0,0,Y,0,0,0,0,ROB
,FG0058,,0,0,,0,0,Y,0,0,0,0,
,FG0058,,0,7.8,,0,0,Y,1442.44,1388.52,1361.29,1270.32,UP-North
,FG0058,,0,0,,0,0,Y,0,0,0,0,ODISHA
,FG0058,,0,8,,0,0,Y,1553.4,1495.33,1466.01,1395.4,West Bengal
,FG0058,,0,0,,0,0,Y,0,0,0,0,Bihar
,FG0058,,0,0,,0,0,Y,0,0,0,0,Jharkhand
,FG0058,,0,0,,0,0,Y,0,0,0,0,KOLKATA
,FG0059,,0,0,,0,0,Y,0,0,0,0,ROB
,FG0059,,0,0,,0,0,Y,0,0,0,0,
,FG0059,,0,7.8,,0,0,Y,1442.44,1388.52,1361.29,1270.32,UP-North
,FG0059,,0,0,,0,0,Y,0,0,0,0,ODISHA
,FG0059,,0,8,,0,0,Y,1553.4,1495.33,1466.01,1395.4,West Bengal
,FG0059,,0,0,,0,0,Y,0,0,0,0,Bihar
,FG0059,,0,0,,0,0,Y,0,0,0,0,Jharkhand
,FG0059,,0,0,,0,0,Y,0,0,0,0,KOLKATA
,FG0060,,0,8,,0,0,Y,1553.4,1495.33,1466.01,1395.4,ROB
,FG0060,,0,8,,0,0,Y,1553.4,1495.33,1466.01,1395.4,
,FG0060,,0,7.8,,0,0,Y,1442.44,1388.52,1361.29,1270.32,UP-North
,FG0060,,0,8,,0,0,Y,1553.4,1495.33,1466.01,1395.4,ODISHA
,FG0060,,0,7.7,,0,0,Y,1495.15,1439.25,1411.03,1343.07,West Bengal
,FG0060,,0,8,,0,0,Y,1553.4,1495.33,1466.01,1395.4,Bihar
,FG0060,,0,8,,0,0,Y,1553.4,1495.33,1466.01,1395.4,Jharkhand
,FG0060,,0,8,,0,0,Y,1553.4,1495.33,1466.01,1395.4,KOLKATA
,FG0061,,0,0,,0,0,Y,0,0,0,0,ROB
,FG0061,,0,0,,0,0,Y,0,0,0,0,
,FG0061,,0,7.8,,0,0,Y,1442.44,1388.52,1361.29,1270.32,UP-North
,FG0061,,0,0,,0,0,Y,0,0,0,0,ODISHA
,FG0061,,0,7.7,,0,0,Y,1495.15,1439.25,1411.03,1343.07,West Bengal
,FG0061,,0,0,,0,0,Y,0,0,0,0,Bihar
,FG0061,,0,0,,0,0,Y,0,0,0,0,Jharkhand
,FG0061,,0,0,,0,0,Y,0,0,0,0,KOLKATA
,FG0062,,0,0,,0,0,Y,0,0,0,0,ROB
,FG0062,,0,0,,0,0,Y,0,0,0,0,
,FG0062,,0,7.8,,0,0,Y,1442.44,1388.52,1361.29,1270.32,UP-North
,FG0062,,0,0,,0,0,Y,0,0,0,0,ODISHA
,FG0062,,0,7.7,,0,0,Y,1495.15,1439.25,1411.03,1343.07,West Bengal
,FG0062,,0,0,,0,0,Y,0,0,0,0,Bihar
,FG0062,,0,0,,0,0,Y,0,0,0,0,Jharkhand
,FG0062,,0,0,,0,0,Y,0,0,0,0,KOLKATA
,FG0063,,0,8,,0,0,Y,1553.4,1495.33,1466.01,1395.4,ROB
,FG0063,,0,8,,0,0,Y,1553.4,1495.33,1466.01,1395.4,
,FG0063,,0,7.8,,0,0,Y,1442.44,1388.52,1361.29,1270.32,UP-North
,FG0063,,0,8,,0,0,Y,1553.4,1495.33,1466.01,1395.4,ODISHA
,FG0063,,0,7.7,,0,0,Y,1495.15,1439.25,1411.03,1343.07,West Bengal
,FG0063,,0,8,,0,0,Y,1553.4,1495.33,1466.01,1395.4,Bihar
,FG0063,,0,8,,0,0,Y,1553.4,1495.33,1466.01,1395.4,Jharkhand
,FG0063,,0,8,,0,0,Y,1553.4,1495.33,1466.01,1395.4,KOLKATA
,FG0064,,0,8,,0,0,Y,1553.4,1495.33,1466.01,1395.4,ROB
,FG0064,,0,8,,0,0,Y,1553.4,1495.33,1466.01,1395.4,
,FG0064,,0,7.8,,0,0,Y,1442.44,1388.52,1361.29,1270.32,UP-North
,FG0064,,0,8,,0,0,Y,1553.4,1495.33,1466.01,1395.4,ODISHA
,FG0064,,0,7.7,,0,0,Y,1495.15,1439.25,1411.03,1343.07,West Bengal
,FG0064,,0,8,,0,0,Y,1553.4,1495.33,1466.01,1395.4,Bihar
,FG0064,,0,8,,0,0,Y,1553.4,1495.33,1466.01,1395.4,Jharkhand
,FG0064,,0,8,,0,0,Y,1553.4,1495.33,1466.01,1395.4,KOLKATA
,FG0065,,0,8,,0,0,Y,1553.398058,1495.327103,1466.006964,1395.399737,ROB
,FG0065,,0,8,,0,0,Y,1553.398058,1495.327103,1466.006964,1395.399737,
,FG0065,,0,7.8,,0,0,Y,1442.44,1388.52,1361.29,1270.32,UP-North
,FG0065,,0,8,,0,0,Y,1553.398058,1495.327103,1466.006964,1395.399737,ODISHA
,FG0065,,0,8,,0,0,Y,1553.398058,1495.327103,1466.006964,1395.399737,Bihar
,FG0065,,0,8,,0,0,Y,1553.398058,1495.327103,1466.006964,1395.399737,Jharkhand
,FG0065,,0,8,,0,0,Y,1553.4,1495.33,1466.01,1395.4,KOLKATA
,FG0066,,0,8,,0,0,Y,1553.398058,1495.327103,1466.006964,1395.399737,ROB
,FG0066,,0,8,,0,0,Y,1553.398058,1495.327103,1466.006964,1395.399737,
,FG0066,,0,7.8,,0,0,Y,1442.44,1388.52,1361.29,1270.32,UP-North
,FG0066,,0,8,,0,0,Y,1553.398058,1495.327103,1466.006964,1395.399737,ODISHA
,FG0066,,0,8,,0,0,Y,1553.398058,1495.327103,1466.006964,1395.399737,Bihar
,FG0066,,0,8,,0,0,Y,1553.398058,1495.327103,1466.006964,1395.399737,Jharkhand
,FG0066,,0,8,,0,0,Y,1553.4,1495.33,1466.01,1395.4,KOLKATA
,FG0067,,0,8,,0,0,Y,1553.4,1495.33,1466.01,1395.4,ROB
,FG0067,,0,8,,0,0,Y,1553.4,1495.33,1466.01,1395.4,
,FG0067,,0,7.8,,0,0,N,1442.44,1388.52,1361.29,1270.32,UP-North
,FG0067,,0,8,,0,0,Y,1553.4,1495.33,1466.01,1395.4,ODISHA
,FG0067,,0,7.7,,0,0,Y,1495.15,1439.25,1411.03,1343.07,West Bengal
,FG0067,,0,8,,0,0,Y,1553.4,1495.33,1466.01,1395.4,Bihar
,FG0067,,0,8,,0,0,Y,1553.4,1495.33,1466.01,1395.4,Jharkhand
,FG0067,,0,8,,0,0,Y,1553.4,1495.33,1466.01,1395.4,KOLKATA
,FG0068,,0,8,,0,0,Y,1553.4,1495.33,1466.01,1395.4,ROB
,FG0068,,0,8,,0,0,Y,1553.4,1495.33,1466.01,1395.4,
,FG0068,,0,7.8,,0,0,Y,1442.44,1388.52,1361.29,1270.32,UP-North
,FG0068,,0,8,,0,0,Y,1553.4,1495.33,1466.01,1395.4,ODISHA
,FG0068,,0,7.7,,0,0,Y,1495.15,1439.25,1411.03,1343.07,West Bengal
,FG0068,,0,8,,0,0,Y,1553.4,1495.33,1466.01,1395.4,Bihar
,FG0068,,0,8,,0,0,Y,1553.4,1495.33,1466.01,1395.4,Jharkhand
,FG0068,,0,8,,0,0,Y,1553.4,1495.33,1466.01,1395.4,KOLKATA
,FG0069,,0,8,,0,0,Y,1553.4,1495.33,1466.01,1395.4,ROB
,FG0069,,0,8,,0,0,Y,1553.4,1495.33,1466.01,1395.4,
,FG0069,,0,7.8,,0,0,Y,1442.44,1388.52,1361.29,1270.32,UP-North
,FG0069,,0,8,,0,0,Y,1553.4,1495.33,1466.01,1395.4,ODISHA
,FG0069,,0,7.7,,0,0,Y,1495.15,1439.25,1411.03,1343.07,West Bengal
,FG0069,,0,8,,0,0,Y,1553.4,1495.33,1466.01,1395.4,Bihar
,FG0069,,0,8,,0,0,Y,1553.4,1495.33,1466.01,1395.4,Jharkhand
,FG0069,,0,8,,0,0,Y,1553.4,1495.33,1466.01,1395.4,KOLKATA
,FG0070,,0,8,,0,0,Y,1553.4,1495.33,1466.01,1395.4,ROB
,FG0070,,0,8,,0,0,Y,1553.4,1495.33,1466.01,1395.4,
,FG0070,,0,7.8,,0,0,Y,1442.44,1388.52,1361.29,1295.73,UP-North
,FG0070,,0,8,,0,0,Y,1553.4,1495.33,1466.01,1395.4,ODISHA
,FG0070,,0,7.7,,0,0,Y,1495.15,1439.25,1411.03,1343.07,West Bengal
,FG0070,,0,8,,0,0,Y,1553.4,1495.33,1466.01,1395.4,Bihar
,FG0070,,0,8,,0,0,Y,1553.4,1495.33,1466.01,1395.4,Jharkhand
,FG0070,,0,8,,0,0,Y,1553.4,1495.33,1466.01,1395.4,KOLKATA
,FG0071,,0,7,,0,0,Y,1359.223301,1308.411215,1282.756093,1220.97477,ROB
,FG0071,,0,7,,0,0,Y,1359.223301,1308.411215,1282.756093,1220.97477,
,FG0071,,0,7.8,,0,0,Y,1298.2,1249.67,1225.16,1143.29,UP-North
,FG0071,,0,7,,0,0,Y,1359.223301,1308.411215,1282.756093,1220.97477,ODISHA
,FG0071,,0,7,,0,0,Y,1359.223301,1308.411215,1282.756093,1220.97477,Bihar
,FG0071,,0,7,,0,0,Y,1359.223301,1308.411215,1282.756093,1220.97477,Jharkhand
,FG0071,,0,7,,0,0,Y,1359.223301,1308.411215,1282.756093,1220.97477,KOLKATA
,FG0072,,0,8,,0,0,Y,1553.398058,1495.327103,1466.006964,1395.399737,ROB
,FG0072,,0,8,,0,0,Y,1553.398058,1495.327103,1466.006964,1395.399737,
,FG0072,,0,6.82,,0,0,Y,1261.21,1214.06,1190.26,1110.72,UP-North
,FG0072,,0,8,,0,0,Y,1553.398058,1495.327103,1466.006964,1395.399737,ODISHA
,FG0072,,0,8,,0,0,Y,1553.398058,1495.327103,1466.006964,1395.399737,Bihar
,FG0072,,0,8,,0,0,Y,1553.398058,1495.327103,1466.006964,1395.399737,Jharkhand
,FG0072,,0,8,,0,0,Y,1553.398058,1495.327103,1466.006964,1395.399737,KOLKATA
,FG0073,,0,8,,0,0,Y,1553.398058,1495.327103,1466.006964,1395.399737,ROB
,FG0073,,0,8,,0,0,Y,1553.398058,1495.327103,1466.006964,1395.399737,
,FG0073,,0,6.82,,0,0,Y,1261.21,1214.06,1190.26,1110.72,UP-North
,FG0073,,0,8,,0,0,Y,1553.398058,1495.327103,1466.006964,1395.399737,ODISHA
,FG0073,,0,8,,0,0,Y,1553.398058,1495.327103,1466.006964,1395.399737,Bihar
,FG0073,,0,8,,0,0,Y,1553.398058,1495.327103,1466.006964,1395.399737,Jharkhand
,FG0073,,0,8,,0,0,Y,1553.398058,1495.327103,1466.006964,1395.399737,KOLKATA
,FG0074,,0,8,,0,0,Y,1553.398058,1495.327103,1466.006964,1395.399737,ROB
,FG0074,,0,8,,0,0,Y,1553.398058,1495.327103,1466.006964,1395.399737,
,FG0074,,0,6.82,,0,0,Y,1261.21,1214.06,1190.26,1110.72,UP-North
,FG0074,,0,8,,0,0,Y,1553.398058,1495.327103,1466.006964,1395.399737,ODISHA
,FG0074,,0,8,,0,0,Y,1553.398058,1495.327103,1466.006964,1395.399737,Bihar
,FG0074,,0,8,,0,0,Y,1553.398058,1495.327103,1466.006964,1395.399737,Jharkhand
,FG0074,,0,8,,0,0,Y,1553.398058,1495.327103,1466.006964,1395.399737,KOLKATA
,FG0075,,0,8,,0,0,Y,1553.398058,1495.327103,1466.006964,1395.399737,ROB
,FG0075,,0,8,,0,0,Y,1553.398058,1495.327103,1466.006964,1395.399737,
,FG0075,,0,6.82,,0,0,Y,1261.21,1214.06,1190.26,1110.72,UP-North
,FG0075,,0,8,,0,0,Y,1553.398058,1495.327103,1466.006964,1395.399737,ODISHA
,FG0075,,0,8,,0,0,Y,1553.398058,1495.327103,1466.006964,1395.399737,Bihar
,FG0075,,0,8,,0,0,Y,1553.398058,1495.327103,1466.006964,1395.399737,Jharkhand
,FG0075,,0,8,,0,0,Y,1553.398058,1495.327103,1466.006964,1395.399737,KOLKATA
,FG0076,,0,8,,0,0,Y,1553.398058,1495.327103,1466.006964,1395.399737,ROB
,FG0076,,0,8,,0,0,Y,1553.398058,1495.327103,1466.006964,1395.399737,
,FG0076,,0,6.82,,0,0,Y,1261.21,1214.06,1190.26,1110.72,UP-North
,FG0076,,0,8,,0,0,Y,1553.398058,1495.327103,1466.006964,1395.399737,ODISHA
,FG0076,,0,8,,0,0,Y,1553.398058,1495.327103,1466.006964,1395.399737,Bihar
,FG0076,,0,8,,0,0,Y,1553.398058,1495.327103,1466.006964,1395.399737,Jharkhand
,FG0076,,0,8,,0,0,Y,1553.398058,1495.327103,1466.006964,1395.399737,KOLKATA
,FG0077,,0,8,,0,0,Y,932.04,897.2,879.6,837.24,ROB
,FG0077,,0,8,,0,0,Y,932.04,897.2,879.6,837.24,
,FG0077,,0,8,,0,0,Y,887.66,854.47,837.72,781.74,UP-North
,FG0077,,0,8,,0,0,Y,932.04,897.2,879.6,837.24,ODISHA
,FG0077,,0,8,,0,0,Y,932.04,897.2,879.6,837.24,West Bengal
,FG0077,,0,8,,0,0,Y,932.04,897.2,879.6,837.24,Bihar
,FG0077,,0,8,,0,0,Y,932.04,897.2,879.6,837.24,Jharkhand
,FG0077,,0,8,,0,0,Y,932.04,897.2,879.6,837.24,KOLKATA
,FG0078,,0,8,,0,0,Y,932.04,897.2,879.6,837.24,ROB
,FG0078,,0,8,,0,0,Y,932.04,897.2,879.6,837.24,
,FG0078,,0,8,,0,0,Y,887.66,854.47,837.72,781.74,UP-North
,FG0078,,0,8,,0,0,Y,932.04,897.2,879.6,837.24,ODISHA
,FG0078,,0,8,,0,0,Y,932.04,897.2,879.6,837.24,West Bengal
,FG0078,,0,8,,0,0,Y,932.04,897.2,879.6,837.24,Bihar
,FG0078,,0,8,,0,0,Y,932.04,897.2,879.6,837.24,Jharkhand
,FG0078,,0,8,,0,0,Y,932.04,897.2,879.6,837.24,KOLKATA
,FG0079,,0,8,,0,0,Y,932.04,897.2,879.6,837.24,ROB
,FG0079,,0,8,,0,0,Y,932.04,897.2,879.6,837.24,
,FG0079,,0,8,,0,0,Y,887.66,854.47,837.72,781.74,UP-North
,FG0079,,0,8,,0,0,Y,932.04,897.2,879.6,837.24,ODISHA
,FG0079,,0,8,,0,0,Y,932.04,897.2,879.6,837.24,West Bengal
,FG0079,,0,8,,0,0,Y,932.04,897.2,879.6,837.24,Bihar
,FG0079,,0,8,,0,0,Y,932.04,897.2,879.6,837.24,Jharkhand
,FG0079,,0,8,,0,0,Y,932.04,897.2,879.6,837.24,KOLKATA
,FG0080,,0,8,,0,0,Y,932.04,897.2,879.6,837.24,ROB
,FG0080,,0,8,,0,0,Y,932.04,897.2,879.6,837.24,
,FG0080,,0,8,,0,0,Y,887.66,854.47,837.72,781.74,UP-North
,FG0080,,0,8,,0,0,Y,932.04,897.2,879.6,837.24,ODISHA
,FG0080,,0,8,,0,0,Y,932.04,897.2,879.6,837.24,West Bengal
,FG0080,,0,8,,0,0,Y,932.04,897.2,879.6,837.24,Bihar
,FG0080,,0,8,,0,0,Y,932.04,897.2,879.6,837.24,Jharkhand
,FG0080,,0,8,,0,0,Y,932.04,897.2,879.6,837.24,KOLKATA
,FG0081,,0,7.8,,0,0,Y,692.371706,666.4886515,653.42,0,ROB
,FG0081,,0,7.834061135,,0,0,Y,634.9260186,611.1904665,599.2063397,559.1635216,
,FG0081,,0,7.8,,0,0,Y,692.37,666.49,653.42,609.75,UP-North
,FG0081,,0,7.834061135,,0,0,Y,634.9260186,611.1904665,599.2063397,559.1635216,Bihar
,FG0081,,0,7.8,,0,0,Y,692.371706,666.4886515,653.42,609.7545069,Jharkhand
,FG0081,,0,7.8,,0,0,Y,692.371706,666.4886515,653.42,0,KOLKATA
,FG0082,,0,7.8,,0,0,Y,692.371706,666.4886515,653.42,0,ROB
,FG0082,,0,7.834061135,,0,0,Y,634.9260186,611.1904665,599.2063397,559.1635216,
,FG0082,,0,7.8,,0,0,Y,692.37,666.49,653.42,609.75,UP-North
,FG0082,,0,7.834061135,,0,0,Y,634.9260186,611.1904665,599.2063397,559.1635216,Bihar
,FG0082,,0,7.8,,0,0,Y,692.371706,666.4886515,653.42,609.7545069,Jharkhand
,FG0082,,0,7.8,,0,0,Y,692.371706,666.4886515,653.42,0,KOLKATA
,FG0083,,0,8,,0,0,Y,745.631068,717.7570093,703.6833425,669.7918737,ROB
,FG0083,,0,8,,0,0,Y,745.631068,717.7570093,703.6833425,669.7918737,
,FG0083,,0,7.8,,0,0,Y,692.37,666.49,653.42,609.75,UP-North
,FG0083,,0,8,,0,0,Y,745.631068,717.7570093,703.6833425,669.7918737,ODISHA
,FG0083,,0,8,,0,0,Y,745.631068,717.7570093,703.6833425,669.7918737,Bihar
,FG0083,,0,8,,0,0,Y,745.631068,717.7570093,703.6833425,669.7918737,Jharkhand
,FG0083,,0,8,,0,0,Y,745.631068,717.7570093,703.6833425,669.7918737,KOLKATA
,FG0084,,0,7.8,,0,0,Y,692.371706,666.4886515,653.42,0,ROB
,FG0084,,0,7.834061135,,0,0,Y,634.9260186,611.1904665,599.2063397,559.1635216,
,FG0084,,0,7.8,,0,0,Y,692.37,666.49,653.42,609.75,UP-North
,FG0084,,0,7.834061135,,0,0,Y,634.9260186,611.1904665,599.2063397,559.1635216,Bihar
,FG0084,,0,7.8,,0,0,Y,692.371706,666.4886515,653.42,609.7545069,Jharkhand
,FG0084,,0,7.8,,0,0,Y,692.371706,666.4886515,653.42,0,KOLKATA
,FG0085,,0,7.8,,0,0,Y,692.371706,666.4886515,653.42,0,ROB
,FG0085,,0,7.834061135,,0,0,Y,634.9260186,611.1904665,599.2063397,559.1635216,
,FG0085,,0,7.8,,0,0,Y,692.37,666.49,653.42,609.75,UP-North
,FG0085,,0,7.834061135,,0,0,Y,634.9260186,611.1904665,599.2063397,559.1635216,Bihar
,FG0085,,0,7.8,,0,0,Y,692.371706,666.4886515,653.42,609.7545069,Jharkhand
,FG0085,,0,7.8,,0,0,Y,692.371706,666.4886515,653.42,0,KOLKATA
,FG0086,,0,72,,0,0,Y,1747.57,1698.11,1664.82,1584.63,ROB
,FG0086,,0,72,,0,0,Y,1747.57,1698.11,1664.82,1584.63,
,FG0086,,0,68,,0,0,Y,1571.89,1513.13,1483.46,1384.33,UP-North
,FG0086,,0,72,,0,0,Y,1747.57,1698.11,1664.82,1584.63,ODISHA
,FG0086,,0,69.6,,0,0,Y,1689.32,1641.51,1609.32,1531.81,West Bengal
,FG0086,,0,72,,0,0,Y,1747.57,1698.11,1664.82,1584.63,Bihar
,FG0086,,0,72,,0,0,Y,1747.57,1698.11,1664.82,1584.63,Jharkhand
,FG0086,,0,72,,0,0,Y,1747.57,1698.11,1664.82,1584.63,KOLKATA
,FG0087,,0,28,,0,0,Y,1631.07,1584.91,1553.83,1478.99,ROB
,FG0087,,0,28,,0,0,Y,1631.07,1584.91,1553.83,1478.99,
,FG0087,,0,28,,0,0,Y,1553.4,1495.33,1466.01,1368.04,UP-North
,FG0087,,0,28,,0,0,Y,1631.07,1584.91,1553.83,1478.99,ODISHA
,FG0087,,0,28,,0,0,Y,1631.07,1584.91,1553.83,1478.99,West Bengal
,FG0087,,0,28,,0,0,Y,1631.07,1584.91,1553.83,1478.99,Bihar
,FG0087,,0,28,,0,0,Y,1631.07,1584.91,1553.83,1478.99,Jharkhand
,FG0087,,0,28,,0,0,Y,1631.07,1584.91,1553.83,1478.99,KOLKATA
,FG0088,,0,168,,0,0,Y,1631.07,1584.91,1553.83,1478.99,ROB
,FG0088,,0,168,,0,0,Y,1631.07,1584.91,1553.83,1478.99,
,FG0088,,0,157.5,,0,0,Y,1456.31,1401.87,1374.38,1282.54,UP-North
,FG0088,,0,168,,0,0,Y,1631.07,1584.91,1553.83,1478.99,ODISHA
,FG0088,,0,168,,0,0,Y,1631.07,1584.91,1553.83,1478.99,West Bengal
,FG0088,,0,168,,0,0,Y,1631.07,1584.91,1553.83,1478.99,Bihar
,FG0088,,0,168,,0,0,Y,1631.07,1584.91,1553.83,1478.99,Jharkhand
,FG0088,,0,168,,0,0,Y,1631.07,1584.91,1553.83,1478.99,KOLKATA
,FG0089,,0,72,,0,0,Y,1747.57,1698.11,1664.82,1584.63,ROB
,FG0089,,0,72,,0,0,Y,1747.57,1698.11,1664.82,1584.63,
,FG0089,,0,65.25,,0,0,Y,1508.32,1451.94,1423.47,1328.34,UP-North
,FG0089,,0,72,,0,0,Y,1747.57,1698.11,1664.82,1584.63,ODISHA
,FG0089,,0,69.6,,0,0,Y,1689.32,1641.51,1609.32,1531.81,West Bengal
,FG0089,,0,72,,0,0,Y,1747.57,1698.11,1664.82,1584.63,Bihar
,FG0089,,0,72,,0,0,Y,1747.57,1698.11,1664.82,1584.63,Jharkhand
,FG0089,,0,72,,0,0,Y,1747.57,1698.11,1664.82,1584.63,KOLKATA
,FG0090,,0,28,,0,0,Y,1631.07,1584.91,1553.83,1478.99,ROB
,FG0090,,0,28,,0,0,Y,1631.07,1584.91,1553.83,1478.99,
,FG0090,,0,26.25,,0,0,Y,1456.31,1401.87,1374.38,1282.54,UP-North
,FG0090,,0,28,,0,0,Y,1631.07,1584.91,1553.83,1478.99,ODISHA
,FG0090,,0,28,,0,0,Y,1631.07,1584.91,1553.83,1478.99,West Bengal
,FG0090,,0,28,,0,0,Y,1631.07,1584.91,1553.83,1478.99,Bihar
,FG0090,,0,28,,0,0,Y,1631.07,1584.91,1553.83,1478.99,Jharkhand
,FG0090,,0,28,,0,0,Y,1631.07,1584.91,1553.83,1478.99,KOLKATA
,FG0091,,0,77.6,,0,0,Y,1883.5,1830.19,1794.3,1707.88,ROB
,FG0091,,0,77.6,,0,0,Y,1883.5,1830.19,1794.3,1707.88,
,FG0091,,0,77.6,,0,0,Y,1793.8,1726.75,1692.89,1579.76,UP-North
,FG0091,,0,77.6,,0,0,Y,1883.5,1830.19,1794.3,1707.88,ODISHA
,FG0091,,0,77.6,,0,0,Y,1883.5,1830.19,1794.3,1707.88,West Bengal
,FG0091,,0,77.6,,0,0,Y,1883.5,1830.19,1794.3,1707.88,Bihar
,FG0091,,0,77.6,,0,0,Y,1883.5,1830.19,1794.3,1707.88,Jharkhand
,FG0091,,0,77.6,,0,0,Y,1883.5,1830.19,1794.3,1707.88,KOLKATA
,FG0092,,0,30.4,,0,0,Y,1770.87,1720.75,1687.01,1605.76,ROB
,FG0092,,0,30.4,,0,0,Y,1770.87,1720.75,1687.01,1605.76,
,FG0092,,0,30.4,,0,0,Y,1686.55,1623.5,1591.66,1485.3,UP-North
,FG0092,,0,30.4,,0,0,Y,1770.87,1720.75,1687.01,1605.76,ODISHA
,FG0092,,0,30.4,,0,0,Y,1770.87,1720.75,1687.01,1605.76,West Bengal
,FG0092,,0,30.4,,0,0,Y,1770.87,1720.75,1687.01,1605.76,Bihar
,FG0092,,0,30.4,,0,0,Y,1770.87,1720.75,1687.01,1605.76,Jharkhand
,FG0092,,0,30.4,,0,0,Y,1770.87,1720.75,1687.01,1605.76,KOLKATA
,FG0093,,0,112,,0,0,Y,1631.07,1584.91,1553.83,1478.99,ROB
,FG0093,,0,112,,0,0,Y,1631.07,1584.91,1553.83,1478.99,
,FG0093,,0,108,,0,0,Y,1497.92,1441.92,1413.65,1319.18,UP-North
,FG0093,,0,112,,0,0,Y,1631.07,1584.91,1553.83,1478.99,ODISHA
,FG0093,,0,112,,0,0,Y,1631.07,1584.91,1553.83,1478.99,West Bengal
,FG0093,,0,112,,0,0,Y,1631.07,1584.91,1553.83,1478.99,Bihar
,FG0093,,0,112,,0,0,Y,1631.07,1584.91,1553.83,1478.99,Jharkhand
,FG0093,,0,112,,0,0,Y,1631.07,1584.91,1553.83,1478.99,KOLKATA
,FG0094,,0,128,,0,0,Y,1864.08,1811.32,1775.8,1690.28,ROB
,FG0094,,0,128,,0,0,Y,1864.08,1811.32,1775.8,1690.28,
,FG0094,,0,124,,0,0,Y,1719.83,1655.54,1623.08,1514.61,UP-North
,FG0094,,0,128,,0,0,Y,1864.08,1811.32,1775.8,1690.28,ODISHA
,FG0094,,0,128,,0,0,Y,1864.08,1811.32,1775.8,1690.28,West Bengal
,FG0094,,0,128,,0,0,Y,1864.08,1811.32,1775.8,1690.28,Bihar
,FG0094,,0,128,,0,0,Y,1864.08,1811.32,1775.8,1690.28,Jharkhand
,FG0094,,0,128,,0,0,Y,1864.08,1811.32,1775.8,1690.28,KOLKATA
,FG0095,,0,30.4,,0,0,Y,1770.87,1720.75,1687.01,1605.76,ROB
,FG0095,,0,30.4,,0,0,Y,1770.87,1720.75,1687.01,1605.76,
,FG0095,,0,28,,0,0,Y,1553.4,1495.33,1466.01,1368.04,UP-North
,FG0095,,0,30.4,,0,0,Y,1770.87,1720.75,1687.01,1605.76,ODISHA
,FG0095,,0,30.4,,0,0,Y,1770.87,1720.75,1687.01,1605.76,West Bengal
,FG0095,,0,30.4,,0,0,Y,1770.87,1720.75,1687.01,1605.76,Bihar
,FG0095,,0,30.4,,0,0,Y,1770.87,1720.75,1687.01,1605.76,Jharkhand
,FG0095,,0,30.4,,0,0,Y,1770.87,1720.75,1687.01,1605.76,KOLKATA
,FG0096,,0,72,,0,0,Y,1747.57,1698.11,1664.82,1584.63,ROB
,FG0096,,0,72,,0,0,Y,1747.57,1698.11,1664.82,1584.63,
,FG0096,,0,65.25,,0,0,Y,1508.32,1451.94,1423.47,1328.34,UP-North
,FG0096,,0,72,,0,0,Y,1747.57,1698.11,1664.82,1584.63,ODISHA
,FG0096,,0,69.6,,0,0,Y,1689.32,1641.51,1609.32,1531.81,West Bengal
,FG0096,,0,72,,0,0,Y,1747.57,1698.11,1664.82,1584.63,Bihar
,FG0096,,0,72,,0,0,Y,1747.57,1698.11,1664.82,1584.63,Jharkhand
,FG0096,,0,72,,0,0,Y,1747.57,1698.11,1664.82,1584.63,KOLKATA
,FG0097,,0,36.8,,0,0,Y,1786.41,1735.85,1701.81,1619.85,ROB
,FG0097,,0,36.8,,0,0,Y,1786.41,1735.85,1701.81,1619.85,
,FG0097,,0,34.5,,0,0,Y,1595.01,1535.38,1505.28,1404.68,UP-North
,FG0097,,0,36.8,,0,0,Y,1786.41,1735.85,1701.81,1619.85,ODISHA
,FG0097,,0,36.8,,0,0,Y,1786.41,1735.85,1701.81,1619.85,West Bengal
,FG0097,,0,36.8,,0,0,Y,1786.41,1735.85,1701.81,1619.85,Bihar
,FG0097,,0,36.8,,0,0,Y,1786.41,1735.85,1701.81,1619.85,Jharkhand
,FG0097,,0,36.8,,0,0,Y,1786.41,1735.85,1701.81,1619.85,KOLKATA
,FG0098,,0,28,,0,0,Y,1631.07,1584.91,1553.83,1478.99,ROB
,FG0098,,0,26.25,,0,0,Y,1456.31,1401.87,1374.38,1282.54,UP-North
,FG0098,,0,28,,0,0,Y,1631.07,1584.91,1553.83,1478.99,
,FG0098,,0,28,,0,0,Y,1631.07,1584.91,1553.83,1478.99,ODISHA
,FG0098,,0,28,,0,0,Y,1631.07,1584.91,1553.83,1478.99,West Bengal
,FG0098,,0,28,,0,0,Y,1631.07,1584.91,1553.83,1478.99,Bihar
,FG0098,,0,28,,0,0,Y,1631.07,1584.91,1553.83,1478.99,Jharkhand
,FG0098,,0,28,,0,0,Y,1631.07,1584.91,1553.83,1478.99,KOLKATA
,FG0099,,0,77.6,,0,0,Y,1883.5,1830.19,1794.3,1707.88,ROB
,FG0099,,0,77.6,,0,0,Y,1883.5,1830.19,1794.3,1707.88,
,FG0099,,0,77.6,,0,0,Y,1793.8,1726.75,1692.89,1579.76,UP-North
,FG0099,,0,77.6,,0,0,Y,1883.5,1830.19,1794.3,1707.88,ODISHA
,FG0099,,0,77.6,,0,0,Y,1883.5,1830.19,1794.3,1707.88,West Bengal
,FG0099,,0,77.6,,0,0,Y,1883.5,1830.19,1794.3,1707.88,Bihar
,FG0099,,0,77.6,,0,0,Y,1883.5,1830.19,1794.3,1707.88,Jharkhand
,FG0099,,0,77.6,,0,0,Y,1883.5,1830.19,1794.3,1707.88,KOLKATA
,FG0100,,0,30.4,,0,0,Y,1770.87,1720.75,1687.01,1605.76,Jharkhand
,FG0100,,0,30.4,,0,0,Y,1770.87,1720.75,1687.01,1605.76,ROB
,FG0100,,0,30.4,,0,0,Y,1770.87,1720.75,1687.01,1605.76,
,FG0100,,0,30.4,,0,0,Y,1686.55,1623.5,1591.66,1485.3,UP-North
,FG0100,,0,30.4,,0,0,Y,1770.87,1720.75,1687.01,1605.76,ODISHA
,FG0100,,0,30.4,,0,0,Y,1770.87,1720.75,1687.01,1605.76,West Bengal
,FG0100,,0,30.4,,0,0,Y,1770.87,1720.75,1687.01,1605.76,Bihar
,FG0100,,0,30.4,,0,0,Y,1770.87,1720.75,1687.01,1605.76,KOLKATA
,FG0101,,0,68,,0,0,Y,1650.49,1603.77,1572.33,1496.6,ROB
,FG0101,,0,68,,0,0,Y,1650.49,1603.77,1572.33,1496.6,Jharkhand
,FG0101,,0,66.4,,0,0,Y,1534.91,1477.53,1448.55,1351.75,UP-North
,FG0101,,0,68,,0,0,Y,1650.49,1603.77,1572.33,1496.6,
,FG0101,,0,68,,0,0,Y,1650.49,1603.77,1572.33,1496.6,ODISHA
,FG0101,,0,66.4,,0,0,Y,1611.65,1566.04,1535.33,1461.39,West Bengal
,FG0101,,0,68,,0,0,Y,1650.49,1603.77,1572.33,1496.6,Bihar
,FG0101,,0,68,,0,0,Y,1650.49,1603.77,1572.33,1496.6,KOLKATA
,FG0102,,0,27.2,,0,0,Y,1584.47,1539.62,1509.43,1436.74,ROB
,FG0102,,0,27.2,,0,0,Y,1584.47,1539.62,1509.43,1436.74,Jharkhand
,FG0102,,0,27.2,,0,0,Y,1584.47,1539.62,1509.43,1436.74,
,FG0102,,0,25.6,,0,0,Y,1420.25,1367.16,1340.35,1250.78,UP-North
,FG0102,,0,27.2,,0,0,Y,1584.47,1539.62,1509.43,1436.74,ODISHA
,FG0102,,0,25.6,,0,0,Y,1491.26,1449.06,1420.64,1352.22,West Bengal
,FG0102,,0,27.2,,0,0,Y,1584.47,1539.62,1509.43,1436.74,Bihar
,FG0102,,0,27.2,,0,0,Y,1584.47,1539.62,1509.43,1436.74,KOLKATA
,FG0103,,0,68,,0,0,Y,1650.49,1603.77,1572.33,1496.6,ROB
,FG0103,,0,68,,0,0,Y,1650.49,1603.77,1572.33,1496.6,Jharkhand
,FG0103,,0,68,,0,0,Y,1650.49,1603.77,1572.33,1496.6,
,FG0103,,0,66.4,,0,0,Y,1534.91,1477.53,1448.55,1351.75,UP-North
,FG0103,,0,68,,0,0,Y,1650.49,1603.77,1572.33,1496.6,ODISHA
,FG0103,,0,66.4,,0,0,Y,1611.65,1566.04,1535.33,1461.39,West Bengal
,FG0103,,0,68,,0,0,Y,1650.49,1603.77,1572.33,1496.6,Bihar
,FG0103,,0,68,,0,0,Y,1650.49,1603.77,1572.33,1496.6,KOLKATA
,FG0104,,0,27.2,,0,0,Y,1584.47,1539.62,1509.43,1436.74,ROB
,FG0104,,0,27.2,,0,0,Y,1584.47,1539.62,1509.43,1436.74,Jharkhand
,FG0104,,0,27.2,,0,0,Y,1584.47,1539.62,1509.43,1436.74,
,FG0104,,0,25.6,,0,0,Y,1420.25,1367.16,1340.35,1250.78,UP-North
,FG0104,,0,27.2,,0,0,Y,1584.47,1539.62,1509.43,1436.74,ODISHA
,FG0104,,0,25.6,,0,0,Y,1491.26,1449.06,1420.64,1352.22,West Bengal
,FG0104,,0,27.2,,0,0,Y,1584.47,1539.62,1509.43,1436.74,Bihar
,FG0104,,0,27.2,,0,0,Y,1584.47,1539.62,1509.43,1436.74,KOLKATA
,FG0105,,0,68,,0,0,Y,1650.49,1603.77,1572.33,1496.6,ROB
,FG0105,,0,68,,0,0,Y,1650.49,1603.77,1572.33,1496.6,Jharkhand
,FG0105,,0,68,,0,0,Y,1650.49,1603.77,1572.33,1496.6,
,FG0105,,0,66.4,,0,0,Y,1534.91,1477.53,1448.55,1351.75,UP-North
,FG0105,,0,68,,0,0,Y,1650.49,1603.77,1572.33,1496.6,ODISHA
,FG0105,,0,66.4,,0,0,Y,1611.65,1566.04,1535.33,1461.39,West Bengal
,FG0105,,0,68,,0,0,Y,1650.49,1603.77,1572.33,1496.6,Bihar
,FG0105,,0,68,,0,0,Y,1650.49,1603.77,1572.33,1496.6,KOLKATA
,FG0106,,0,68,,0,0,Y,1650.49,1603.77,1572.33,1496.6,ROB
,FG0106,,0,68,,0,0,Y,1650.49,1603.77,1572.33,1496.6,Jharkhand
,FG0106,,0,68,,0,0,Y,1650.49,1603.77,1572.33,1496.6,
,FG0106,,0,66.4,,0,0,Y,1534.91,1477.53,1448.55,1351.75,UP-North
,FG0106,,0,68,,0,0,Y,1650.49,1603.77,1572.33,1496.6,ODISHA
,FG0106,,0,66.4,,0,0,Y,1611.65,1566.04,1535.33,1461.39,West Bengal
,FG0106,,0,68,,0,0,Y,1650.49,1603.77,1572.33,1496.6,Bihar
,FG0106,,0,68,,0,0,Y,1650.49,1603.77,1572.33,1496.6,KOLKATA
,FG0107,,0,27.2,,0,0,Y,1584.47,1539.62,1509.43,1436.74,ROB
,FG0107,,0,27.2,,0,0,Y,1584.47,1539.62,1509.43,1436.74,Jharkhand
,FG0107,,0,27.2,,0,0,Y,1584.47,1539.62,1509.43,1436.74,
,FG0107,,0,25.6,,0,0,Y,1420.25,1367.16,1340.35,1250.78,UP-North
,FG0107,,0,27.2,,0,0,Y,1584.47,1539.62,1509.43,1436.74,ODISHA
,FG0107,,0,25.6,,0,0,Y,1491.26,1449.06,1420.64,1352.22,West Bengal
,FG0107,,0,27.2,,0,0,Y,1584.47,1539.62,1509.43,1436.74,Bihar
,FG0107,,0,27.2,,0,0,Y,1584.47,1539.62,1509.43,1436.74,KOLKATA
,FG0108,,0,68,,0,0,Y,1650.49,1603.77,1572.33,1496.6,ROB
,FG0108,,0,68,,0,0,Y,1650.49,1603.77,1572.33,1496.6,Jharkhand
,FG0108,,0,68,,0,0,Y,1650.49,1603.77,1572.33,1496.6,
,FG0108,,0,66.4,,0,0,Y,1534.91,1477.53,1448.55,1351.75,UP-North
,FG0108,,0,68,,0,0,Y,1650.49,1603.77,1572.33,1496.6,ODISHA
,FG0108,,0,66.4,,0,0,Y,1611.65,1566.04,1535.33,1461.39,West Bengal
,FG0108,,0,68,,0,0,Y,1650.49,1603.77,1572.33,1496.6,Bihar
,FG0108,,0,68,,0,0,Y,1650.49,1603.77,1572.33,1496.6,KOLKATA
,FG0109,,0,27.2,,0,0,Y,1584.47,1539.62,1509.43,1436.74,ROB
,FG0109,,0,27.2,,0,0,Y,1584.47,1539.62,1509.43,1436.74,Jharkhand
,FG0109,,0,27.2,,0,0,Y,1584.47,1539.62,1509.43,1436.74,
,FG0109,,0,25.6,,0,0,Y,1420.25,1367.16,1340.35,1250.78,UP-North
,FG0109,,0,27.2,,0,0,Y,1584.47,1539.62,1509.43,1436.74,ODISHA
,FG0109,,0,25.6,,0,0,Y,1491.26,1449.06,1420.64,1352.22,West Bengal
,FG0109,,0,27.2,,0,0,Y,1584.47,1539.62,1509.43,1436.74,Bihar
,FG0109,,0,27.2,,0,0,Y,1584.47,1539.62,1509.43,1436.74,KOLKATA
,FG0110,,0,62.4,,0,0,Y,1514.56,1471.7,1442.84,1373.35,ROB
,FG0110,,0,62.4,,0,0,Y,1514.56,1471.7,1442.84,1373.35,Jharkhand
,FG0110,,0,62.4,,0,0,Y,1514.56,1471.7,1442.84,1373.35,
,FG0110,,0,54.75,,0,0,Y,1265.6,1218.29,1194.4,1114.59,UP-North
,FG0110,,0,62.4,,0,0,Y,1514.56,1471.7,1442.84,1373.35,ODISHA
,FG0110,,0,60,,0,0,Y,1456.31,1415.09,1387.35,1320.53,West Bengal
,FG0110,,0,62.4,,0,0,Y,1514.56,1471.7,1442.84,1373.35,Bihar
,FG0110,,0,62.4,,0,0,Y,1514.56,1471.7,1442.84,1373.35,KOLKATA
,FG0111,,0,25.6,,0,0,Y,1491.26,1449.06,1420.64,1352.22,ROB
,FG0111,,0,25.6,,0,0,Y,1491.26,1449.06,1420.64,1352.22,Jharkhand
,FG0111,,0,25.6,,0,0,Y,1491.26,1449.06,1420.64,1352.22,
,FG0111,,0,21,,0,0,Y,1165.05,1121.5,1099.51,1026.03,UP-North
,FG0111,,0,25.6,,0,0,Y,1491.26,1449.06,1420.64,1352.22,ODISHA
,FG0111,,0,24,,0,0,Y,1398.06,1358.49,1331.85,1267.71,West Bengal
,FG0111,,0,25.6,,0,0,Y,1491.26,1449.06,1420.64,1352.22,Bihar
,FG0111,,0,25.6,,0,0,Y,1491.26,1449.06,1420.64,1352.22,KOLKATA
,FG0112,,0,62.4,,0,0,Y,1514.56,1471.7,1442.84,1373.35,ROB
,FG0112,,0,62.4,,0,0,Y,1514.56,1471.7,1442.84,1373.35,Jharkhand
,FG0112,,0,62.4,,0,0,Y,1514.56,1471.7,1442.84,1373.35,
,FG0112,,0,54.75,,0,0,Y,1265.6,1218.29,1194.4,1114.59,UP-North
,FG0112,,0,62.4,,0,0,Y,1514.56,1471.7,1442.84,1373.35,ODISHA
,FG0112,,0,60,,0,0,Y,1456.31,1415.09,1387.35,1320.53,West Bengal
,FG0112,,0,62.4,,0,0,Y,1514.56,1471.7,1442.84,1373.35,Bihar
,FG0112,,0,62.4,,0,0,Y,1514.56,1471.7,1442.84,1373.35,KOLKATA
,FG0113,,0,24,,0,0,Y,1398.058252,1345.794393,1319.406267,1255.859763,ROB
,FG0113,,0,0,,0,0,Y,0,0,0,0,Jharkhand
,FG0113,,0,0,,0,0,Y,0,0,0,0,
,FG0113,,0,21,,0,0,Y,1165.05,1121.5,1099.51,1026.03,UP-North
,FG0113,,0,0,,0,0,Y,0,0,0,0,ODISHA
,FG0113,,0,0,,0,0,Y,0,0,0,0,Bihar
,FG0113,,0,24,,0,0,Y,1398.058252,1345.794393,1319.406267,1255.859763,KOLKATA
,FG0114,,0,0,,0,0,Y,0,0,0,0,ROB
,FG0114,,0,0,,0,0,Y,0,0,0,0,Jharkhand
,FG0114,,0,0,,0,0,Y,0,0,0,0,
,FG0114,,0,15,,0,0,Y,2080.44,2002.67,1963.4,1832.2,UP-North
,FG0114,,0,0,,0,0,Y,0,0,0,0,ODISHA
,FG0114,,0,16,,0,0,Y,2330.1,2264.15,2219.76,2112.85,West Bengal
,FG0114,,0,0,,0,0,Y,0,0,0,0,Bihar
,FG0114,,0,0,,0,0,Y,0,0,0,0,KOLKATA
,FG0115,,0,25.6,,0,0,Y,1491.26,1449.06,1420.64,1352.22,ROB
,FG0115,,0,25.6,,0,0,Y,1491.26,1449.06,1420.64,1352.22,Jharkhand
,FG0115,,0,25.6,,0,0,Y,1491.26,1449.06,1420.64,1352.22,
,FG0115,,0,24,,0,0,Y,1331.48,1281.71,1256.58,1172.6,UP-North
,FG0115,,0,25.6,,0,0,Y,1491.26,1449.06,1420.64,1352.22,ODISHA
,FG0115,,0,24,,0,0,Y,1398.06,1358.49,1331.85,1267.71,West Bengal
,FG0115,,0,25.6,,0,0,Y,1491.26,1449.06,1420.64,1352.22,Bihar
,FG0115,,0,25.6,,0,0,Y,1491.26,1449.06,1420.64,1352.22,KOLKATA
,FG0116,,0,36,,0,0,Y,1747.57,1698.11,1664.82,1584.63,ROB
,FG0116,,0,36,,0,0,Y,1747.57,1698.11,1664.82,1584.63,Jharkhand
,FG0116,,0,36,,0,0,Y,1747.57,1698.11,1664.82,1584.63,
,FG0116,,0,32,,0,0,Y,1479.43,1424.12,1396.2,1302.89,UP-North
,FG0116,,0,36,,0,0,Y,1747.57,1698.11,1664.82,1584.63,ODISHA
,FG0116,,0,32,,0,0,Y,1553.4,1509.43,1479.84,1408.56,West Bengal
,FG0116,,0,36,,0,0,Y,1747.57,1698.11,1664.82,1584.63,Bihar
,FG0116,,0,36,,0,0,Y,1747.57,1698.11,1664.82,1584.63,KOLKATA
,FG0117,,0,16,,0,0,Y,1553.4,1509.43,1479.84,1408.56,ROB
,FG0117,,0,16,,0,0,Y,1553.4,1509.43,1479.84,1408.56,Jharkhand
,FG0117,,0,16,,0,0,Y,1553.4,1509.43,1479.84,1408.56,
,FG0117,,0,16,,0,0,Y,1479.43,1424.12,1396.2,1302.89,UP-North
,FG0117,,0,16,,0,0,Y,1553.4,1509.43,1479.84,1408.56,ODISHA
,FG0117,,0,16,,0,0,Y,1553.4,1509.43,1479.84,1408.56,West Bengal
,FG0117,,0,16,,0,0,Y,1553.4,1509.43,1479.84,1408.56,Bihar
,FG0117,,0,16,,0,0,Y,1553.4,1509.43,1479.84,1408.56,KOLKATA
,FG0118,,0,68,,0,0,Y,1650.49,1603.77,1572.33,1496.6,ROB
,FG0118,,0,68,,0,0,Y,1650.49,1603.77,1572.33,1496.6,Jharkhand
,FG0118,,0,68,,0,0,Y,1650.49,1603.77,1572.33,1496.6,
,FG0118,,0,66.4,,0,0,Y,1534.91,1477.53,1448.55,1351.75,UP-North
,FG0118,,0,68,,0,0,Y,1650.49,1603.77,1572.33,1496.6,ODISHA
,FG0118,,0,66.4,,0,0,Y,1611.65,1566.04,1535.33,1461.39,West Bengal
,FG0118,,0,68,,0,0,Y,1650.49,1603.77,1572.33,1496.6,Bihar
,FG0118,,0,68,,0,0,Y,1650.49,1603.77,1572.33,1496.6,KOLKATA
,FG0119,,0,35.2,,0,0,Y,1708.74,1660.38,1627.82,1549.42,ROB
,FG0119,,0,35.2,,0,0,Y,1708.74,1660.38,1627.82,1549.42,Jharkhand
,FG0119,,0,35.2,,0,0,Y,1708.74,1660.38,1627.82,1549.42,
,FG0119,,0,35.2,,0,0,Y,1627.37,1566.53,1535.82,1433.18,UP-North
,FG0119,,0,35.2,,0,0,Y,1708.74,1660.38,1627.82,1549.42,ODISHA
,FG0119,,0,33.6,,0,0,Y,1631.07,1584.91,1553.83,1478.99,West Bengal
,FG0119,,0,35.2,,0,0,Y,1708.74,1660.38,1627.82,1549.42,Bihar
,FG0119,,0,35.2,,0,0,Y,1708.74,1660.38,1627.82,1549.42,KOLKATA
,FG0120,,0,27.2,,0,0,Y,1584.47,1539.62,1509.43,1436.74,ROB
,FG0120,,0,27.2,,0,0,Y,1584.47,1539.62,1509.43,1436.74,Jharkhand
,FG0120,,0,27.2,,0,0,Y,1584.47,1539.62,1509.43,1436.74,
,FG0120,,0,25.6,,0,0,Y,1420.25,1367.16,1340.35,1250.78,UP-North
,FG0120,,0,27.2,,0,0,Y,1584.47,1539.62,1509.43,1436.74,ODISHA
,FG0120,,0,25.6,,0,0,Y,1491.26,1449.06,1420.64,1352.22,West Bengal
,FG0120,,0,27.2,,0,0,Y,1584.47,1539.62,1509.43,1436.74,Bihar
,FG0120,,0,27.2,,0,0,Y,1584.47,1539.62,1509.43,1436.74,KOLKATA
,FG0121,,0,68,,0,0,Y,1650.49,1603.77,1572.33,1496.6,ROB
,FG0121,,0,68,,0,0,Y,1650.49,1603.77,1572.33,1496.6,Jharkhand
,FG0121,,0,68,,0,0,Y,1650.49,1603.77,1572.33,1496.6,
,FG0121,,0,66.4,,0,0,Y,1534.91,1477.53,1448.55,1351.75,UP-North
,FG0121,,0,68,,0,0,Y,1650.49,1603.77,1572.33,1496.6,ODISHA
,FG0121,,0,66.4,,0,0,Y,1611.65,1566.04,1535.33,1461.39,West Bengal
,FG0121,,0,68,,0,0,Y,1650.49,1603.77,1572.33,1496.6,Bihar
,FG0121,,0,68,,0,0,Y,1650.49,1603.77,1572.33,1496.6,KOLKATA
,FG0122,,0,35.2,,0,0,Y,1708.74,1660.38,1627.82,1549.42,ROB
,FG0122,,0,35.2,,0,0,Y,1708.74,1660.38,1627.82,1549.42,Jharkhand
,FG0122,,0,35.2,,0,0,Y,1708.74,1660.38,1627.82,1549.42,
,FG0122,,0,35.2,,0,0,Y,1627.37,1566.53,1535.82,1433.18,UP-North
,FG0122,,0,35.2,,0,0,Y,1708.74,1660.38,1627.82,1549.42,ODISHA
,FG0122,,0,33.6,,0,0,Y,1631.07,1584.91,1553.83,1478.99,West Bengal
,FG0122,,0,35.2,,0,0,Y,1708.74,1660.38,1627.82,1549.42,Bihar
,FG0122,,0,35.2,,0,0,Y,1708.74,1660.38,1627.82,1549.42,KOLKATA
,FG0123,,0,27.2,,0,0,Y,1584.47,1539.62,1509.43,1436.74,ROB
,FG0123,,0,27.2,,0,0,Y,1584.47,1539.62,1509.43,1436.74,Jharkhand
,FG0123,,0,27.2,,0,0,Y,1584.47,1539.62,1509.43,1436.74,
,FG0123,,0,25.6,,0,0,Y,1420.25,1367.16,1340.35,1250.78,UP-North
,FG0123,,0,27.2,,0,0,Y,1584.47,1539.62,1509.43,1436.74,ODISHA
,FG0123,,0,25.6,,0,0,Y,1491.26,1449.06,1420.64,1352.22,West Bengal
,FG0123,,0,27.2,,0,0,Y,1584.47,1539.62,1509.43,1436.74,Bihar
,FG0123,,0,27.2,,0,0,Y,1584.47,1539.62,1509.43,1436.74,KOLKATA
,FG0124,,0,62.4,,0,0,Y,1514.56,1471.7,1442.84,1373.35,ROB
,FG0124,,0,62.4,,0,0,Y,1514.56,1471.7,1442.84,1373.35,Jharkhand
,FG0124,,0,62.4,,0,0,Y,1514.56,1471.7,1442.84,1373.35,
,FG0124,,0,54.75,,0,0,Y,1265.6,1218.29,1194.4,1114.59,UP-North
,FG0124,,0,62.4,,0,0,Y,1514.56,1471.7,1442.84,1373.35,ODISHA
,FG0124,,0,60,,0,0,Y,1456.31,1415.09,1387.35,1320.53,West Bengal
,FG0124,,0,62.4,,0,0,Y,1514.56,1471.7,1442.84,1373.35,Bihar
,FG0124,,0,62.4,,0,0,Y,1514.56,1471.7,1442.84,1373.35,KOLKATA
,FG0125,,0,33.6,,0,0,Y,1631.07,1584.91,1553.83,1478.99,ROB
,FG0125,,0,33.6,,0,0,Y,1631.07,1584.91,1553.83,1478.99,Jharkhand
,FG0125,,0,33.6,,0,0,Y,1631.07,1584.91,1553.83,1478.99,
,FG0125,,0,28.5,,0,0,Y,1317.61,1268.36,1243.49,1160.39,UP-North
,FG0125,,0,33.6,,0,0,Y,1631.07,1584.91,1553.83,1478.99,ODISHA
,FG0125,,0,32,,0,0,Y,1553.4,1509.43,1479.84,1408.56,West Bengal
,FG0125,,0,33.6,,0,0,Y,1631.07,1584.91,1553.83,1478.99,Bihar
,FG0125,,0,33.6,,0,0,Y,1631.07,1584.91,1553.83,1478.99,KOLKATA
,FG0126,,0,25.6,,0,0,Y,1491.26,1449.06,1420.64,1352.22,ROB
,FG0126,,0,25.6,,0,0,Y,1491.26,1449.06,1420.64,1352.22,Jharkhand
,FG0126,,0,25.6,,0,0,Y,1491.26,1449.06,1420.64,1352.22,
,FG0126,,0,21,,0,0,Y,1165.05,1121.5,1099.51,1026.03,UP-North
,FG0126,,0,25.6,,0,0,Y,1491.26,1449.06,1420.64,1352.22,ODISHA
,FG0126,,0,24,,0,0,Y,1398.06,1358.49,1331.85,1267.71,West Bengal
,FG0126,,0,25.6,,0,0,Y,1491.26,1449.06,1420.64,1352.22,Bihar
,FG0126,,0,25.6,,0,0,Y,1491.26,1449.06,1420.64,1352.22,KOLKATA
,FG0127,,0,62.4,,0,0,Y,1514.56,1471.7,1442.84,1373.35,ROB
,FG0127,,0,62.4,,0,0,Y,1514.56,1471.7,1442.84,1373.35,Jharkhand
,FG0127,,0,62.4,,0,0,Y,1514.56,1471.7,1442.84,1373.35,
,FG0127,,0,54.75,,0,0,Y,1265.6,1218.29,1194.4,1114.59,UP-North
,FG0127,,0,62.4,,0,0,Y,1514.56,1471.7,1442.84,1373.35,ODISHA
,FG0127,,0,60,,0,0,Y,1456.31,1415.09,1387.35,1320.53,West Bengal
,FG0127,,0,62.4,,0,0,Y,1514.56,1471.7,1442.84,1373.35,Bihar
,FG0127,,0,62.4,,0,0,Y,1514.56,1471.7,1442.84,1373.35,KOLKATA
,FG0128,,0,33.6,,0,0,Y,1631.07,1584.91,1553.83,1478.99,ROB
,FG0128,,0,33.6,,0,0,Y,1631.07,1584.91,1553.83,1478.99,Jharkhand
,FG0128,,0,33.6,,0,0,Y,1631.07,1584.91,1553.83,1478.99,
,FG0128,,0,28.5,,0,0,Y,1317.61,1268.36,1243.49,1160.39,UP-North
,FG0128,,0,33.6,,0,0,Y,1631.07,1584.91,1553.83,1478.99,ODISHA
,FG0128,,0,32,,0,0,Y,1553.4,1509.43,1479.84,1408.56,West Bengal
,FG0128,,0,33.6,,0,0,Y,1631.07,1584.91,1553.83,1478.99,Bihar
,FG0128,,0,33.6,,0,0,Y,1631.07,1584.91,1553.83,1478.99,KOLKATA
,FG0129,,0,24,,0,0,Y,1398.06,1345.79,1319.41,1255.86,ROB
,FG0129,,0,24,,0,0,Y,1398.06,1345.79,1319.41,1255.86,Jharkhand
,FG0129,,0,24,,0,0,Y,1398.06,1345.79,1319.41,1255.86,
,FG0129,,0,21,,0,0,Y,1165.05,1121.5,1099.51,1026.03,UP-North
,FG0129,,0,24,,0,0,Y,1398.06,1345.79,1319.41,1255.86,ODISHA
,FG0129,,0,24,,0,0,Y,1398.06,1345.79,1319.41,1255.86,Bihar
,FG0129,,0,24,,0,0,Y,1398.06,1345.79,1319.41,1255.86,KOLKATA
,FG0130,,0,64,,0,0,Y,3106.8,3018.87,2959.67,2817.13,ROB
,FG0130,,0,64,,0,0,Y,3106.8,3018.87,2959.67,2817.13,Jharkhand
,FG0130,,0,64,,0,0,Y,3106.8,3018.87,2959.67,2817.13,
,FG0130,,0,68,,0,0,Y,3143.78,3026.26,2966.92,2768.65,UP-North
,FG0130,,0,64,,0,0,Y,3106.8,3018.87,2959.67,2817.13,ODISHA
,FG0130,,0,64,,0,0,Y,3106.8,3018.87,2959.67,2817.13,West Bengal
,FG0130,,0,64,,0,0,Y,3106.8,3018.87,2959.67,2817.13,Bihar
,FG0130,,0,64,,0,0,Y,3106.8,3018.87,2959.67,2817.13,KOLKATA
,FG0131,,0,40,,0,0,Y,1941.75,1886.79,1849.8,1760.7,ROB
,FG0131,,0,40,,0,0,Y,1941.75,1886.79,1849.8,1760.7,Jharkhand
,FG0131,,0,40,,0,0,Y,1941.75,1886.79,1849.8,1760.7,
,FG0131,,0,36,,0,0,Y,1664.36,1602.14,1570.72,1495.07,UP-North
,FG0131,,0,40,,0,0,Y,1941.75,1886.79,1849.8,1760.7,ODISHA
,FG0131,,0,40,,0,0,Y,1941.75,1886.79,1849.8,1760.7,West Bengal
,FG0131,,0,40,,0,0,Y,1941.75,1886.79,1849.8,1760.7,Bihar
,FG0131,,0,40,,0,0,Y,1941.75,1886.79,1849.8,1760.7,KOLKATA
,FG0132,,0,36,,0,0,Y,2516.5,2445.28,2397.34,2281.87,ROB
,FG0132,,0,36,,0,0,Y,2516.5,2445.28,2397.34,2281.87,Jharkhand
,FG0132,,0,36,,0,0,Y,2516.5,2445.28,2397.34,2281.87,
,FG0132,,0,36,,0,0,Y,2396.67,2307.08,2261.84,2110.69,UP-North
,FG0132,,0,36,,0,0,Y,2516.5,2445.28,2397.34,2281.87,ODISHA
,FG0132,,0,36,,0,0,Y,2516.5,2445.28,2397.34,2281.87,West Bengal
,FG0132,,0,36,,0,0,Y,2516.5,2445.28,2397.34,2281.87,Bihar
,FG0132,,0,36,,0,0,Y,2516.5,2445.28,2397.34,2281.87,KOLKATA
,FG0133,,0,24,,0,0,Y,1398.06,1358.49,1331.85,1267.71,ROB
,FG0133,,0,24,,0,0,Y,1398.06,1358.49,1331.85,1267.71,Jharkhand
,FG0133,,0,24,,0,0,Y,1398.06,1358.49,1331.85,1267.71,
,FG0133,,0,24,,0,0,Y,1331.48,1281.71,1256.58,1196.06,UP-North
,FG0133,,0,24,,0,0,Y,1398.06,1358.49,1331.85,1267.71,ODISHA
,FG0133,,0,24,,0,0,Y,1398.06,1358.49,1331.85,1267.71,West Bengal
,FG0133,,0,24,,0,0,Y,1398.06,1358.49,1331.85,1267.71,Bihar
,FG0133,,0,24,,0,0,Y,1398.06,1358.49,1331.85,1267.71,KOLKATA
,FG0134,,0,40,,0,0,Y,1941.75,1886.79,1849.8,1760.7,ROB
,FG0134,,0,40,,0,0,Y,1941.75,1886.79,1849.8,1760.7,Jharkhand
,FG0134,,0,40,,0,0,Y,1941.75,1886.79,1849.8,1760.7,
,FG0134,,0,36,,0,0,N,1664.36,1602.14,1570.72,1495.07,UP-North
,FG0134,,0,40,,0,0,Y,1941.75,1886.79,1849.8,1760.7,ODISHA
,FG0134,,0,40,,0,0,Y,1941.75,1886.79,1849.8,1760.7,West Bengal
,FG0134,,0,40,,0,0,Y,1941.75,1886.79,1849.8,1760.7,Bihar
,FG0134,,0,40,,0,0,Y,1941.75,1886.79,1849.8,1760.7,KOLKATA
,FG0135,,0,36,,0,0,Y,1747.57,1698.11,1664.82,1584.63,ROB
,FG0135,,0,36,,0,0,Y,1747.57,1698.11,1664.82,1584.63,Jharkhand
,FG0135,,0,36,,0,0,Y,1747.57,1698.11,1664.82,1584.63,
,FG0135,,0,36,,0,0,N,1664.36,1602.14,1570.72,1495.07,UP-North
,FG0135,,0,36,,0,0,Y,1747.57,1698.11,1664.82,1584.63,ODISHA
,FG0135,,0,36,,0,0,Y,1747.57,1698.11,1664.82,1584.63,West Bengal
,FG0135,,0,36,,0,0,Y,1747.57,1698.11,1664.82,1584.63,Bihar
,FG0135,,0,36,,0,0,Y,1747.57,1698.11,1664.82,1584.63,KOLKATA
,FG0136,,0,36,,0,0,Y,1747.57,1698.11,1664.82,1584.63,ROB
,FG0136,,0,36,,0,0,Y,1747.57,1698.11,1664.82,1584.63,Jharkhand
,FG0136,,0,36,,0,0,Y,1747.57,1698.11,1664.82,1584.63,
,FG0136,,0,32,,0,0,N,1479.43,1424.12,1396.2,1328.95,UP-North
,FG0136,,0,36,,0,0,Y,1747.57,1698.11,1664.82,1584.63,ODISHA
,FG0136,,0,36,,0,0,Y,1747.57,1698.11,1664.82,1584.63,West Bengal
,FG0136,,0,36,,0,0,Y,1747.57,1698.11,1664.82,1584.63,Bihar
,FG0136,,0,36,,0,0,Y,1747.57,1698.11,1664.82,1584.63,KOLKATA
,FG0137,,0,0,,0,0,Y,0,0,0,0,ROB
,FG0137,,0,0,,0,0,Y,0,0,0,0,Jharkhand
,FG0137,,0,0,,0,0,Y,0,0,0,0,
,FG0137,,0,28,,0,0,N,1294.5,1246.11,1221.67,1140.03,UP-North
,FG0137,,0,0,,0,0,Y,0,0,0,0,ODISHA
,FG0137,,0,0,,0,0,Y,0,0,0,0,Bihar
,FG0137,,0,0,,0,0,Y,0,0,0,0,KOLKATA
,FG0138,,0,96,,0,0,Y,2796.12,2716.98,2663.71,2535.41,ROB
,FG0138,,0,96,,0,0,Y,2796.12,2716.98,2663.71,2535.41,Jharkhand
,FG0138,,0,96,,0,0,Y,2796.12,2716.98,2663.71,2535.41,
,FG0138,,0,96,,0,0,Y,2662.97,2563.42,2513.15,2345.21,UP-North
,FG0138,,0,96,,0,0,Y,2796.12,2716.98,2663.71,2535.41,ODISHA
,FG0138,,0,96,,0,0,Y,2796.12,2716.98,2663.71,2535.41,West Bengal
,FG0138,,0,96,,0,0,Y,2796.12,2716.98,2663.71,2535.41,Bihar
,FG0138,,0,96,,0,0,Y,2796.12,2716.98,2663.71,2535.41,KOLKATA
,FG0139,,0,96,,0,0,Y,2796.12,2691.59,2638.81,2511.72,ROB
,FG0139,,0,96,,0,0,Y,2796.12,2691.59,2638.81,2511.72,Jharkhand
,FG0139,,0,96,,0,0,Y,2796.12,2691.59,2638.81,2511.72,
,FG0139,,0,96,,0,0,Y,2662.97,2563.42,2513.15,2345.21,UP-North
,FG0139,,0,96,,0,0,Y,2796.12,2691.59,2638.81,2511.72,ODISHA
,FG0139,,0,96,,0,0,Y,2796.12,2691.59,2638.81,2511.72,Bihar
,FG0139,,0,96,,0,0,Y,2796.12,2691.59,2638.81,2511.72,KOLKATA
,FG0140,,0,64,,0,0,Y,3106.796116,2990.654205,2932.013927,2790.799473,ROB
,FG0140,,0,64,,0,0,Y,3106.796116,2990.654205,2932.013927,2790.799473,Jharkhand
,FG0140,,0,64,,0,0,Y,3106.796116,2990.654205,2932.013927,2790.799473,
,FG0140,,0,64,,0,0,Y,2958.85,2848.24,2792.39,2605.79,UP-North
,FG0140,,0,64,,0,0,Y,3106.796116,2990.654205,2932.013927,2790.799473,ODISHA
,FG0140,,0,64,,0,0,Y,3106.796116,2990.654205,2932.013927,2790.799473,Bihar
,FG0140,,0,64,,0,0,Y,3106.8,2990.65,2932.01,2790.8,KOLKATA
,FG0141,,0,56,,0,0,Y,2718.45,2641.51,2589.72,2464.99,ROB
,FG0141,,0,56,,0,0,Y,2718.45,2641.51,2589.72,2464.99,Jharkhand
,FG0141,,0,56,,0,0,Y,2718.45,2641.51,2589.72,2464.99,
,FG0141,,0,56,,0,0,Y,2589,2492.21,2443.34,2280.06,UP-North
,FG0141,,0,56,,0,0,Y,2718.45,2641.51,2589.72,2464.99,ODISHA
,FG0141,,0,56,,0,0,Y,2718.45,2641.51,2589.72,2464.99,West Bengal
,FG0141,,0,56,,0,0,Y,2718.45,2641.51,2589.72,2464.99,Bihar
,FG0141,,0,56,,0,0,Y,2718.45,2641.51,2589.72,2464.99,KOLKATA
,FG0142,,0,16,,0,0,Y,1479.426722,1424.12105,1396.2,0,ROB
,FG0142,,0,16,,0,0,Y,1479.426722,1424.12105,1396.2,1302.894245,Jharkhand
,FG0142,,0,16.069869,,0,0,Y,1356.679527,1305.962535,1280.355427,1194.79385,
,FG0142,,0,16,,0,0,Y,1479.43,1424.12,1396.2,1302.89,UP-North
,FG0142,,0,16.069869,,0,0,Y,1356.679527,1305.962535,1280.355427,1194.79385,Bihar
,FG0142,,0,16,,0,0,Y,1479.426722,1424.12105,1396.2,0,KOLKATA
,FG0143,,0,56,,0,0,Y,2718.45,2641.51,2589.72,2464.99,ROB
,FG0143,,0,56,,0,0,Y,2718.45,2641.51,2589.72,2464.99,Jharkhand
,FG0143,,0,56,,0,0,Y,2718.45,2641.51,2589.72,2464.99,
,FG0143,,0,56,,0,0,N,2589,2492.21,2443.34,2280.06,UP-North
,FG0143,,0,56,,0,0,Y,2718.45,2641.51,2589.72,2464.99,ODISHA
,FG0143,,0,56,,0,0,Y,2718.45,2641.51,2589.72,2464.99,West Bengal
,FG0143,,0,56,,0,0,Y,2718.45,2641.51,2589.72,2464.99,Bihar
,FG0143,,0,56,,0,0,Y,2718.45,2641.51,2589.72,2464.99,KOLKATA
,FG0144,,0,120,,0,0,Y,2796.12,2716.98,2663.71,2535.41,ROB
,FG0144,,0,120,,0,0,Y,2796.12,2716.98,2663.71,2535.41,Jharkhand
,FG0144,,0,120,,0,0,Y,2796.12,2716.98,2663.71,2535.41,
,FG0144,,0,120,,0,0,Y,2442.02,2350.73,2304.64,2150.63,UP-North
,FG0144,,0,120,,0,0,Y,2796.12,2716.98,2663.71,2535.41,ODISHA
,FG0144,,0,120,,0,0,Y,2796.12,2716.98,2663.71,2535.41,West Bengal
,FG0144,,0,120,,0,0,Y,2796.12,2716.98,2663.71,2535.41,Bihar
,FG0144,,0,120,,0,0,Y,2796.12,2716.98,2663.71,2535.41,KOLKATA
,FG0145,,0,44,,0,0,Y,2135.92,2075.47,2034.78,1936.78,ROB
,FG0145,,0,44,,0,0,Y,2135.92,2075.47,2034.78,1936.78,Jharkhand
,FG0145,,0,44,,0,0,Y,2135.92,2075.47,2034.78,1936.78,
,FG0145,,0,44,,0,0,Y,1865.43,1795.7,1760.49,1642.84,UP-North
,FG0145,,0,44,,0,0,Y,2135.92,2075.47,2034.78,1936.78,ODISHA
,FG0145,,0,44,,0,0,Y,2135.92,2075.47,2034.78,1936.78,West Bengal
,FG0145,,0,44,,0,0,Y,2135.92,2075.47,2034.78,1936.78,Bihar
,FG0145,,0,44,,0,0,Y,2135.92,2075.47,2034.78,1936.78,KOLKATA
,FG0146,,0,120,,0,0,Y,2796.12,2716.98,2663.71,2535.41,ROB
,FG0146,,0,120,,0,0,Y,2796.12,2716.98,2663.71,2535.41,Jharkhand
,FG0146,,0,120,,0,0,Y,2796.12,2716.98,2663.71,2535.41,
,FG0146,,0,120,,0,0,Y,2442.02,2350.73,2304.64,2150.63,UP-North
,FG0146,,0,120,,0,0,Y,2796.12,2716.98,2663.71,2535.41,ODISHA
,FG0146,,0,120,,0,0,Y,2796.12,2716.98,2663.71,2535.41,West Bengal
,FG0146,,0,120,,0,0,Y,2796.12,2716.98,2663.71,2535.41,Bihar
,FG0146,,0,120,,0,0,Y,2796.12,2716.98,2663.71,2535.41,KOLKATA
,FG0147,,0,44,,0,0,Y,2135.92,2075.47,2034.78,1936.78,ROB
,FG0147,,0,44,,0,0,Y,2135.92,2075.47,2034.78,1936.78,Jharkhand
,FG0147,,0,44,,0,0,Y,2135.92,2075.47,2034.78,1936.78,
,FG0147,,0,44,,0,0,Y,1865.43,1795.7,1760.49,1642.84,UP-North
,FG0147,,0,44,,0,0,Y,2135.92,2075.47,2034.78,1936.78,ODISHA
,FG0147,,0,44,,0,0,Y,2135.92,2075.47,2034.78,1936.78,West Bengal
,FG0147,,0,44,,0,0,Y,2135.92,2075.47,2034.78,1936.78,Bihar
,FG0147,,0,44,,0,0,Y,2135.92,2075.47,2034.78,1936.78,KOLKATA
,FG0148,,0,120,,0,0,Y,2796.12,2716.98,2663.71,2535.41,ROB
,FG0148,,0,120,,0,0,Y,2796.12,2716.98,2663.71,2535.41,Jharkhand
,FG0148,,0,120,,0,0,Y,2796.12,2716.98,2663.71,2535.41,
,FG0148,,0,120,,0,0,Y,2442.02,2350.73,2304.64,2150.63,UP-North
,FG0148,,0,120,,0,0,Y,2796.12,2716.98,2663.71,2535.41,ODISHA
,FG0148,,0,120,,0,0,Y,2796.12,2716.98,2663.71,2535.41,West Bengal
,FG0148,,0,120,,0,0,Y,2796.12,2716.98,2663.71,2535.41,Bihar
,FG0148,,0,120,,0,0,Y,2796.12,2716.98,2663.71,2535.41,KOLKATA
,FG0149,,0,44,,0,0,Y,2135.92,2075.47,2034.78,1936.78,ROB
,FG0149,,0,44,,0,0,Y,2135.92,2075.47,2034.78,1936.78,
,FG0149,,0,44,,0,0,Y,2135.92,2075.47,2034.78,1936.78,Jharkhand
,FG0149,,0,44,,0,0,Y,1865.43,1795.7,1760.49,1642.84,UP-North
,FG0149,,0,44,,0,0,Y,2135.92,2075.47,2034.78,1936.78,ODISHA
,FG0149,,0,44,,0,0,Y,2135.92,2075.47,2034.78,1936.78,West Bengal
,FG0149,,0,44,,0,0,Y,2135.92,2075.47,2034.78,1936.78,Bihar
,FG0149,,0,44,,0,0,Y,2135.92,2075.47,2034.78,1936.78,KOLKATA
,FG0150,,0,120,,0,0,Y,2796.12,2716.98,2663.71,2535.41,ROB
,FG0150,,0,120,,0,0,Y,2796.12,2716.98,2663.71,2535.41,
,FG0150,,0,120,,0,0,Y,2796.12,2716.98,2663.71,2535.41,Jharkhand
,FG0150,,0,120,,0,0,Y,2442.02,2350.73,2304.64,2150.63,UP-North
,FG0150,,0,120,,0,0,Y,2796.12,2716.98,2663.71,2535.41,ODISHA
,FG0150,,0,120,,0,0,Y,2796.12,2716.98,2663.71,2535.41,West Bengal
,FG0150,,0,120,,0,0,Y,2796.12,2716.98,2663.71,2535.41,Bihar
,FG0150,,0,120,,0,0,Y,2796.12,2716.98,2663.71,2535.41,KOLKATA
,FG0151,,0,120,,0,0,Y,2796.12,2716.98,2663.71,2535.41,ROB
,FG0151,,0,120,,0,0,Y,2796.12,2716.98,2663.71,2535.41,
,FG0151,,0,120,,0,0,Y,2796.12,2716.98,2663.71,2535.41,Jharkhand
,FG0151,,0,120,,0,0,Y,2442.02,2350.73,2304.64,2150.63,UP-North
,FG0151,,0,120,,0,0,Y,2796.12,2716.98,2663.71,2535.41,ODISHA
,FG0151,,0,120,,0,0,Y,2796.12,2716.98,2663.71,2535.41,West Bengal
,FG0151,,0,120,,0,0,Y,2796.12,2716.98,2663.71,2535.41,Bihar
,FG0151,,0,120,,0,0,Y,2796.12,2716.98,2663.71,2535.41,KOLKATA
,FG0152,,0,114.55,,0,0,Y,2224.18,2161.23,2118.86,2016.81,ROB
,FG0152,,0,114.55,,0,0,Y,2224.18,2161.23,2118.86,2016.81,
,FG0152,,0,114.55,,0,0,Y,2224.18,2161.23,2118.86,2016.81,Jharkhand
,FG0152,,0,120,,0,0,N,2035.02,1958.94,1920.53,1792.19,UP-North
,FG0152,,0,114.55,,0,0,Y,2224.18,2161.23,2118.86,2016.81,ODISHA
,FG0152,,0,114.55,,0,0,Y,2224.18,2161.23,2118.86,2016.81,Bihar
,FG0152,,0,114.55,,0,0,Y,2224.18,2161.23,2118.86,2016.81,KOLKATA
,FG0153,,0,114.55,,0,0,Y,2224.18,2161.23,2118.86,2016.81,ROB
,FG0153,,0,114.55,,0,0,Y,2224.18,2161.23,2118.86,2016.81,
,FG0153,,0,114.55,,0,0,Y,2224.18,2161.23,2118.86,2016.81,Jharkhand
,FG0153,,0,120,,0,0,N,2035.02,1958.94,1920.53,1792.19,UP-North
,FG0153,,0,114.55,,0,0,Y,2224.18,2161.23,2118.86,2016.81,ODISHA
,FG0153,,0,114.55,,0,0,Y,2224.18,2161.23,2118.86,2016.81,Bihar
,FG0153,,0,114.55,,0,0,Y,2224.18,2161.23,2118.86,2016.81,KOLKATA
,FG0154,,0,114.55,,0,0,Y,2224.18,2161.23,2118.86,2016.81,ROB
,FG0154,,0,114.55,,0,0,Y,2224.18,2161.23,2118.86,2016.81,
,FG0154,,0,114.55,,0,0,Y,2224.18,2161.23,2118.86,2016.81,Jharkhand
,FG0154,,0,120,,0,0,N,2035.02,1958.94,1920.53,1792.19,UP-North
,FG0154,,0,114.55,,0,0,Y,2224.18,2161.23,2118.86,2016.81,ODISHA
,FG0154,,0,114.55,,0,0,Y,2224.18,2161.23,2118.86,2016.81,Bihar
,FG0154,,0,114.55,,0,0,Y,2224.18,2161.23,2118.86,2016.81,KOLKATA
,FG0155,,0,108,,0,0,Y,2306.8,2241.51,2197.56,2091.72,ROB
,FG0155,,0,108,,0,0,Y,2306.8,2241.51,2197.56,2091.72,
,FG0155,,0,108,,0,0,Y,2306.8,2241.51,2197.56,2091.72,Jharkhand
,FG0155,,0,108,,0,0,Y,2930.43,2820.88,2765.57,2580.75,UP-North
,FG0155,,0,108,,0,0,Y,2306.8,2241.51,2197.56,2091.72,ODISHA
,FG0155,,0,108,,0,0,Y,3355.34,3260.38,3196.45,3042.5,West Bengal
,FG0155,,0,108,,0,0,Y,2306.8,2241.51,2197.56,2091.72,Bihar
,FG0155,,0,108,,0,0,Y,2306.8,2241.51,2197.56,2091.72,KOLKATA
,FG0156,,0,52,,0,0,Y,1817.48,1766.04,1731.41,1648.02,ROB
,FG0156,,0,52,,0,0,Y,1817.48,1766.04,1731.41,1648.02,
,FG0156,,0,52,,0,0,Y,1817.48,1766.04,1731.41,1648.02,Jharkhand
,FG0156,,0,52,,0,0,Y,1587.32,1527.98,1498.02,1397.91,UP-North
,FG0156,,0,52,,0,0,Y,1817.48,1766.04,1731.41,1648.02,ODISHA
,FG0156,,0,52,,0,0,Y,1817.48,1766.04,1731.41,1648.02,West Bengal
,FG0156,,0,52,,0,0,Y,1817.48,1766.04,1731.41,1648.02,Bihar
,FG0156,,0,52,,0,0,Y,1817.48,1766.04,1731.41,1648.02,KOLKATA
,FG0157,,0,44,,0,0,Y,1708.74,1660.38,1627.82,1549.42,ROB
,FG0157,,0,44,,0,0,Y,1708.74,1660.38,1627.82,1549.42,
,FG0157,,0,44,,0,0,Y,1708.74,1660.38,1627.82,1549.42,Jharkhand
,FG0157,,0,44,,0,0,Y,1492.35,1436.56,1408.39,1314.27,UP-North
,FG0157,,0,44,,0,0,Y,1708.74,1660.38,1627.82,1549.42,ODISHA
,FG0157,,0,44,,0,0,Y,1708.74,1660.38,1627.82,1549.42,West Bengal
,FG0157,,0,44,,0,0,Y,1708.74,1660.38,1627.82,1549.42,Bihar
,FG0157,,0,44,,0,0,Y,1708.74,1660.38,1627.82,1549.42,KOLKATA
,FG0158,,0,126,,0,0,Y,2446.6,2377.36,2330.74,2218.49,ROB
,FG0158,,0,126,,0,0,Y,2446.6,2377.36,2330.74,2218.49,
,FG0158,,0,126,,0,0,Y,2446.6,2377.36,2330.74,2218.49,Jharkhand
,FG0158,,0,117.6,,0,0,Y,1994.32,1919.76,1882.12,1756.35,UP-North
,FG0158,,0,126,,0,0,Y,2446.6,2377.36,2330.74,2218.49,ODISHA
,FG0158,,0,126,,0,0,Y,2446.6,2377.36,2330.74,2218.49,West Bengal
,FG0158,,0,126,,0,0,Y,2446.6,2377.36,2330.74,2218.49,Bihar
,FG0158,,0,126,,0,0,Y,2446.6,2377.36,2330.74,2218.49,KOLKATA
,FG0159,,0,100.8,,0,0,Y,1957.28,1901.89,1864.59,1774.79,ROB
,FG0159,,0,100.8,,0,0,Y,1957.28,1901.89,1864.59,1774.79,
,FG0159,,0,100.8,,0,0,Y,1957.28,1901.89,1864.59,1774.79,Jharkhand
,FG0159,,0,100.8,,0,0,Y,1709.42,1645.51,1613.25,1505.44,UP-North
,FG0159,,0,100.8,,0,0,Y,1957.28,1901.89,1864.59,1774.79,ODISHA
,FG0159,,0,100.8,,0,0,Y,1957.28,1901.89,1864.59,1774.79,West Bengal
,FG0159,,0,100.8,,0,0,Y,1957.28,1901.89,1864.59,1774.79,Bihar
,FG0159,,0,100.8,,0,0,Y,1957.28,1901.89,1864.59,1774.79,KOLKATA
,FG0160,,0,201.6,,0,0,Y,3914.56,3803.77,3729.19,3549.58,ROB
,FG0160,,0,201.6,,0,0,Y,3914.56,3803.77,3729.19,3549.58,
,FG0160,,0,201.6,,0,0,Y,3914.56,3803.77,3729.19,3549.58,Jharkhand
,FG0160,,0,193.2,,0,0,Y,3276.38,3153.9,3092.06,2885.43,UP-North
,FG0160,,0,201.6,,0,0,Y,3914.56,3803.77,3729.19,3549.58,ODISHA
,FG0160,,0,201.6,,0,0,Y,3914.56,3803.77,3729.19,3549.58,West Bengal
,FG0160,,0,201.6,,0,0,Y,3914.56,3803.77,3729.19,3549.58,Bihar
,FG0160,,0,201.6,,0,0,Y,3914.56,3803.77,3729.19,3549.58,KOLKATA
,FG0161,,0,201.6,,0,0,Y,3914.56,3803.77,3729.19,3549.58,ROB
,FG0161,,0,201.6,,0,0,Y,3914.56,3803.77,3729.19,3549.58,
,FG0161,,0,201.6,,0,0,Y,3914.56,3803.77,3729.19,3549.58,Jharkhand
,FG0161,,0,193.2,,0,0,Y,3276.38,3153.9,3092.06,2885.43,UP-North
,FG0161,,0,201.6,,0,0,Y,3914.56,3803.77,3729.19,3549.58,ODISHA
,FG0161,,0,201.6,,0,0,Y,3914.56,3803.77,3729.19,3549.58,West Bengal
,FG0161,,0,201.6,,0,0,Y,3914.56,3803.77,3729.19,3549.58,Bihar
,FG0161,,0,201.6,,0,0,Y,3914.56,3803.77,3729.19,3549.58,KOLKATA
,FG0162,,0,201.6,,0,0,Y,3914.56,3803.77,3729.19,3549.58,ROB
,FG0162,,0,201.6,,0,0,Y,3914.56,3803.77,3729.19,3549.58,
,FG0162,,0,201.6,,0,0,Y,3914.56,3803.77,3729.19,3549.58,Jharkhand
,FG0162,,0,193.2,,0,0,Y,3276.38,3153.9,3092.06,2885.43,UP-North
,FG0162,,0,201.6,,0,0,Y,3914.56,3803.77,3729.19,3549.58,ODISHA
,FG0162,,0,201.6,,0,0,Y,3914.56,3803.77,3729.19,3549.58,West Bengal
,FG0162,,0,201.6,,0,0,Y,3914.56,3803.77,3729.19,3549.58,Bihar
,FG0162,,0,201.6,,0,0,Y,3914.56,3803.77,3729.19,3549.58,KOLKATA
,FG0163,,0,201.6,,0,0,Y,3914.56,3803.77,3729.19,3549.58,ROB
,FG0163,,0,201.6,,0,0,Y,3914.56,3803.77,3729.19,3549.58,
,FG0163,,0,201.6,,0,0,Y,3914.56,3803.77,3729.19,3549.58,Jharkhand
,FG0163,,0,193.2,,0,0,Y,3276.38,3153.9,3092.06,2885.43,UP-North
,FG0163,,0,201.6,,0,0,Y,3914.56,3803.77,3729.19,3549.58,ODISHA
,FG0163,,0,201.6,,0,0,Y,3914.56,3803.77,3729.19,3549.58,West Bengal
,FG0163,,0,201.6,,0,0,Y,3914.56,3803.77,3729.19,3549.58,Bihar
,FG0163,,0,201.6,,0,0,Y,3914.56,3803.77,3729.19,3549.58,KOLKATA
,FG0164,,0,48,,0,0,Y,2330.1,2264.15,2219.76,2112.85,ROB
,FG0164,,0,48,,0,0,Y,2330.1,2264.15,2219.76,2112.85,
,FG0164,,0,48,,0,0,Y,2330.1,2264.15,2219.76,2112.85,Jharkhand
,FG0164,,0,50.4,,0,0,Y,2330.1,2242.99,2199.01,2093.1,UP-North
,FG0164,,0,48,,0,0,Y,2330.1,2264.15,2219.76,2112.85,ODISHA
,FG0164,,0,48,,0,0,Y,2330.1,2264.15,2219.76,2112.85,West Bengal
,FG0164,,0,48,,0,0,Y,2330.1,2264.15,2219.76,2112.85,Bihar
,FG0164,,0,48,,0,0,Y,2330.1,2264.15,2219.76,2112.85,KOLKATA
,FG0165,,0,33.6,,0,0,Y,1304.854369,1256.074766,1231.445849,1172.135779,ROB
,FG0165,,0,33.6,,0,0,Y,1304.854369,1256.074766,1231.445849,1172.135779,
,FG0165,,0,33.6,,0,0,Y,1304.854369,1256.074766,1231.445849,1172.135779,Jharkhand
,FG0165,,0,35.28,,0,0,Y,1304.85,1256.07,1231.45,1172.14,UP-North
,FG0165,,0,33.6,,0,0,Y,1304.854369,1256.074766,1231.445849,1172.135779,ODISHA
,FG0165,,0,33.6,,0,0,Y,1304.854369,1256.074766,1231.445849,1172.135779,Bihar
,FG0165,,0,33.6,,0,0,Y,1304.854369,1256.074766,1231.445849,1172.135779,KOLKATA
,FG0166,,0,33.6,,0,0,Y,1304.854369,1256.074766,1231.445849,1172.135779,ROB
,FG0166,,0,33.6,,0,0,Y,1304.854369,1256.074766,1231.445849,1172.135779,
,FG0166,,0,33.6,,0,0,Y,1304.854369,1256.074766,1231.445849,1172.135779,Jharkhand
,FG0166,,0,35.28,,0,0,Y,1304.85,1256.07,1231.45,1172.14,UP-North
,FG0166,,0,33.6,,0,0,Y,1304.854369,1256.074766,1231.445849,1172.135779,ODISHA
,FG0166,,0,33.6,,0,0,Y,1304.854369,1256.074766,1231.445849,1172.135779,Bihar
,FG0166,,0,33.6,,0,0,Y,1304.854369,1256.074766,1231.445849,1172.135779,KOLKATA
,FG0167,,0,33.6,,0,0,Y,1304.854369,1256.074766,1231.445849,1172.135779,ROB
,FG0167,,0,33.6,,0,0,Y,1304.854369,1256.074766,1231.445849,1172.135779,
,FG0167,,0,33.6,,0,0,Y,1304.854369,1256.074766,1231.445849,1172.135779,Jharkhand
,FG0167,,0,35.28,,0,0,Y,1304.85,1256.07,1231.45,1172.14,UP-North
,FG0167,,0,33.6,,0,0,Y,1304.854369,1256.074766,1231.445849,1172.135779,ODISHA
,FG0167,,0,33.6,,0,0,Y,1304.854369,1256.074766,1231.445849,1172.135779,Bihar
,FG0167,,0,33.6,,0,0,Y,1304.854369,1256.074766,1231.445849,1172.135779,KOLKATA
,FG0168,,0,33.6,,0,0,Y,1304.854369,1256.074766,1231.445849,1172.135779,ROB
,FG0168,,0,33.6,,0,0,Y,1304.854369,1256.074766,1231.445849,1172.135779,
,FG0168,,0,33.6,,0,0,Y,1304.854369,1256.074766,1231.445849,1172.135779,Jharkhand
,FG0168,,0,35.28,,0,0,Y,1304.85,1256.07,1231.45,1172.14,UP-North
,FG0168,,0,33.6,,0,0,Y,1304.854369,1256.074766,1231.445849,1172.135779,ODISHA
,FG0168,,0,33.6,,0,0,Y,1304.854369,1256.074766,1231.445849,1172.135779,Bihar
,FG0168,,0,33.6,,0,0,Y,1304.854369,1256.074766,1231.445849,1172.135779,KOLKATA
,FG0169,,0,114.8,,0,0,Y,1783.3,1732.83,1698.85,1617.03,ROB
,FG0169,,0,114.8,,0,0,Y,1783.3,1732.83,1698.85,1617.03,
,FG0169,,0,114.8,,0,0,Y,1783.3,1732.83,1698.85,1617.03,Jharkhand
,FG0169,,0,112,,0,0,Y,1656.96,1595.02,1563.74,1459.24,UP-North
,FG0169,,0,114.8,,0,0,Y,1783.3,1732.83,1698.85,1617.03,ODISHA
,FG0169,,0,114.8,,0,0,Y,1783.3,1732.83,1698.85,1617.03,West Bengal
,FG0169,,0,114.8,,0,0,Y,1783.3,1732.83,1698.85,1617.03,Bihar
,FG0169,,0,114.8,,0,0,Y,1783.3,1732.83,1698.85,1617.03,KOLKATA
,FG0170,,0,114.8,,0,0,Y,1783.3,1732.83,1698.85,1617.03,ROB
,FG0170,,0,114.8,,0,0,Y,1783.3,1732.83,1698.85,1617.03,
,FG0170,,0,114.8,,0,0,Y,1783.3,1732.83,1698.85,1617.03,Jharkhand
,FG0170,,0,112,,0,0,Y,1656.96,1595.02,1563.74,1459.24,UP-North
,FG0170,,0,114.8,,0,0,Y,1783.3,1732.83,1698.85,1617.03,ODISHA
,FG0170,,0,114.8,,0,0,Y,1783.3,1732.83,1698.85,1617.03,West Bengal
,FG0170,,0,114.8,,0,0,Y,1783.3,1732.83,1698.85,1617.03,Bihar
,FG0170,,0,114.8,,0,0,Y,1783.3,1732.83,1698.85,1617.03,KOLKATA
,FG0171,,0,98.4,,0,0,Y,2292.82,2227.92,2184.24,2079.04,ROB
,FG0171,,0,98.4,,0,0,Y,2292.82,2227.92,2184.24,2079.04,
,FG0171,,0,98.4,,0,0,Y,2292.82,2227.92,2184.24,2079.04,Jharkhand
,FG0171,,0,88,,0,0,Y,1952.84,1879.84,1842.98,1719.82,UP-North
,FG0171,,0,98.4,,0,0,Y,2292.82,2227.92,2184.24,2079.04,ODISHA
,FG0171,,0,90.2,,0,0,Y,2101.75,2042.26,2002.22,1905.79,West Bengal
,FG0171,,0,98.4,,0,0,Y,2292.82,2227.92,2184.24,2079.04,Bihar
,FG0171,,0,98.4,,0,0,Y,2292.82,2227.92,2184.24,2079.04,KOLKATA
,FG0172,,0,72.16,,0,0,Y,1681.4,1633.81,1601.78,1524.63,ROB
,FG0172,,0,72.16,,0,0,Y,1681.4,1633.81,1601.78,1524.63,
,FG0172,,0,72.16,,0,0,Y,1681.4,1633.81,1601.78,1524.63,Jharkhand
,FG0172,,0,70.4,,0,0,Y,1562.27,1503.87,1474.38,1375.86,UP-North
,FG0172,,0,72.16,,0,0,Y,1681.4,1633.81,1601.78,1524.63,ODISHA
,FG0172,,0,72.16,,0,0,Y,1681.4,1633.81,1601.78,1524.63,West Bengal
,FG0172,,0,72.16,,0,0,Y,1681.4,1633.81,1601.78,1524.63,Bihar
,FG0172,,0,72.16,,0,0,Y,1681.4,1633.81,1601.78,1524.63,KOLKATA
,FG0173,,0,67.24,,0,0,Y,1566.76,1522.42,1492.56,1420.68,ROB
,FG0173,,0,67.24,,0,0,Y,1566.76,1522.42,1492.56,1420.68,
,FG0173,,0,67.24,,0,0,Y,1566.76,1522.42,1492.56,1420.68,Jharkhand
,FG0173,,0,65.6,,0,0,Y,1455.76,1401.34,1373.86,1282.05,UP-North
,FG0173,,0,67.24,,0,0,Y,1566.76,1522.42,1492.56,1420.68,ODISHA
,FG0173,,0,67.24,,0,0,Y,1566.76,1522.42,1492.56,1420.68,West Bengal
,FG0173,,0,67.24,,0,0,Y,1566.76,1522.42,1492.56,1420.68,Bihar
,FG0173,,0,67.24,,0,0,Y,1566.76,1522.42,1492.56,1420.68,KOLKATA
,FG0174,,0,53.3,,0,0,Y,1241.94,1206.79,1183.13,1126.15,ROB
,FG0174,,0,53.3,,0,0,Y,1241.94,1206.79,1183.13,1126.15,
,FG0174,,0,53.3,,0,0,Y,1241.94,1206.79,1183.13,1126.15,Jharkhand
,FG0174,,0,52,,0,0,Y,1153.95,1110.81,1089.03,1016.26,UP-North
,FG0174,,0,53.3,,0,0,Y,1241.94,1206.79,1183.13,1126.15,ODISHA
,FG0174,,0,53.3,,0,0,Y,1241.94,1206.79,1183.13,1126.15,West Bengal
,FG0174,,0,53.3,,0,0,Y,1241.94,1206.79,1183.13,1126.15,Bihar
,FG0174,,0,53.3,,0,0,Y,1241.94,1206.79,1183.13,1126.15,KOLKATA
,FG0175,,0,53.3,,0,0,Y,1241.94,1206.79,1183.13,1126.15,ROB
,FG0175,,0,53.3,,0,0,Y,1241.94,1206.79,1183.13,1126.15,
,FG0175,,0,53.3,,0,0,Y,1241.94,1206.79,1183.13,1126.15,Jharkhand
,FG0175,,0,52,,0,0,Y,1153.95,1110.81,1089.03,1016.26,UP-North
,FG0175,,0,53.3,,0,0,Y,1241.94,1206.79,1183.13,1126.15,ODISHA
,FG0175,,0,53.3,,0,0,Y,1241.94,1206.79,1183.13,1126.15,West Bengal
,FG0175,,0,53.3,,0,0,Y,1241.94,1206.79,1183.13,1126.15,Bihar
,FG0175,,0,53.3,,0,0,Y,1241.94,1206.79,1183.13,1126.15,KOLKATA
,FG0176,,0,53.3,,0,0,Y,1241.94,1206.79,1183.13,1126.15,ROB
,FG0176,,0,53.3,,0,0,Y,1241.94,1206.79,1183.13,1126.15,
,FG0176,,0,53.3,,0,0,Y,1241.94,1206.79,1183.13,1126.15,Jharkhand
,FG0176,,0,52,,0,0,Y,1153.95,1110.81,1089.03,1016.26,UP-North
,FG0176,,0,53.3,,0,0,Y,1241.94,1206.79,1183.13,1126.15,ODISHA
,FG0176,,0,53.3,,0,0,Y,1241.94,1206.79,1183.13,1126.15,West Bengal
,FG0176,,0,53.3,,0,0,Y,1241.94,1206.79,1183.13,1126.15,Bihar
,FG0176,,0,53.3,,0,0,Y,1241.94,1206.79,1183.13,1126.15,KOLKATA
,FG0177,,0,8.2,,0,0,Y,796.12,773.58,758.42,721.89,ROB
,FG0177,,0,8.2,,0,0,Y,796.12,773.58,758.42,721.89,
,FG0177,,0,8.2,,0,0,Y,796.12,773.58,758.42,721.89,Jharkhand
,FG0177,,0,8,,0,0,Y,739.71,712.06,698.1,651.45,UP-North
,FG0177,,0,8.2,,0,0,Y,796.12,773.58,758.42,721.89,ODISHA
,FG0177,,0,8.2,,0,0,Y,796.12,773.58,758.42,721.89,West Bengal
,FG0177,,0,8.2,,0,0,Y,796.12,773.58,758.42,721.89,Bihar
,FG0177,,0,8.2,,0,0,Y,796.12,773.58,758.42,721.89,KOLKATA
,FG0178,,0,8.2,,0,0,Y,796.12,773.58,758.42,721.89,ROB
,FG0178,,0,8.2,,0,0,Y,796.12,773.58,758.42,721.89,
,FG0178,,0,8.2,,0,0,Y,796.12,773.58,758.42,721.89,Jharkhand
,FG0178,,0,8,,0,0,Y,739.71,712.06,698.1,651.45,UP-North
,FG0178,,0,8.2,,0,0,Y,796.12,773.58,758.42,721.89,ODISHA
,FG0178,,0,8.2,,0,0,Y,796.12,773.58,758.42,721.89,West Bengal
,FG0178,,0,8.2,,0,0,Y,796.12,773.58,758.42,721.89,Bihar
,FG0178,,0,8.2,,0,0,Y,796.12,773.58,758.42,721.89,KOLKATA
,FG0179,,0,0.76,,0,0,Y,531.26,516.23,506.1,481.73,ROB
,FG0179,,0,0.76,,0,0,Y,531.26,516.23,506.1,481.73,
,FG0179,,0,0.76,,0,0,Y,531.26,516.23,506.1,481.73,Jharkhand
,FG0179,,0,0.7,,0,0,Y,466.02,448.6,439.8,410.41,UP-North
,FG0179,,0,0.76,,0,0,Y,531.26,516.23,506.1,481.73,ODISHA
,FG0179,,0,0.76,,0,0,Y,531.26,516.23,506.1,481.73,West Bengal
,FG0179,,0,0.76,,0,0,Y,531.26,516.23,506.1,481.73,Bihar
,FG0179,,0,0.76,,0,0,Y,531.26,516.23,506.1,481.73,KOLKATA
,FG0180,,0,0.76,,0,0,Y,531.26,516.23,506.1,481.73,ROB
,FG0180,,0,0.76,,0,0,Y,531.26,516.23,506.1,481.73,
,FG0180,,0,0.76,,0,0,Y,531.26,516.23,506.1,481.73,Jharkhand
,FG0180,,0,0.7,,0,0,Y,466.02,448.6,439.8,410.41,UP-North
,FG0180,,0,0.76,,0,0,Y,531.26,516.23,506.1,481.73,ODISHA
,FG0180,,0,0.76,,0,0,Y,531.26,516.23,506.1,481.73,West Bengal
,FG0180,,0,0.76,,0,0,Y,531.26,516.23,506.1,481.73,Bihar
,FG0180,,0,0.76,,0,0,Y,531.26,516.23,506.1,481.73,KOLKATA
,FG0181,,0,0.76,,0,0,Y,531.26,516.23,506.1,481.73,ROB
,FG0181,,0,0.76,,0,0,Y,531.26,516.23,506.1,481.73,
,FG0181,,0,0.76,,0,0,Y,531.26,516.23,506.1,481.73,Jharkhand
,FG0181,,0,0.7,,0,0,Y,466.02,448.6,439.8,410.41,UP-North
,FG0181,,0,0.76,,0,0,Y,531.26,516.23,506.1,481.73,ODISHA
,FG0181,,0,0.76,,0,0,Y,531.26,516.23,506.1,481.73,West Bengal
,FG0181,,0,0.76,,0,0,Y,531.26,516.23,506.1,481.73,Bihar
,FG0181,,0,0.76,,0,0,Y,531.26,516.23,506.1,481.73,KOLKATA
,FG0182,,0,0.76,,0,0,Y,531.26,516.23,506.1,481.73,ROB
,FG0182,,0,0.76,,0,0,Y,531.26,516.23,506.1,481.73,
,FG0182,,0,0.76,,0,0,Y,531.26,516.23,506.1,481.73,Jharkhand
,FG0182,,0,0.7,,0,0,Y,466.02,448.6,439.8,410.41,UP-North
,FG0182,,0,0.76,,0,0,Y,531.26,516.23,506.1,481.73,ODISHA
,FG0182,,0,0.76,,0,0,Y,531.26,516.23,506.1,481.73,West Bengal
,FG0182,,0,0.76,,0,0,Y,531.26,516.23,506.1,481.73,Bihar
,FG0182,,0,0.76,,0,0,Y,531.26,516.23,506.1,481.73,KOLKATA
,FG0183,,0,0.76,,0,0,Y,531.26,516.23,506.1,481.73,ROB
,FG0183,,0,0.76,,0,0,Y,531.26,516.23,506.1,481.73,
,FG0183,,0,0.76,,0,0,Y,531.26,516.23,506.1,481.73,Jharkhand
,FG0183,,0,0.7,,0,0,Y,466.02,448.6,439.8,410.41,UP-North
,FG0183,,0,0.76,,0,0,Y,531.26,516.23,506.1,481.73,ODISHA
,FG0183,,0,0.76,,0,0,Y,531.26,516.23,506.1,481.73,West Bengal
,FG0183,,0,0.76,,0,0,Y,531.26,516.23,506.1,481.73,Bihar
,FG0183,,0,0.76,,0,0,Y,531.26,516.23,506.1,481.73,KOLKATA
,FG0184,,0,114.8,,0,0,Y,1337.48,1299.62,1274.14,1212.77,ROB
,FG0184,,0,114.8,,0,0,Y,1337.48,1299.62,1274.14,1212.77,
,FG0184,,0,114.8,,0,0,Y,1337.48,1299.62,1274.14,1212.77,Jharkhand
,FG0184,,0,112,,0,0,N,1242.72,1196.26,1172.81,1094.43,UP-North
,FG0184,,0,114.8,,0,0,Y,1337.48,1299.62,1274.14,1212.77,ODISHA
,FG0184,,0,114.8,,0,0,Y,1337.48,1299.62,1274.14,1212.77,West Bengal
,FG0184,,0,114.8,,0,0,Y,1337.48,1299.62,1274.14,1212.77,Bihar
,FG0184,,0,114.8,,0,0,Y,1337.48,1299.62,1274.14,1212.77,KOLKATA
,FG0185,,0,114.8,,0,0,Y,1337.48,1299.62,1274.14,1212.77,ROB
,FG0185,,0,114.8,,0,0,Y,1337.48,1299.62,1274.14,1212.77,
,FG0185,,0,114.8,,0,0,Y,1337.48,1299.62,1274.14,1212.77,Jharkhand
,FG0185,,0,112,,0,0,N,1242.72,1196.26,1172.81,1094.43,UP-North
,FG0185,,0,114.8,,0,0,Y,1337.48,1299.62,1274.14,1212.77,ODISHA
,FG0185,,0,114.8,,0,0,Y,1337.48,1299.62,1274.14,1212.77,West Bengal
,FG0185,,0,114.8,,0,0,Y,1337.48,1299.62,1274.14,1212.77,Bihar
,FG0185,,0,114.8,,0,0,Y,1337.48,1299.62,1274.14,1212.77,KOLKATA
,FG0186,,0,8,,0,0,Y,591.7706889,569.6484201,558.48,0,ROB
,FG0186,,0,8.034934498,,0,0,Y,542.6718107,522.3850141,512.1421707,477.9175398,
,FG0186,,0,8,,0,0,Y,591.77,569.65,558.48,521.16,UP-North
,FG0186,,0,8,,0,0,Y,591.7706889,569.6484201,558.48,521.1576982,Jharkhand
,FG0186,,0,8.034934498,,0,0,Y,542.6718107,522.3850141,512.1421707,477.9175398,Bihar
,FG0186,,0,8,,0,0,Y,591.7706889,569.6484201,558.48,0,KOLKATA
,FG0187,,0,0,,0,0,Y,0,0,0,0,ROB
,FG0187,,0,0,,0,0,Y,0,0,0,0,
,FG0187,,0,8,,0,0,Y,591.77,569.65,558.48,521.16,UP-North
,FG0187,,0,0,,0,0,Y,0,0,0,0,Jharkhand
,FG0187,,0,0,,0,0,Y,0,0,0,0,ODISHA
,FG0187,,0,7.7,,0,0,Y,598.06,581.13,569.74,542.3,West Bengal
,FG0187,,0,0,,0,0,Y,0,0,0,0,Bihar
,FG0187,,0,0,,0,0,Y,0,0,0,0,KOLKATA
,FG0188,,0,24,,0,0,Y,554.7850208,534.0453939,523.57,0,ROB
,FG0188,,0,24.10480349,,0,0,Y,508.7548226,489.7359507,480.133285,448.0476936,
,FG0188,,0,24,,0,0,Y,554.79,534.05,523.57,488.59,UP-North
,FG0188,,0,24,,0,0,Y,554.7850208,534.0453939,523.57,488.585342,Jharkhand
,FG0188,,0,24.10480349,,0,0,Y,508.7548226,489.7359507,480.133285,448.0476936,Bihar
,FG0188,,0,24,,0,0,Y,554.7850208,534.0453939,523.57,0,KOLKATA
,FG0189,,0,24,,0,0,Y,582.52,566.04,554.94,528.21,ROB
,FG0189,,0,24,,0,0,Y,582.52,566.04,554.94,528.21,
,FG0189,,0,24,,0,0,Y,554.79,534.05,523.57,488.59,UP-North
,FG0189,,0,24,,0,0,Y,582.52,566.04,554.94,528.21,Jharkhand
,FG0189,,0,24,,0,0,Y,582.52,566.04,554.94,528.21,ODISHA
,FG0189,,0,23.1,,0,0,Y,560.68,544.81,534.13,508.4,West Bengal
,FG0189,,0,24,,0,0,Y,582.52,566.04,554.94,528.21,Bihar
,FG0189,,0,24,,0,0,Y,582.52,566.04,554.94,528.21,KOLKATA
,FG0190,,0,0,,0,0,Y,0,0,0,0,ROB
,FG0190,,0,0,,0,0,Y,0,0,0,0,
,FG0190,,0,7.34,,0,0,Y,651.21,626.86,614.57,573.5,UP-North
,FG0190,,0,0,,0,0,Y,0,0,0,0,Jharkhand
,FG0190,,0,0,,0,0,Y,0,0,0,0,ODISHA
,FG0190,,0,7.3,,0,0,Y,680.39,661.13,648.17,616.95,West Bengal
,FG0190,,0,0,,0,0,Y,0,0,0,0,Bihar
,FG0190,,0,0,,0,0,Y,0,0,0,0,KOLKATA
,FG0191,,0,7.5,,0,0,Y,699.03,679.25,665.93,633.85,ROB
,FG0191,,0,7.5,,0,0,Y,699.03,679.25,665.93,633.85,
,FG0191,,0,7.34,,0,0,Y,651.21,626.86,614.57,573.5,UP-North
,FG0191,,0,7.5,,0,0,Y,699.03,679.25,665.93,633.85,Jharkhand
,FG0191,,0,7.5,,0,0,Y,699.03,679.25,665.93,633.85,ODISHA
,FG0191,,0,7.3,,0,0,Y,680.39,661.13,648.17,616.95,West Bengal
,FG0191,,0,7.5,,0,0,Y,699.03,679.25,665.93,633.85,Bihar
,FG0191,,0,7.5,,0,0,Y,699.03,679.25,665.93,633.85,KOLKATA
,FG0192,,0,7.5,,0,0,Y,699.03,679.25,665.93,633.85,ROB
,FG0192,,0,7.5,,0,0,Y,699.03,679.25,665.93,633.85,
,FG0192,,0,7.34,,0,0,Y,651.21,626.86,614.57,573.5,UP-North
,FG0192,,0,7.5,,0,0,Y,699.03,679.25,665.93,633.85,Jharkhand
,FG0192,,0,7.5,,0,0,Y,699.03,679.25,665.93,633.85,ODISHA
,FG0192,,0,7.3,,0,0,Y,680.39,661.13,648.17,616.95,West Bengal
,FG0192,,0,7.5,,0,0,Y,699.03,679.25,665.93,633.85,Bihar
,FG0192,,0,7.5,,0,0,Y,699.03,679.25,665.93,633.85,KOLKATA
,FG0193,,0,208,,0,0,Y,769.3018955,740.5429462,726.02,0,ROB
,FG0193,,0,208.9082969,,0,0,Y,705.473354,679.1005183,665.7848219,621.2928017,
,FG0193,,0,208,,0,0,Y,769.3,740.54,726.02,677.51,UP-North
,FG0193,,0,208,,0,0,Y,769.3018955,740.5429462,726.02,677.5050076,Jharkhand
,FG0193,,0,208.9082969,,0,0,Y,705.473354,679.1005183,665.7848219,621.2928017,Bihar
,FG0193,,0,208,,0,0,Y,769.3018955,740.5429462,726.02,0,KOLKATA
,FG0194,,0,214.4,,0,0,Y,832.62,809.06,793.19,754.99,ROB
,FG0194,,0,214.4,,0,0,Y,832.62,809.06,793.19,754.99,
,FG0194,,0,208,,0,0,Y,769.3,740.54,726.02,677.51,UP-North
,FG0194,,0,214.4,,0,0,Y,832.62,809.06,793.19,754.99,Jharkhand
,FG0194,,0,214.4,,0,0,Y,832.62,809.06,793.19,754.99,ODISHA
,FG0194,,0,195.2,,0,0,Y,758.06,736.6,722.16,687.38,West Bengal
,FG0194,,0,214.4,,0,0,Y,832.62,809.06,793.19,754.99,Bihar
,FG0194,,0,214.4,,0,0,Y,832.62,809.06,793.19,754.99,KOLKATA
,FG0195,,0,252,,0,0,Y,978.64,950.94,932.3,887.4,ROB
,FG0195,,0,252,,0,0,Y,978.64,950.94,932.3,887.4,
,FG0195,,0,238.43,,0,0,Y,881.84,848.88,832.23,776.62,UP-North
,FG0195,,0,252,,0,0,Y,978.64,950.94,932.3,887.4,Jharkhand
,FG0195,,0,252,,0,0,Y,978.64,950.94,932.3,887.4,ODISHA
,FG0195,,0,233,,0,0,Y,904.85,879.25,862.01,820.49,West Bengal
,FG0195,,0,252,,0,0,Y,978.64,950.94,932.3,887.4,Bihar
,FG0195,,0,252,,0,0,Y,978.64,950.94,932.3,887.4,KOLKATA
,FG0196,,0,252,,0,0,Y,978.64,950.94,932.3,887.4,ROB
,FG0196,,0,252,,0,0,Y,978.64,950.94,932.3,887.4,
,FG0196,,0,238.43,,0,0,Y,881.84,848.88,832.23,776.62,UP-North
,FG0196,,0,252,,0,0,Y,978.64,950.94,932.3,887.4,Jharkhand
,FG0196,,0,252,,0,0,Y,978.64,950.94,932.3,887.4,ODISHA
,FG0196,,0,233,,0,0,Y,904.85,879.25,862.01,820.49,West Bengal
,FG0196,,0,252,,0,0,Y,978.64,950.94,932.3,887.4,Bihar
,FG0196,,0,252,,0,0,Y,978.64,950.94,932.3,887.4,KOLKATA
,FG0197,,0,252,,0,0,Y,978.64,950.94,932.3,887.4,ROB
,FG0197,,0,252,,0,0,Y,978.64,950.94,932.3,887.4,
,FG0197,,0,238.43,,0,0,Y,881.84,848.88,832.23,776.62,UP-North
,FG0197,,0,252,,0,0,Y,978.64,950.94,932.3,887.4,Jharkhand
,FG0197,,0,252,,0,0,Y,978.64,950.94,932.3,887.4,ODISHA
,FG0197,,0,233,,0,0,Y,904.85,879.25,862.01,820.49,West Bengal
,FG0197,,0,252,,0,0,Y,978.64,950.94,932.3,887.4,Bihar
,FG0197,,0,252,,0,0,Y,978.64,950.94,932.3,887.4,KOLKATA
,FG0198,,0,213.1004367,,0,0,Y,827.5745114,796.6371465,781.02,0,ROB
,FG0198,,0,213.1004367,,0,0,Y,827.5745114,796.6371465,781.0168103,728.8242482,
,FG0198,,0,238.43,,0,0,Y,881.84,848.88,832.23,776.62,UP-North
,FG0198,,0,244,,0,0,Y,827.5745114,796.6371465,781.02,728.8242482,Jharkhand
,FG0198,,0,213.1004367,,0,0,Y,827.5745114,796.6371465,781.0168103,728.8242482,Bihar
,FG0198,,0,213.1004367,,0,0,Y,827.5745114,796.6371465,781.02,0,KOLKATA
,FG0199,,0,213.1004367,,0,0,Y,827.5745114,796.6371465,781.02,0,ROB
,FG0199,,0,213.1004367,,0,0,Y,827.5745114,796.6371465,781.0168103,728.8242482,
,FG0199,,0,238.43,,0,0,Y,881.84,848.88,832.23,776.62,UP-North
,FG0199,,0,244,,0,0,Y,827.5745114,796.6371465,781.02,728.8242482,Jharkhand
,FG0199,,0,213.1004367,,0,0,Y,827.5745114,796.6371465,781.0168103,728.8242482,Bihar
,FG0199,,0,213.1004367,,0,0,Y,827.5745114,796.6371465,781.02,0,KOLKATA
,FG0200,,0,213.1004367,,0,0,Y,827.5745114,796.6371465,781.02,0,ROB
,FG0200,,0,213.1004367,,0,0,Y,827.5745114,796.6371465,781.0168103,728.8242482,
,FG0200,,0,223.76,,0,0,Y,827.57,796.64,781.02,728.82,UP-North
,FG0200,,0,244,,0,0,Y,827.5745114,796.6371465,781.02,728.8242482,Jharkhand
,FG0200,,0,213.1004367,,0,0,Y,827.5745114,796.6371465,781.0168103,728.8242482,Bihar
,FG0200,,0,213.1004367,,0,0,Y,827.5745114,796.6371465,781.02,0,KOLKATA
,FG0201,,0,89.25,,0,0,Y,1733.01,1683.96,1650.94,1571.43,ROB
,FG0201,,0,89.25,,0,0,Y,1733.01,1683.96,1650.94,1571.43,
,FG0201,,0,97.5,,0,0,Y,1803.05,1735.65,1701.62,1619.66,UP-North
,FG0201,,0,89.25,,0,0,Y,1733.01,1683.96,1650.94,1571.43,Jharkhand
,FG0201,,0,89.25,,0,0,Y,1733.01,1683.96,1650.94,1571.43,ODISHA
,FG0201,,0,89.25,,0,0,Y,1733.01,1683.96,1650.94,1571.43,West Bengal
,FG0201,,0,89.25,,0,0,Y,1733.01,1683.96,1650.94,1571.43,Bihar
,FG0201,,0,89.25,,0,0,Y,1733.01,1683.96,1650.94,1571.43,KOLKATA
,FG0202,,0,42.5,,0,0,Y,2063.11,2004.72,1965.41,1870.75,ROB
,FG0202,,0,42.5,,0,0,Y,2063.11,2004.72,1965.41,1870.75,
,FG0202,,0,45,,0,0,Y,2080.44,2002.67,1963.4,1868.84,UP-North
,FG0202,,0,42.5,,0,0,Y,2063.11,2004.72,1965.41,1870.75,Jharkhand
,FG0202,,0,42.5,,0,0,Y,2063.11,2004.72,1965.41,1870.75,ODISHA
,FG0202,,0,42.5,,0,0,Y,2063.11,2004.72,1965.41,1870.75,West Bengal
,FG0202,,0,42.5,,0,0,Y,2063.11,2004.72,1965.41,1870.75,Bihar
,FG0202,,0,42.5,,0,0,Y,2063.11,2004.72,1965.41,1870.75,KOLKATA
,FG0203,,0,22.5,,0,0,Y,2184.47,2122.64,2081.02,1980.79,ROB
,FG0203,,0,22.5,,0,0,Y,2184.47,2122.64,2081.02,1980.79,
,FG0203,,0,22.5,,0,0,Y,2080.44,2002.67,1963.4,1868.84,UP-North
,FG0203,,0,22.5,,0,0,Y,2184.47,2122.64,2081.02,1980.79,Jharkhand
,FG0203,,0,22.5,,0,0,Y,2184.47,2122.64,2081.02,1980.79,ODISHA
,FG0203,,0,22.5,,0,0,Y,2184.47,2122.64,2081.02,1980.79,West Bengal
,FG0203,,0,22.5,,0,0,Y,2184.47,2122.64,2081.02,1980.79,Bihar
,FG0203,,0,22.5,,0,0,Y,2184.47,2122.64,2081.02,1980.79,KOLKATA
,FG0204,,0,97.5,,0,0,Y,1893.2,1839.62,1803.55,1716.69,ROB
,FG0204,,0,97.5,,0,0,Y,1893.2,1839.62,1803.55,1716.69,
,FG0204,,0,97.5,,0,0,Y,1803.05,1735.65,1701.62,1619.66,UP-North
,FG0204,,0,97.5,,0,0,Y,1893.2,1839.62,1803.55,1716.69,Jharkhand
,FG0204,,0,97.5,,0,0,Y,1893.2,1839.62,1803.55,1716.69,ODISHA
,FG0204,,0,97.5,,0,0,Y,1893.2,1839.62,1803.55,1716.69,West Bengal
,FG0204,,0,97.5,,0,0,Y,1893.2,1839.62,1803.55,1716.69,Bihar
,FG0204,,0,97.5,,0,0,Y,1893.2,1839.62,1803.55,1716.69,KOLKATA
,FG0205,,0,45,,0,0,Y,2184.47,2122.64,2081.02,1980.79,ROB
,FG0205,,0,45,,0,0,Y,2184.47,2122.64,2081.02,1980.79,
,FG0205,,0,45,,0,0,Y,2080.44,2002.67,1963.4,1868.84,UP-North
,FG0205,,0,45,,0,0,Y,2184.47,2122.64,2081.02,1980.79,Jharkhand
,FG0205,,0,45,,0,0,Y,2184.47,2122.64,2081.02,1980.79,ODISHA
,FG0205,,0,45,,0,0,Y,2184.47,2122.64,2081.02,1980.79,West Bengal
,FG0205,,0,45,,0,0,Y,2184.47,2122.64,2081.02,1980.79,Bihar
,FG0205,,0,45,,0,0,Y,2184.47,2122.64,2081.02,1980.79,KOLKATA
,FG0206,,0,120,,0,0,Y,2330.1,2264.15,2219.76,2112.85,ROB
,FG0206,,0,120,,0,0,Y,2330.1,2264.15,2219.76,2112.85,
,FG0206,,0,150,,0,0,Y,2773.93,2670.23,2617.87,2491.79,UP-North
,FG0206,,0,120,,0,0,Y,2330.1,2264.15,2219.76,2112.85,Jharkhand
,FG0206,,0,120,,0,0,Y,2330.1,2264.15,2219.76,2112.85,ODISHA
,FG0206,,0,150,,0,0,Y,2912.62,2830.19,2774.69,2641.06,West Bengal
,FG0206,,0,120,,0,0,Y,2330.1,2264.15,2219.76,2112.85,Bihar
,FG0206,,0,120,,0,0,Y,2330.1,2264.15,2219.76,2112.85,KOLKATA
,FG0207,,0,63.75,,0,0,Y,3094.66,3007.08,2948.11,2806.12,ROB
,FG0207,,0,63.75,,0,0,Y,3094.66,3007.08,2948.11,2806.12,
,FG0207,,0,63.75,,0,0,Y,2947.3,2837.12,2781.49,2647.52,UP-North
,FG0207,,0,63.75,,0,0,Y,3094.66,3007.08,2948.11,2806.12,Jharkhand
,FG0207,,0,63.75,,0,0,Y,3094.66,3007.08,2948.11,2806.12,ODISHA
,FG0207,,0,63.75,,0,0,Y,3094.66,3007.08,2948.11,2806.12,West Bengal
,FG0207,,0,63.75,,0,0,Y,3094.66,3007.08,2948.11,2806.12,Bihar
,FG0207,,0,63.75,,0,0,Y,3094.66,3007.08,2948.11,2806.12,KOLKATA
,FG0208,,0,89.25,,0,0,Y,1733.01,1683.96,1650.94,1571.43,ROB
,FG0208,,0,89.25,,0,0,Y,1733.01,1683.96,1650.94,1571.43,
,FG0208,,0,97.5,,0,0,Y,1803.05,1735.65,1701.62,1619.66,UP-North
,FG0208,,0,89.25,,0,0,Y,1733.01,1683.96,1650.94,1571.43,Jharkhand
,FG0208,,0,89.25,,0,0,Y,1733.01,1683.96,1650.94,1571.43,ODISHA
,FG0208,,0,89.25,,0,0,Y,1733.01,1683.96,1650.94,1571.43,West Bengal
,FG0208,,0,89.25,,0,0,Y,1733.01,1683.96,1650.94,1571.43,Bihar
,FG0208,,0,89.25,,0,0,Y,1733.01,1683.96,1650.94,1571.43,KOLKATA
,FG0209,,0,45,,0,0,Y,2184.47,2122.64,2081.02,1980.79,ROB
,FG0209,,0,45,,0,0,Y,2184.47,2122.64,2081.02,1980.79,
,FG0209,,0,45,,0,0,Y,2080.44,2002.67,1963.4,1868.84,UP-North
,FG0209,,0,45,,0,0,Y,2184.47,2122.64,2081.02,1980.79,Jharkhand
,FG0209,,0,45,,0,0,Y,2184.47,2122.64,2081.02,1980.79,ODISHA
,FG0209,,0,45,,0,0,Y,2184.47,2122.64,2081.02,1980.79,West Bengal
,FG0209,,0,45,,0,0,Y,2184.47,2122.64,2081.02,1980.79,Bihar
,FG0209,,0,45,,0,0,Y,2184.47,2122.64,2081.02,1980.79,KOLKATA
,FG0210,,0,45,,0,0,Y,2184.47,2122.64,2081.02,1980.79,ROB
,FG0210,,0,45,,0,0,Y,2184.47,2122.64,2081.02,1980.79,
,FG0210,,0,45,,0,0,Y,2080.44,2002.67,1963.4,1868.84,UP-North
,FG0210,,0,45,,0,0,Y,2184.47,2122.64,2081.02,1980.79,Jharkhand
,FG0210,,0,45,,0,0,Y,2184.47,2122.64,2081.02,1980.79,ODISHA
,FG0210,,0,45,,0,0,Y,2184.47,2122.64,2081.02,1980.79,West Bengal
,FG0210,,0,45,,0,0,Y,2184.47,2122.64,2081.02,1980.79,Bihar
,FG0210,,0,45,,0,0,Y,2184.47,2122.64,2081.02,1980.79,KOLKATA
,FG0211,,0,45,,0,0,Y,2184.47,2122.64,2081.02,1980.79,ROB
,FG0211,,0,45,,0,0,Y,2184.47,2122.64,2081.02,1980.79,
,FG0211,,0,45,,0,0,Y,2080.44,2002.67,1963.4,1868.84,UP-North
,FG0211,,0,45,,0,0,Y,2184.47,2122.64,2081.02,1980.79,Jharkhand
,FG0211,,0,45,,0,0,Y,2184.47,2122.64,2081.02,1980.79,ODISHA
,FG0211,,0,45,,0,0,Y,2184.47,2122.64,2081.02,1980.79,West Bengal
,FG0211,,0,45,,0,0,Y,2184.47,2122.64,2081.02,1980.79,Bihar
,FG0211,,0,45,,0,0,Y,2184.47,2122.64,2081.02,1980.79,KOLKATA
,FG0212,,0,45,,0,0,Y,2184.47,2122.64,2081.02,1980.79,ROB
,FG0212,,0,45,,0,0,Y,2184.47,2122.64,2081.02,1980.79,
,FG0212,,0,45,,0,0,Y,2080.44,2002.67,1963.4,1868.84,UP-North
,FG0212,,0,45,,0,0,Y,2184.47,2122.64,2081.02,1980.79,Jharkhand
,FG0212,,0,45,,0,0,Y,2184.47,2122.64,2081.02,1980.79,ODISHA
,FG0212,,0,45,,0,0,Y,2184.47,2122.64,2081.02,1980.79,West Bengal
,FG0212,,0,45,,0,0,Y,2184.47,2122.64,2081.02,1980.79,Bihar
,FG0212,,0,45,,0,0,Y,2184.47,2122.64,2081.02,1980.79,KOLKATA
,FG0213,,0,45,,0,0,Y,2184.47,2122.64,2081.02,1980.79,ROB
,FG0213,,0,45,,0,0,Y,2184.47,2122.64,2081.02,1980.79,
,FG0213,,0,45,,0,0,Y,2080.44,2002.67,1963.4,1868.84,UP-North
,FG0213,,0,45,,0,0,Y,2184.47,2122.64,2081.02,1980.79,Jharkhand
,FG0213,,0,45,,0,0,Y,2184.47,2122.64,2081.02,1980.79,ODISHA
,FG0213,,0,45,,0,0,Y,2184.47,2122.64,2081.02,1980.79,West Bengal
,FG0213,,0,45,,0,0,Y,2184.47,2122.64,2081.02,1980.79,Bihar
,FG0213,,0,45,,0,0,Y,2184.47,2122.64,2081.02,1980.79,KOLKATA
,FG0214,,0,41.25,,0,0,Y,2002.43,1945.75,1907.6,1815.73,ROB
,FG0214,,0,41.25,,0,0,Y,2002.43,1945.75,1907.6,1815.73,
,FG0214,,0,33.75,,0,0,Y,1560.33,1502,1472.55,1401.63,UP-North
,FG0214,,0,41.25,,0,0,Y,2002.43,1945.75,1907.6,1815.73,Jharkhand
,FG0214,,0,41.25,,0,0,Y,2002.43,1945.75,1907.6,1815.73,ODISHA
,FG0214,,0,41.25,,0,0,Y,2002.43,1945.75,1907.6,1815.73,West Bengal
,FG0214,,0,41.25,,0,0,Y,2002.43,1945.75,1907.6,1815.73,Bihar
,FG0214,,0,41.25,,0,0,Y,2002.43,1945.75,1907.6,1815.73,KOLKATA
,FG0215,,0,0,,0,0,N,0,0,0,0,ROB
,FG0215,,0,0,,0,0,N,0,0,0,0,
,FG0215,,0,97.5,,0,0,Y,1803.05,1735.65,1701.62,1619.66,UP-North
,FG0215,,0,0,,0,0,N,0,0,0,0,Jharkhand
,FG0215,,0,85.15,,0,0,Y,1653.45,1591.64,1560.43,1485.28,Bihar
,FG0215,,0,0,,0,0,N,0,0,0,0,KOLKATA
,FG0216,,0,90,,0,0,Y,1747.57,1698.11,1664.82,1584.63,ROB
,FG0216,,0,90,,0,0,Y,1747.57,1698.11,1664.82,1584.63,
,FG0216,,0,90,,0,0,Y,1664.36,1602.14,1570.72,1495.07,UP-North
,FG0216,,0,90,,0,0,Y,1747.57,1698.11,1664.82,1584.63,Jharkhand
,FG0216,,0,90,,0,0,Y,1747.57,1698.11,1664.82,1584.63,ODISHA
,FG0216,,0,90,,0,0,Y,1747.57,1698.11,1664.82,1584.63,West Bengal
,FG0216,,0,90,,0,0,Y,1747.57,1698.11,1664.82,1584.63,Bihar
,FG0216,,0,90,,0,0,Y,1747.57,1698.11,1664.82,1584.63,KOLKATA
,FG0217,,0,150,,0,0,Y,1747.57,1698.11,1664.82,1584.63,ROB
,FG0217,,0,150,,0,0,Y,1747.57,1698.11,1664.82,1584.63,
,FG0217,,0,135,,0,0,Y,1497.92,1441.92,1413.65,1345.56,UP-North
,FG0217,,0,150,,0,0,Y,1747.57,1698.11,1664.82,1584.63,Jharkhand
,FG0217,,0,150,,0,0,Y,1747.57,1698.11,1664.82,1584.63,ODISHA
,FG0217,,0,150,,0,0,Y,1747.57,1698.11,1664.82,1584.63,West Bengal
,FG0217,,0,150,,0,0,Y,1747.57,1698.11,1664.82,1584.63,Bihar
,FG0217,,0,150,,0,0,Y,1747.57,1698.11,1664.82,1584.63,KOLKATA
,FG0218,,0,150,,0,0,Y,1747.57,1698.11,1664.82,1584.63,ROB
,FG0218,,0,150,,0,0,Y,1747.57,1698.11,1664.82,1584.63,
,FG0218,,0,135,,0,0,Y,1497.92,1441.92,1413.65,1345.56,UP-North
,FG0218,,0,150,,0,0,Y,1747.57,1698.11,1664.82,1584.63,Jharkhand
,FG0218,,0,150,,0,0,Y,1747.57,1698.11,1664.82,1584.63,ODISHA
,FG0218,,0,146.25,,0,0,Y,1703.88,1655.66,1623.2,1545.02,West Bengal
,FG0218,,0,150,,0,0,Y,1747.57,1698.11,1664.82,1584.63,Bihar
,FG0218,,0,150,,0,0,Y,1747.57,1698.11,1664.82,1584.63,KOLKATA
,FG0219,,0,150,,0,0,Y,1747.57,1698.11,1664.82,1584.63,ROB
,FG0219,,0,150,,0,0,Y,1747.57,1698.11,1664.82,1584.63,
,FG0219,,0,135,,0,0,Y,1497.92,1441.92,1413.65,1345.56,UP-North
,FG0219,,0,150,,0,0,Y,1747.57,1698.11,1664.82,1584.63,Jharkhand
,FG0219,,0,150,,0,0,Y,1747.57,1698.11,1664.82,1584.63,ODISHA
,FG0219,,0,146.25,,0,0,Y,1703.88,1655.66,1623.2,1545.02,West Bengal
,FG0219,,0,150,,0,0,Y,1747.57,1698.11,1664.82,1584.63,Bihar
,FG0219,,0,150,,0,0,Y,1747.57,1698.11,1664.82,1584.63,KOLKATA
,FG0220,,0,150,,0,0,Y,1747.57,1698.11,1664.82,1584.63,ROB
,FG0220,,0,150,,0,0,Y,1747.57,1698.11,1664.82,1584.63,
,FG0220,,0,150,,0,0,Y,1664.36,1602.14,1570.72,1495.07,UP-North
,FG0220,,0,150,,0,0,Y,1747.57,1698.11,1664.82,1584.63,Jharkhand
,FG0220,,0,150,,0,0,Y,1747.57,1698.11,1664.82,1584.63,ODISHA
,FG0220,,0,150,,0,0,Y,1747.57,1698.11,1664.82,1584.63,West Bengal
,FG0220,,0,150,,0,0,Y,1747.57,1698.11,1664.82,1584.63,Bihar
,FG0220,,0,150,,0,0,Y,1747.57,1698.11,1664.82,1584.63,KOLKATA
,FG0221,,0,82.5,,0,0,Y,1922.33,1867.92,1831.3,1743.1,ROB
,FG0221,,0,82.5,,0,0,Y,1922.33,1867.92,1831.3,1743.1,
,FG0221,,0,71.25,,0,0,Y,1581.14,1522.03,1492.19,1420.32,UP-North
,FG0221,,0,82.5,,0,0,Y,1922.33,1867.92,1831.3,1743.1,Jharkhand
,FG0221,,0,82.5,,0,0,Y,1922.33,1867.92,1831.3,1743.1,ODISHA
,FG0221,,0,82.5,,0,0,Y,1922.33,1867.92,1831.3,1743.1,West Bengal
,FG0221,,0,82.5,,0,0,Y,1922.33,1867.92,1831.3,1743.1,Bihar
,FG0221,,0,82.5,,0,0,Y,1922.33,1867.92,1831.3,1743.1,KOLKATA
,FG0222,,0,82.5,,0,0,Y,1922.33,1867.92,1831.3,1743.1,ROB
,FG0222,,0,82.5,,0,0,Y,1922.33,1867.92,1831.3,1743.1,
,FG0222,,0,71.25,,0,0,Y,1581.14,1522.03,1492.19,1420.32,UP-North
,FG0222,,0,82.5,,0,0,Y,1922.33,1867.92,1831.3,1743.1,Jharkhand
,FG0222,,0,82.5,,0,0,Y,1922.33,1867.92,1831.3,1743.1,ODISHA
,FG0222,,0,82.5,,0,0,Y,1922.33,1867.92,1831.3,1743.1,West Bengal
,FG0222,,0,82.5,,0,0,Y,1922.33,1867.92,1831.3,1743.1,Bihar
,FG0222,,0,82.5,,0,0,Y,1922.33,1867.92,1831.3,1743.1,KOLKATA
,FG0223,,0,76.5,,0,0,Y,1485.44,1443.4,1415.09,1346.94,ROB
,FG0223,,0,76.5,,0,0,Y,1485.44,1443.4,1415.09,1346.94,
,FG0223,,0,97.5,,0,0,Y,1803.05,1735.65,1701.62,1619.66,UP-North
,FG0223,,0,76.5,,0,0,Y,1485.44,1443.4,1415.09,1346.94,Jharkhand
,FG0223,,0,76.5,,0,0,Y,1485.44,1443.4,1415.09,1346.94,ODISHA
,FG0223,,0,76.5,,0,0,Y,1485.44,1443.4,1415.09,1334.35,West Bengal
,FG0223,,0,76.5,,0,0,Y,1485.44,1443.4,1415.09,1346.94,Bihar
,FG0223,,0,76.5,,0,0,Y,1485.44,1443.4,1415.09,1346.94,KOLKATA
,FG0224,,0,37.4,,0,0,Y,1815.53,1764.15,1729.56,1646.26,ROB
,FG0224,,0,37.4,,0,0,Y,1815.53,1764.15,1729.56,1646.26,
,FG0224,,0,45,,0,0,Y,2080.44,2002.67,1963.4,1868.84,UP-North
,FG0224,,0,37.4,,0,0,Y,1815.53,1764.15,1729.56,1646.26,Jharkhand
,FG0224,,0,37.4,,0,0,Y,1815.53,1764.15,1729.56,1646.26,ODISHA
,FG0224,,0,37.4,,0,0,Y,1815.53,1764.15,1729.56,1630.87,West Bengal
,FG0224,,0,37.4,,0,0,Y,1815.53,1764.15,1729.56,1646.26,Bihar
,FG0224,,0,37.4,,0,0,Y,1815.53,1764.15,1729.56,1646.26,KOLKATA
,FG0225,,0,11.25,,0,0,Y,2184.466019,2102.803738,2061.572292,1962.28088,ROB
,FG0225,,0,11.25,,0,0,Y,2184.466019,2102.803738,2061.572292,1962.28088,
,FG0225,,0,11.25,,0,0,Y,2080.44,2002.67,1963.4,1868.84,UP-North
,FG0225,,0,11.25,,0,0,Y,2184.466019,2102.803738,2061.572292,1962.28088,Jharkhand
,FG0225,,0,11.25,,0,0,Y,2184.466019,2102.803738,2061.572292,1962.28088,ODISHA
,FG0225,,0,11.25,,0,0,Y,2184.466019,2102.803738,2061.572292,1962.28088,Bihar
,FG0225,,0,11.25,,0,0,Y,2184.466019,2102.803738,2061.572292,1962.28088,KOLKATA
,FG0226,,0,11.25,,0,0,Y,2184.466019,2102.803738,2061.572292,1962.28088,ROB
,FG0226,,0,11.25,,0,0,Y,2184.466019,2102.803738,2061.572292,1962.28088,
,FG0226,,0,11.25,,0,0,Y,2080.44,2002.67,1963.4,1868.84,UP-North
,FG0226,,0,11.25,,0,0,Y,2184.466019,2102.803738,2061.572292,1962.28088,Jharkhand
,FG0226,,0,11.25,,0,0,Y,2184.466019,2102.803738,2061.572292,1962.28088,ODISHA
,FG0226,,0,11.25,,0,0,Y,2184.466019,2102.803738,2061.572292,1962.28088,Bihar
,FG0226,,0,11.25,,0,0,Y,2184.466019,2102.803738,2061.572292,1962.28088,KOLKATA
,FG0227,,0,150,,0,0,Y,1747.57,1698.11,1664.82,1584.63,ROB
,FG0227,,0,150,,0,0,Y,1747.57,1698.11,1664.82,1584.63,
,FG0227,,0,135,,0,0,Y,1497.92,1441.92,1413.65,1345.56,UP-North
,FG0227,,0,150,,0,0,Y,1747.57,1698.11,1664.82,1584.63,Jharkhand
,FG0227,,0,150,,0,0,Y,1747.57,1698.11,1664.82,1584.63,ODISHA
,FG0227,,0,146.25,,0,0,Y,1703.88,1655.66,1623.2,1545.02,West Bengal
,FG0227,,0,150,,0,0,Y,1747.57,1698.11,1664.82,1584.63,Bihar
,FG0227,,0,150,,0,0,Y,1747.57,1698.11,1664.82,1584.63,KOLKATA
,FG0228,,0,150,,0,0,Y,1747.57,1698.11,1664.82,1584.63,ROB
,FG0228,,0,150,,0,0,Y,1747.57,1698.11,1664.82,1584.63,
,FG0228,,0,135,,0,0,Y,1497.92,1441.92,1413.65,1345.56,UP-North
,FG0228,,0,150,,0,0,Y,1747.57,1698.11,1664.82,1584.63,Jharkhand
,FG0228,,0,150,,0,0,Y,1747.57,1698.11,1664.82,1584.63,ODISHA
,FG0228,,0,146.25,,0,0,Y,1703.88,1655.66,1623.2,1545.02,West Bengal
,FG0228,,0,150,,0,0,Y,1747.57,1698.11,1664.82,1584.63,Bihar
,FG0228,,0,150,,0,0,Y,1747.57,1698.11,1664.82,1584.63,KOLKATA
,FG0229,,0,0,,0,0,Y,0,0,0,0,ROB
,FG0229,,0,0,,0,0,Y,0,0,0,0,
,FG0229,,0,108,,0,0,Y,998.61,961.28,942.43,879.45,UP-North
,FG0229,,0,0,,0,0,Y,0,0,0,0,Jharkhand
,FG0229,,0,0,,0,0,Y,0,0,0,0,ODISHA
,FG0229,,0,108,,0,0,Y,1048.54,1018.87,998.89,950.78,West Bengal
,FG0229,,0,0,,0,0,Y,0,0,0,0,Bihar
,FG0229,,0,0,,0,0,Y,0,0,0,0,KOLKATA
,FG0230,,0,0,,0,0,Y,0,0,0,0,ROB
,FG0230,,0,0,,0,0,Y,0,0,0,0,
,FG0230,,0,168,,0,0,Y,1553.4,1495.33,1466.01,1368.04,UP-North
,FG0230,,0,0,,0,0,Y,0,0,0,0,Jharkhand
,FG0230,,0,0,,0,0,Y,0,0,0,0,ODISHA
,FG0230,,0,176,,0,0,Y,1708.74,1660.38,1627.82,1549.42,West Bengal
,FG0230,,0,0,,0,0,Y,0,0,0,0,Bihar
,FG0230,,0,0,,0,0,Y,0,0,0,0,KOLKATA
,FG0231,,0,0,,0,0,Y,0,0,0,0,ROB
,FG0231,,0,0,,0,0,Y,0,0,0,0,
,FG0231,,0,168,,0,0,Y,1553.4,1495.33,1466.01,1368.04,UP-North
,FG0231,,0,0,,0,0,Y,0,0,0,0,Jharkhand
,FG0231,,0,0,,0,0,Y,0,0,0,0,ODISHA
,FG0231,,0,176,,0,0,Y,1708.74,1660.38,1627.82,1549.42,West Bengal
,FG0231,,0,0,,0,0,Y,0,0,0,0,Bihar
,FG0231,,0,0,,0,0,Y,0,0,0,0,KOLKATA
,FG0232,,0,0,,0,0,Y,0,0,0,0,ROB
,FG0232,,0,0,,0,0,Y,0,0,0,0,
,FG0232,,0,180,,0,0,Y,1664.36,1602.14,1570.72,1465.76,UP-North
,FG0232,,0,0,,0,0,Y,0,0,0,0,Jharkhand
,FG0232,,0,0,,0,0,Y,0,0,0,0,ODISHA
,FG0232,,0,208,,0,0,Y,2019.42,1962.26,1923.79,1831.13,West Bengal
,FG0232,,0,0,,0,0,Y,0,0,0,0,Bihar
,FG0232,,0,0,,0,0,Y,0,0,0,0,KOLKATA
,FG0233,,0,0,,0,0,Y,0,0,0,0,ROB
,FG0233,,0,0,,0,0,Y,0,0,0,0,
,FG0233,,0,192,,0,0,Y,1775.31,1708.95,1675.44,1563.47,UP-North
,FG0233,,0,0,,0,0,Y,0,0,0,0,Jharkhand
,FG0233,,0,0,,0,0,Y,0,0,0,0,ODISHA
,FG0233,,0,216,,0,0,Y,2097.09,2037.74,1997.78,1901.56,West Bengal
,FG0233,,0,0,,0,0,Y,0,0,0,0,Bihar
,FG0233,,0,0,,0,0,Y,0,0,0,0,KOLKATA
,FG0234,,0,0,,0,0,Y,0,0,0,0,ROB
,FG0234,,0,0,,0,0,Y,0,0,0,0,
,FG0234,,0,220,,0,0,Y,2034.21,1958.17,1919.77,1791.48,UP-North
,FG0234,,0,0,,0,0,Y,0,0,0,0,Jharkhand
,FG0234,,0,0,,0,0,Y,0,0,0,0,ODISHA
,FG0234,,0,240,,0,0,Y,2330.1,2264.15,2219.76,2112.85,West Bengal
,FG0234,,0,0,,0,0,Y,0,0,0,0,Bihar
,FG0234,,0,0,,0,0,Y,0,0,0,0,KOLKATA
,FG0235,,0,0,,0,0,Y,0,0,0,0,ROB
,FG0235,,0,0,,0,0,Y,0,0,0,0,
,FG0235,,0,224,,0,0,Y,2071.2,1993.77,1954.68,1860.53,UP-North
,FG0235,,0,0,,0,0,Y,0,0,0,0,Jharkhand
,FG0235,,0,0,,0,0,Y,0,0,0,0,ODISHA
,FG0235,,0,224,,0,0,Y,2174.76,2113.21,2071.77,1971.99,West Bengal
,FG0235,,0,0,,0,0,Y,0,0,0,0,Bihar
,FG0235,,0,0,,0,0,Y,0,0,0,0,KOLKATA
,FG0236,,0,0,,0,0,Y,0,0,0,0,ROB
,FG0236,,0,0,,0,0,Y,0,0,0,0,
,FG0236,,0,256,,0,0,Y,2367.08,2278.59,2233.92,2084.63,UP-North
,FG0236,,0,0,,0,0,Y,0,0,0,0,Jharkhand
,FG0236,,0,0,,0,0,Y,0,0,0,0,ODISHA
,FG0236,,0,256,,0,0,Y,2485.44,2415.09,2367.74,2253.7,West Bengal
,FG0236,,0,0,,0,0,Y,0,0,0,0,Bihar
,FG0236,,0,0,,0,0,Y,0,0,0,0,KOLKATA
,FG0237,,0,0,,0,0,Y,0,0,0,0,ROB
,FG0237,,0,0,,0,0,Y,0,0,0,0,
,FG0237,,0,256,,0,0,Y,2367.08,2278.59,2233.92,2126.32,UP-North
,FG0237,,0,0,,0,0,Y,0,0,0,0,Jharkhand
,FG0237,,0,0,,0,0,Y,0,0,0,0,ODISHA
,FG0237,,0,272,,0,0,Y,2640.78,2566.04,2515.72,2394.56,West Bengal
,FG0237,,0,0,,0,0,Y,0,0,0,0,Bihar
,FG0237,,0,0,,0,0,Y,0,0,0,0,KOLKATA
,FG0238,,0,0,,0,0,Y,0,0,0,0,ROB
,FG0238,,0,0,,0,0,Y,0,0,0,0,
,FG0238,,0,272,,0,0,Y,2515.03,2421.01,2373.54,2259.22,UP-North
,FG0238,,0,0,,0,0,Y,0,0,0,0,Jharkhand
,FG0238,,0,0,,0,0,Y,0,0,0,0,ODISHA
,FG0238,,0,272,,0,0,Y,2640.78,2566.04,2515.72,2394.56,West Bengal
,FG0238,,0,0,,0,0,Y,0,0,0,0,Bihar
,FG0238,,0,0,,0,0,Y,0,0,0,0,KOLKATA
,FG0239,,0,0,,0,0,Y,0,0,0,0,ROB
,FG0239,,0,0,,0,0,Y,0,0,0,0,
,FG0239,,0,304,,0,0,Y,2810.91,2705.83,2652.77,2525.01,UP-North
,FG0239,,0,0,,0,0,Y,0,0,0,0,ODISHA
,FG0239,,0,0,,0,0,Y,0,0,0,0,Jharkhand
,FG0239,,0,328,,0,0,Y,3184.47,3094.34,3033.67,2887.56,West Bengal
,FG0239,,0,0,,0,0,Y,0,0,0,0,Bihar
,FG0239,,0,0,,0,0,Y,0,0,0,0,KOLKATA
,FG0240,,0,0,,0,0,Y,0,0,0,0,ROB
,FG0240,,0,0,,0,0,Y,0,0,0,0,
,FG0240,,0,304,,0,0,Y,2810.91,2705.83,2652.77,2475.5,UP-North
,FG0240,,0,0,,0,0,Y,0,0,0,0,ODISHA
,FG0240,,0,0,,0,0,Y,0,0,0,0,Jharkhand
,FG0240,,0,304,,0,0,Y,2951.46,2867.92,2811.69,2676.27,West Bengal
,FG0240,,0,0,,0,0,Y,0,0,0,0,Bihar
,FG0240,,0,0,,0,0,Y,0,0,0,0,KOLKATA
,FG0241,,0,0,,0,0,Y,0,0,0,0,ROB
,FG0241,,0,0,,0,0,Y,0,0,0,0,
,FG0241,,0,304,,0,0,Y,2810.91,2705.83,2652.77,2475.5,UP-North
,FG0241,,0,0,,0,0,Y,0,0,0,0,ODISHA
,FG0241,,0,0,,0,0,Y,0,0,0,0,Jharkhand
,FG0241,,0,304,,0,0,Y,2951.46,2867.92,2811.69,2676.27,West Bengal
,FG0241,,0,0,,0,0,Y,0,0,0,0,Bihar
,FG0241,,0,0,,0,0,Y,0,0,0,0,KOLKATA
,FG0242,,0,0,,0,0,Y,0,0,0,0,ROB
,FG0242,,0,0,,0,0,Y,0,0,0,0,
,FG0242,,0,340,,0,0,Y,3143.78,3026.26,2966.92,2768.65,UP-North
,FG0242,,0,0,,0,0,Y,0,0,0,0,ODISHA
,FG0242,,0,0,,0,0,Y,0,0,0,0,Jharkhand
,FG0242,,0,360,,0,0,Y,3495.15,3396.23,3329.63,3169.27,West Bengal
,FG0242,,0,0,,0,0,Y,0,0,0,0,Bihar
,FG0242,,0,0,,0,0,Y,0,0,0,0,KOLKATA
,FG0243,,0,0,,0,0,Y,0,0,0,0,ROB
,FG0243,,0,0,,0,0,Y,0,0,0,0,
,FG0243,,0,384,,0,0,Y,3550.62,3417.89,3350.87,3126.95,UP-North
,FG0243,,0,0,,0,0,Y,0,0,0,0,ODISHA
,FG0243,,0,0,,0,0,Y,0,0,0,0,Jharkhand
,FG0243,,0,384,,0,0,Y,3728.16,3622.64,3551.61,3380.55,West Bengal
,FG0243,,0,0,,0,0,Y,0,0,0,0,Bihar
,FG0243,,0,0,,0,0,Y,0,0,0,0,KOLKATA
,FG0244,,0,0,,0,0,Y,0,0,0,0,ROB
,FG0244,,0,0,,0,0,Y,0,0,0,0,
,FG0244,,0,384,,0,0,Y,3550.62,3417.89,3350.87,3126.95,UP-North
,FG0244,,0,0,,0,0,Y,0,0,0,0,ODISHA
,FG0244,,0,0,,0,0,Y,0,0,0,0,Jharkhand
,FG0244,,0,272,,0,0,Y,2640.78,2566.04,2515.72,2394.56,West Bengal
,FG0244,,0,0,,0,0,Y,0,0,0,0,Bihar
,FG0244,,0,0,,0,0,Y,0,0,0,0,KOLKATA
,FG0245,,0,0,,0,0,Y,0,0,0,0,ROB
,FG0245,,0,0,,0,0,Y,0,0,0,0,
,FG0245,,0,536,,0,0,Y,4956.08,4770.81,4677.26,4364.7,UP-North
,FG0245,,0,0,,0,0,Y,0,0,0,0,ODISHA
,FG0245,,0,0,,0,0,Y,0,0,0,0,Jharkhand
,FG0245,,0,504,,0,0,Y,4893.2,4754.72,4661.49,4436.98,West Bengal
,FG0245,,0,0,,0,0,Y,0,0,0,0,Bihar
,FG0245,,0,0,,0,0,Y,0,0,0,0,KOLKATA
,FG0246,,0,201.6,,0,0,Y,2348.74,2282.26,2237.51,2129.75,ROB
,FG0246,,0,201.6,,0,0,Y,2348.74,2282.26,2237.51,2129.75,
,FG0246,,0,192,,0,0,Y,2130.37,2050.73,2010.52,1876.17,UP-North
,FG0246,,0,201.6,,0,0,Y,2348.74,2282.26,2237.51,2129.75,ODISHA
,FG0246,,0,201.6,,0,0,Y,2348.74,2282.26,2237.51,2129.75,Jharkhand
,FG0246,,0,201.6,,0,0,Y,2348.74,2282.26,2237.51,2129.75,West Bengal
,FG0246,,0,201.6,,0,0,Y,2348.74,2282.26,2237.51,2129.75,Bihar
,FG0246,,0,201.6,,0,0,Y,2348.74,2282.26,2237.51,2129.75,KOLKATA
,FG0247,,0,201.6,,0,0,Y,2348.74,2282.26,2237.51,2129.75,ROB
,FG0247,,0,201.6,,0,0,Y,2348.74,2282.26,2237.51,2129.75,
,FG0247,,0,192,,0,0,Y,2130.37,2050.73,2010.52,1876.17,UP-North
,FG0247,,0,201.6,,0,0,Y,2348.74,2282.26,2237.51,2129.75,ODISHA
,FG0247,,0,201.6,,0,0,Y,2348.74,2282.26,2237.51,2129.75,Jharkhand
,FG0247,,0,201.6,,0,0,Y,2348.74,2282.26,2237.51,2129.75,West Bengal
,FG0247,,0,201.6,,0,0,Y,2348.74,2282.26,2237.51,2129.75,Bihar
,FG0247,,0,201.6,,0,0,Y,2348.74,2282.26,2237.51,2129.75,KOLKATA
,FG0248,,0,108.55,,0,0,Y,1264.71,1228.91,1204.82,1146.79,ROB
,FG0248,,0,108.55,,0,0,Y,1264.71,1228.91,1204.82,1146.79,
,FG0248,,0,96,,0,0,Y,976.81,940.29,921.86,860.25,UP-North
,FG0248,,0,108.55,,0,0,Y,1264.71,1228.91,1204.82,1146.79,ODISHA
,FG0248,,0,108.55,,0,0,Y,1264.71,1228.91,1204.82,1146.79,Jharkhand
,FG0248,,0,108.55,,0,0,Y,1264.71,1228.91,1204.82,1146.79,West Bengal
,FG0248,,0,108.55,,0,0,Y,1264.71,1228.91,1204.82,1146.79,Bihar
,FG0248,,0,108.55,,0,0,Y,1264.71,1228.91,1204.82,1146.79,KOLKATA
,FG0249,,0,108.55,,0,0,Y,1264.71,1228.91,1204.82,1146.79,ROB
,FG0249,,0,108.55,,0,0,Y,1264.71,1228.91,1204.82,1146.79,
,FG0249,,0,96,,0,0,Y,976.81,940.29,921.86,860.25,UP-North
,FG0249,,0,108.55,,0,0,Y,1264.71,1228.91,1204.82,1146.79,ODISHA
,FG0249,,0,108.55,,0,0,Y,1264.71,1228.91,1204.82,1146.79,Jharkhand
,FG0249,,0,108.55,,0,0,Y,1264.71,1228.91,1204.82,1146.79,West Bengal
,FG0249,,0,108.55,,0,0,Y,1264.71,1228.91,1204.82,1146.79,Bihar
,FG0249,,0,108.55,,0,0,Y,1264.71,1228.91,1204.82,1146.79,KOLKATA
,FG0250,,0,108.55,,0,0,Y,1264.71,1228.91,1204.82,1146.79,ROB
,FG0250,,0,108.55,,0,0,Y,1264.71,1228.91,1204.82,1146.79,
,FG0250,,0,96,,0,0,Y,976.81,940.29,921.86,860.25,UP-North
,FG0250,,0,108.55,,0,0,Y,1264.71,1228.91,1204.82,1146.79,ODISHA
,FG0250,,0,108.55,,0,0,Y,1264.71,1228.91,1204.82,1146.79,Jharkhand
,FG0250,,0,108.55,,0,0,Y,1264.71,1228.91,1204.82,1146.79,West Bengal
,FG0250,,0,108.55,,0,0,Y,1264.71,1228.91,1204.82,1146.79,Bihar
,FG0250,,0,108.55,,0,0,Y,1264.71,1228.91,1204.82,1146.79,KOLKATA
,FG0251,,0,108.55,,0,0,Y,1264.71,1228.91,1204.82,1146.79,ROB
,FG0251,,0,108.55,,0,0,Y,1264.71,1228.91,1204.82,1146.79,
,FG0251,,0,96,,0,0,Y,1065.19,1025.37,1005.26,938.08,UP-North
,FG0251,,0,108.55,,0,0,Y,1264.71,1228.91,1204.82,1146.79,ODISHA
,FG0251,,0,108.55,,0,0,Y,1264.71,1228.91,1204.82,1146.79,Jharkhand
,FG0251,,0,108.55,,0,0,Y,1264.71,1228.91,1204.82,1146.79,West Bengal
,FG0251,,0,108.55,,0,0,Y,1264.71,1228.91,1204.82,1146.79,Bihar
,FG0251,,0,108.55,,0,0,Y,1264.71,1228.91,1204.82,1146.79,KOLKATA
,FG0252,,0,108.55,,0,0,Y,1264.71,1228.91,1204.82,1146.79,ROB
,FG0252,,0,108.55,,0,0,Y,1264.71,1228.91,1204.82,1146.79,
,FG0252,,0,96,,0,0,Y,1065.19,1025.37,1005.26,938.08,UP-North
,FG0252,,0,108.55,,0,0,Y,1264.71,1228.91,1204.82,1146.79,ODISHA
,FG0252,,0,108.55,,0,0,Y,1264.71,1228.91,1204.82,1146.79,Jharkhand
,FG0252,,0,108.55,,0,0,Y,1264.71,1228.91,1204.82,1146.79,West Bengal
,FG0252,,0,108.55,,0,0,Y,1264.71,1228.91,1204.82,1146.79,Bihar
,FG0252,,0,108.55,,0,0,Y,1264.71,1228.91,1204.82,1146.79,KOLKATA
,FG0253,,0,108.55,,0,0,Y,1264.71,1228.91,1204.82,1146.79,ROB
,FG0253,,0,108.55,,0,0,Y,1264.71,1228.91,1204.82,1146.79,
,FG0253,,0,96,,0,0,Y,1065.19,1025.37,1005.26,938.08,UP-North
,FG0253,,0,108.55,,0,0,Y,1264.71,1228.91,1204.82,1146.79,ODISHA
,FG0253,,0,108.55,,0,0,Y,1264.71,1228.91,1204.82,1146.79,Jharkhand
,FG0253,,0,108.55,,0,0,Y,1264.71,1228.91,1204.82,1146.79,West Bengal
,FG0253,,0,108.55,,0,0,Y,1264.71,1228.91,1204.82,1146.79,Bihar
,FG0253,,0,108.55,,0,0,Y,1264.71,1228.91,1204.82,1146.79,KOLKATA
,FG0254,,0,147,,0,0,Y,1712.62,1664.15,1631.52,1774.79,ROB
,FG0254,,0,147,,0,0,Y,1712.62,1664.15,1631.52,1774.79,
,FG0254,,0,224,,0,0,Y,2485.44,2392.52,2345.61,2232.64,UP-North
,FG0254,,0,147,,0,0,Y,1712.62,1664.15,1631.52,1774.79,ODISHA
,FG0254,,0,147,,0,0,Y,1712.62,1664.15,1631.52,1774.79,Jharkhand
,FG0254,,0,147,,0,0,Y,1712.62,1664.15,1631.52,1774.79,West Bengal
,FG0254,,0,147,,0,0,Y,1712.62,1664.15,1631.52,1774.79,Bihar
,FG0254,,0,147,,0,0,Y,1712.62,1664.15,1631.52,1774.79,KOLKATA
,FG0255,,0,72.95,,0,0,Y,1699.81,1651.7,1619.31,1774.79,ROB
,FG0255,,0,72.95,,0,0,Y,1699.81,1651.7,1619.31,1774.79,
,FG0255,,0,112,,0,0,Y,2485.44,2392.52,2345.61,2232.64,UP-North
,FG0255,,0,72.95,,0,0,Y,1699.81,1651.7,1619.31,1774.79,ODISHA
,FG0255,,0,72.95,,0,0,Y,1699.81,1651.7,1619.31,1774.79,Jharkhand
,FG0255,,0,72.95,,0,0,Y,1699.81,1651.7,1619.31,1774.79,West Bengal
,FG0255,,0,72.95,,0,0,Y,1699.81,1651.7,1619.31,1774.79,Bihar
,FG0255,,0,72.95,,0,0,Y,1699.81,1651.7,1619.31,1774.79,KOLKATA
,FG0256,,0,37.79,,0,0,Y,2201.07,2138.77,2096.84,2218.49,ROB
,FG0256,,0,37.79,,0,0,Y,2201.07,2138.77,2096.84,2218.49,
,FG0256,,0,52,,0,0,Y,2884.88,2777.04,2722.58,2591.46,UP-North
,FG0256,,0,37.79,,0,0,Y,2201.07,2138.77,2096.84,2218.49,ODISHA
,FG0256,,0,37.79,,0,0,Y,2201.07,2138.77,2096.84,2218.49,Jharkhand
,FG0256,,0,37.79,,0,0,Y,2201.07,2138.77,2096.84,2218.49,West Bengal
,FG0256,,0,37.79,,0,0,Y,2201.07,2138.77,2096.84,2218.49,Bihar
,FG0256,,0,37.79,,0,0,Y,2201.07,2138.77,2096.84,2218.49,KOLKATA
,FG0257,,0,7.8,,0,0,Y,1442.441054,1388.518024,1361.29,0,ROB
,FG0257,,0,0,,0,0,N,0,0,0,0,
,FG0257,,0,200,,0,0,Y,4438.28,4272.36,4188.59,3986.86,UP-North
,FG0257,,0,0,,0,0,N,0,0,0,0,Jharkhand
,FG0257,,0,174.67,,0,0,Y,4070.04,3917.89,3841.07,3656.07,Bihar
,FG0257,,0,7.8,,0,0,Y,1442.441054,1388.518024,1361.29,0,KOLKATA
,FG0258,,0,0,,0,0,N,0,0,0,0,ROB
,FG0258,,0,0,,0,0,N,0,0,0,0,
,FG0258,,0,224,,0,0,Y,3313.92,3190.03,3127.48,2976.85,UP-North
,FG0258,,0,0,,0,0,N,0,0,0,0,Jharkhand
,FG0258,,0,195.63,,0,0,Y,3038.96,2925.36,2868,2729.86,Bihar
,FG0258,,0,0,,0,0,N,0,0,0,0,KOLKATA
,FG0259,,0,0,,0,0,N,0,0,0,0,ROB
,FG0259,,0,0,,0,0,N,0,0,0,0,
,FG0259,,0,384,,0,0,Y,4260.75,4101.47,4021.05,3827.38,UP-North
,FG0259,,0,0,,0,0,N,0,0,0,0,Jharkhand
,FG0259,,0,335.37,,0,0,Y,3907.24,3761.17,3687.42,3509.83,Bihar
,FG0259,,0,0,,0,0,N,0,0,0,0,KOLKATA
,FG0260,,0,0,,0,0,Y,0,0,0,0,ROB
,FG0260,,0,0,,0,0,Y,0,0,0,0,
,FG0260,,0,152,,0,0,Y,3373.09,3247,3183.33,3030.01,UP-North
,FG0260,,0,0,,0,0,Y,0,0,0,0,ODISHA
,FG0260,,0,0,,0,0,Y,0,0,0,0,Jharkhand
,FG0260,,0,0,,0,0,Y,0,0,0,0,Bihar
,FG0260,,0,0,,0,0,Y,0,0,0,0,KOLKATA
,FG0261,,0,0,,0,0,Y,0,0,0,0,ROB
,FG0261,,0,0,,0,0,Y,0,0,0,0,
,FG0261,,0,288,,0,0,Y,3195.56,3076.1,3015.79,2870.54,UP-North
,FG0261,,0,0,,0,0,Y,0,0,0,0,ODISHA
,FG0261,,0,0,,0,0,Y,0,0,0,0,Jharkhand
,FG0261,,0,0,,0,0,Y,0,0,0,0,Bihar
,FG0261,,0,0,,0,0,Y,0,0,0,0,KOLKATA
,FG0262,,0,0,,0,0,Y,0,0,0,0,ROB
,FG0262,,0,0,,0,0,Y,0,0,0,0,
,FG0262,,0,176,,0,0,Y,3905.69,3759.68,3685.96,3508.43,UP-North
,FG0262,,0,0,,0,0,Y,0,0,0,0,ODISHA
,FG0262,,0,0,,0,0,Y,0,0,0,0,Jharkhand
,FG0262,,0,0,,0,0,Y,0,0,0,0,Bihar
,FG0262,,0,0,,0,0,Y,0,0,0,0,KOLKATA
,FG0263,,0,0,,0,0,Y,0,0,0,0,ROB
,FG0263,,0,0,,0,0,Y,0,0,0,0,
,FG0263,,0,336,,0,0,Y,3728.16,3588.79,3518.42,3348.96,UP-North
,FG0263,,0,0,,0,0,Y,0,0,0,0,ODISHA
,FG0263,,0,0,,0,0,Y,0,0,0,0,Jharkhand
,FG0263,,0,0,,0,0,Y,0,0,0,0,Bihar
,FG0263,,0,0,,0,0,Y,0,0,0,0,KOLKATA
,FG0264,,0,126,,0,0,Y,122.33,118.87,116.54,110.92,ROB
,FG0264,,0,126,,0,0,Y,122.33,118.87,116.54,110.92,
,FG0264,,0,106.67,,0,0,Y,103.56,99.69,97.73,93.03,UP-North
,FG0264,,0,126,,0,0,Y,122.33,118.87,116.54,110.92,ODISHA
,FG0264,,0,126,,0,0,Y,122.33,118.87,116.54,110.92,Jharkhand
,FG0264,,0,126,,0,0,Y,0,0,0,0,West Bengal
,FG0264,,0,126,,0,0,Y,122.33,118.87,116.54,110.92,Bihar
,FG0264,,0,126,,0,0,Y,122.33,118.87,116.54,110.92,KOLKATA
,FG0265,,0,134.4,,0,0,Y,130.49,126.79,124.31,118.32,ROB
,FG0265,,0,134.4,,0,0,Y,130.49,126.79,124.31,118.32,
,FG0265,,0,121.9,,0,0,Y,118.35,113.93,111.7,106.32,UP-North
,FG0265,,0,134.4,,0,0,Y,130.49,126.79,124.31,118.32,ODISHA
,FG0265,,0,134.4,,0,0,Y,130.49,126.79,124.31,118.32,Jharkhand
,FG0265,,0,134.4,,0,0,Y,0,0,0,0,West Bengal
,FG0265,,0,134.4,,0,0,Y,130.49,126.79,124.31,118.32,Bihar
,FG0265,,0,134.4,,0,0,Y,130.49,126.79,124.31,118.32,KOLKATA
,FG0266,,0,168,,0,0,Y,163.11,158.49,155.38,147.9,ROB
,FG0266,,0,168,,0,0,Y,163.11,158.49,155.38,147.9,
,FG0266,,0,121.9,,0,0,Y,118.35,113.93,111.7,106.32,UP-North
,FG0266,,0,168,,0,0,Y,163.11,158.49,155.38,147.9,ODISHA
,FG0266,,0,168,,0,0,Y,163.11,158.49,155.38,147.9,Jharkhand
,FG0266,,0,168,,0,0,Y,0,0,0,0,West Bengal
,FG0266,,0,168,,0,0,Y,163.11,158.49,155.38,147.9,Bihar
,FG0266,,0,168,,0,0,Y,163.11,158.49,155.38,147.9,KOLKATA
,FG0267,,0,72.95,,0,0,Y,1699.81,1651.7,1619.31,1774.79,ROB
,FG0267,,0,72.95,,0,0,Y,1699.81,1651.7,1619.31,1774.79,
,FG0267,,0,112,,0,0,Y,2485.44,2392.52,2345.61,2232.64,UP-North
,FG0267,,0,72.95,,0,0,Y,1699.81,1651.7,1619.31,1774.79,ODISHA
,FG0267,,0,72.95,,0,0,Y,1699.81,1651.7,1619.31,1774.79,Jharkhand
,FG0267,,0,72.95,,0,0,Y,1699.81,1651.7,1619.31,1774.79,West Bengal
,FG0267,,0,72.95,,0,0,Y,1699.81,1651.7,1619.31,1774.79,Bihar
,FG0267,,0,72.95,,0,0,Y,1699.81,1651.7,1619.31,1774.79,KOLKATA
,FG0268,,0,109.2,,0,0,Y,2544.47,2472.45,2423.97,2307.23,ROB
,FG0268,,0,109.2,,0,0,Y,2544.47,2472.45,2423.97,2307.23,
,FG0268,,0,136,,0,0,Y,3018.03,2905.21,2848.24,2711.06,UP-North
,FG0268,,0,109.2,,0,0,Y,2544.47,2472.45,2423.97,2307.23,ODISHA
,FG0268,,0,109.2,,0,0,Y,2544.47,2472.45,2423.97,2307.23,Jharkhand
,FG0268,,0,109.2,,0,0,Y,2544.47,2472.45,2423.97,2307.23,West Bengal
,FG0268,,0,109.2,,0,0,Y,2544.47,2472.45,2423.97,2307.23,Bihar
,FG0268,,0,109.2,,0,0,Y,2544.47,2472.45,2423.97,2307.23,KOLKATA
,FG0269,,0,288,,0,0,Y,3355.34,3260.38,3196.45,3042.5,ROB
,FG0269,,0,288,,0,0,Y,3355.34,3260.38,3196.45,3042.5,
,FG0269,,0,256,,0,0,Y,2840.5,2734.31,2680.7,2551.59,UP-North
,FG0269,,0,288,,0,0,Y,3355.34,3260.38,3196.45,3042.5,ODISHA
,FG0269,,0,288,,0,0,Y,3355.34,3260.38,3196.45,3042.5,Jharkhand
,FG0269,,0,288,,0,0,Y,3355.34,3260.38,3196.45,3042.5,West Bengal
,FG0269,,0,288,,0,0,Y,3355.34,3260.38,3196.45,3042.5,Bihar
,FG0269,,0,288,,0,0,Y,3355.34,3260.38,3196.45,3042.5,KOLKATA
,FG0270,,0,0,,0,0,Y,0,0,0,0,ROB
,FG0270,,0,0,,0,0,Y,0,0,0,0,
,FG0270,,0,224,,0,0,Y,4142.39,3987.54,3909.35,3721.07,UP-North
,FG0270,,0,0,,0,0,Y,0,0,0,0,ODISHA
,FG0270,,0,0,,0,0,Y,0,0,0,0,Jharkhand
,FG0270,,0,256,,0,0,Y,4660.19,4528.3,4439.51,4507.4,West Bengal
,FG0270,,0,0,,0,0,Y,0,0,0,0,Bihar
,FG0270,,0,0,,0,0,Y,0,0,0,0,KOLKATA
,FG0271,,0,85,,0,0,Y,1650.49,1619.05,1587.3,1510.85,ROB
,FG0271,,0,85,,0,0,Y,1650.49,1619.05,1587.3,1510.85,
,FG0271,,0,85,,0,0,Y,1571.89,1527.4,1497.45,1425.33,UP-North
,FG0271,,0,85,,0,0,Y,1650.49,1619.05,1587.3,1510.85,ODISHA
,FG0271,,0,85,,0,0,Y,1650.49,1619.05,1587.3,1510.85,Jharkhand
,FG0271,,0,85,,0,0,Y,1650.49,1619.05,1587.3,1510.85,West Bengal
,FG0271,,0,85,,0,0,Y,1650.49,1619.05,1587.3,1510.85,Bihar
,FG0271,,0,85,,0,0,Y,1650.49,1619.05,1587.3,1510.85,KOLKATA
,FG0272,,0,42.5,,0,0,Y,2063.11,2023.81,1984.13,1888.57,ROB
,FG0272,,0,42.5,,0,0,Y,2063.11,2023.81,1984.13,1888.57,
,FG0272,,0,42.5,,0,0,Y,1964.86,1909.25,1871.82,1781.67,UP-North
,FG0272,,0,42.5,,0,0,Y,2063.11,2023.81,1984.13,1888.57,ODISHA
,FG0272,,0,42.5,,0,0,Y,2063.11,2023.81,1984.13,1888.57,Jharkhand
,FG0272,,0,42.5,,0,0,Y,2063.11,2023.81,1984.13,1888.57,West Bengal
,FG0272,,0,42.5,,0,0,Y,2063.11,2023.81,1984.13,1888.57,Bihar
,FG0272,,0,42.5,,0,0,Y,2063.11,2023.81,1984.13,1888.57,KOLKATA
,FG0273,,0,161.9047619,,0,0,Y,1571.890892,1527.403414,1497.45,0,ROB
,FG0273,,0,170,,0,0,Y,1571.890892,1527.403414,1497.45,1425.332503,
,FG0273,,0,170,,0,0,Y,1571.89,1527.4,1497.45,1425.33,UP-North
,FG0273,,0,170,,0,0,Y,1571.890892,1527.403414,1497.45,1425.332503,Jharkhand
,FG0273,,0,148.47,,0,0,Y,1441.47,1400.68,1373.21,1307.07,Bihar
,FG0273,,0,161.9047619,,0,0,Y,1571.890892,1527.403414,1497.45,0,KOLKATA
,FG0274,,0,0,,0,0,N,0,0,0,0,ROB
,FG0274,,0,0,,0,0,N,0,0,0,0,
,FG0274,,0,153.5,,0,0,Y,1419.33,1366.27,1339.48,1249.96,UP-North
,FG0274,,0,0,,0,0,N,0,0,0,0,Jharkhand
,FG0274,,0,154.17,,0,0,Y,1301.56,1252.91,1228.34,1146.26,Bihar
,FG0274,,0,0,,0,0,N,0,0,0,0,KOLKATA
,FG0275,,0,0,,0,0,N,0,0,0,0,ROB
,FG0275,,0,0,,0,0,N,0,0,0,0,
,FG0275,,0,63.65,,0,0,Y,1471.34,1416.33,1388.56,1295.77,UP-North
,FG0275,,0,0,,0,0,N,0,0,0,0,Jharkhand
,FG0275,,0,63.93,,0,0,Y,1349.26,1298.82,1273.35,1188.26,Bihar
,FG0275,,0,0,,0,0,N,0,0,0,0,KOLKATA
,FG0276,,0,0,,0,0,N,0,0,0,0,ROB
,FG0276,,0,0,,0,0,N,0,0,0,0,
,FG0276,,0,25.65,,0,0,Y,1423.02,1369.83,1342.97,1253.22,UP-North
,FG0276,,0,0,,0,0,N,0,0,0,0,Jharkhand
,FG0276,,0,25.76,,0,0,Y,1304.96,1256.17,1231.54,1149.24,Bihar
,FG0276,,0,0,,0,0,N,0,0,0,0,KOLKATA
,FG0277,,0,0,,0,0,N,0,0,0,0,ROB
,FG0277,,0,0,,0,0,N,0,0,0,0,
,FG0277,,0,63.65,,0,0,Y,1471.34,1416.33,1388.56,1295.77,UP-North
,FG0277,,0,0,,0,0,N,0,0,0,0,Jharkhand
,FG0277,,0,63.93,,0,0,Y,1349.26,1298.82,1273.35,1188.26,Bihar
,FG0277,,0,0,,0,0,N,0,0,0,0,KOLKATA
,FG0278,,0,0,,0,0,N,0,0,0,0,ROB
,FG0278,,0,0,,0,0,N,0,0,0,0,
,FG0278,,0,33.7,,0,0,Y,1558.02,1499.78,1470.37,1372.11,UP-North
,FG0278,,0,0,,0,0,N,0,0,0,0,Jharkhand
,FG0278,,0,33.85,,0,0,Y,1428.75,1375.34,1348.37,1258.27,Bihar
,FG0278,,0,0,,0,0,N,0,0,0,0,KOLKATA
,FG0279,,0,0,,0,0,N,0,0,0,0,ROB
,FG0279,,0,0,,0,0,N,0,0,0,0,
,FG0279,,0,25.65,,0,0,Y,1423.02,1369.83,1342.97,1253.22,UP-North
,FG0279,,0,0,,0,0,N,0,0,0,0,Jharkhand
,FG0279,,0,25.76,,0,0,Y,1304.96,1256.17,1231.54,1149.24,Bihar
,FG0279,,0,0,,0,0,N,0,0,0,0,KOLKATA
,FG0280,,0,0,,0,0,N,0,0,0,0,ROB
,FG0280,,0,0,,0,0,N,0,0,0,0,
,FG0280,,0,64.8,,0,0,Y,1497.92,1441.92,1413.65,1319.18,UP-North
,FG0280,,0,0,,0,0,N,0,0,0,0,Jharkhand
,FG0280,,0,65.08,,0,0,Y,1373.64,1322.29,1296.36,1209.73,Bihar
,FG0280,,0,0,,0,0,N,0,0,0,0,KOLKATA
,FG0281,,0,0,,0,0,N,0,0,0,0,ROB
,FG0281,,0,0,,0,0,N,0,0,0,0,
,FG0281,,0,25,,0,0,Y,1386.96,1335.11,1308.93,1221.46,UP-North
,FG0281,,0,0,,0,0,N,0,0,0,0,Jharkhand
,FG0281,,0,25.11,,0,0,Y,1271.89,1224.34,1200.33,1120.12,Bihar
,FG0281,,0,0,,0,0,N,0,0,0,0,KOLKATA
,FG0282,,0,0,,0,0,N,0,0,0,0,ROB
,FG0282,,0,0,,0,0,N,0,0,0,0,
,FG0282,,0,64.8,,0,0,Y,1497.92,1441.92,1413.65,1319.18,UP-North
,FG0282,,0,0,,0,0,N,0,0,0,0,Jharkhand
,FG0282,,0,65.08,,0,0,Y,1373.64,1322.29,1296.36,1209.73,Bihar
,FG0282,,0,0,,0,0,N,0,0,0,0,KOLKATA
,FG0283,,0,0,,0,0,N,0,0,0,0,ROB
,FG0283,,0,0,,0,0,N,0,0,0,0,
,FG0283,,0,25,,0,0,Y,1386.96,1335.11,1308.93,1221.46,UP-North
,FG0283,,0,0,,0,0,N,0,0,0,0,Jharkhand
,FG0283,,0,25.11,,0,0,Y,1271.89,1224.34,1200.33,1120.12,Bihar
,FG0283,,0,0,,0,0,N,0,0,0,0,KOLKATA
,FG0284,,0,0,,0,0,N,0,0,0,0,ROB
,FG0284,,0,0,,0,0,N,0,0,0,0,
,FG0284,,0,64.8,,0,0,Y,1497.92,1441.92,1413.65,1319.18,UP-North
,FG0284,,0,0,,0,0,N,0,0,0,0,Jharkhand
,FG0284,,0,65.08,,0,0,Y,1373.64,1322.29,1296.36,1209.73,Bihar
,FG0284,,0,0,,0,0,N,0,0,0,0,KOLKATA
,FG0285,,0,0,,0,0,N,0,0,0,0,ROB
,FG0285,,0,0,,0,0,N,0,0,0,0,
,FG0285,,0,53.15,,0,0,Y,1228.62,1182.69,1159.5,1082.01,UP-North
,FG0285,,0,0,,0,0,N,0,0,0,0,Jharkhand
,FG0285,,0,53.38,,0,0,Y,1126.68,1084.56,1063.3,992.24,Bihar
,FG0285,,0,0,,0,0,N,0,0,0,0,KOLKATA
,FG0286,,0,0,,0,0,N,0,0,0,0,ROB
,FG0286,,0,0,,0,0,N,0,0,0,0,
,FG0286,,0,20.4,,0,0,Y,1131.76,1089.45,1068.09,996.71,UP-North
,FG0286,,0,0,,0,0,N,0,0,0,0,Jharkhand
,FG0286,,0,20.49,,0,0,Y,1037.86,999.06,979.47,914.02,Bihar
,FG0286,,0,0,,0,0,N,0,0,0,0,KOLKATA
,FG0287,,0,0,,0,0,N,0,0,0,0,ROB
,FG0287,,0,0,,0,0,N,0,0,0,0,
,FG0287,,0,53.15,,0,0,Y,1228.62,1182.69,1159.5,1082.01,UP-North
,FG0287,,0,0,,0,0,N,0,0,0,0,Jharkhand
,FG0287,,0,53.38,,0,0,Y,1126.68,1084.56,1063.3,992.24,Bihar
,FG0287,,0,0,,0,0,N,0,0,0,0,KOLKATA
,FG0288,,0,24,,0,0,Y,1398.058252,1345.794393,1319.406267,1255.859763,ROB
,FG0288,,0,0,,0,0,N,0,0,0,0,
,FG0288,,0,20.4,,0,0,Y,1131.76,1089.45,1068.09,996.71,UP-North
,FG0288,,0,0,,0,0,N,0,0,0,0,Jharkhand
,FG0288,,0,20.49,,0,0,Y,1037.86,999.06,979.47,914.02,Bihar
,FG0288,,0,24,,0,0,Y,1398.058252,1345.794393,1319.406267,1255.859763,KOLKATA
,FG0289,,0,0,,0,0,N,0,0,0,0,ROB
,FG0289,,0,0,,0,0,N,0,0,0,0,
,FG0289,,0,14.6,,0,0,Y,2024.97,1949.27,1911.04,1783.34,UP-North
,FG0289,,0,0,,0,0,N,0,0,0,0,Jharkhand
,FG0289,,0,14.66,,0,0,Y,1856.96,1787.54,1752.49,1635.37,Bihar
,FG0289,,0,0,,0,0,N,0,0,0,0,KOLKATA
,FG0290,,0,0,,0,0,N,0,0,0,0,ROB
,FG0290,,0,0,,0,0,N,0,0,0,0,
,FG0290,,0,64.8,,0,0,Y,1497.92,1441.92,1413.65,1319.18,UP-North
,FG0290,,0,0,,0,0,N,0,0,0,0,Jharkhand
,FG0290,,0,65.08,,0,0,Y,1373.64,1322.29,1296.36,1209.73,Bihar
,FG0290,,0,0,,0,0,N,0,0,0,0,KOLKATA
,FG0291,,0,0,,0,0,N,0,0,0,0,ROB
,FG0291,,0,0,,0,0,N,0,0,0,0,
,FG0291,,0,34.4,,0,0,Y,1590.38,1530.93,1500.91,1400.61,UP-North
,FG0291,,0,0,,0,0,N,0,0,0,0,Jharkhand
,FG0291,,0,34.55,,0,0,Y,1458.43,1403.91,1376.38,1284.4,Bihar
,FG0291,,0,0,,0,0,N,0,0,0,0,KOLKATA
,FG0292,,0,0,,0,0,N,0,0,0,0,ROB
,FG0292,,0,0,,0,0,N,0,0,0,0,
,FG0292,,0,25,,0,0,Y,1386.96,1335.11,1308.93,1221.46,UP-North
,FG0292,,0,0,,0,0,N,0,0,0,0,Jharkhand
,FG0292,,0,25.11,,0,0,Y,1271.89,1224.34,1200.33,1120.12,Bihar
,FG0292,,0,0,,0,0,N,0,0,0,0,KOLKATA
,FG0293,,0,0,,0,0,N,0,0,0,0,ROB
,FG0293,,0,0,,0,0,N,0,0,0,0,
,FG0293,,0,64.8,,0,0,Y,1497.92,1441.92,1413.65,1319.18,UP-North
,FG0293,,0,0,,0,0,N,0,0,0,0,Jharkhand
,FG0293,,0,65.08,,0,0,Y,1373.64,1322.29,1296.36,1209.73,Bihar
,FG0293,,0,0,,0,0,N,0,0,0,0,KOLKATA
,FG0294,,0,0,,0,0,N,0,0,0,0,ROB
,FG0294,,0,0,,0,0,N,0,0,0,0,
,FG0294,,0,34.4,,0,0,Y,1590.38,1530.93,1500.91,1400.61,UP-North
,FG0294,,0,0,,0,0,N,0,0,0,0,Jharkhand
,FG0294,,0,34.55,,0,0,Y,1458.43,1403.91,1376.38,1284.4,Bihar
,FG0294,,0,0,,0,0,N,0,0,0,0,KOLKATA
,FG0295,,0,0,,0,0,N,0,0,0,0,ROB
,FG0295,,0,0,,0,0,N,0,0,0,0,
,FG0295,,0,25,,0,0,Y,1386.96,1335.11,1308.93,1221.46,UP-North
,FG0295,,0,0,,0,0,N,0,0,0,0,Jharkhand
,FG0295,,0,25.11,,0,0,Y,1271.89,1224.34,1200.33,1120.12,Bihar
,FG0295,,0,0,,0,0,N,0,0,0,0,KOLKATA
,FG0296,,0,0,,0,0,N,0,0,0,0,ROB
,FG0296,,0,0,,0,0,N,0,0,0,0,
,FG0296,,0,53.15,,0,0,Y,1228.62,1182.69,1159.5,1082.01,UP-North
,FG0296,,0,0,,0,0,N,0,0,0,0,Jharkhand
,FG0296,,0,53.38,,0,0,Y,1126.68,1084.56,1063.3,992.24,Bihar
,FG0296,,0,0,,0,0,N,0,0,0,0,KOLKATA
,FG0297,,0,0,,0,0,N,0,0,0,0,ROB
,FG0297,,0,0,,0,0,N,0,0,0,0,
,FG0297,,0,27.7,,0,0,Y,1280.63,1232.75,1208.58,1127.82,UP-North
,FG0297,,0,0,,0,0,N,0,0,0,0,Jharkhand
,FG0297,,0,27.82,,0,0,Y,1174.38,1130.47,1108.31,1034.24,Bihar
,FG0297,,0,0,,0,0,N,0,0,0,0,KOLKATA
,FG0298,,0,0,,0,0,N,0,0,0,0,ROB
,FG0298,,0,0,,0,0,N,0,0,0,0,
,FG0298,,0,20.4,,0,0,Y,1131.76,1089.45,1068.09,996.71,UP-North
,FG0298,,0,0,,0,0,N,0,0,0,0,Jharkhand
,FG0298,,0,20.49,,0,0,Y,1037.86,999.06,979.47,914.02,Bihar
,FG0298,,0,0,,0,0,N,0,0,0,0,KOLKATA
,FG0299,,0,0,,0,0,N,0,0,0,0,ROB
,FG0299,,0,0,,0,0,N,0,0,0,0,
,FG0299,,0,53.15,,0,0,Y,1228.62,1182.69,1159.5,1082.01,UP-North
,FG0299,,0,0,,0,0,N,0,0,0,0,Jharkhand
,FG0299,,0,53.38,,0,0,Y,1126.68,1084.56,1063.3,992.24,Bihar
,FG0299,,0,0,,0,0,N,0,0,0,0,KOLKATA
,FG0300,,0,0,,0,0,N,0,0,0,0,ROB
,FG0300,,0,0,,0,0,N,0,0,0,0,
,FG0300,,0,27.7,,0,0,Y,1280.63,1232.75,1208.58,1127.82,UP-North
,FG0300,,0,0,,0,0,N,0,0,0,0,Jharkhand
,FG0300,,0,27.82,,0,0,Y,1174.38,1130.47,1108.31,1034.24,Bihar
,FG0300,,0,0,,0,0,N,0,0,0,0,KOLKATA
,FG0301,,0,0,,0,0,N,0,0,0,0,ROB
,FG0301,,0,0,,0,0,N,0,0,0,0,
,FG0301,,0,20.4,,0,0,Y,1131.76,1089.45,1068.09,996.71,UP-North
,FG0301,,0,0,,0,0,N,0,0,0,0,Jharkhand
,FG0301,,0,20.49,,0,0,Y,1037.86,999.06,979.47,914.02,Bihar
,FG0301,,0,0,,0,0,N,0,0,0,0,KOLKATA
,FG0302,,0,196.8,,0,0,Y,191.07,183.93,180.32,171.63,ROB
,FG0302,,0,196.8,,0,0,Y,191.07,183.93,180.32,171.63,
,FG0302,,0,180.4,,0,0,Y,175.15,168.6,165.29,157.33,UP-North
,FG0302,,0,196.8,,0,0,Y,191.07,183.93,180.32,171.63,ODISHA
,FG0302,,0,196.8,,0,0,Y,191.07,183.93,180.32,171.63,Jharkhand
,FG0302,,0,196.8,,0,0,Y,0,0,0,0,West Bengal
,FG0302,,0,196.8,,0,0,Y,191.07,183.93,180.32,171.63,Bihar
,FG0302,,0,196.8,,0,0,Y,191.07,183.93,180.32,171.63,KOLKATA
,FG0303,,0,98.4,,0,0,Y,95.53,91.96,90.16,85.82,ROB
,FG0303,,0,98.4,,0,0,Y,95.53,91.96,90.16,85.82,
,FG0303,,0,90.2,,0,0,Y,87.57,84.3,82.65,78.67,UP-North
,FG0303,,0,98.4,,0,0,Y,95.53,91.96,90.16,85.82,ODISHA
,FG0303,,0,98.4,,0,0,Y,95.53,91.96,90.16,85.82,Jharkhand
,FG0303,,0,98.4,,0,0,Y,0,0,0,0,West Bengal
,FG0303,,0,98.4,,0,0,Y,95.53,91.96,90.16,85.82,Bihar
,FG0303,,0,98.4,,0,0,Y,95.53,91.96,90.16,85.82,KOLKATA
,FG0304,,0,49.2,,0,0,Y,47.77,45.98,45.08,42.91,ROB
,FG0304,,0,49.2,,0,0,Y,47.77,45.98,45.08,42.91,
,FG0304,,0,49.2,,0,0,Y,47.77,45.98,45.08,42.91,UP-North
,FG0304,,0,49.2,,0,0,Y,47.77,45.98,45.08,42.91,ODISHA
,FG0304,,0,49.2,,0,0,Y,47.77,45.98,45.08,42.91,Jharkhand
,FG0304,,0,49.2,,0,0,Y,0,0,0,0,West Bengal
,FG0304,,0,49.2,,0,0,Y,47.77,45.98,45.08,42.91,Bihar
,FG0304,,0,49.2,,0,0,Y,47.77,45.98,45.08,42.91,KOLKATA
,FG0305,,0,196.8,,0,0,Y,191.07,183.93,180.32,171.63,ROB
,FG0305,,0,196.8,,0,0,Y,191.07,183.93,180.32,171.63,
,FG0305,,0,180.4,,0,0,N,175.15,168.6,165.29,157.33,UP-North
,FG0305,,0,196.8,,0,0,Y,191.07,183.93,180.32,171.63,ODISHA
,FG0305,,0,196.8,,0,0,Y,191.07,183.93,180.32,171.63,Jharkhand
,FG0305,,0,196.8,,0,0,Y,0,0,0,0,West Bengal
,FG0305,,0,196.8,,0,0,Y,191.07,183.93,180.32,171.63,Bihar
,FG0305,,0,196.8,,0,0,Y,191.07,183.93,180.32,171.63,KOLKATA
,FG0306,,0,98.4,,0,0,Y,95.53,91.96,90.16,85.82,ROB
,FG0306,,0,98.4,,0,0,Y,95.53,91.96,90.16,85.82,
,FG0306,,0,90.2,,0,0,N,87.57,84.3,82.65,78.67,UP-North
,FG0306,,0,98.4,,0,0,Y,95.53,91.96,90.16,85.82,ODISHA
,FG0306,,0,98.4,,0,0,Y,95.53,91.96,90.16,85.82,Jharkhand
,FG0306,,0,98.4,,0,0,Y,0,0,0,0,West Bengal
,FG0306,,0,98.4,,0,0,Y,95.53,91.96,90.16,85.82,Bihar
,FG0306,,0,98.4,,0,0,Y,95.53,91.96,90.16,85.82,KOLKATA
,FG0307,,0,49.2,,0,0,Y,47.77,45.98,45.08,42.91,ROB
,FG0307,,0,49.2,,0,0,Y,47.77,45.98,45.08,42.91,
,FG0307,,0,49.2,,0,0,N,47.77,45.98,45.08,42.91,UP-North
,FG0307,,0,49.2,,0,0,Y,47.77,45.98,45.08,42.91,ODISHA
,FG0307,,0,49.2,,0,0,Y,47.77,45.98,45.08,42.91,Jharkhand
,FG0307,,0,49.2,,0,0,Y,0,0,0,0,West Bengal
,FG0307,,0,49.2,,0,0,Y,47.77,45.98,45.08,42.91,Bihar
,FG0307,,0,49.2,,0,0,Y,47.77,45.98,45.08,42.91,KOLKATA
,FG0308,,0,147.6,,0,0,Y,143.3,137.94,135.24,128.73,ROB
,FG0308,,0,147.6,,0,0,Y,143.3,137.94,135.24,128.73,
,FG0308,,0,147.6,,0,0,Y,143.3,137.94,135.24,128.73,UP-North
,FG0308,,0,147.6,,0,0,Y,143.3,137.94,135.24,128.73,ODISHA
,FG0308,,0,147.6,,0,0,Y,143.3,137.94,135.24,128.73,Jharkhand
,FG0308,,0,147.6,,0,0,Y,0,0,0,0,West Bengal
,FG0308,,0,147.6,,0,0,Y,143.3,137.94,135.24,128.73,Bihar
,FG0308,,0,147.6,,0,0,Y,143.3,137.94,135.24,128.73,KOLKATA
,FG0309,,0,328,,0,0,Y,318.45,306.54,300.53,286.06,ROB
,FG0309,,0,328,,0,0,Y,318.45,306.54,300.53,286.06,
,FG0309,,0,344.4,,0,0,Y,318.45,168.6,300.53,157.33,UP-North
,FG0309,,0,328,,0,0,Y,318.45,306.54,300.53,286.06,ODISHA
,FG0309,,0,328,,0,0,Y,318.45,306.54,300.53,286.06,Jharkhand
,FG0309,,0,328,,0,0,Y,0,0,0,0,West Bengal
,FG0309,,0,328,,0,0,Y,318.45,306.54,300.53,286.06,Bihar
,FG0309,,0,328,,0,0,Y,318.45,306.54,300.53,286.06,KOLKATA
,FG0310,,0,164,,0,0,Y,159.22,153.27,150.27,143.03,ROB
,FG0310,,0,164,,0,0,Y,159.22,153.27,150.27,143.03,
,FG0310,,0,172.2,,0,0,Y,159.22,153.27,150.27,143.03,UP-North
,FG0310,,0,164,,0,0,Y,159.22,153.27,150.27,143.03,ODISHA
,FG0310,,0,164,,0,0,Y,159.22,153.27,150.27,143.03,Jharkhand
,FG0310,,0,164,,0,0,Y,0,0,0,0,West Bengal
,FG0310,,0,164,,0,0,Y,159.22,153.27,150.27,143.03,Bihar
,FG0310,,0,164,,0,0,Y,159.22,153.27,150.27,143.03,KOLKATA
,FG0311,,0,94.71,,0,0,Y,98.08155339,94.41495327,92.56367968,88.10553938,ROB
,FG0311,,0,94.71,,0,0,Y,98.08155339,94.41495327,92.56367968,88.10553938,
,FG0311,,0,90.2,,0,0,Y,87.57,84.3,82.65,78.67,UP-North
,FG0311,,0,94.71,,0,0,Y,98.08155339,94.41495327,92.56367968,88.10553938,ODISHA
,FG0311,,0,94.71,,0,0,Y,98.08155339,94.41495327,92.56367968,88.10553938,Jharkhand
,FG0311,,0,94.71,,0,0,Y,98.08155339,94.41495327,92.56367968,88.10553938,Bihar
,FG0311,,0,90.2,,0,0,Y,93.41,89.92,88.16,83.91,KOLKATA
,FG0312,,0,196.8,,0,0,Y,191.07,183.93,180.32,171.63,ROB
,FG0312,,0,196.8,,0,0,Y,191.07,183.93,180.32,171.63,
,FG0312,,0,164,,0,0,Y,159.22,153.27,150.27,143.03,UP-North
,FG0312,,0,196.8,,0,0,Y,191.07,183.93,180.32,171.63,ODISHA
,FG0312,,0,196.8,,0,0,Y,191.07,183.93,180.32,171.63,Jharkhand
,FG0312,,0,196.8,,0,0,Y,0,0,0,0,West Bengal
,FG0312,,0,196.8,,0,0,Y,191.07,183.93,180.32,171.63,Bihar
,FG0312,,0,196.8,,0,0,Y,191.07,183.93,180.32,171.63,KOLKATA
,FG0313,,0,623.2,,0,0,Y,605.05,582.43,571.01,543.51,ROB
,FG0313,,0,623.2,,0,0,Y,605.05,582.43,571.01,543.51,
,FG0313,,0,636.4,,0,0,Y,617.86,594.77,583.1,555.02,UP-North
,FG0313,,0,623.2,,0,0,Y,605.05,582.43,571.01,543.51,ODISHA
,FG0313,,0,623.2,,0,0,Y,605.05,582.43,571.01,543.51,Jharkhand
,FG0313,,0,623.2,,0,0,Y,0,0,0,0,West Bengal
,FG0313,,0,623.2,,0,0,Y,605.05,582.43,571.01,543.51,Bihar
,FG0313,,0,623.2,,0,0,Y,605.05,582.43,571.01,543.51,KOLKATA
,FG0314,,0,319.8,,0,0,Y,310.49,298.88,293.02,278.91,ROB
,FG0314,,0,319.8,,0,0,Y,310.49,298.88,293.02,278.91,
,FG0314,,0,318.2,,0,0,Y,308.93,297.38,291.55,277.51,UP-North
,FG0314,,0,319.8,,0,0,Y,310.49,298.88,293.02,278.91,ODISHA
,FG0314,,0,319.8,,0,0,Y,310.49,298.88,293.02,278.91,Jharkhand
,FG0314,,0,319.8,,0,0,Y,0,0,0,0,West Bengal
,FG0314,,0,319.8,,0,0,Y,310.49,298.88,293.02,278.91,Bihar
,FG0314,,0,319.8,,0,0,Y,310.49,298.88,293.02,278.91,KOLKATA
,FG0315,,0,164,,0,0,Y,159.22,153.27,150.27,143.03,ROB
,FG0315,,0,164,,0,0,Y,159.22,153.27,150.27,143.03,
,FG0315,,0,163.4,,0,0,Y,158.64,152.71,149.72,142.51,UP-North
,FG0315,,0,164,,0,0,Y,159.22,153.27,150.27,143.03,ODISHA
,FG0315,,0,164,,0,0,Y,159.22,153.27,150.27,143.03,Jharkhand
,FG0315,,0,164,,0,0,Y,0,0,0,0,West Bengal
,FG0315,,0,164,,0,0,Y,159.22,153.27,150.27,143.03,Bihar
,FG0315,,0,164,,0,0,Y,159.22,153.27,150.27,143.03,KOLKATA
,FG0316,,0,196.8,,0,0,Y,191.07,183.93,180.32,171.63,ROB
,FG0316,,0,196.8,,0,0,Y,191.07,183.93,180.32,171.63,
,FG0316,,0,206.4,,0,0,Y,200.39,192.9,189.11,180.01,UP-North
,FG0316,,0,196.8,,0,0,Y,191.07,183.93,180.32,171.63,ODISHA
,FG0316,,0,196.8,,0,0,Y,191.07,183.93,180.32,171.63,Jharkhand
,FG0316,,0,196.8,,0,0,Y,0,0,0,0,West Bengal
,FG0316,,0,196.8,,0,0,Y,191.07,183.93,180.32,171.63,Bihar
,FG0316,,0,196.8,,0,0,Y,191.07,183.93,180.32,171.63,KOLKATA
,FG0317,,0,164,,0,0,Y,159.22,153.27,150.27,143.03,ROB
,FG0317,,0,164,,0,0,Y,159.22,153.27,150.27,143.03,
,FG0317,,0,154.8,,0,0,Y,150.29,144.67,141.84,135,UP-North
,FG0317,,0,164,,0,0,Y,159.22,153.27,150.27,143.03,ODISHA
,FG0317,,0,164,,0,0,Y,159.22,153.27,150.27,143.03,Jharkhand
,FG0317,,0,164,,0,0,Y,0,0,0,0,West Bengal
,FG0317,,0,164,,0,0,Y,159.22,153.27,150.27,143.03,Bihar
,FG0317,,0,164,,0,0,Y,159.22,153.27,150.27,143.03,KOLKATA
,FG0318,,0,155.8,,0,0,Y,151.26,145.61,142.75,135.88,ROB
,FG0318,,0,155.8,,0,0,Y,151.26,145.61,142.75,135.88,
,FG0318,,0,154.8,,0,0,Y,150.29,144.67,141.84,135,UP-North
,FG0318,,0,155.8,,0,0,Y,151.26,145.61,142.75,135.88,ODISHA
,FG0318,,0,155.8,,0,0,Y,151.26,145.61,142.75,135.88,Jharkhand
,FG0318,,0,155.8,,0,0,Y,0,0,0,0,West Bengal
,FG0318,,0,155.8,,0,0,Y,151.26,145.61,142.75,135.88,Bihar
,FG0318,,0,155.8,,0,0,Y,151.26,145.61,142.75,135.88,KOLKATA
,FG0319,,0,155.8,,0,0,Y,151.26,145.61,142.75,135.88,ROB
,FG0319,,0,155.8,,0,0,Y,151.26,145.61,142.75,135.88,
,FG0319,,0,154.8,,0,0,Y,150.29,144.67,141.84,135,UP-North
,FG0319,,0,155.8,,0,0,Y,151.26,145.61,142.75,135.88,ODISHA
,FG0319,,0,155.8,,0,0,Y,151.26,145.61,142.75,135.88,Jharkhand
,FG0319,,0,155.8,,0,0,Y,0,0,0,0,West Bengal
,FG0319,,0,155.8,,0,0,Y,151.26,145.61,142.75,135.88,Bihar
,FG0319,,0,155.8,,0,0,Y,151.26,145.61,142.75,135.88,KOLKATA
,FG0320,,0,180.4,,0,0,Y,175.15,168.6,165.29,157.33,ROB
,FG0320,,0,180.4,,0,0,Y,175.15,168.6,165.29,157.33,
,FG0320,,0,180.6,,0,0,Y,175.34,168.79,165.48,157.51,UP-North
,FG0320,,0,180.4,,0,0,Y,175.15,168.6,165.29,157.33,ODISHA
,FG0320,,0,180.4,,0,0,Y,175.15,168.6,165.29,157.33,Jharkhand
,FG0320,,0,180.4,,0,0,Y,0,0,0,0,West Bengal
,FG0320,,0,180.4,,0,0,Y,175.15,168.6,165.29,157.33,Bihar
,FG0320,,0,180.4,,0,0,Y,175.15,168.6,165.29,157.33,KOLKATA
,FG0321,,0,213.2,,0,0,Y,206.99,199.25,195.35,185.94,ROB
,FG0321,,0,213.2,,0,0,Y,206.99,199.25,195.35,185.94,
,FG0321,,0,223.6,,0,0,Y,217.09,208.97,204.87,195.01,UP-North
,FG0321,,0,213.2,,0,0,Y,206.99,199.25,195.35,185.94,ODISHA
,FG0321,,0,213.2,,0,0,Y,206.99,199.25,195.35,185.94,Jharkhand
,FG0321,,0,213.2,,0,0,Y,0,0,0,0,West Bengal
,FG0321,,0,213.2,,0,0,Y,206.99,199.25,195.35,185.94,Bihar
,FG0321,,0,213.2,,0,0,Y,206.99,199.25,195.35,185.94,KOLKATA
,FG0322,,0,172.2,,0,0,Y,167.184466,160.9345794,157.7789995,150.1798967,ROB
,FG0322,,0,172.2,,0,0,Y,167.184466,160.9345794,157.7789995,150.1798967,
,FG0322,,0,180.6,,0,0,Y,175.34,168.79,165.48,157.51,UP-North
,FG0322,,0,172.2,,0,0,Y,167.184466,160.9345794,157.7789995,150.1798967,ODISHA
,FG0322,,0,172.2,,0,0,Y,167.184466,160.9345794,157.7789995,150.1798967,Jharkhand
,FG0322,,0,172.2,,0,0,Y,167.184466,160.9345794,157.7789995,150.1798967,Bihar
,FG0322,,0,172.2,,0,0,Y,167.184466,160.9345794,157.7789995,150.1798967,KOLKATA
,FG0323,,0,237.8,,0,0,Y,230.87,222.24,217.89,207.39,ROB
,FG0323,,0,237.8,,0,0,Y,230.87,222.24,217.89,207.39,
,FG0323,,0,223.6,,0,0,Y,217.09,208.97,204.87,195.01,UP-North
,FG0323,,0,237.8,,0,0,Y,230.87,222.24,217.89,207.39,ODISHA
,FG0323,,0,237.8,,0,0,Y,230.87,222.24,217.89,207.39,Jharkhand
,FG0323,,0,237.8,,0,0,Y,0,0,0,0,West Bengal
,FG0323,,0,237.8,,0,0,Y,230.87,222.24,217.89,207.39,Bihar
,FG0323,,0,237.8,,0,0,Y,230.87,222.24,217.89,207.39,KOLKATA
,FG0324,,0,205,,0,0,Y,199.03,191.59,187.83,178.79,ROB
,FG0324,,0,205,,0,0,Y,199.03,191.59,187.83,178.79,
,FG0324,,0,215,,0,0,Y,208.74,200.93,196.99,187.51,UP-North
,FG0324,,0,205,,0,0,Y,199.03,191.59,187.83,178.79,ODISHA
,FG0324,,0,205,,0,0,Y,199.03,191.59,187.83,178.79,Jharkhand
,FG0324,,0,205,,0,0,Y,0,0,0,0,West Bengal
,FG0324,,0,205,,0,0,Y,199.03,191.59,187.83,178.79,Bihar
,FG0324,,0,205,,0,0,Y,199.03,191.59,187.83,178.79,KOLKATA
,FG0325,,0,205,,0,0,Y,199.03,191.59,187.83,178.79,ROB
,FG0325,,0,205,,0,0,Y,199.03,191.59,187.83,178.79,
,FG0325,,0,215,,0,0,Y,208.74,200.93,196.99,187.51,UP-North
,FG0325,,0,205,,0,0,Y,199.03,191.59,187.83,178.79,ODISHA
,FG0325,,0,205,,0,0,Y,199.03,191.59,187.83,178.79,Jharkhand
,FG0325,,0,205,,0,0,Y,0,0,0,0,West Bengal
,FG0325,,0,205,,0,0,Y,199.03,191.59,187.83,178.79,Bihar
,FG0325,,0,205,,0,0,Y,199.03,191.59,187.83,178.79,KOLKATA
,FG0326,,0,205,,0,0,Y,199.03,191.59,187.83,178.79,ROB
,FG0326,,0,205,,0,0,Y,199.03,191.59,187.83,178.79,
,FG0326,,0,215,,0,0,Y,208.74,200.93,196.99,187.51,UP-North
,FG0326,,0,205,,0,0,Y,199.03,191.59,187.83,178.79,ODISHA
,FG0326,,0,205,,0,0,Y,199.03,191.59,187.83,178.79,Jharkhand
,FG0326,,0,205,,0,0,Y,0,0,0,0,West Bengal
,FG0326,,0,205,,0,0,Y,199.03,191.59,187.83,178.79,Bihar
,FG0326,,0,205,,0,0,Y,199.03,191.59,187.83,178.79,KOLKATA
,FG0327,,0,180.4,,0,0,Y,175.15,168.6,165.29,157.33,ROB
,FG0327,,0,180.4,,0,0,Y,175.15,168.6,165.29,157.33,
,FG0327,,0,180.6,,0,0,Y,175.34,168.79,165.48,157.51,UP-North
,FG0327,,0,180.4,,0,0,Y,175.15,168.6,165.29,157.33,ODISHA
,FG0327,,0,180.4,,0,0,Y,175.15,168.6,165.29,157.33,Jharkhand
,FG0327,,0,180.4,,0,0,Y,0,0,0,0,West Bengal
,FG0327,,0,180.4,,0,0,Y,175.15,168.6,165.29,157.33,Bihar
,FG0327,,0,180.4,,0,0,Y,175.15,168.6,165.29,157.33,KOLKATA
,FG0328,,0,307.5,,0,0,Y,298.54,287.38,281.75,268.18,ROB
,FG0328,,0,307.5,,0,0,Y,298.54,287.38,281.75,268.18,
,FG0328,,0,309.6,,0,0,Y,300.58,289.35,283.67,270.01,UP-North
,FG0328,,0,307.5,,0,0,Y,298.54,287.38,281.75,268.18,ODISHA
,FG0328,,0,307.5,,0,0,Y,298.54,287.38,281.75,268.18,Jharkhand
,FG0328,,0,307.5,,0,0,Y,0,0,0,0,West Bengal
,FG0328,,0,307.5,,0,0,Y,298.54,287.38,281.75,268.18,Bihar
,FG0328,,0,307.5,,0,0,Y,298.54,287.38,281.75,268.18,KOLKATA
,FG0329,,0,262.4,,0,0,Y,254.76,245.23,240.43,228.85,ROB
,FG0329,,0,262.4,,0,0,Y,254.76,245.23,240.43,228.85,
,FG0329,,0,275.2,,0,0,Y,267.18,257.2,252.15,240.01,UP-North
,FG0329,,0,262.4,,0,0,Y,254.76,245.23,240.43,228.85,ODISHA
,FG0329,,0,262.4,,0,0,Y,254.76,245.23,240.43,228.85,Jharkhand
,FG0329,,0,262.4,,0,0,Y,0,0,0,0,West Bengal
,FG0329,,0,262.4,,0,0,Y,254.76,245.23,240.43,228.85,Bihar
,FG0329,,0,262.4,,0,0,Y,254.76,245.23,240.43,228.85,KOLKATA
,FG0330,,0,117.39,,0,0,Y,121.568932,117.0242991,114.729705,109.2039834,ROB
,FG0330,,0,117.39,,0,0,Y,121.568932,117.0242991,114.729705,109.2039834,
,FG0330,,0,111.8,,0,0,Y,108.54,104.49,102.44,97.5,UP-North
,FG0330,,0,117.39,,0,0,Y,121.568932,117.0242991,114.729705,109.2039834,ODISHA
,FG0330,,0,117.39,,0,0,Y,121.568932,117.0242991,114.729705,109.2039834,Jharkhand
,FG0330,,0,117.39,,0,0,Y,121.568932,117.0242991,114.729705,109.2039834,Bihar
,FG0330,,0,117.39,,0,0,Y,121.568932,117.0242991,114.729705,109.2039834,KOLKATA
,FG0331,,0,123,,0,0,Y,119.42,114.95,112.7,107.27,ROB
,FG0331,,0,123,,0,0,Y,119.42,114.95,112.7,107.27,
,FG0331,,0,120.4,,0,0,Y,116.89,112.52,110.32,105,UP-North
,FG0331,,0,123,,0,0,Y,119.42,114.95,112.7,107.27,ODISHA
,FG0331,,0,123,,0,0,Y,119.42,114.95,112.7,107.27,Jharkhand
,FG0331,,0,123,,0,0,Y,0,0,0,0,West Bengal
,FG0331,,0,123,,0,0,Y,119.42,114.95,112.7,107.27,Bihar
,FG0331,,0,123,,0,0,Y,119.42,114.95,112.7,107.27,KOLKATA
,FG0332,,0,319.8,,0,0,Y,310.49,298.88,293.02,278.91,ROB
,FG0332,,0,319.8,,0,0,Y,310.49,298.88,293.02,278.91,
,FG0332,,0,318.2,,0,0,Y,308.93,297.38,291.55,277.51,UP-North
,FG0332,,0,319.8,,0,0,Y,310.49,298.88,293.02,278.91,ODISHA
,FG0332,,0,319.8,,0,0,Y,310.49,298.88,293.02,278.91,Jharkhand
,FG0332,,0,319.8,,0,0,Y,0,0,0,0,West Bengal
,FG0332,,0,319.8,,0,0,Y,310.49,298.88,293.02,278.91,Bihar
,FG0332,,0,319.8,,0,0,Y,310.49,298.88,293.02,278.91,KOLKATA
,FG0333,,0,304,,0,0,Y,3541.75,3441.51,3374.03,3211.53,ROB
,FG0333,,0,325.08,,0,0,Y,3606.99,3472.15,3404.07,3240.12,UP-North
,FG0333,,0,304,,0,0,Y,3541.75,3441.51,3374.03,3211.53,
,FG0333,,0,304,,0,0,Y,3541.75,3441.51,3374.03,3211.53,ODISHA
,FG0333,,0,304,,0,0,Y,3541.75,3441.51,3374.03,3211.53,Jharkhand
,FG0333,,0,304,,0,0,Y,3541.75,3441.51,3374.03,3211.53,West Bengal
,FG0333,,0,304,,0,0,Y,3541.75,3441.51,3374.03,3211.53,Bihar
,FG0333,,0,304,,0,0,Y,3541.75,3441.51,3374.03,3211.53,KOLKATA
,FG0334,,0,36,,0,0,Y,2097.09,2037.74,1997.78,1901.56,ROB
,FG0334,,0,36,,0,0,Y,2097.09,2037.74,1997.78,1901.56,KOLKATA
,FG0334,,0,36,,0,0,Y,2097.09,2037.74,1997.78,1901.56,
,FG0334,,0,36,,0,0,Y,2097.09,2037.74,1997.78,1901.56,Jharkhand
,FG0334,,0,36,,0,0,Y,2097.09,2037.74,1997.78,1901.56,Bihar
,FG0334,,0,36,,0,0,Y,2097.09,2037.74,1997.78,1901.56,ODISHA
,FG0334,,0,36,,0,0,Y,2097.09,2037.74,1997.78,1901.56,West Bengal
,FG0335,,0,36,,0,0,Y,1997.226075,1922.563418,1884.87,0,ROB
,FG0335,,0,36,,0,0,Y,1997.226075,1922.563418,1884.87,0,KOLKATA
,FG0335,,0,36.15720524,,0,0,Y,1831.517361,1763.049423,1728.479826,1612.971697,
,FG0335,,0,0,,0,0,N,0,0,0,0,Jharkhand
,FG0335,,0,36.15720524,,0,0,Y,1831.517361,1763.049423,1728.479826,1612.971697,Bihar
,FG0336,,0,0,,0,0,Y,0,0,0,0,ROB
,FG0336,,0,0,,0,0,Y,0,0,0,0,KOLKATA
,FG0336,,0,0,,0,0,Y,0,0,0,0,
,FG0336,,0,0,,0,0,Y,0,0,0,0,Jharkhand
,FG0336,,0,0,,0,0,Y,0,0,0,0,Bihar
,FG0336,,0,0,,0,0,Y,0,0,0,0,ODISHA
,FG0336,,0,7.5,,0,0,Y,3495.15,3396.23,3329.63,3169.27,West Bengal
,FG0337,,0,0,,0,0,N,0,0,0,0,
,FG0337,,0,0,,0,0,N,0,0,0,0,Jharkhand
,FG0337,,0,0,,0,0,Y,0,0,0,0,KOLKATA
,FG0337,,0,0,,0,0,Y,0,0,0,0,ROB
,FG0337,,0,0,,0,0,N,0,0,0,0,Bihar
,FG0338,,0,0,,0,0,Y,0,0,0,0,KOLKATA
,FG0338,,0,0,,0,0,Y,0,0,0,0,ROB
,FG0338,,0,0,,0,0,Y,0,0,0,0,Bihar
,FG0338,,0,0,,0,0,Y,0,0,0,0,
,FG0338,,0,0,,0,0,Y,0,0,0,0,Jharkhand
,FG0338,,0,0,,0,0,Y,0,0,0,0,ODISHA
,FG0339,,0,0,,0,0,Y,0,0,0,0,KOLKATA
,FG0339,,0,0,,0,0,Y,0,0,0,0,ROB
,FG0339,,0,0,,0,0,Y,0,0,0,0,Bihar
,FG0339,,0,0,,0,0,Y,0,0,0,0,
,FG0339,,0,0,,0,0,Y,0,0,0,0,Jharkhand
,FG0339,,0,0,,0,0,Y,0,0,0,0,ODISHA
,FG0340,,0,672,,0,0,Y,652.43,633.96,621.53,591.6,KOLKATA
,FG0340,,0,672,,0,0,Y,652.43,633.96,621.53,591.6,ROB
,FG0340,,0,672,,0,0,Y,652.43,633.96,621.53,591.6,
,FG0340,,0,672,,0,0,Y,652.43,633.96,621.53,591.6,Jharkhand
,FG0340,,0,672,,0,0,Y,652.43,633.96,621.53,591.6,Bihar
,FG0340,,0,672,,0,0,Y,652.43,633.96,621.53,591.6,ODISHA
,FG0340,,0,672,,0,0,Y,652.43,633.96,621.53,591.6,West Bengal
,FG0341,,0,240,,0,0,Y,2796.12,2716.98,2663.71,2535.41,KOLKATA
,FG0341,,0,240,,0,0,Y,2796.12,2716.98,2663.71,2535.41,ROB
,FG0341,,0,240,,0,0,Y,2796.12,2716.98,2663.71,2535.41,Bihar
,FG0341,,0,240,,0,0,Y,2796.12,2716.98,2663.71,2535.41,Jharkhand
,FG0341,,0,240,,0,0,Y,2796.12,2716.98,2663.71,2535.41,ODISHA
,FG0341,,0,240,,0,0,Y,2796.12,2716.98,2663.71,2535.41,
,FG0341,,0,240,,0,0,Y,2796.12,2716.98,2663.71,2535.41,West Bengal
,FG0342,,0,0,,0,0,Y,0,0,0,0,KOLKATA
,FG0342,,0,0,,0,0,Y,0,0,0,0,ROB
,FG0342,,0,0,,0,0,Y,0,0,0,0,
,FG0342,,0,0,,0,0,Y,0,0,0,0,Jharkhand
,FG0342,,0,0,,0,0,Y,0,0,0,0,Bihar
,FG0342,,0,0,,0,0,Y,0,0,0,0,ODISHA
,FG0342,,0,256,,0,0,Y,4970.87,4830.19,4735.48,4507.4,West Bengal
,FG0343,,0,144,,0,0,Y,3355.34,3260.38,3196.45,3042.5,KOLKATA
,FG0343,,0,144,,0,0,Y,3355.34,3260.38,3196.45,3042.5,ROB
,FG0343,,0,144,,0,0,Y,3355.34,3260.38,3196.45,3042.5,Bihar
,FG0343,,0,144,,0,0,Y,3355.34,3260.38,3196.45,3042.5,
,FG0343,,0,144,,0,0,Y,3355.34,3260.38,3196.45,3042.5,Jharkhand
,FG0343,,0,144,,0,0,Y,3355.34,3260.38,3196.45,3042.5,ODISHA
,FG0343,,0,128,,0,0,Y,2982.52,2898.11,2841.29,2704.44,West Bengal
,FG0344,,0,144,,0,0,Y,3355.34,3260.38,3196.45,3042.5,KOLKATA
,FG0344,,0,144,,0,0,Y,3355.34,3260.38,3196.45,3042.5,ROB
,FG0344,,0,144,,0,0,Y,3355.34,3260.38,3196.45,3042.5,Bihar
,FG0344,,0,144,,0,0,Y,3355.34,3260.38,3196.45,3042.5,
,FG0344,,0,144,,0,0,Y,3355.34,3260.38,3196.45,3042.5,Jharkhand
,FG0344,,0,144,,0,0,Y,3355.34,3260.38,3196.45,3042.5,ODISHA
,FG0344,,0,128,,0,0,Y,2982.52,2898.11,2841.29,2704.44,West Bengal
,FG0345,,0,0,,0,0,Y,0,0,0,0,KOLKATA
,FG0345,,0,0,,0,0,Y,0,0,0,0,ROB
,FG0345,,0,0,,0,0,Y,0,0,0,0,Bihar
,FG0345,,0,0,,0,0,Y,0,0,0,0,
,FG0345,,0,0,,0,0,Y,0,0,0,0,Jharkhand
,FG0345,,0,0,,0,0,Y,0,0,0,0,ODISHA
,FG0346,,0,36,,0,0,Y,2097.09,2037.74,1997.78,1901.56,KOLKATA
,FG0346,,0,36,,0,0,Y,2097.09,2037.74,1997.78,1901.56,ROB
,FG0346,,0,36,,0,0,Y,2097.09,2037.74,1997.78,1901.56,
,FG0346,,0,36,,0,0,Y,2097.09,2037.74,1997.78,1901.56,Jharkhand
,FG0346,,0,36,,0,0,Y,2097.09,2037.74,1997.78,1901.56,Bihar
,FG0346,,0,36,,0,0,Y,2097.09,2037.74,1997.78,1901.56,ODISHA
,FG0346,,0,36,,0,0,Y,2097.09,2037.74,1997.78,1901.56,West Bengal
,FG0347,,0,44,,0,0,Y,2135.92,2075.47,2034.78,1936.78,KOLKATA
,FG0347,,0,44,,0,0,Y,2135.92,2075.47,2034.78,1936.78,ROB
,FG0347,,0,44,,0,0,Y,2135.92,2075.47,2034.78,1936.78,
,FG0347,,0,44,,0,0,Y,2135.92,2075.47,2034.78,1936.78,Jharkhand
,FG0347,,0,44,,0,0,Y,2135.92,2075.47,2034.78,1936.78,Bihar
,FG0347,,0,44,,0,0,Y,2135.92,2075.47,2034.78,1936.78,ODISHA
,FG0347,,0,44,,0,0,Y,2135.92,2075.47,2034.78,1936.78,West Bengal
,FG0348,,0,92.85714286,,0,0,N,1803.051318,1735.64753,1701.62,0,KOLKATA
,FG0348,,0,92.85714286,,0,0,N,1803.051318,1735.64753,1701.62,0,ROB
,FG0348,,0,85.15283843,,0,0,Y,1653.453173,1591.64184,1560.433176,1485.278104,
,FG0348,,0,97.5,,0,0,N,1803.051318,1735.64753,1701.62,1619.660409,Jharkhand
,FG0348,,0,85.15283843,,0,0,N,1653.453173,1591.64184,1560.433176,1485.278104,Bihar
,FG0349,,0,264,,0,0,Y,2563.11,2490.57,2441.73,2324.13,KOLKATA
,FG0349,,0,264,,0,0,Y,2563.11,2490.57,2441.73,2324.13,ROB
,FG0349,,0,264,,0,0,Y,2563.11,2490.57,2441.73,2324.13,
,FG0349,,0,264,,0,0,Y,2563.11,2490.57,2441.73,2324.13,Jharkhand
,FG0349,,0,264,,0,0,Y,2563.11,2490.57,2441.73,2324.13,Bihar
,FG0349,,0,264,,0,0,Y,2563.11,2490.57,2441.73,2324.13,ODISHA
,FG0349,,0,264,,0,0,Y,2563.11,2490.57,2441.73,2324.13,West Bengal
,FG0350,,0,560,,0,0,Y,5436.89,5283.02,5179.43,4929.97,KOLKATA
,FG0350,,0,560,,0,0,Y,5436.89,5283.02,5179.43,4929.97,ROB
,FG0350,,0,560,,0,0,Y,5436.89,5283.02,5179.43,4929.97,
,FG0350,,0,560,,0,0,Y,5436.89,5283.02,5179.43,4929.97,Jharkhand
,FG0350,,0,560,,0,0,Y,5436.89,5283.02,5179.43,4929.97,Bihar
,FG0350,,0,560,,0,0,Y,5436.89,5283.02,5179.43,4929.97,ODISHA
,FG0350,,0,560,,0,0,Y,5436.89,5283.02,5179.43,4929.97,West Bengal
,FG0351,,0,302.4,,0,0,Y,4697.48,4564.53,4475.03,4259.5,KOLKATA
,FG0351,,0,302.4,,0,0,Y,4697.48,4564.53,4475.03,4259.5,ROB
,FG0351,,0,302.4,,0,0,Y,4697.48,4564.53,4475.03,4259.5,
,FG0351,,0,302.4,,0,0,Y,4697.48,4564.53,4475.03,4259.5,Jharkhand
,FG0351,,0,302.4,,0,0,Y,4697.48,4564.53,4475.03,4259.5,Bihar
,FG0351,,0,302.4,,0,0,Y,4697.48,4564.53,4475.03,4259.5,ODISHA
,FG0351,,0,302.4,,0,0,Y,4697.48,4564.53,4475.03,4259.5,West Bengal
,FG0352,,0,504,,0,0,Y,5871.84,5705.66,5593.78,5324.37,KOLKATA
,FG0352,,0,504,,0,0,Y,5871.84,5705.66,5593.78,5324.37,ROB
,FG0352,,0,504,,0,0,Y,5871.84,5705.66,5593.78,5324.37,
,FG0352,,0,504,,0,0,Y,5871.84,5705.66,5593.78,5324.37,Jharkhand
,FG0352,,0,504,,0,0,Y,5871.84,5705.66,5593.78,5324.37,Bihar
,FG0352,,0,504,,0,0,Y,5871.84,5705.66,5593.78,5324.37,ODISHA
,FG0352,,0,504,,0,0,Y,5871.84,5705.66,5593.78,5324.37,West Bengal
,FG0354,,0,44,,0,0,Y,2135.92233,2075.471698,2034.776175,1936.775342,
,FG0354,,0,44,,0,0,Y,2135.92233,2075.471698,2034.776175,1936.775342,Jharkhand
,FG0354,,0,44,,0,0,Y,2135.92233,2075.471698,2034.776175,1936.775342,ROB
,FG0354,,0,44,,0,0,Y,2135.92233,2075.471698,2034.776175,1936.775342,KOLKATA
,FG0354,,0,44,,0,0,Y,2135.92233,2075.471698,2034.776175,1936.775342,Bihar
,FG0354,,0,44,,0,0,Y,2135.92233,2075.471698,2034.776175,1936.775342,ODISHA
,FG0355,,0,8,,0,0,Y,1553.398058,1495.327103,1466.006964,1395.399737,
,FG0355,,0,8,,0,0,Y,1553.398058,1495.327103,1466.006964,1395.399737,Jharkhand
,FG0355,,0,8,,0,0,Y,1553.398058,1495.327103,1466.006964,1395.399737,ROB
,FG0355,,0,8,,0,0,Y,1553.398058,1495.327103,1466.006964,1395.399737,KOLKATA
,FG0355,,0,8,,0,0,Y,1553.398058,1495.327103,1466.006964,1395.399737,Bihar
,FG0355,,0,8,,0,0,Y,1553.398058,1495.327103,1466.006964,1395.399737,ODISHA
,FG0353,,0,35.2,,0,0,Y,1708.74,1660.38,1627.82,1549.42,ROB
,FG0353,,0,35.2,,0,0,Y,1708.74,1660.38,1627.82,1549.42,KOLKATA
,FG0353,,0,35.2,,0,0,Y,1708.74,1660.38,1627.82,1549.42,
,FG0353,,0,35.2,,0,0,Y,1708.74,1660.38,1627.82,1549.42,Bihar
,FG0353,,0,35.2,,0,0,Y,1708.74,1660.38,1627.82,1549.42,Jharkhand
,FG0353,,0,35.2,,0,0,Y,1708.74,1660.38,1627.82,1549.42,ODISHA
,FG0357,,0,40.47619048,,0,0,Y,1964.863615,1909.254268,1871.82,0,KOLKATA
,FG0357,,0,40.47619048,,0,0,Y,1964.863615,1909.254268,1871.82,0,ROB
,FG0357,,0,37.11790393,,0,0,Y,1801.839997,1750.844525,1716.51424,1633.841843,Bihar
,FG0357,,0,37.11790393,,0,0,Y,1801.839997,1750.844525,1716.51424,1633.841843,
,FG0361,,0,109.0909091,,0,0,Y,1850.017537,1780.858003,1745.94,0,KOLKATA
,FG0361,,0,109.0909091,,0,0,Y,1850.017537,1780.858003,1745.94,0,ROB
,FG0362,,0,109.0909091,,0,0,Y,1850.017537,1780.858003,1745.94,0,KOLKATA
,FG0362,,0,109.0909091,,0,0,Y,1850.017537,1780.858003,1745.94,0,ROB
,FG0363,,0,7.8,,0,0,Y,1442.441054,1388.518024,1361.29,0,KOLKATA
,FG0363,,0,7.8,,0,0,Y,1442.441054,1388.518024,1361.29,0,ROB
,FG0363,,0,7.834061135,,0,0,Y,1322.762539,1273.313472,1248.346541,1164.924003,Bihar
,FG0363,,0,7.834061135,,0,0,Y,1322.762539,1273.313472,1248.346541,1164.924003,
,FG0364,,0,3.666666667,,0,0,Y,1220.527046,1174.899866,1151.86,0,KOLKATA
,FG0364,,0,3.666666667,,0,0,Y,1220.527046,1174.899866,1151.86,0,ROB
,FG0364,,0,3.682678311,,0,0,Y,1119.26061,1077.419092,1056.293227,985.7049258,Bihar
,FG0364,,0,3.682678311,,0,0,Y,1119.26061,1077.419092,1056.293227,985.7049258,
,FG0388,,0,0,,0,0,Y,0,0,0,0,KOLKATA
,FG0388,,0,0,,0,0,Y,0,0,0,0,ROB
,FG0388,,0,0,,0,0,Y,0,0,0,0,Bihar
,FG0388,,0,0,,0,0,Y,0,0,0,0,Jharkhand
,FG0388,,0,0,,0,0,Y,0,0,0,0,ODISHA
,FG0388,,0,0,,0,0,Y,0,0,0,0,
,FG0376,,0,85,,0,0,Y,1650.485437,1603.773585,1572.327044,1496.599128,KOLKATA
,FG0376,,0,85,,0,0,Y,1650.485437,1603.773585,1572.327044,1496.599128,ROB
,FG0376,,0,0,,0,0,Y,0,0,0,0,Bihar
,FG0376,,0,0,,0,0,Y,0,0,0,0,Jharkhand
,FG0376,,0,0,,0,0,Y,0,0,0,0,ODISHA
,FG0376,,0,0,,0,0,Y,0,0,0,0,
,FG0375,,0,0,,0,0,Y,0,0,0,0,KOLKATA
,FG0375,,0,0,,0,0,Y,0,0,0,0,ROB
,FG0375,,0,0,,0,0,Y,0,0,0,0,Bihar
,FG0375,,0,0,,0,0,Y,0,0,0,0,Jharkhand
,FG0375,,0,0,,0,0,Y,0,0,0,0,ODISHA
,FG0375,,0,0,,0,0,Y,0,0,0,0,
,FG0375,,0,144.5,,0,0,Y,1402.91,1376.19,1349.21,1284.22,West Bengal
,FG0374,,0,480,,0,0,Y,3728.16,3622.64,3551.61,3380.55,KOLKATA
,FG0374,,0,480,,0,0,Y,3728.16,3622.64,3551.61,3380.55,ROB
,FG0374,,0,480,,0,0,Y,3728.16,3622.64,3551.61,3380.55,Bihar
,FG0374,,0,480,,0,0,Y,3728.16,3622.64,3551.61,3380.55,Jharkhand
,FG0374,,0,480,,0,0,Y,3728.16,3622.64,3551.61,3380.55,ODISHA
,FG0374,,0,480,,0,0,Y,3728.16,3622.64,3551.61,3380.55,
,FG0374,,0,480,,0,0,Y,3728.16,3622.64,3551.61,3380.55,West Bengal
,FG0373,,0,32,,0,0,Y,1153.952844,1110.814419,1089.033744,1036.582662,KOLKATA
,FG0373,,0,32,,0,0,Y,1153.952844,1110.814419,1089.033744,1036.582662,ROB
,FG0373,,0,32,,0,0,Y,1153.952844,1110.814419,1089.033744,1036.582662,Bihar
,FG0373,,0,32,,0,0,Y,1153.952844,1110.814419,1089.033744,1036.582662,Jharkhand
,FG0373,,0,32,,0,0,Y,1153.952844,1110.814419,1089.033744,1036.582662,ODISHA
,FG0373,,0,32,,0,0,Y,1153.952844,1110.814419,1089.033744,1036.582662,
,FG0372,,0,36,,0,0,Y,2097.09,2037.74,1997.78,1901.56,KOLKATA
,FG0372,,0,36,,0,0,Y,2097.09,2037.74,1997.78,1901.56,ROB
,FG0372,,0,36,,0,0,Y,2097.09,2037.74,1997.78,1901.56,Bihar
,FG0372,,0,36,,0,0,Y,2097.09,2037.74,1997.78,1901.56,Jharkhand
,FG0372,,0,36,,0,0,Y,2097.09,2037.74,1997.78,1901.56,ODISHA
,FG0372,,0,36,,0,0,Y,2097.09,2037.74,1997.78,1901.56,
,FG0372,,0,36,,0,0,Y,2097.09,2037.74,1997.78,1901.56,West Bengal
,FG0371,,0,36,,0,0,Y,2097.09,2037.74,1997.78,1901.56,KOLKATA
,FG0371,,0,36,,0,0,Y,2097.09,2037.74,1997.78,1901.56,ROB
,FG0371,,0,36,,0,0,Y,2097.09,2037.74,1997.78,1901.56,Bihar
,FG0371,,0,36,,0,0,Y,2097.09,2037.74,1997.78,1901.56,Jharkhand
,FG0371,,0,36,,0,0,Y,2097.09,2037.74,1997.78,1901.56,ODISHA
,FG0371,,0,36,,0,0,Y,2097.09,2037.74,1997.78,1901.56,
,FG0371,,0,36,,0,0,Y,2097.09,2037.74,1997.78,1901.56,West Bengal
,FG0370,,0,156.4,,0,0,Y,1518.45,1475.47,1446.54,1376.87,KOLKATA
,FG0370,,0,156.4,,0,0,Y,1518.45,1475.47,1446.54,1376.87,ROB
,FG0370,,0,156.4,,0,0,Y,1518.45,1475.47,1446.54,1376.87,Bihar
,FG0370,,0,156.4,,0,0,Y,1518.45,1475.47,1446.54,1376.87,Jharkhand
,FG0370,,0,156.4,,0,0,Y,1518.45,1475.47,1446.54,1376.87,ODISHA
,FG0370,,0,156.4,,0,0,Y,1518.45,1475.47,1446.54,1376.87,
,FG0370,,0,147.2,,0,0,Y,1429.13,1388.68,1361.45,1295.88,West Bengal
,FG0369,,0,156.4,,0,0,Y,1518.45,1475.47,1446.54,1376.87,KOLKATA
,FG0369,,0,156.4,,0,0,Y,1518.45,1475.47,1446.54,1376.87,ROB
,FG0369,,0,156.4,,0,0,Y,1518.45,1475.47,1446.54,1376.87,Bihar
,FG0369,,0,156.4,,0,0,Y,1518.45,1475.47,1446.54,1376.87,Jharkhand
,FG0369,,0,156.4,,0,0,Y,1518.45,1475.47,1446.54,1376.87,ODISHA
,FG0369,,0,156.4,,0,0,Y,1518.45,1475.47,1446.54,1376.87,
,FG0369,,0,147.2,,0,0,Y,1429.13,1388.68,1361.45,1295.88,West Bengal
,FG0385,,0,0,,0,0,Y,0,0,0,0,KOLKATA
,FG0385,,0,0,,0,0,Y,0,0,0,0,ROB
,FG0385,,0,0,,0,0,Y,0,0,0,0,Bihar
,FG0385,,0,0,,0,0,Y,0,0,0,0,Jharkhand
,FG0385,,0,0,,0,0,Y,0,0,0,0,ODISHA
,FG0385,,0,0,,0,0,Y,0,0,0,0,
,FG0385,,0,7,,0,0,Y,1359.22,1308.41,1282.76,1220.97,West Bengal
,FG0383,,0,0,,0,0,Y,0,0,0,0,KOLKATA
,FG0383,,0,0,,0,0,Y,0,0,0,0,ROB
,FG0383,,0,0,,0,0,Y,0,0,0,0,Bihar
,FG0383,,0,0,,0,0,Y,0,0,0,0,Jharkhand
,FG0383,,0,0,,0,0,Y,0,0,0,0,ODISHA
,FG0383,,0,0,,0,0,Y,0,0,0,0,
,FG0383,,0,8,,0,0,Y,1553.4,1495.33,1466.01,1395.4,West Bengal
,FG0382,,0,114.5454545,,0,0,Y,2111.09,2032.17,1992.32,1896.37,KOLKATA
,FG0382,,0,114.55,,0,0,Y,2111.089503,2032.170269,1992.323794,1896.367593,ROB
,FG0382,,0,114.55,,0,0,Y,2111.089503,2032.170269,1992.323794,1896.367593,Bihar
,FG0382,,0,114.55,,0,0,Y,2111.089503,2032.170269,1992.323794,1896.367593,Jharkhand
,FG0382,,0,114.55,,0,0,Y,2111.089503,2032.170269,1992.323794,1896.367593,ODISHA
,FG0382,,0,114.55,,0,0,Y,2111.089503,2032.170269,1992.323794,1896.367593,
,FG0381,,0,114.5454545,,0,0,Y,2111.09,2032.17,1992.32,1896.37,KOLKATA
,FG0381,,0,114.55,,0,0,Y,2111.089503,2032.170269,1992.323794,1896.367593,ROB
,FG0381,,0,114.55,,0,0,Y,2111.089503,2032.170269,1992.323794,1896.367593,Bihar
,FG0381,,0,114.55,,0,0,Y,2111.089503,2032.170269,1992.323794,1896.367593,Jharkhand
,FG0381,,0,114.55,,0,0,Y,2111.089503,2032.170269,1992.323794,1896.367593,ODISHA
,FG0381,,0,114.55,,0,0,Y,2111.089503,2032.170269,1992.323794,1896.367593,
,FG0367,,0,161.9047619,,0,0,Y,1571.890892,1527.403414,1497.45,0,KOLKATA
,FG0367,,0,161.9047619,,0,0,Y,1571.890892,1527.403414,1497.45,0,ROB
,FG0367,,0,148.4716157,,0,0,Y,1441.471997,1400.67562,1373.211392,1307.073474,Bihar
,FG0367,,0,148.4716157,,0,0,Y,1441.471997,1400.67562,1373.211392,1307.073474,
,FG0368,,0,80.95238095,,0,0,Y,1571.890892,1527.403414,1497.45,0,KOLKATA
,FG0368,,0,80.95238095,,0,0,Y,1571.890892,1527.403414,1497.45,0,ROB
,FG0368,,0,74.23580786,,0,0,Y,1441.471997,1400.67562,1373.211392,1307.073474,Bihar
,FG0368,,0,74.23580786,,0,0,Y,1441.471997,1400.67562,1373.211392,1307.073474,
,FG0366,,0,3.666666667,,0,0,Y,1220.527046,1174.899866,1151.86,0,KOLKATA
,FG0366,,0,3.666666667,,0,0,Y,1220.527046,1174.899866,1151.86,0,ROB
,FG0365,,0,7.8,,0,0,Y,1298.196949,1249.666222,1225.16,0,KOLKATA
,FG0365,,0,7.8,,0,0,Y,1298.196949,1249.666222,1225.16,0,ROB
,FG0359,,0,41.25,,0,0,Y,1907.073509,1835.781041,1799.79,0,KOLKATA
,FG0359,,0,41.25,,0,0,Y,1907.073509,1835.781041,1799.79,0,ROB
,FG0359,,0,44.19213974,,0,0,Y,1865.434349,1795.698486,1760.488712,1642.841543,Bihar
,FG0359,,0,44.19213974,,0,0,Y,1865.434349,1795.698486,1760.488712,1642.841543,
,FG0358,,0,35.2,,0,0,Y,1627.369394,1566.533155,1535.82,0,KOLKATA
,FG0358,,0,35.2,,0,0,Y,1627.369394,1566.533155,1535.82,0,ROB
,FG0358,,0,35.35371179,,0,0,Y,1492.34748,1436.558789,1408.390969,1314.273234,Bihar
,FG0358,,0,35.35371179,,0,0,Y,1492.34748,1436.558789,1408.390969,1314.273234,
,FG0360,,0,114.5454545,,0,0,Y,2111.09,2032.17,1992.32,1896.37,KOLKATA
,FG0360,,0,114.55,,0,0,Y,2111.089503,2032.170269,1992.323794,1896.367593,ROB
,FG0360,,0,114.55,,0,0,Y,2111.089503,2032.170269,1992.323794,1896.367593,Bihar
,FG0360,,0,114.55,,0,0,Y,2111.089503,2032.170269,1992.323794,1896.367593,Jharkhand
,FG0360,,0,114.55,,0,0,Y,2111.089503,2032.170269,1992.323794,1896.367593,ODISHA
,FG0360,,0,114.55,,0,0,Y,2111.089503,2032.170269,1992.323794,1896.367593,
,FG0356,,0,80.95238095,,0,0,Y,1571.890892,1527.403414,1497.45,0,KOLKATA
,FG0356,,0,80.95238095,,0,0,Y,1571.890892,1527.403414,1497.45,0,ROB
,FG0356,,0,74.23580786,,0,0,Y,1441.471997,1400.67562,1373.211392,1307.073474,Bihar
,FG0356,,0,74.23580786,,0,0,Y,1441.471997,1400.67562,1373.211392,1307.073474,
,FG0389,,0,8,,0,0,Y,1553.4,1495.33,1466.01,1395.4,KOLKATA
,FG0389,,0,8,,0,0,Y,1553.4,1495.33,1466.01,1395.4,ROB
,FG0389,,0,8,,0,0,Y,1553.4,1495.33,1466.01,1395.4,Bihar
,FG0389,,0,8,,0,0,Y,1553.4,1495.33,1466.01,1395.4,Jharkhand
,FG0389,,0,8,,0,0,Y,1553.4,1495.33,1466.01,1395.4,ODISHA
,FG0389,,0,8,,0,0,Y,1553.4,1495.33,1466.01,1395.4,
,FG0389,,0,7.7,,0,0,Y,1495.15,1439.25,1411.03,1343.07,West Bengal
,FG0390,,0,156.4,,0,0,Y,1518.45,1475.47,1446.54,1376.87,KOLKATA
,FG0390,,0,156.4,,0,0,Y,1518.45,1475.47,1446.54,1376.87,ROB
,FG0390,,0,156.4,,0,0,Y,1518.45,1475.47,1446.54,1376.87,Bihar
,FG0390,,0,156.4,,0,0,Y,1518.45,1475.47,1446.54,1376.87,Jharkhand
,FG0390,,0,156.4,,0,0,Y,1518.45,1475.47,1446.54,1376.87,ODISHA
,FG0390,,0,156.4,,0,0,Y,1518.45,1475.47,1446.54,1376.87,
,FG0390,,0,147.2,,0,0,Y,1429.13,1388.68,1361.45,1295.88,West Bengal
,FG0391,,0,156.4,,0,0,Y,1518.45,1475.47,1446.54,1376.87,KOLKATA
,FG0391,,0,156.4,,0,0,Y,1518.45,1475.47,1446.54,1376.87,ROB
,FG0391,,0,156.4,,0,0,Y,1518.45,1475.47,1446.54,1376.87,Bihar
,FG0391,,0,156.4,,0,0,Y,1518.45,1475.47,1446.54,1376.87,Jharkhand
,FG0391,,0,156.4,,0,0,Y,1518.45,1475.47,1446.54,1376.87,ODISHA
,FG0391,,0,156.4,,0,0,Y,1518.45,1475.47,1446.54,1376.87,
,FG0391,,0,166.4,,0,0,Y,1615.53,1569.81,1539.03,1464.91,West Bengal
,FG0392,,0,156.4,,0,0,Y,1518.45,1475.47,1446.54,1376.87,KOLKATA
,FG0392,,0,156.4,,0,0,Y,1518.45,1475.47,1446.54,1376.87,ROB
,FG0392,,0,156.4,,0,0,Y,1518.45,1475.47,1446.54,1376.87,Bihar
,FG0392,,0,156.4,,0,0,Y,1518.45,1475.47,1446.54,1376.87,Jharkhand
,FG0392,,0,156.4,,0,0,Y,1518.45,1475.47,1446.54,1376.87,ODISHA
,FG0392,,0,156.4,,0,0,Y,1518.45,1475.47,1446.54,1376.87,
,FG0392,,0,147.2,,0,0,Y,1429.13,1388.68,1361.45,1295.88,West Bengal
,FG0393,,0,156.4,,0,0,Y,1518.45,1475.47,1446.54,1376.87,KOLKATA
,FG0393,,0,156.4,,0,0,Y,1518.45,1475.47,1446.54,1376.87,ROB
,FG0393,,0,156.4,,0,0,Y,1518.45,1475.47,1446.54,1376.87,Bihar
,FG0393,,0,156.4,,0,0,Y,1518.45,1475.47,1446.54,1376.87,Jharkhand
,FG0393,,0,156.4,,0,0,Y,1518.45,1475.47,1446.54,1376.87,ODISHA
,FG0393,,0,156.4,,0,0,Y,1518.45,1475.47,1446.54,1376.87,
,FG0393,,0,147.2,,0,0,Y,1429.13,1388.68,1361.45,1295.88,West Bengal
,FG0394,,0,62.4,,0,0,Y,1514.56,1471.7,1442.84,1373.35,KOLKATA
,FG0394,,0,62.4,,0,0,Y,1514.56,1471.7,1442.84,1373.35,ROB
,FG0394,,0,62.4,,0,0,Y,1514.56,1471.7,1442.84,1373.35,Bihar
,FG0394,,0,62.4,,0,0,Y,1514.56,1471.7,1442.84,1373.35,Jharkhand
,FG0394,,0,62.4,,0,0,Y,1514.56,1471.7,1442.84,1373.35,ODISHA
,FG0394,,0,62.4,,0,0,Y,1514.56,1471.7,1442.84,1373.35,
,FG0394,,0,60,,0,0,Y,1456.31,1415.09,1387.35,1320.53,West Bengal
,FG0395,,0,36,,0,0,Y,1747.57,1698.11,1664.82,1584.63,KOLKATA
,FG0395,,0,36,,0,0,Y,1747.57,1698.11,1664.82,1584.63,ROB
,FG0395,,0,36,,0,0,Y,1747.57,1698.11,1664.82,1584.63,Bihar
,FG0395,,0,36,,0,0,Y,1747.57,1698.11,1664.82,1584.63,Jharkhand
,FG0395,,0,36,,0,0,Y,1747.57,1698.11,1664.82,1584.63,ODISHA
,FG0395,,0,36,,0,0,Y,1747.57,1698.11,1664.82,1584.63,
,FG0395,,0,36,,0,0,Y,1747.57,1698.11,1664.82,1584.63,West Bengal
,FG0396,,0,40,,0,0,Y,1941.75,1886.79,1849.8,1760.7,KOLKATA
,FG0396,,0,40,,0,0,Y,1941.75,1886.79,1849.8,1760.7,ROB
,FG0396,,0,40,,0,0,Y,1941.75,1886.79,1849.8,1760.7,Bihar
,FG0396,,0,40,,0,0,Y,1941.75,1886.79,1849.8,1760.7,Jharkhand
,FG0396,,0,40,,0,0,Y,1941.75,1886.79,1849.8,1760.7,ODISHA
,FG0396,,0,40,,0,0,Y,1941.75,1886.79,1849.8,1760.7,
,FG0396,,0,36,,0,0,Y,1747.57,1698.11,1664.82,1584.63,West Bengal
,FG0397,,0,32,,0,0,Y,1615.533981,1555.140187,1524.647242,1451.215726,KOLKATA
,FG0397,,0,32,,0,0,Y,1615.533981,1555.140187,1524.647242,1451.215726,ROB
,FG0397,,0,0,,0,0,Y,0,0,0,0,Bihar
,FG0397,,0,0,,0,0,Y,0,0,0,0,Jharkhand
,FG0397,,0,0,,0,0,Y,0,0,0,0,ODISHA
,FG0397,,0,0,,0,0,Y,0,0,0,0,
,FG0398,,0,72,,0,0,Y,2097.09,2037.74,1997.78,1901.56,KOLKATA
,FG0398,,0,72,,0,0,Y,2097.09,2037.74,1997.78,1901.56,ROB
,FG0398,,0,72,,0,0,Y,2097.09,2037.74,1997.78,1901.56,Bihar
,FG0398,,0,72,,0,0,Y,2097.09,2037.74,1997.78,1901.56,Jharkhand
,FG0398,,0,72,,0,0,Y,2097.09,2037.74,1997.78,1901.56,ODISHA
,FG0398,,0,72,,0,0,Y,2097.09,2037.74,1997.78,1901.56,
,FG0398,,0,72,,0,0,Y,2097.09,2037.74,1997.78,1901.56,West Bengal
,FG0399,,0,15,,0,0,Y,582.52,566.04,554.94,528.21,KOLKATA
,FG0399,,0,15,,0,0,Y,582.52,566.04,554.94,528.21,ROB
,FG0399,,0,15,,0,0,Y,582.52,566.04,554.94,528.21,Bihar
,FG0399,,0,15,,0,0,Y,582.52,566.04,554.94,528.21,Jharkhand
,FG0399,,0,15,,0,0,Y,582.52,566.04,554.94,528.21,ODISHA
,FG0399,,0,15,,0,0,Y,582.52,566.04,554.94,528.21,
,FG0399,,0,8.75,,0,0,Y,339.81,330.19,323.71,308.12,West Bengal
,FG0400,,0,20,,0,0,Y,485.44,471.7,462.45,440.18,KOLKATA
,FG0400,,0,20,,0,0,Y,485.44,471.7,462.45,440.18,ROB
,FG0400,,0,20,,0,0,Y,485.44,471.7,462.45,440.18,Bihar
,FG0400,,0,20,,0,0,Y,485.44,471.7,462.45,440.18,Jharkhand
,FG0400,,0,20,,0,0,Y,485.44,471.7,462.45,440.18,ODISHA
,FG0400,,0,20,,0,0,Y,485.44,471.7,462.45,440.18,
,FG0400,,0,18,,0,0,Y,436.89,424.53,416.2,396.16,West Bengal
,FG0401,,0,15,,0,0,Y,582.52,566.04,554.94,528.21,KOLKATA
,FG0401,,0,15,,0,0,Y,582.52,566.04,554.94,528.21,ROB
,FG0401,,0,15,,0,0,Y,582.52,566.04,554.94,528.21,Bihar
,FG0401,,0,15,,0,0,Y,582.52,566.04,554.94,528.21,Jharkhand
,FG0401,,0,15,,0,0,Y,582.52,566.04,554.94,528.21,ODISHA
,FG0401,,0,15,,0,0,Y,582.52,566.04,554.94,528.21,
,FG0401,,0,8.75,,0,0,Y,339.81,330.19,323.71,308.12,West Bengal
,FG0402,,0,20,,0,0,Y,485.44,471.7,462.45,440.18,KOLKATA
,FG0402,,0,20,,0,0,Y,485.44,471.7,462.45,440.18,ROB
,FG0402,,0,20,,0,0,Y,485.44,471.7,462.45,440.18,Bihar
,FG0402,,0,20,,0,0,Y,485.44,471.7,462.45,440.18,Jharkhand
,FG0402,,0,20,,0,0,Y,485.44,471.7,462.45,440.18,ODISHA
,FG0402,,0,20,,0,0,Y,485.44,471.7,462.45,440.18,
,FG0402,,0,18,,0,0,Y,436.89,424.53,416.2,396.16,West Bengal
,FG0403,,0,3.5,,0,0,Y,1223.300971,1177.570093,1154.480484,1098.877293,KOLKATA
,FG0403,,0,3.5,,0,0,Y,1223.300971,1177.570093,1154.480484,1098.877293,ROB
,FG0403,,0,3.75,,0,0,Y,1310.679612,1261.682243,1236.943375,1177.368528,Bihar
,FG0403,,0,3.75,,0,0,Y,1310.679612,1261.682243,1236.943375,1177.368528,Jharkhand
,FG0403,,0,3.75,,0,0,Y,1310.679612,1261.682243,1236.943375,1177.368528,ODISHA
,FG0403,,0,3.75,,0,0,Y,1310.679612,1261.682243,1236.943375,1177.368528,
,FG0404,,0,0,,0,0,Y,0,0,0,0,KOLKATA
,FG0404,,0,0,,0,0,Y,0,0,0,0,ROB
,FG0404,,0,0,,0,0,Y,0,0,0,0,Bihar
,FG0404,,0,0,,0,0,Y,0,0,0,0,Jharkhand
,FG0404,,0,0,,0,0,Y,0,0,0,0,ODISHA
,FG0404,,0,0,,0,0,Y,0,0,0,0,
,FG0404,,0,3.75,,0,0,Y,1310.68,1261.68,1236.94,1177.37,West Bengal
,FG0405,,0,0,,0,0,Y,0,0,0,0,KOLKATA
,FG0405,,0,0,,0,0,Y,0,0,0,0,ROB
,FG0405,,0,0,,0,0,Y,0,0,0,0,Bihar
,FG0405,,0,0,,0,0,Y,0,0,0,0,Jharkhand
,FG0405,,0,0,,0,0,Y,0,0,0,0,ODISHA
,FG0405,,0,0,,0,0,Y,0,0,0,0,
,FG0405,,0,3.75,,0,0,Y,1310.68,1261.68,1236.94,1177.37,West Bengal
,FG0406,,0,0,,0,0,Y,0,0,0,0,KOLKATA
,FG0406,,0,0,,0,0,Y,0,0,0,0,ROB
,FG0406,,0,0,,0,0,Y,0,0,0,0,Bihar
,FG0406,,0,0,,0,0,Y,0,0,0,0,Jharkhand
,FG0406,,0,0,,0,0,Y,0,0,0,0,ODISHA
,FG0406,,0,0,,0,0,Y,0,0,0,0,
,FG0406,,0,3.75,,0,0,Y,1310.68,1261.68,1236.94,1177.37,West Bengal
,FG0407,,0,0,,0,0,Y,0,0,0,0,KOLKATA
,FG0407,,0,0,,0,0,Y,0,0,0,0,ROB
,FG0407,,0,0,,0,0,Y,0,0,0,0,Bihar
,FG0407,,0,0,,0,0,Y,0,0,0,0,Jharkhand
,FG0407,,0,0,,0,0,Y,0,0,0,0,ODISHA
,FG0407,,0,0,,0,0,Y,0,0,0,0,
,FG0407,,0,3.5,,0,0,Y,1223.3,1177.57,1154.48,1098.88,West Bengal
,FG0408,,0,0,,0,0,Y,0,0,0,0,KOLKATA
,FG0408,,0,0,,0,0,Y,0,0,0,0,ROB
,FG0408,,0,0,,0,0,Y,0,0,0,0,Bihar
,FG0408,,0,0,,0,0,Y,0,0,0,0,Jharkhand
,FG0408,,0,0,,0,0,Y,0,0,0,0,ODISHA
,FG0408,,0,0,,0,0,Y,0,0,0,0,
,FG0408,,0,3.5,,0,0,Y,1223.3,1177.57,1154.48,1098.88,West Bengal
,FG0409,,0,0,,0,0,Y,0,0,0,0,KOLKATA
,FG0409,,0,0,,0,0,Y,0,0,0,0,ROB
,FG0409,,0,0,,0,0,Y,0,0,0,0,Bihar
,FG0409,,0,0,,0,0,Y,0,0,0,0,Jharkhand
,FG0409,,0,0,,0,0,Y,0,0,0,0,ODISHA
,FG0409,,0,0,,0,0,Y,0,0,0,0,
,FG0409,,0,3.5,,0,0,Y,1223.3,1177.57,1154.48,1098.88,West Bengal
,FG0410,,0,0,,0,0,Y,0,0,0,0,KOLKATA
,FG0410,,0,0,,0,0,Y,0,0,0,0,ROB
,FG0410,,0,0,,0,0,Y,0,0,0,0,Bihar
,FG0410,,0,0,,0,0,Y,0,0,0,0,Jharkhand
,FG0410,,0,0,,0,0,Y,0,0,0,0,ODISHA
,FG0410,,0,0,,0,0,Y,0,0,0,0,
,FG0411,,0,0,,0,0,Y,0,0,0,0,KOLKATA
,FG0411,,0,0,,0,0,Y,0,0,0,0,ROB
,FG0411,,0,0,,0,0,Y,0,0,0,0,Bihar
,FG0411,,0,0,,0,0,Y,0,0,0,0,Jharkhand
,FG0411,,0,0,,0,0,Y,0,0,0,0,ODISHA
,FG0411,,0,0,,0,0,Y,0,0,0,0,
,FG0412,,0,0,,0,0,Y,0,0,0,0,KOLKATA
,FG0412,,0,0,,0,0,Y,0,0,0,0,ROB
,FG0412,,0,0,,0,0,Y,0,0,0,0,Bihar
,FG0412,,0,0,,0,0,Y,0,0,0,0,Jharkhand
,FG0412,,0,0,,0,0,Y,0,0,0,0,ODISHA
,FG0412,,0,0,,0,0,Y,0,0,0,0,
,FG0413,,0,0,,0,0,Y,0,0,0,0,KOLKATA
,FG0413,,0,0,,0,0,Y,0,0,0,0,ROB
,FG0413,,0,0,,0,0,Y,0,0,0,0,Bihar
,FG0413,,0,0,,0,0,Y,0,0,0,0,Jharkhand
,FG0413,,0,0,,0,0,Y,0,0,0,0,ODISHA
,FG0413,,0,0,,0,0,Y,0,0,0,0,
,FG0414,,0,0,,0,0,Y,0,0,0,0,KOLKATA
,FG0414,,0,0,,0,0,Y,0,0,0,0,ROB
,FG0414,,0,0,,0,0,Y,0,0,0,0,Bihar
,FG0414,,0,0,,0,0,Y,0,0,0,0,Jharkhand
,FG0414,,0,0,,0,0,Y,0,0,0,0,ODISHA
,FG0414,,0,0,,0,0,Y,0,0,0,0,
,FG0414,,0,8,,0,0,Y,1553.4,1495.33,1466.01,1395.4,West Bengal
,FG0415,,0,0,,0,0,Y,0,0,0,0,KOLKATA
,FG0415,,0,0,,0,0,Y,0,0,0,0,ROB
,FG0415,,0,0,,0,0,Y,0,0,0,0,Bihar
,FG0415,,0,0,,0,0,Y,0,0,0,0,Jharkhand
,FG0415,,0,0,,0,0,Y,0,0,0,0,ODISHA
,FG0415,,0,0,,0,0,Y,0,0,0,0,
,FG0415,,0,8,,0,0,Y,1553.4,1495.33,1466.01,1395.4,West Bengal
,FG0416,,0,0,,0,0,Y,0,0,0,0,KOLKATA
,FG0416,,0,0,,0,0,Y,0,0,0,0,ROB
,FG0416,,0,0,,0,0,Y,0,0,0,0,Bihar
,FG0416,,0,0,,0,0,Y,0,0,0,0,Jharkhand
,FG0416,,0,0,,0,0,Y,0,0,0,0,ODISHA
,FG0416,,0,0,,0,0,Y,0,0,0,0,
,FG0416,,0,8,,0,0,Y,1553.4,1495.33,1466.01,1395.4,West Bengal
,FG0417,,0,0,,0,0,Y,0,0,0,0,KOLKATA
,FG0417,,0,0,,0,0,Y,0,0,0,0,ROB
,FG0417,,0,0,,0,0,Y,0,0,0,0,Bihar
,FG0417,,0,0,,0,0,Y,0,0,0,0,Jharkhand
,FG0417,,0,0,,0,0,Y,0,0,0,0,ODISHA
,FG0417,,0,0,,0,0,Y,0,0,0,0,
,FG0417,,0,7.7,,0,0,Y,1495.15,1439.25,1411.03,1343.07,West Bengal
,FG0418,,0,0,,0,0,Y,0,0,0,0,KOLKATA
,FG0418,,0,0,,0,0,Y,0,0,0,0,ROB
,FG0418,,0,0,,0,0,Y,0,0,0,0,Bihar
,FG0418,,0,0,,0,0,Y,0,0,0,0,Jharkhand
,FG0418,,0,0,,0,0,Y,0,0,0,0,ODISHA
,FG0418,,0,0,,0,0,Y,0,0,0,0,
,FG0418,,0,7.7,,0,0,Y,1495.15,1439.25,1411.03,1343.07,West Bengal
,FG0419,,0,40,,0,0,Y,1941.75,1886.79,1849.8,1760.7,KOLKATA
,FG0419,,0,40,,0,0,Y,1941.75,1886.79,1849.8,1760.7,ROB
,FG0419,,0,40,,0,0,Y,1941.75,1886.79,1849.8,1760.7,Bihar
,FG0419,,0,40,,0,0,Y,1941.75,1886.79,1849.8,1760.7,Jharkhand
,FG0419,,0,40,,0,0,Y,1941.75,1886.79,1849.8,1760.7,ODISHA
,FG0419,,0,40,,0,0,Y,1941.75,1886.79,1849.8,1760.7,
,FG0419,,0,40,,0,0,Y,1941.75,1886.79,1849.8,1760.7,West Bengal
,FG0420,,0,3.75,,0,0,Y,1310.68,1261.68,1236.94,1177.37,KOLKATA
,FG0420,,0,3.75,,0,0,Y,1310.68,1261.68,1236.94,1177.37,ROB
,FG0420,,0,3.75,,0,0,Y,1310.68,1261.68,1236.94,1177.37,Bihar
,FG0420,,0,3.75,,0,0,Y,1310.68,1261.68,1236.94,1177.37,Jharkhand
,FG0420,,0,3.75,,0,0,Y,1310.68,1261.68,1236.94,1177.37,ODISHA
,FG0420,,0,3.75,,0,0,Y,1310.68,1261.68,1236.94,1177.37,
,FG0420,,0,3.5,,0,0,Y,1223.3,1177.57,1154.48,1098.88,West Bengal
,FG0421,,0,64,,0,0,Y,3106.8,3018.87,2959.67,2817.13,KOLKATA
,FG0421,,0,64,,0,0,Y,3106.8,3018.87,2959.67,2817.13,ROB
,FG0421,,0,64,,0,0,Y,3106.8,3018.87,2959.67,2817.13,Bihar
,FG0421,,0,64,,0,0,Y,3106.8,3018.87,2959.67,2817.13,Jharkhand
,FG0421,,0,64,,0,0,Y,3106.8,3018.87,2959.67,2817.13,ODISHA
,FG0421,,0,64,,0,0,Y,3106.8,3018.87,2959.67,2817.13,
,FG0421,,0,64,,0,0,Y,3106.8,3018.87,2959.67,2817.13,West Bengal
,FG0422,,0,38.35,,0,0,Y,744.66,723.58,709.4,675.23,KOLKATA
,FG0422,,0,38.35,,0,0,Y,744.66,723.58,709.4,675.23,ROB
,FG0422,,0,38.35,,0,0,Y,744.66,723.58,709.4,675.23,Bihar
,FG0422,,0,38.35,,0,0,Y,744.66,723.58,709.4,675.23,Jharkhand
,FG0422,,0,38.35,,0,0,Y,744.66,723.58,709.4,675.23,ODISHA
,FG0422,,0,38.35,,0,0,Y,744.66,723.58,709.4,675.23,
,FG0422,,0,34.45,,0,0,Y,668.93,650,637.25,606.56,West Bengal
,FG0423,,0,175.5,,0,0,Y,681.5533981,656.0747664,643.2105553,612.2316345,KOLKATA
,FG0423,,0,175.5,,0,0,Y,681.5533981,656.0747664,643.2105553,612.2316345,ROB
,FG0423,,0,0,,0,0,Y,0,0,0,0,Bihar
,FG0423,,0,0,,0,0,Y,0,0,0,0,Jharkhand
,FG0423,,0,0,,0,0,Y,0,0,0,0,ODISHA
,FG0423,,0,0,,0,0,Y,0,0,0,0,
,FG0424,,0,0,,0,0,Y,0,0,0,0,KOLKATA
,FG0424,,0,0,,0,0,Y,0,0,0,0,ROB
,FG0424,,0,0,,0,0,Y,0,0,0,0,Bihar
,FG0424,,0,0,,0,0,Y,0,0,0,0,Jharkhand
,FG0424,,0,0,,0,0,Y,0,0,0,0,ODISHA
,FG0424,,0,0,,0,0,Y,0,0,0,0,
,FG0424,,0,392,,0,0,Y,3805.83,3698.11,3625.6,3450.98,West Bengal
,FG0425,,0,0,,0,0,Y,0,0,0,0,KOLKATA
,FG0425,,0,0,,0,0,Y,0,0,0,0,ROB
,FG0425,,0,0,,0,0,Y,0,0,0,0,Bihar
,FG0425,,0,0,,0,0,Y,0,0,0,0,Jharkhand
,FG0425,,0,0,,0,0,Y,0,0,0,0,ODISHA
,FG0425,,0,0,,0,0,Y,0,0,0,0,
,FG0425,,0,200,,0,0,Y,1941.75,1886.79,1849.8,1760.7,West Bengal
,FG0426,,0,263.22,,0,0,Y,255.55,246,241.18,229.56,KOLKATA
,FG0426,,0,263.22,,0,0,Y,255.55,246,241.18,229.56,ROB
,FG0426,,0,263.22,,0,0,Y,255.55,246,241.18,229.56,Bihar
,FG0426,,0,263.22,,0,0,Y,255.55,246,241.18,229.56,Jharkhand
,FG0426,,0,263.22,,0,0,Y,255.55,246,241.18,229.56,ODISHA
,FG0426,,0,263.22,,0,0,Y,255.55,246,241.18,229.56,
,FG0427,,0,205.82,,0,0,Y,199.83,192.36,188.58,179.5,KOLKATA
,FG0427,,0,205.82,,0,0,Y,199.83,192.36,188.58,179.5,ROB
,FG0427,,0,205.82,,0,0,Y,199.83,192.36,188.58,179.5,Bihar
,FG0427,,0,205.82,,0,0,Y,199.83,192.36,188.58,179.5,Jharkhand
,FG0427,,0,205.82,,0,0,Y,199.83,192.36,188.58,179.5,ODISHA
,FG0427,,0,205.82,,0,0,Y,199.83,192.36,188.58,179.5,
,FG0428,,0,189.42,,0,0,Y,183.9,177.03,173.56,165.2,KOLKATA
,FG0428,,0,189.42,,0,0,Y,183.9,177.03,173.56,165.2,ROB
,FG0428,,0,189.42,,0,0,Y,183.9,177.03,173.56,165.2,Bihar
,FG0428,,0,189.42,,0,0,Y,183.9,177.03,173.56,165.2,Jharkhand
,FG0428,,0,189.42,,0,0,Y,183.9,177.03,173.56,165.2,ODISHA
,FG0428,,0,189.42,,0,0,Y,183.9,177.03,173.56,165.2,
,FG0429,,0,189.42,,0,0,Y,183.9,177.03,173.56,165.2,KOLKATA
,FG0429,,0,189.42,,0,0,Y,183.9,177.03,173.56,165.2,ROB
,FG0429,,0,189.42,,0,0,Y,183.9,177.03,173.56,165.2,Bihar
,FG0429,,0,189.42,,0,0,Y,183.9,177.03,173.56,165.2,Jharkhand
,FG0429,,0,189.42,,0,0,Y,183.9,177.03,173.56,165.2,ODISHA
,FG0429,,0,189.42,,0,0,Y,183.9,177.03,173.56,165.2,
,FG0430,,0,189.42,,0,0,Y,183.9,177.03,173.56,165.2,KOLKATA
,FG0430,,0,189.42,,0,0,Y,183.9,177.03,173.56,165.2,ROB
,FG0430,,0,189.42,,0,0,Y,183.9,177.03,173.56,165.2,Bihar
,FG0430,,0,189.42,,0,0,Y,183.9,177.03,173.56,165.2,Jharkhand
,FG0430,,0,189.42,,0,0,Y,183.9,177.03,173.56,165.2,ODISHA
,FG0430,,0,189.42,,0,0,Y,183.9,177.03,173.56,165.2,
,FG0431,,0,32,,0,0,Y,1242.72,1207.55,1183.87,1126.85,KOLKATA
,FG0431,,0,32,,0,0,Y,1242.72,1207.55,1183.87,1126.85,ROB
,FG0431,,0,32,,0,0,Y,1242.72,1207.55,1183.87,1126.85,Bihar
,FG0431,,0,32,,0,0,Y,1242.72,1207.55,1183.87,1126.85,Jharkhand
,FG0431,,0,32,,0,0,Y,1242.72,1207.55,1183.87,1126.85,ODISHA
,FG0431,,0,32,,0,0,Y,1242.72,1207.55,1183.87,1126.85,
,FG0431,,0,32,,0,0,Y,1242.72,1207.55,1183.87,1126.85,West Bengal
,FG0490,,0,3.75,,0,0,Y,1310.68,1261.68,1236.94,1177.37,
,FG0490,,0,3.75,,0,0,Y,1310.68,1261.68,1236.94,1177.37,Bihar
,FG0490,,0,3.75,,0,0,Y,1310.68,1261.68,1236.94,1177.37,Jharkhand
,FG0490,,0,3.75,,0,0,Y,1310.68,1261.68,1236.94,1177.37,KOLKATA
,FG0490,,0,3.75,,0,0,Y,1310.68,1261.68,1236.94,1177.37,ODISHA
,FG0490,,0,3.75,,0,0,Y,1310.68,1261.68,1236.94,1177.37,ROB
,FG0490,,0,3.5,,0,0,Y,1223.3,1177.57,1154.48,1098.88,West Bengal
,FG0491,,0,8,,0,0,Y,1553.4,1495.33,1466.01,1395.4,
,FG0491,,0,8,,0,0,Y,1553.4,1495.33,1466.01,1395.4,Bihar
,FG0491,,0,8,,0,0,Y,1553.4,1495.33,1466.01,1395.4,Jharkhand
,FG0491,,0,8,,0,0,Y,1553.4,1495.33,1466.01,1395.4,KOLKATA
,FG0491,,0,8,,0,0,Y,1553.4,1495.33,1466.01,1395.4,ODISHA
,FG0491,,0,8,,0,0,Y,1553.4,1495.33,1466.01,1395.4,ROB
,FG0491,,0,7.7,,0,0,Y,1495.15,1439.25,1411.03,1343.07,West Bengal
,FG0432,,0,84,,0,0,Y,1631.07,1584.91,1553.83,1478.99,KOLKATA
,FG0432,,0,84,,0,0,Y,1631.07,1584.91,1553.83,1478.99,ROB
,FG0432,,0,84,,0,0,Y,1631.07,1584.91,1553.83,1478.99,Bihar
,FG0432,,0,84,,0,0,Y,1631.07,1584.91,1553.83,1478.99,Jharkhand
,FG0432,,0,84,,0,0,Y,1631.07,1584.91,1553.83,1478.99,ODISHA
,FG0432,,0,84,,0,0,Y,1631.07,1584.91,1553.83,1478.99,
,FG0432,,0,84,,0,0,Y,1631.07,1584.91,1553.83,1478.99,West Bengal
,FG0433,,0,0,,0,0,Y,0,0,0,0,KOLKATA
,FG0433,,0,0,,0,0,Y,0,0,0,0,ROB
,FG0433,,0,0,,0,0,Y,0,0,0,0,
,FG0433,,0,0,,0,0,Y,0,0,0,0,Bihar
,FG0433,,0,0,,0,0,Y,0,0,0,0,Jharkhand
,FG0433,,0,0,,0,0,Y,0,0,0,0,ODISHA
,FG0433,,0,3.5,,0,0,Y,1223.3,1177.57,1154.48,1098.88,West Bengal
,FG0434,,0,8,,0,0,Y,1553.4,1495.33,1466.01,1395.4,KOLKATA
,FG0434,,0,8,,0,0,Y,1553.4,1495.33,1466.01,1395.4,ROB
,FG0434,,0,8,,0,0,Y,1553.4,1495.33,1466.01,1395.4,
,FG0434,,0,8,,0,0,Y,1553.4,1495.33,1466.01,1395.4,Bihar
,FG0434,,0,8,,0,0,Y,1553.4,1495.33,1466.01,1395.4,Jharkhand
,FG0434,,0,8,,0,0,Y,1553.4,1495.33,1466.01,1395.4,ODISHA
,FG0434,,0,7.7,,0,0,Y,1495.15,1439.25,1411.03,1343.07,West Bengal
,FG0435,,0,96,,0,0,Y,2796.12,2716.98,2663.71,2535.41,KOLKATA
,FG0435,,0,96,,0,0,Y,2796.12,2716.98,2663.71,2535.41,ROB
,FG0435,,0,96,,0,0,Y,2796.12,2716.98,2663.71,2535.41,
,FG0435,,0,96,,0,0,Y,2796.12,2716.98,2663.71,2535.41,Bihar
,FG0435,,0,96,,0,0,Y,2796.12,2716.98,2663.71,2535.41,Jharkhand
,FG0435,,0,96,,0,0,Y,2796.12,2716.98,2663.71,2535.41,ODISHA
,FG0435,,0,96,,0,0,Y,2796.12,2716.98,2663.71,2535.41,West Bengal
,FG0436,,0,120,,0,0,Y,109.22,106.13,104.05,99.04,KOLKATA
,FG0436,,0,120,,0,0,Y,109.22,106.13,104.05,99.04,ROB
,FG0436,,0,120,,0,0,Y,109.22,106.13,104.05,99.04,
,FG0436,,0,120,,0,0,Y,109.22,106.13,104.05,99.04,Bihar
,FG0436,,0,120,,0,0,Y,109.22,106.13,104.05,99.04,Jharkhand
,FG0436,,0,120,,0,0,Y,109.22,106.13,104.05,99.04,ODISHA
,FG0436,,0,80,,0,0,Y,0,0,0,0,West Bengal
,FG0437,,0,3.75,,0,0,Y,1310.68,1261.68,1236.94,1177.37,KOLKATA
,FG0437,,0,3.75,,0,0,Y,1310.68,1261.68,1236.94,1177.37,ROB
,FG0437,,0,3.75,,0,0,Y,1310.68,1261.68,1236.94,1177.37,
,FG0437,,0,3.75,,0,0,Y,1310.68,1261.68,1236.94,1177.37,Bihar
,FG0437,,0,3.75,,0,0,Y,1310.68,1261.68,1236.94,1177.37,Jharkhand
,FG0437,,0,3.75,,0,0,Y,1310.68,1261.68,1236.94,1177.37,ODISHA
,FG0437,,0,3.5,,0,0,Y,1223.3,1177.57,1154.48,1098.88,West Bengal
,FG0438,,0,3.75,,0,0,Y,1310.68,1261.68,1236.94,1177.37,KOLKATA
,FG0438,,0,3.75,,0,0,Y,1310.68,1261.68,1236.94,1177.37,ROB
,FG0438,,0,3.75,,0,0,Y,1310.68,1261.68,1236.94,1177.37,
,FG0438,,0,3.75,,0,0,Y,1310.68,1261.68,1236.94,1177.37,Bihar
,FG0438,,0,3.75,,0,0,Y,1310.68,1261.68,1236.94,1177.37,Jharkhand
,FG0438,,0,3.75,,0,0,Y,1310.68,1261.68,1236.94,1177.37,ODISHA
,FG0438,,0,3.5,,0,0,Y,1223.3,1177.57,1154.48,1098.88,West Bengal
,FG0439,,0,0,,0,0,Y,0,0,0,0,KOLKATA
,FG0439,,0,0,,0,0,Y,0,0,0,0,ROB
,FG0439,,0,0,,0,0,Y,0,0,0,0,
,FG0439,,0,0,,0,0,Y,0,0,0,0,Bihar
,FG0439,,0,0,,0,0,Y,0,0,0,0,Jharkhand
,FG0439,,0,0,,0,0,Y,0,0,0,0,ODISHA
,FG0439,,0,7,,0,0,Y,1359.22,1308.41,1282.76,1220.97,West Bengal
,FG0440,,0,0,,0,0,Y,0,0,0,0,KOLKATA
,FG0440,,0,0,,0,0,Y,0,0,0,0,ROB
,FG0440,,0,0,,0,0,Y,0,0,0,0,
,FG0440,,0,0,,0,0,Y,0,0,0,0,Bihar
,FG0440,,0,0,,0,0,Y,0,0,0,0,Jharkhand
,FG0440,,0,0,,0,0,Y,0,0,0,0,ODISHA
,FG0441,,0,44,,0,0,Y,2135.92,2075.47,2034.78,1936.78,KOLKATA
,FG0441,,0,44,,0,0,Y,2135.92,2075.47,2034.78,1936.78,ROB
,FG0441,,0,44,,0,0,Y,2135.92,2075.47,2034.78,1936.78,
,FG0441,,0,44,,0,0,Y,2135.92,2075.47,2034.78,1936.78,Bihar
,FG0441,,0,44,,0,0,Y,2135.92,2075.47,2034.78,1936.78,Jharkhand
,FG0441,,0,44,,0,0,Y,2135.92,2075.47,2034.78,1936.78,ODISHA
,FG0441,,0,44,,0,0,Y,2135.92,2075.47,2034.78,1936.78,West Bengal
,FG0442,,0,0,,0,0,Y,0,0,0,0,KOLKATA
,FG0442,,0,0,,0,0,Y,0,0,0,0,ROB
,FG0442,,0,0,,0,0,Y,0,0,0,0,
,FG0442,,0,0,,0,0,Y,0,0,0,0,Bihar
,FG0442,,0,0,,0,0,Y,0,0,0,0,Jharkhand
,FG0442,,0,0,,0,0,Y,0,0,0,0,ODISHA
,FG0442,,0,33.6,,0,0,Y,1631.07,1584.91,1553.83,1478.99,West Bengal
,FG0443,,0,0,,0,0,Y,0,0,0,0,KOLKATA
,FG0443,,0,0,,0,0,Y,0,0,0,0,ROB
,FG0443,,0,0,,0,0,Y,0,0,0,0,
,FG0443,,0,0,,0,0,Y,0,0,0,0,Bihar
,FG0443,,0,0,,0,0,Y,0,0,0,0,Jharkhand
,FG0443,,0,0,,0,0,Y,0,0,0,0,ODISHA
,FG0444,,0,0,,0,0,Y,0,0,0,0,KOLKATA
,FG0444,,0,0,,0,0,Y,0,0,0,0,ROB
,FG0444,,0,0,,0,0,Y,0,0,0,0,
,FG0444,,0,0,,0,0,Y,0,0,0,0,Bihar
,FG0444,,0,0,,0,0,Y,0,0,0,0,Jharkhand
,FG0444,,0,0,,0,0,Y,0,0,0,0,ODISHA
,FG0445,,0,0,,0,0,Y,0,0,0,0,KOLKATA
,FG0445,,0,0,,0,0,Y,0,0,0,0,ROB
,FG0445,,0,0,,0,0,Y,0,0,0,0,
,FG0445,,0,0,,0,0,Y,0,0,0,0,Bihar
,FG0445,,0,0,,0,0,Y,0,0,0,0,Jharkhand
,FG0445,,0,0,,0,0,Y,0,0,0,0,ODISHA
,FG0446,,0,0,,0,0,Y,0,0,0,0,KOLKATA
,FG0446,,0,0,,0,0,Y,0,0,0,0,ROB
,FG0446,,0,0,,0,0,Y,0,0,0,0,
,FG0446,,0,0,,0,0,Y,0,0,0,0,Bihar
,FG0446,,0,0,,0,0,Y,0,0,0,0,Jharkhand
,FG0446,,0,0,,0,0,Y,0,0,0,0,ODISHA
,FG0447,,0,0,,0,0,Y,0,0,0,0,KOLKATA
,FG0447,,0,0,,0,0,Y,0,0,0,0,ROB
,FG0447,,0,0,,0,0,Y,0,0,0,0,
,FG0447,,0,0,,0,0,Y,0,0,0,0,Bihar
,FG0447,,0,0,,0,0,Y,0,0,0,0,Jharkhand
,FG0447,,0,0,,0,0,Y,0,0,0,0,ODISHA
,FG0447,,0,114.55,,0,0,Y,2224.18,2161.23,2118.86,2016.81,West Bengal
,FG0448,,0,0,,0,0,Y,0,0,0,0,KOLKATA
,FG0448,,0,0,,0,0,Y,0,0,0,0,ROB
,FG0448,,0,0,,0,0,Y,0,0,0,0,
,FG0448,,0,0,,0,0,Y,0,0,0,0,Bihar
,FG0448,,0,0,,0,0,Y,0,0,0,0,Jharkhand
,FG0448,,0,0,,0,0,Y,0,0,0,0,ODISHA
,FG0448,,0,114.55,,0,0,Y,2224.18,2161.23,2118.86,2016.81,West Bengal
,FG0449,,0,0,,0,0,Y,0,0,0,0,KOLKATA
,FG0449,,0,0,,0,0,Y,0,0,0,0,ROB
,FG0449,,0,0,,0,0,Y,0,0,0,0,
,FG0449,,0,0,,0,0,Y,0,0,0,0,Bihar
,FG0449,,0,0,,0,0,Y,0,0,0,0,Jharkhand
,FG0449,,0,0,,0,0,Y,0,0,0,0,ODISHA
,FG0449,,0,114.55,,0,0,Y,2224.18,2161.23,2118.86,2016.81,West Bengal
,FG0450,,0,0,,0,0,Y,0,0,0,0,KOLKATA
,FG0450,,0,0,,0,0,Y,0,0,0,0,ROB
,FG0450,,0,0,,0,0,Y,0,0,0,0,
,FG0450,,0,0,,0,0,Y,0,0,0,0,Bihar
,FG0450,,0,0,,0,0,Y,0,0,0,0,Jharkhand
,FG0450,,0,0,,0,0,Y,0,0,0,0,ODISHA
,FG0451,,0,0,,0,0,Y,0,0,0,0,KOLKATA
,FG0451,,0,0,,0,0,Y,0,0,0,0,ROB
,FG0451,,0,0,,0,0,Y,0,0,0,0,
,FG0451,,0,0,,0,0,Y,0,0,0,0,Bihar
,FG0451,,0,0,,0,0,Y,0,0,0,0,Jharkhand
,FG0451,,0,0,,0,0,Y,0,0,0,0,ODISHA
,FG0452,,0,0,,0,0,Y,0,0,0,0,KOLKATA
,FG0452,,0,0,,0,0,Y,0,0,0,0,ROB
,FG0452,,0,0,,0,0,Y,0,0,0,0,
,FG0452,,0,0,,0,0,Y,0,0,0,0,Bihar
,FG0452,,0,0,,0,0,Y,0,0,0,0,Jharkhand
,FG0452,,0,0,,0,0,Y,0,0,0,0,ODISHA
,FG0453,,0,0,,0,0,Y,0,0,0,0,KOLKATA
,FG0453,,0,0,,0,0,Y,0,0,0,0,ROB
,FG0453,,0,0,,0,0,Y,0,0,0,0,
,FG0453,,0,0,,0,0,Y,0,0,0,0,Bihar
,FG0453,,0,0,,0,0,Y,0,0,0,0,Jharkhand
,FG0453,,0,0,,0,0,Y,0,0,0,0,ODISHA
,FG0454,,0,0,,0,0,Y,0,0,0,0,KOLKATA
,FG0454,,0,0,,0,0,Y,0,0,0,0,ROB
,FG0454,,0,0,,0,0,Y,0,0,0,0,
,FG0454,,0,0,,0,0,Y,0,0,0,0,Bihar
,FG0454,,0,0,,0,0,Y,0,0,0,0,Jharkhand
,FG0454,,0,0,,0,0,Y,0,0,0,0,ODISHA
,FG0455,,0,0,,0,0,Y,0,0,0,0,KOLKATA
,FG0455,,0,0,,0,0,Y,0,0,0,0,ROB
,FG0455,,0,0,,0,0,Y,0,0,0,0,
,FG0455,,0,0,,0,0,Y,0,0,0,0,Bihar
,FG0455,,0,0,,0,0,Y,0,0,0,0,Jharkhand
,FG0455,,0,0,,0,0,Y,0,0,0,0,ODISHA
,FG0456,,0,0,,0,0,Y,0,0,0,0,KOLKATA
,FG0456,,0,0,,0,0,Y,0,0,0,0,ROB
,FG0456,,0,0,,0,0,Y,0,0,0,0,
,FG0456,,0,0,,0,0,Y,0,0,0,0,Bihar
,FG0456,,0,0,,0,0,Y,0,0,0,0,Jharkhand
,FG0456,,0,0,,0,0,Y,0,0,0,0,ODISHA
,FG0457,,0,0,,0,0,Y,0,0,0,0,KOLKATA
,FG0457,,0,0,,0,0,Y,0,0,0,0,ROB
,FG0457,,0,0,,0,0,Y,0,0,0,0,
,FG0457,,0,0,,0,0,Y,0,0,0,0,Bihar
,FG0457,,0,0,,0,0,Y,0,0,0,0,Jharkhand
,FG0457,,0,0,,0,0,Y,0,0,0,0,ODISHA
,FG0458,,0,20,,0,0,Y,1941.75,1886.79,1849.8,1760.7,KOLKATA
,FG0458,,0,20,,0,0,Y,1941.75,1886.79,1849.8,1760.7,ROB
,FG0458,,0,20,,0,0,Y,1941.75,1886.79,1849.8,1760.7,
,FG0458,,0,20,,0,0,Y,1941.75,1886.79,1849.8,1760.7,Bihar
,FG0458,,0,20,,0,0,Y,1941.75,1886.79,1849.8,1760.7,Jharkhand
,FG0458,,0,20,,0,0,Y,1941.75,1886.79,1849.8,1760.7,ODISHA
,FG0458,,0,20,,0,0,Y,1941.75,1886.79,1849.8,1760.7,West Bengal
,FG0459,,0,352.8,,0,0,Y,3425.24,3328.3,3263.04,3105.88,KOLKATA
,FG0459,,0,352.8,,0,0,Y,3425.24,3328.3,3263.04,3105.88,ROB
,FG0459,,0,352.8,,0,0,Y,3425.24,3328.3,3263.04,3105.88,
,FG0459,,0,352.8,,0,0,Y,3425.24,3328.3,3263.04,3105.88,Bihar
,FG0459,,0,352.8,,0,0,Y,3425.24,3328.3,3263.04,3105.88,Jharkhand
,FG0459,,0,352.8,,0,0,Y,3425.24,3328.3,3263.04,3105.88,ODISHA
,FG0459,,0,352.8,,0,0,Y,3425.24,3328.3,3263.04,3105.88,West Bengal
,FG0460,,0,85,,0,0,Y,1650.49,1619.05,1587.3,1510.85,KOLKATA
,FG0460,,0,85,,0,0,Y,1650.49,1619.05,1587.3,1510.85,ROB
,FG0460,,0,85,,0,0,Y,1650.49,1619.05,1587.3,1510.85,
,FG0460,,0,85,,0,0,Y,1650.49,1619.05,1587.3,1510.85,Bihar
,FG0460,,0,85,,0,0,Y,1650.49,1619.05,1587.3,1510.85,Jharkhand
,FG0460,,0,85,,0,0,Y,1650.49,1619.05,1587.3,1510.85,ODISHA
,FG0460,,0,85,,0,0,Y,1650.49,1619.05,1587.3,1510.85,West Bengal
,FG0464,,0,0,,0,0,Y,0,0,0,0,Bihar
,FG0464,,0,0,,0,0,Y,0,0,0,0,Jharkhand
,FG0464,,0,0,,0,0,Y,0,0,0,0,ODISHA
,FG0464,,0,0,,0,0,Y,0,0,0,0,
,FG0464,,0,0,,0,0,Y,0,0,0,0,KOLKATA
,FG0464,,0,0,,0,0,Y,0,0,0,0,ROB
,FG0464,,0,3.5,,0,0,Y,1223.3,1177.57,1154.48,1098.88,West Bengal
,FG0465,,0,0,,0,0,Y,0,0,0,0,Bihar
,FG0465,,0,0,,0,0,Y,0,0,0,0,Jharkhand
,FG0465,,0,0,,0,0,Y,0,0,0,0,ODISHA
,FG0465,,0,0,,0,0,Y,0,0,0,0,
,FG0465,,0,0,,0,0,Y,0,0,0,0,KOLKATA
,FG0465,,0,0,,0,0,Y,0,0,0,0,ROB
,FG0465,,0,7.7,,0,0,Y,1495.15,1439.25,1411.03,1343.07,West Bengal
,FG0466,,0,5.6,,0,0,Y,1087.38,1046.73,1026.2,976.78,Bihar
,FG0466,,0,5.6,,0,0,Y,1087.38,1046.73,1026.2,976.78,Jharkhand
,FG0466,,0,5.6,,0,0,Y,1087.38,1046.73,1026.2,976.78,ODISHA
,FG0466,,0,5.6,,0,0,Y,1087.38,1046.73,1026.2,976.78,
,FG0466,,0,5.6,,0,0,Y,1087.38,1046.73,1026.2,976.78,KOLKATA
,FG0466,,0,5.6,,0,0,Y,1087.38,1046.73,1026.2,976.78,ROB
,FG0466,,0,5.6,,0,0,Y,1087.38,1046.73,1026.2,976.78,West Bengal
,FG0467,,0,5.6,,0,0,Y,1087.38,1046.73,1026.2,976.78,Bihar
,FG0467,,0,5.6,,0,0,Y,1087.38,1046.73,1026.2,976.78,Jharkhand
,FG0467,,0,5.6,,0,0,Y,1087.38,1046.73,1026.2,976.78,ODISHA
,FG0467,,0,5.6,,0,0,Y,1087.38,1046.73,1026.2,976.78,
,FG0467,,0,5.6,,0,0,Y,1087.38,1046.73,1026.2,976.78,KOLKATA
,FG0467,,0,5.6,,0,0,Y,1087.38,1046.73,1026.2,976.78,ROB
,FG0467,,0,5.6,,0,0,Y,1087.38,1046.73,1026.2,976.78,West Bengal
,FG0468,,0,5.6,,0,0,Y,1087.38,1046.73,1026.2,976.78,Bihar
,FG0468,,0,5.6,,0,0,Y,1087.38,1046.73,1026.2,976.78,Jharkhand
,FG0468,,0,5.6,,0,0,Y,1087.38,1046.73,1026.2,976.78,ODISHA
,FG0468,,0,5.6,,0,0,Y,1087.38,1046.73,1026.2,976.78,
,FG0468,,0,5.6,,0,0,Y,1087.38,1046.73,1026.2,976.78,KOLKATA
,FG0468,,0,5.6,,0,0,Y,1087.38,1046.73,1026.2,976.78,ROB
,FG0468,,0,5.6,,0,0,Y,1087.38,1046.73,1026.2,976.78,West Bengal
,FG0469,,0,5.6,,0,0,Y,815.53,785.05,769.65,732.58,Bihar
,FG0469,,0,5.6,,0,0,Y,815.53,785.05,769.65,732.58,Jharkhand
,FG0469,,0,5.6,,0,0,Y,815.53,785.05,769.65,732.58,ODISHA
,FG0469,,0,5.6,,0,0,Y,815.53,785.05,769.65,732.58,
,FG0469,,0,5.6,,0,0,Y,815.53,785.05,769.65,732.58,KOLKATA
,FG0469,,0,5.6,,0,0,Y,815.53,785.05,769.65,732.58,ROB
,FG0469,,0,5.6,,0,0,Y,815.53,785.05,769.65,732.58,West Bengal
,FG0470,,0,5.6,,0,0,Y,815.53,785.05,769.65,732.58,Bihar
,FG0470,,0,5.6,,0,0,Y,815.53,785.05,769.65,732.58,Jharkhand
,FG0470,,0,5.6,,0,0,Y,815.53,785.05,769.65,732.58,ODISHA
,FG0470,,0,5.6,,0,0,Y,815.53,785.05,769.65,732.58,
,FG0470,,0,5.6,,0,0,Y,815.53,785.05,769.65,732.58,KOLKATA
,FG0470,,0,5.6,,0,0,Y,815.53,785.05,769.65,732.58,ROB
,FG0470,,0,5.6,,0,0,Y,815.53,785.05,769.65,732.58,West Bengal
,FG0471,,0,5.6,,0,0,Y,521.94,502.43,492.58,468.85,Bihar
,FG0471,,0,5.6,,0,0,Y,521.94,502.43,492.58,468.85,Jharkhand
,FG0471,,0,5.6,,0,0,Y,521.94,502.43,492.58,468.85,ODISHA
,FG0471,,0,5.6,,0,0,Y,521.94,502.43,492.58,468.85,
,FG0471,,0,5.6,,0,0,Y,521.94,502.43,492.58,468.85,KOLKATA
,FG0471,,0,5.6,,0,0,Y,521.94,502.43,492.58,468.85,ROB
,FG0471,,0,5.6,,0,0,Y,521.94,502.43,492.58,468.85,West Bengal
,FG0472,,0,15,,0,0,Y,2912.62,2830.19,2774.69,2641.06,Bihar
,FG0472,,0,15,,0,0,Y,2912.62,2830.19,2774.69,2641.06,Jharkhand
,FG0472,,0,15,,0,0,Y,2912.62,2830.19,2774.69,2641.06,ODISHA
,FG0472,,0,15,,0,0,Y,2912.62,2830.19,2774.69,2641.06,
,FG0472,,0,15,,0,0,Y,2912.62,2830.19,2774.69,2641.06,KOLKATA
,FG0472,,0,15,,0,0,Y,2912.62,2830.19,2774.69,2641.06,ROB
,FG0472,,0,11.25,,0,0,Y,2184.47,2122.64,2081.02,1980.79,West Bengal
,FG0473,,0,15,,0,0,Y,2912.62,2830.19,2774.69,2641.06,Bihar
,FG0473,,0,15,,0,0,Y,2912.62,2830.19,2774.69,2641.06,Jharkhand
,FG0473,,0,15,,0,0,Y,2912.62,2830.19,2774.69,2641.06,ODISHA
,FG0473,,0,15,,0,0,Y,2912.62,2830.19,2774.69,2641.06,
,FG0473,,0,15,,0,0,Y,2912.62,2830.19,2774.69,2641.06,KOLKATA
,FG0473,,0,15,,0,0,Y,2912.62,2830.19,2774.69,2641.06,ROB
,FG0473,,0,11.25,,0,0,Y,2184.47,2122.64,2081.02,1980.79,West Bengal
,FG0474,,0,8,,0,0,Y,1165.05,1121.5,1099.51,1046.55,KOLKATA
,FG0474,,0,8,,0,0,Y,1165.05,1121.5,1099.51,1046.55,ROB
,FG0474,,0,8,,0,0,Y,1165.05,1121.5,1099.51,1046.55,Bihar
,FG0474,,0,8,,0,0,Y,1165.05,1121.5,1099.51,1046.55,Jharkhand
,FG0474,,0,8,,0,0,Y,1165.05,1121.5,1099.51,1046.55,ODISHA
,FG0474,,0,8,,0,0,Y,1165.05,1121.5,1099.51,1046.55,
,FG0474,,0,8,,0,0,Y,1165.05,1121.5,1099.51,1046.55,West Bengal
,FG0475,,0,8,,0,0,Y,1553.4,1495.33,1466.01,1395.4,KOLKATA
,FG0475,,0,8,,0,0,Y,1553.4,1495.33,1466.01,1395.4,ROB
,FG0475,,0,8,,0,0,Y,1553.4,1495.33,1466.01,1395.4,Bihar
,FG0475,,0,8,,0,0,Y,1553.4,1495.33,1466.01,1395.4,Jharkhand
,FG0475,,0,8,,0,0,Y,1553.4,1495.33,1466.01,1395.4,ODISHA
,FG0475,,0,8,,0,0,Y,1553.4,1495.33,1466.01,1395.4,
,FG0475,,0,7.7,,0,0,Y,1495.15,1439.25,1411.03,1343.07,West Bengal
,FG0476,,0,16,,0,0,Y,932.04,905.66,887.9,845.14,KOLKATA
,FG0476,,0,16,,0,0,Y,932.04,905.66,887.9,845.14,ROB
,FG0476,,0,16,,0,0,Y,932.04,905.66,887.9,845.14,Bihar
,FG0476,,0,16,,0,0,Y,932.04,905.66,887.9,845.14,Jharkhand
,FG0476,,0,16,,0,0,Y,932.04,905.66,887.9,845.14,ODISHA
,FG0476,,0,16,,0,0,Y,932.04,905.66,887.9,845.14,
,FG0476,,0,16,,0,0,Y,932.04,905.66,887.9,845.14,West Bengal
,FG0477,,0,72,,0,0,Y,1747.57,1698.11,1664.82,1584.63,KOLKATA
,FG0477,,0,72,,0,0,Y,1747.57,1698.11,1664.82,1584.63,ROB
,FG0477,,0,72,,0,0,Y,1747.57,1698.11,1664.82,1584.63,Bihar
,FG0477,,0,72,,0,0,Y,1747.57,1698.11,1664.82,1584.63,Jharkhand
,FG0477,,0,72,,0,0,Y,1747.57,1698.11,1664.82,1584.63,ODISHA
,FG0477,,0,72,,0,0,Y,1747.57,1698.11,1664.82,1584.63,
,FG0477,,0,69.6,,0,0,Y,1689.32,1641.51,1609.32,1531.81,West Bengal
,FG0478,,0,72,,0,0,Y,1747.57,1698.11,1664.82,1584.63,KOLKATA
,FG0478,,0,72,,0,0,Y,1747.57,1698.11,1664.82,1584.63,ROB
,FG0478,,0,72,,0,0,Y,1747.57,1698.11,1664.82,1584.63,Bihar
,FG0478,,0,72,,0,0,Y,1747.57,1698.11,1664.82,1584.63,Jharkhand
,FG0478,,0,72,,0,0,Y,1747.57,1698.11,1664.82,1584.63,ODISHA
,FG0478,,0,72,,0,0,Y,1747.57,1698.11,1664.82,1584.63,
,FG0478,,0,69.6,,0,0,Y,1689.32,1641.51,1609.32,1531.81,West Bengal
,FG0479,,0,16,,0,0,Y,932.04,905.66,887.9,845.14,KOLKATA
,FG0479,,0,16,,0,0,Y,932.04,905.66,887.9,845.14,ROB
,FG0479,,0,16,,0,0,Y,932.04,905.66,887.9,845.14,Bihar
,FG0479,,0,16,,0,0,Y,932.04,905.66,887.9,845.14,Jharkhand
,FG0479,,0,16,,0,0,Y,932.04,905.66,887.9,845.14,ODISHA
,FG0479,,0,16,,0,0,Y,932.04,905.66,887.9,845.14,
,FG0479,,0,16,,0,0,Y,932.04,905.66,887.9,845.14,West Bengal
,FG0480,,0,16,,0,0,Y,932.04,905.66,887.9,845.14,KOLKATA
,FG0480,,0,16,,0,0,Y,932.04,905.66,887.9,845.14,ROB
,FG0480,,0,16,,0,0,Y,932.04,905.66,887.9,845.14,Bihar
,FG0480,,0,16,,0,0,Y,932.04,905.66,887.9,845.14,Jharkhand
,FG0480,,0,16,,0,0,Y,932.04,905.66,887.9,845.14,ODISHA
,FG0480,,0,16,,0,0,Y,932.04,905.66,887.9,845.14,
,FG0480,,0,16,,0,0,Y,932.04,905.66,887.9,845.14,West Bengal
,FG0481,,0,104,,0,0,Y,2019.42,1962.26,1923.79,1831.13,KOLKATA
,FG0481,,0,104,,0,0,Y,2019.42,1962.26,1923.79,1831.13,ROB
,FG0481,,0,104,,0,0,Y,2019.42,1962.26,1923.79,1831.13,Bihar
,FG0481,,0,104,,0,0,Y,2019.42,1962.26,1923.79,1831.13,Jharkhand
,FG0481,,0,104,,0,0,Y,2019.42,1962.26,1923.79,1831.13,ODISHA
,FG0481,,0,104,,0,0,Y,2019.42,1962.26,1923.79,1831.13,
,FG0481,,0,104,,0,0,Y,2019.42,1962.26,1923.79,1831.13,West Bengal
,FG0482,,0,0,,0,0,Y,0,0,0,0,KOLKATA
,FG0482,,0,0,,0,0,Y,0,0,0,0,ROB
,FG0482,,0,0,,0,0,Y,0,0,0,0,Bihar
,FG0482,,0,0,,0,0,Y,0,0,0,0,Jharkhand
,FG0482,,0,0,,0,0,Y,0,0,0,0,ODISHA
,FG0482,,0,0,,0,0,Y,0,0,0,0,
,FG0483,,0,8,,0,0,Y,621.36,603.77,591.93,563.43,KOLKATA
,FG0483,,0,8,,0,0,Y,621.36,603.77,591.93,563.43,ROB
,FG0483,,0,8,,0,0,Y,621.36,603.77,591.93,563.43,Bihar
,FG0483,,0,8,,0,0,Y,621.36,603.77,591.93,563.43,Jharkhand
,FG0483,,0,8,,0,0,Y,621.36,603.77,591.93,563.43,ODISHA
,FG0483,,0,8,,0,0,Y,621.36,603.77,591.93,563.43,
,FG0483,,0,7.7,,0,0,Y,598.06,581.13,569.74,542.3,West Bengal
,FG0484,,0,68,,0,0,Y,1650.49,1603.77,1572.33,1496.6,KOLKATA
,FG0484,,0,68,,0,0,Y,1650.49,1603.77,1572.33,1496.6,ROB
,FG0484,,0,68,,0,0,Y,1650.49,1603.77,1572.33,1496.6,
,FG0484,,0,68,,0,0,Y,1650.49,1603.77,1572.33,1496.6,Bihar
,FG0484,,0,68,,0,0,Y,1650.49,1603.77,1572.33,1496.6,Jharkhand
,FG0484,,0,68,,0,0,Y,1650.49,1603.77,1572.33,1496.6,ODISHA
,FG0484,,0,66.4,,0,0,Y,1611.65,1566.04,1535.33,1461.39,West Bengal
,FG0485,,0,345,,0,0,Y,1339.81,1301.89,1276.36,1214.89,KOLKATA
,FG0485,,0,345,,0,0,Y,1339.81,1301.89,1276.36,1214.89,ROB
,FG0485,,0,345,,0,0,Y,1339.81,1301.89,1276.36,1214.89,
,FG0485,,0,345,,0,0,Y,1339.81,1301.89,1276.36,1214.89,Bihar
,FG0485,,0,345,,0,0,Y,1339.81,1301.89,1276.36,1214.89,Jharkhand
,FG0485,,0,345,,0,0,Y,1339.81,1301.89,1276.36,1214.89,ODISHA
,FG0485,,0,345,,0,0,Y,1339.81,1301.89,1276.36,1214.89,West Bengal
,FG0486,,0,360,,0,0,Y,1398.06,1358.49,1331.85,1267.71,KOLKATA
,FG0486,,0,360,,0,0,Y,1398.06,1358.49,1331.85,1267.71,ROB
,FG0486,,0,360,,0,0,Y,1398.06,1358.49,1331.85,1267.71,
,FG0486,,0,360,,0,0,Y,1398.06,1358.49,1331.85,1267.71,Bihar
,FG0486,,0,360,,0,0,Y,1398.06,1358.49,1331.85,1267.71,Jharkhand
,FG0486,,0,360,,0,0,Y,1398.06,1358.49,1331.85,1267.71,ODISHA
,FG0486,,0,360,,0,0,Y,1398.06,1358.49,1331.85,1267.71,West Bengal
,FG0487,,0,172.2,,0,0,Y,167.18,160.93,157.78,150.18,KOLKATA
,FG0487,,0,172.2,,0,0,Y,167.18,160.93,157.78,150.18,ROB
,FG0487,,0,172.2,,0,0,Y,167.18,160.93,157.78,150.18,
,FG0487,,0,172.2,,0,0,Y,167.18,160.93,157.78,150.18,Bihar
,FG0487,,0,172.2,,0,0,Y,167.18,160.93,157.78,150.18,Jharkhand
,FG0487,,0,172.2,,0,0,Y,167.18,160.93,157.78,150.18,ODISHA
,FG0487,,0,172.2,,0,0,Y,0,0,0,0,West Bengal
,FG0488,,0,110.5,,0,0,Y,2145.63,2084.91,2044.03,1945.58,KOLKATA
,FG0488,,0,110.5,,0,0,Y,2145.63,2084.91,2044.03,1945.58,ROB
,FG0488,,0,110.5,,0,0,Y,2145.63,2084.91,2044.03,1945.58,
,FG0488,,0,110.5,,0,0,Y,2145.63,2084.91,2044.03,1945.58,Bihar
,FG0488,,0,110.5,,0,0,Y,2145.63,2084.91,2044.03,1945.58,Jharkhand
,FG0488,,0,110.5,,0,0,Y,2145.63,2084.91,2044.03,1945.58,ODISHA
,FG0488,,0,110.5,,0,0,Y,2145.63,2084.91,2044.03,1945.58,West Bengal
,FG0489,,0,0,,0,0,Y,0,0,0,0,
,FG0489,,0,0,,0,0,Y,0,0,0,0,Bihar
,FG0489,,0,0,,0,0,Y,0,0,0,0,Jharkhand
,FG0489,,0,0,,0,0,Y,0,0,0,0,KOLKATA
,FG0489,,0,0,,0,0,Y,0,0,0,0,ODISHA
,FG0489,,0,0,,0,0,Y,0,0,0,0,ROB
,FG0489,,0,7.7,,0,0,Y,1495.15,1439.25,1411.03,1343.07,West Bengal
,FG0504,,0,0,,0,0,Y,0,0,0,0,
,FG0504,,0,0,,0,0,Y,0,0,0,0,Bihar
,FG0504,,0,0,,0,0,Y,0,0,0,0,Jharkhand
,FG0504,,0,0,,0,0,Y,0,0,0,0,KOLKATA
,FG0504,,0,0,,0,0,Y,0,0,0,0,ODISHA
,FG0504,,0,0,,0,0,Y,0,0,0,0,ROB
,FG0494,,0,328,,0,0,Y,318.4466019,306.5420561,300.5314275,286.0569461,
,FG0494,,0,328,,0,0,Y,318.4466019,306.5420561,300.5314275,286.0569461,Bihar
,FG0494,,0,328,,0,0,Y,318.4466019,306.5420561,300.5314275,286.0569461,Jharkhand
,FG0494,,0,328,,0,0,Y,318.4466019,306.5420561,300.5314275,286.0569461,KOLKATA
,FG0494,,0,328,,0,0,Y,318.4466019,306.5420561,300.5314275,286.0569461,ODISHA
,FG0494,,0,328,,0,0,Y,318.4466019,306.5420561,300.5314275,286.0569461,ROB
,FG0493,,0,98.4,,0,0,Y,95.53,91.96,90.16,85.82,
,FG0493,,0,98.4,,0,0,Y,95.53,91.96,90.16,85.82,Bihar
,FG0493,,0,98.4,,0,0,Y,95.53,91.96,90.16,85.82,Jharkhand
,FG0493,,0,98.4,,0,0,Y,95.53,91.96,90.16,85.82,KOLKATA
,FG0493,,0,98.4,,0,0,Y,95.53,91.96,90.16,85.82,ODISHA
,FG0493,,0,98.4,,0,0,Y,95.53,91.96,90.16,85.82,ROB
,FG0493,,0,98.4,,0,0,Y,0,0,0,0,West Bengal
,FG0492,,0,108.55,,0,0,Y,1264.71,1228.91,1204.82,1146.79,
,FG0492,,0,108.55,,0,0,Y,1264.71,1228.91,1204.82,1146.79,Bihar
,FG0492,,0,108.55,,0,0,Y,1264.71,1228.91,1204.82,1146.79,Jharkhand
,FG0492,,0,108.55,,0,0,Y,1264.71,1228.91,1204.82,1146.79,KOLKATA
,FG0492,,0,108.55,,0,0,Y,1264.71,1228.91,1204.82,1146.79,ODISHA
,FG0492,,0,108.55,,0,0,Y,1264.71,1228.91,1204.82,1146.79,ROB
,FG0492,,0,108.55,,0,0,Y,1264.71,1228.91,1204.82,1146.79,West Bengal
,FG0495,,0,164,,0,0,Y,159.223301,153.271028,150.2657138,143.028473,
,FG0495,,0,164,,0,0,Y,159.223301,153.271028,150.2657138,143.028473,Bihar
,FG0495,,0,164,,0,0,Y,159.223301,153.271028,150.2657138,143.028473,Jharkhand
,FG0495,,0,164,,0,0,Y,159.223301,153.271028,150.2657138,143.028473,KOLKATA
,FG0495,,0,164,,0,0,Y,159.223301,153.271028,150.2657138,143.028473,ODISHA
,FG0495,,0,164,,0,0,Y,159.223301,153.271028,150.2657138,143.028473,ROB
,FG0496,,0,37.79,,0,0,Y,2201.07,2138.77,2096.84,2218.49,
,FG0496,,0,37.79,,0,0,Y,2201.07,2138.77,2096.84,2218.49,Bihar
,FG0496,,0,37.79,,0,0,Y,2201.07,2138.77,2096.84,2218.49,Jharkhand
,FG0496,,0,37.79,,0,0,Y,2201.07,2138.77,2096.84,2218.49,KOLKATA
,FG0496,,0,37.79,,0,0,Y,2201.07,2138.77,2096.84,2218.49,ODISHA
,FG0496,,0,37.79,,0,0,Y,2201.07,2138.77,2096.84,2218.49,ROB
,FG0496,,0,37.79,,0,0,Y,2201.07,2138.77,2096.84,2218.49,West Bengal
,FG0497,,0,0,,0,0,Y,0,0,0,0,
,FG0497,,0,0,,0,0,Y,0,0,0,0,Bihar
,FG0497,,0,0,,0,0,Y,0,0,0,0,Jharkhand
,FG0497,,0,0,,0,0,Y,0,0,0,0,KOLKATA
,FG0497,,0,0,,0,0,Y,0,0,0,0,ODISHA
,FG0497,,0,0,,0,0,Y,0,0,0,0,ROB
,FG0498,,0,0,,0,0,Y,0,0,0,0,
,FG0498,,0,0,,0,0,Y,0,0,0,0,Bihar
,FG0498,,0,0,,0,0,Y,0,0,0,0,Jharkhand
,FG0498,,0,0,,0,0,Y,0,0,0,0,KOLKATA
,FG0498,,0,0,,0,0,Y,0,0,0,0,ODISHA
,FG0498,,0,0,,0,0,Y,0,0,0,0,ROB
,FG0499,,0,0,,0,0,Y,0,0,0,0,
,FG0499,,0,0,,0,0,Y,0,0,0,0,Bihar
,FG0499,,0,0,,0,0,Y,0,0,0,0,Jharkhand
,FG0499,,0,0,,0,0,Y,0,0,0,0,KOLKATA
,FG0499,,0,0,,0,0,Y,0,0,0,0,ODISHA
,FG0499,,0,0,,0,0,Y,0,0,0,0,ROB
,FG0499,,0,263.22,,0,0,Y,0,0,0,0,West Bengal
,FG0500,,0,0,,0,0,Y,0,0,0,0,
,FG0500,,0,0,,0,0,Y,0,0,0,0,Bihar
,FG0500,,0,0,,0,0,Y,0,0,0,0,Jharkhand
,FG0500,,0,0,,0,0,Y,0,0,0,0,KOLKATA
,FG0500,,0,0,,0,0,Y,0,0,0,0,ODISHA
,FG0500,,0,0,,0,0,Y,0,0,0,0,ROB
,FG0500,,0,205.82,,0,0,Y,0,0,0,0,West Bengal
,FG0501,,0,0,,0,0,Y,0,0,0,0,
,FG0501,,0,0,,0,0,Y,0,0,0,0,Bihar
,FG0501,,0,0,,0,0,Y,0,0,0,0,Jharkhand
,FG0501,,0,0,,0,0,Y,0,0,0,0,KOLKATA
,FG0501,,0,0,,0,0,Y,0,0,0,0,ODISHA
,FG0501,,0,0,,0,0,Y,0,0,0,0,ROB
,FG0501,,0,189.42,,0,0,Y,0,0,0,0,West Bengal
,FG0502,,0,0,,0,0,Y,0,0,0,0,
,FG0502,,0,0,,0,0,Y,0,0,0,0,Bihar
,FG0502,,0,0,,0,0,Y,0,0,0,0,Jharkhand
,FG0502,,0,0,,0,0,Y,0,0,0,0,KOLKATA
,FG0502,,0,0,,0,0,Y,0,0,0,0,ODISHA
,FG0502,,0,0,,0,0,Y,0,0,0,0,ROB
,FG0502,,0,189.42,,0,0,Y,0,0,0,0,West Bengal
,FG0503,,0,0,,0,0,Y,0,0,0,0,
,FG0503,,0,0,,0,0,Y,0,0,0,0,Bihar
,FG0503,,0,0,,0,0,Y,0,0,0,0,Jharkhand
,FG0503,,0,0,,0,0,Y,0,0,0,0,KOLKATA
,FG0503,,0,0,,0,0,Y,0,0,0,0,ODISHA
,FG0503,,0,0,,0,0,Y,0,0,0,0,ROB
,FG0503,,0,189.42,,0,0,Y,0,0,0,0,West Bengal
,FG0515,,0,201.6,,0,0,Y,4473.79,4347.17,4261.93,0,West Bengal
,FG0515,,0,0,,0,0,Y,0,0,0,0,KOLKATA
,FG0515,,0,0,,0,0,Y,0,0,0,0,ROB
,FG0515,,0,0,,0,0,Y,0,0,0,0,
,FG0515,,0,0,,0,0,Y,0,0,0,0,Bihar
,FG0515,,0,0,,0,0,Y,0,0,0,0,Jharkhand
,FG0515,,0,0,,0,0,Y,0,0,0,0,ODISHA
,FG0505,,0,4,,0,0,Y,745.63,717.76,703.68,669.79,
,FG0505,,0,4,,0,0,Y,745.63,717.76,703.68,669.79,Bihar
,FG0505,,0,4,,0,0,Y,745.63,717.76,703.68,669.79,Jharkhand
,FG0505,,0,4,,0,0,Y,745.63,717.76,703.68,669.79,KOLKATA
,FG0505,,0,4,,0,0,Y,745.63,717.76,703.68,669.79,ODISHA
,FG0505,,0,4,,0,0,Y,745.63,717.76,703.68,669.79,ROB
,FG0505,,0,4,,0,0,Y,745.63,717.76,703.68,669.79,West Bengal
,FG0506,,0,4,,0,0,Y,745.63,717.76,703.68,669.79,
,FG0506,,0,4,,0,0,Y,745.63,717.76,703.68,669.79,Bihar
,FG0506,,0,4,,0,0,Y,745.63,717.76,703.68,669.79,Jharkhand
,FG0506,,0,4,,0,0,Y,745.63,717.76,703.68,669.79,KOLKATA
,FG0506,,0,4,,0,0,Y,745.63,717.76,703.68,669.79,ODISHA
,FG0506,,0,4,,0,0,Y,745.63,717.76,703.68,669.79,ROB
,FG0506,,0,4,,0,0,Y,745.63,717.76,703.68,669.79,West Bengal
,FG0507,,0,4,,0,0,Y,745.63,717.76,703.68,669.79,
,FG0507,,0,4,,0,0,Y,745.63,717.76,703.68,669.79,Bihar
,FG0507,,0,4,,0,0,Y,745.63,717.76,703.68,669.79,Jharkhand
,FG0507,,0,4,,0,0,Y,745.63,717.76,703.68,669.79,KOLKATA
,FG0507,,0,4,,0,0,Y,745.63,717.76,703.68,669.79,ODISHA
,FG0507,,0,4,,0,0,Y,745.63,717.76,703.68,669.79,ROB
,FG0507,,0,4,,0,0,Y,745.63,717.76,703.68,669.79,West Bengal
,FG0508,,0,4,,0,0,Y,745.63,717.76,703.68,669.79,
,FG0508,,0,4,,0,0,Y,745.63,717.76,703.68,669.79,Bihar
,FG0508,,0,4,,0,0,Y,745.63,717.76,703.68,669.79,Jharkhand
,FG0508,,0,4,,0,0,Y,745.63,717.76,703.68,669.79,KOLKATA
,FG0508,,0,4,,0,0,Y,745.63,717.76,703.68,669.79,ODISHA
,FG0508,,0,4,,0,0,Y,745.63,717.76,703.68,669.79,ROB
,FG0508,,0,4,,0,0,Y,745.63,717.76,703.68,669.79,West Bengal
,FG0509,,0,0,,0,0,Y,0,0,0,0,
,FG0509,,0,0,,0,0,Y,0,0,0,0,Bihar
,FG0509,,0,0,,0,0,Y,0,0,0,0,Jharkhand
,FG0509,,0,0,,0,0,Y,0,0,0,0,KOLKATA
,FG0509,,0,0,,0,0,Y,0,0,0,0,ODISHA
,FG0509,,0,0,,0,0,Y,0,0,0,0,ROB
,FG0509,,0,235.2,,0,0,Y,5480.39,5325.28,5220.87,4969.41,West Bengal
,FG0510,,0,0,,0,0,Y,0,0,0,0,
,FG0510,,0,0,,0,0,Y,0,0,0,0,Bihar
,FG0510,,0,0,,0,0,Y,0,0,0,0,Jharkhand
,FG0510,,0,0,,0,0,Y,0,0,0,0,KOLKATA
,FG0510,,0,0,,0,0,Y,0,0,0,0,ODISHA
,FG0510,,0,0,,0,0,Y,0,0,0,0,ROB
,FG0510,,0,420,,0,0,Y,4893.2,4754.72,4661.49,4436.98,West Bengal
,FG0511,,0,0,,0,0,Y,0,0,0,0,
,FG0511,,0,0,,0,0,Y,0,0,0,0,Bihar
,FG0511,,0,0,,0,0,Y,0,0,0,0,Jharkhand
,FG0511,,0,0,,0,0,Y,0,0,0,0,KOLKATA
,FG0511,,0,0,,0,0,Y,0,0,0,0,ODISHA
,FG0511,,0,0,,0,0,Y,0,0,0,0,ROB
,FG0511,,0,218.4,,0,0,Y,5088.93,4944.91,4847.95,4614.46,West Bengal
,FG0512,,0,0,,0,0,Y,0,0,0,0,
,FG0512,,0,0,,0,0,Y,0,0,0,0,Bihar
,FG0512,,0,0,,0,0,Y,0,0,0,0,Jharkhand
,FG0512,,0,0,,0,0,Y,0,0,0,0,KOLKATA
,FG0512,,0,0,,0,0,Y,0,0,0,0,ODISHA
,FG0512,,0,0,,0,0,Y,0,0,0,0,ROB
,FG0512,,0,403.2,,0,0,Y,4697.48,4564.53,4475.03,4259.5,West Bengal
,FG0513,,0,216,,0,0,Y,4194.17,4075.47,3995.56,3803.12,
,FG0513,,0,216,,0,0,Y,4194.17,4075.47,3995.56,3803.12,Bihar
,FG0513,,0,216,,0,0,Y,4194.17,4075.47,3995.56,3803.12,Jharkhand
,FG0513,,0,216,,0,0,Y,4194.17,4075.47,3995.56,3803.12,KOLKATA
,FG0513,,0,216,,0,0,Y,4194.17,4075.47,3995.56,3803.12,ODISHA
,FG0513,,0,216,,0,0,Y,4194.17,4075.47,3995.56,3803.12,ROB
,FG0513,,0,192,,0,0,Y,3728.16,3622.64,3551.61,3380.55,West Bengal
,FG0514,,0,104,,0,0,Y,2019.42,1962.26,1923.79,1831.13,
,FG0514,,0,104,,0,0,Y,2019.42,1962.26,1923.79,1831.13,Bihar
,FG0514,,0,104,,0,0,Y,2019.42,1962.26,1923.79,1831.13,Jharkhand
,FG0514,,0,104,,0,0,Y,2019.42,1962.26,1923.79,1831.13,KOLKATA
,FG0514,,0,104,,0,0,Y,2019.42,1962.26,1923.79,1831.13,ODISHA
,FG0514,,0,104,,0,0,Y,2019.42,1962.26,1923.79,1831.13,ROB
,FG0514,,0,104,,0,0,Y,2019.42,1962.26,1923.79,1831.13,West Bengal
,FG0516,,0,168,,0,0,Y,3728.16,3622.64,3551.61,0,West Bengal
,FG0516,,0,0,,0,0,Y,0,0,0,0,KOLKATA
,FG0516,,0,0,,0,0,Y,0,0,0,0,ROB
,FG0516,,0,0,,0,0,Y,0,0,0,0,
,FG0516,,0,0,,0,0,Y,0,0,0,0,Bihar
,FG0516,,0,0,,0,0,Y,0,0,0,0,Jharkhand
,FG0516,,0,0,,0,0,Y,0,0,0,0,ODISHA
,FG0517,,0,369.6,,0,0,Y,4100.97,3984.91,3906.77,0,West Bengal
,FG0517,,0,369.6,,0,0,Y,4306.02,4184.15,4102.11,3904.54,KOLKATA
,FG0517,,0,369.6,,0,0,Y,4306.02,4184.15,4102.11,3904.54,ROB
,FG0517,,0,369.6,,0,0,Y,4306.02,4184.15,4102.11,3904.54,
,FG0517,,0,369.6,,0,0,Y,4306.02,4184.15,4102.11,3904.54,Bihar
,FG0517,,0,369.6,,0,0,Y,4306.02,4184.15,4102.11,3904.54,Jharkhand
,FG0517,,0,369.6,,0,0,Y,4306.02,4184.15,4102.11,3904.54,ODISHA
,FG0518,,0,352.8,,0,0,Y,6022.4,5851.96,5737.22,0,West Bengal
,FG0518,,0,0,,0,0,Y,0,0,0,0,KOLKATA
,FG0518,,0,0,,0,0,Y,0,0,0,0,ROB
,FG0518,,0,0,,0,0,Y,0,0,0,0,
,FG0518,,0,0,,0,0,Y,0,0,0,0,Bihar
,FG0518,,0,0,,0,0,Y,0,0,0,0,Jharkhand
,FG0518,,0,0,,0,0,Y,0,0,0,0,ODISHA
,FG0549,,0,368,,0,0,Y,3572.82,3471.7,3403.63,3239.7,
,FG0549,,0,368,,0,0,Y,3572.82,3471.7,3403.63,3239.7,Bihar
,FG0549,,0,368,,0,0,Y,3572.82,3471.7,3403.63,3239.7,Jharkhand
,FG0549,,0,368,,0,0,Y,3572.82,3471.7,3403.63,3239.7,KOLKATA
,FG0549,,0,368,,0,0,Y,3572.82,3471.7,3403.63,3239.7,ODISHA
,FG0549,,0,368,,0,0,Y,3572.82,3471.7,3403.63,3239.7,ROB
,FG0533,,0,264,,0,0,Y,2563.11,2490.57,2441.73,2324.13,
,FG0533,,0,264,,0,0,Y,2563.11,2490.57,2441.73,2324.13,Bihar
,FG0533,,0,264,,0,0,Y,2563.11,2490.57,2441.73,2324.13,Jharkhand
,FG0533,,0,264,,0,0,Y,2563.11,2490.57,2441.73,2324.13,KOLKATA
,FG0533,,0,264,,0,0,Y,2563.11,2490.57,2441.73,2324.13,ODISHA
,FG0533,,0,264,,0,0,Y,2563.11,2490.57,2441.73,2324.13,ROB
,FG0541,,0,256,,0,0,Y,2485.44,2415.09,2367.74,2253.7,
,FG0541,,0,256,,0,0,Y,2485.44,2415.09,2367.74,2253.7,Bihar
,FG0541,,0,256,,0,0,Y,2485.44,2415.09,2367.74,2253.7,Jharkhand
,FG0541,,0,256,,0,0,Y,2485.44,2415.09,2367.74,2253.7,KOLKATA
,FG0541,,0,256,,0,0,Y,2485.44,2415.09,2367.74,2253.7,ODISHA
,FG0541,,0,256,,0,0,Y,2485.44,2415.09,2367.74,2253.7,ROB
,FG0540,,0,3.75,,0,0,Y,1310.68,1261.68,1236.94,1177.37,
,FG0540,,0,3.75,,0,0,Y,1310.68,1261.68,1236.94,1177.37,Bihar
,FG0540,,0,3.75,,0,0,Y,1310.68,1261.68,1236.94,1177.37,Jharkhand
,FG0540,,0,3.75,,0,0,Y,1310.68,1261.68,1236.94,1177.37,KOLKATA
,FG0540,,0,3.75,,0,0,Y,1310.68,1261.68,1236.94,1177.37,ODISHA
,FG0540,,0,3.75,,0,0,Y,1310.68,1261.68,1236.94,1177.37,ROB
,FG0525,,0,176,,0,0,Y,1708.74,1660.38,1627.82,1549.42,
,FG0525,,0,176,,0,0,Y,1708.74,1660.38,1627.82,1549.42,Bihar
,FG0525,,0,176,,0,0,Y,1708.74,1660.38,1627.82,1549.42,Jharkhand
,FG0525,,0,176,,0,0,Y,1708.74,1660.38,1627.82,1549.42,KOLKATA
,FG0525,,0,176,,0,0,Y,1708.74,1660.38,1627.82,1549.42,ODISHA
,FG0525,,0,176,,0,0,Y,1708.74,1660.38,1627.82,1549.42,ROB
,FG0543,,0,208,,0,0,Y,2019.42,1962.26,1923.79,1831.13,
,FG0543,,0,208,,0,0,Y,2019.42,1962.26,1923.79,1831.13,Bihar
,FG0543,,0,208,,0,0,Y,2019.42,1962.26,1923.79,1831.13,Jharkhand
,FG0543,,0,208,,0,0,Y,2019.42,1962.26,1923.79,1831.13,KOLKATA
,FG0543,,0,208,,0,0,Y,2019.42,1962.26,1923.79,1831.13,ODISHA
,FG0543,,0,208,,0,0,Y,2019.42,1962.26,1923.79,1831.13,ROB
,FG0534,,0,3.75,,0,0,Y,1310.68,1261.68,1236.94,1177.37,
,FG0534,,0,3.75,,0,0,Y,1310.68,1261.68,1236.94,1177.37,Bihar
,FG0534,,0,3.75,,0,0,Y,1310.68,1261.68,1236.94,1177.37,Jharkhand
,FG0534,,0,3.75,,0,0,Y,1310.68,1261.68,1236.94,1177.37,KOLKATA
,FG0534,,0,3.75,,0,0,Y,1310.68,1261.68,1236.94,1177.37,ODISHA
,FG0534,,0,3.75,,0,0,Y,1310.68,1261.68,1236.94,1177.37,ROB
,FG0535,,0,296,,0,0,Y,2873.79,2792.45,2737.7,2605.84,
,FG0535,,0,296,,0,0,Y,2873.79,2792.45,2737.7,2605.84,Bihar
,FG0535,,0,296,,0,0,Y,2873.79,2792.45,2737.7,2605.84,Jharkhand
,FG0535,,0,296,,0,0,Y,2873.79,2792.45,2737.7,2605.84,KOLKATA
,FG0535,,0,296,,0,0,Y,2873.79,2792.45,2737.7,2605.84,ODISHA
,FG0535,,0,296,,0,0,Y,2873.79,2792.45,2737.7,2605.84,ROB
,FG0536,,0,3.75,,0,0,Y,1310.68,1261.68,1236.94,1177.37,
,FG0536,,0,3.75,,0,0,Y,1310.68,1261.68,1236.94,1177.37,Bihar
,FG0536,,0,3.75,,0,0,Y,1310.68,1261.68,1236.94,1177.37,Jharkhand
,FG0536,,0,3.75,,0,0,Y,1310.68,1261.68,1236.94,1177.37,KOLKATA
,FG0536,,0,3.75,,0,0,Y,1310.68,1261.68,1236.94,1177.37,ODISHA
,FG0536,,0,3.75,,0,0,Y,1310.68,1261.68,1236.94,1177.37,ROB
,FG0545,,0,320,,0,0,Y,3106.8,3018.87,2959.67,2817.13,
,FG0545,,0,320,,0,0,Y,3106.8,3018.87,2959.67,2817.13,Bihar
,FG0545,,0,320,,0,0,Y,3106.8,3018.87,2959.67,2817.13,Jharkhand
,FG0545,,0,320,,0,0,Y,3106.8,3018.87,2959.67,2817.13,KOLKATA
,FG0545,,0,320,,0,0,Y,3106.8,3018.87,2959.67,2817.13,ODISHA
,FG0545,,0,320,,0,0,Y,3106.8,3018.87,2959.67,2817.13,ROB
,FG0530,,0,264,,0,0,Y,2563.11,2490.57,2441.73,2324.13,
,FG0530,,0,264,,0,0,Y,2563.11,2490.57,2441.73,2324.13,Bihar
,FG0530,,0,264,,0,0,Y,2563.11,2490.57,2441.73,2324.13,Jharkhand
,FG0530,,0,264,,0,0,Y,2563.11,2490.57,2441.73,2324.13,KOLKATA
,FG0530,,0,264,,0,0,Y,2563.11,2490.57,2441.73,2324.13,ODISHA
,FG0530,,0,264,,0,0,Y,2563.11,2490.57,2441.73,2324.13,ROB
,FG0548,,0,3.75,,0,0,Y,1310.68,1261.68,1236.94,1177.37,
,FG0548,,0,3.75,,0,0,Y,1310.68,1261.68,1236.94,1177.37,Bihar
,FG0548,,0,3.75,,0,0,Y,1310.68,1261.68,1236.94,1177.37,Jharkhand
,FG0548,,0,3.75,,0,0,Y,1310.68,1261.68,1236.94,1177.37,KOLKATA
,FG0548,,0,3.75,,0,0,Y,1310.68,1261.68,1236.94,1177.37,ODISHA
,FG0548,,0,3.75,,0,0,Y,1310.68,1261.68,1236.94,1177.37,ROB
,FG0546,,0,3.75,,0,0,Y,1310.68,1261.68,1236.94,1177.37,
,FG0546,,0,3.75,,0,0,Y,1310.68,1261.68,1236.94,1177.37,Bihar
,FG0546,,0,3.75,,0,0,Y,1310.68,1261.68,1236.94,1177.37,Jharkhand
,FG0546,,0,3.75,,0,0,Y,1310.68,1261.68,1236.94,1177.37,KOLKATA
,FG0546,,0,3.75,,0,0,Y,1310.68,1261.68,1236.94,1177.37,ODISHA
,FG0546,,0,3.75,,0,0,Y,1310.68,1261.68,1236.94,1177.37,ROB
,FG0559,,0,0,,0,0,Y,0,0,0,0,
,FG0559,,0,0,,0,0,Y,0,0,0,0,Bihar
,FG0559,,0,0,,0,0,Y,0,0,0,0,Jharkhand
,FG0559,,0,0,,0,0,Y,0,0,0,0,KOLKATA
,FG0559,,0,0,,0,0,Y,0,0,0,0,ODISHA
,FG0559,,0,0,,0,0,Y,0,0,0,0,ROB
,FG0553,,0,208,,0,0,Y,2019.42,1962.26,1923.79,1831.13,
,FG0553,,0,208,,0,0,Y,2019.42,1962.26,1923.79,1831.13,Bihar
,FG0553,,0,208,,0,0,Y,2019.42,1962.26,1923.79,1831.13,Jharkhand
,FG0553,,0,208,,0,0,Y,2019.42,1962.26,1923.79,1831.13,KOLKATA
,FG0553,,0,208,,0,0,Y,2019.42,1962.26,1923.79,1831.13,ODISHA
,FG0553,,0,208,,0,0,Y,2019.42,1962.26,1923.79,1831.13,ROB
,FG0552,,0,3.75,,0,0,Y,1310.68,1261.68,1236.94,1177.37,
,FG0552,,0,3.75,,0,0,Y,1310.68,1261.68,1236.94,1177.37,Bihar
,FG0552,,0,3.75,,0,0,Y,1310.68,1261.68,1236.94,1177.37,Jharkhand
,FG0552,,0,3.75,,0,0,Y,1310.68,1261.68,1236.94,1177.37,KOLKATA
,FG0552,,0,3.75,,0,0,Y,1310.68,1261.68,1236.94,1177.37,ODISHA
,FG0552,,0,3.75,,0,0,Y,1310.68,1261.68,1236.94,1177.37,ROB
,FG0551,,0,368,,0,0,Y,3572.82,3471.7,3403.63,3239.7,
,FG0551,,0,368,,0,0,Y,3572.82,3471.7,3403.63,3239.7,Bihar
,FG0551,,0,368,,0,0,Y,3572.82,3471.7,3403.63,3239.7,Jharkhand
,FG0551,,0,368,,0,0,Y,3572.82,3471.7,3403.63,3239.7,KOLKATA
,FG0551,,0,368,,0,0,Y,3572.82,3471.7,3403.63,3239.7,ODISHA
,FG0551,,0,368,,0,0,Y,3572.82,3471.7,3403.63,3239.7,ROB
,FG0550,,0,3.75,,0,0,Y,1310.68,1261.68,1236.94,1177.37,
,FG0550,,0,3.75,,0,0,Y,1310.68,1261.68,1236.94,1177.37,Bihar
,FG0550,,0,3.75,,0,0,Y,1310.68,1261.68,1236.94,1177.37,Jharkhand
,FG0550,,0,3.75,,0,0,Y,1310.68,1261.68,1236.94,1177.37,KOLKATA
,FG0550,,0,3.75,,0,0,Y,1310.68,1261.68,1236.94,1177.37,ODISHA
,FG0550,,0,3.75,,0,0,Y,1310.68,1261.68,1236.94,1177.37,ROB
,FG0554,,0,3.75,,0,0,Y,1310.68,1261.68,1236.94,1177.37,
,FG0554,,0,3.75,,0,0,Y,1310.68,1261.68,1236.94,1177.37,Bihar
,FG0554,,0,3.75,,0,0,Y,1310.68,1261.68,1236.94,1177.37,Jharkhand
,FG0554,,0,3.75,,0,0,Y,1310.68,1261.68,1236.94,1177.37,KOLKATA
,FG0554,,0,3.75,,0,0,Y,1310.68,1261.68,1236.94,1177.37,ODISHA
,FG0554,,0,3.75,,0,0,Y,1310.68,1261.68,1236.94,1177.37,ROB
,FG0542,,0,3.75,,0,0,Y,1310.68,1261.68,1236.94,1177.37,
,FG0542,,0,3.75,,0,0,Y,1310.68,1261.68,1236.94,1177.37,Bihar
,FG0542,,0,3.75,,0,0,Y,1310.68,1261.68,1236.94,1177.37,Jharkhand
,FG0542,,0,3.75,,0,0,Y,1310.68,1261.68,1236.94,1177.37,KOLKATA
,FG0542,,0,3.75,,0,0,Y,1310.68,1261.68,1236.94,1177.37,ODISHA
,FG0542,,0,3.75,,0,0,Y,1310.68,1261.68,1236.94,1177.37,ROB
,FG0526,,0,200,,0,0,Y,1941.75,1886.79,1849.8,1760.7,
,FG0526,,0,200,,0,0,Y,1941.75,1886.79,1849.8,1760.7,Bihar
,FG0526,,0,200,,0,0,Y,1941.75,1886.79,1849.8,1760.7,Jharkhand
,FG0526,,0,200,,0,0,Y,1941.75,1886.79,1849.8,1760.7,KOLKATA
,FG0526,,0,200,,0,0,Y,1941.75,1886.79,1849.8,1760.7,ODISHA
,FG0526,,0,200,,0,0,Y,1941.75,1886.79,1849.8,1760.7,ROB
,FG0528,,0,232,,0,0,Y,2252.43,2188.68,2145.76,2042.42,
,FG0528,,0,232,,0,0,Y,2252.43,2188.68,2145.76,2042.42,Bihar
,FG0528,,0,232,,0,0,Y,2252.43,2188.68,2145.76,2042.42,Jharkhand
,FG0528,,0,232,,0,0,Y,2252.43,2188.68,2145.76,2042.42,KOLKATA
,FG0528,,0,232,,0,0,Y,2252.43,2188.68,2145.76,2042.42,ODISHA
,FG0528,,0,232,,0,0,Y,2252.43,2188.68,2145.76,2042.42,ROB
,FG0560,,0,3.75,,0,0,Y,1310.68,1261.68,1236.94,1177.37,
,FG0560,,0,3.75,,0,0,Y,1310.68,1261.68,1236.94,1177.37,Bihar
,FG0560,,0,3.75,,0,0,Y,1310.68,1261.68,1236.94,1177.37,Jharkhand
,FG0560,,0,3.75,,0,0,Y,1310.68,1261.68,1236.94,1177.37,KOLKATA
,FG0560,,0,3.75,,0,0,Y,1310.68,1261.68,1236.94,1177.37,ODISHA
,FG0560,,0,3.75,,0,0,Y,1310.68,1261.68,1236.94,1177.37,ROB
,FG0521,,0,8,,0,0,Y,1553.4,1495.33,1466.01,1395.4,
,FG0521,,0,8,,0,0,Y,1553.4,1495.33,1466.01,1395.4,Bihar
,FG0521,,0,8,,0,0,Y,1553.4,1495.33,1466.01,1395.4,Jharkhand
,FG0521,,0,8,,0,0,Y,1553.4,1495.33,1466.01,1395.4,KOLKATA
,FG0521,,0,8,,0,0,Y,1553.4,1495.33,1466.01,1395.4,ODISHA
,FG0521,,0,8,,0,0,Y,1553.4,1495.33,1466.01,1395.4,ROB
,FG0519,,0,0,,0,0,Y,0,0,0,0,
,FG0519,,0,0,,0,0,Y,0,0,0,0,Bihar
,FG0519,,0,0,,0,0,Y,0,0,0,0,Jharkhand
,FG0519,,0,0,,0,0,Y,0,0,0,0,KOLKATA
,FG0519,,0,0,,0,0,Y,0,0,0,0,ODISHA
,FG0519,,0,0,,0,0,Y,0,0,0,0,ROB
,FG0558,,0,3.75,,0,0,Y,1310.68,1261.68,1236.94,1177.37,
,FG0558,,0,3.75,,0,0,Y,1310.68,1261.68,1236.94,1177.37,Bihar
,FG0558,,0,3.75,,0,0,Y,1310.68,1261.68,1236.94,1177.37,Jharkhand
,FG0558,,0,3.75,,0,0,Y,1310.68,1261.68,1236.94,1177.37,KOLKATA
,FG0558,,0,3.75,,0,0,Y,1310.68,1261.68,1236.94,1177.37,ODISHA
,FG0558,,0,3.75,,0,0,Y,1310.68,1261.68,1236.94,1177.37,ROB
,FG0557,,0,232,,0,0,Y,2252.43,2188.68,2145.76,2042.42,
,FG0557,,0,232,,0,0,Y,2252.43,2188.68,2145.76,2042.42,Bihar
,FG0557,,0,232,,0,0,Y,2252.43,2188.68,2145.76,2042.42,Jharkhand
,FG0557,,0,232,,0,0,Y,2252.43,2188.68,2145.76,2042.42,KOLKATA
,FG0557,,0,232,,0,0,Y,2252.43,2188.68,2145.76,2042.42,ODISHA
,FG0557,,0,232,,0,0,Y,2252.43,2188.68,2145.76,2042.42,ROB
,FG0520,,0,0,,0,0,Y,0,0,0,0,
,FG0520,,0,0,,0,0,Y,0,0,0,0,Bihar
,FG0520,,0,0,,0,0,Y,0,0,0,0,Jharkhand
,FG0520,,0,0,,0,0,Y,0,0,0,0,KOLKATA
,FG0520,,0,0,,0,0,Y,0,0,0,0,ODISHA
,FG0520,,0,0,,0,0,Y,0,0,0,0,ROB
,FG0555,,0,320,,0,0,Y,3106.8,3018.87,2959.67,2817.13,
,FG0555,,0,320,,0,0,Y,3106.8,3018.87,2959.67,2817.13,Bihar
,FG0555,,0,320,,0,0,Y,3106.8,3018.87,2959.67,2817.13,Jharkhand
,FG0555,,0,320,,0,0,Y,3106.8,3018.87,2959.67,2817.13,KOLKATA
,FG0555,,0,320,,0,0,Y,3106.8,3018.87,2959.67,2817.13,ODISHA
,FG0555,,0,320,,0,0,Y,3106.8,3018.87,2959.67,2817.13,ROB
,FG0522,,0,7.5,,0,0,Y,699.03,679.25,665.93,633.85,
,FG0522,,0,7.5,,0,0,Y,699.03,679.25,665.93,633.85,Bihar
,FG0522,,0,7.5,,0,0,Y,699.03,679.25,665.93,633.85,Jharkhand
,FG0522,,0,7.5,,0,0,Y,699.03,679.25,665.93,633.85,KOLKATA
,FG0522,,0,7.5,,0,0,Y,699.03,679.25,665.93,633.85,ODISHA
,FG0522,,0,7.5,,0,0,Y,699.03,679.25,665.93,633.85,ROB
,FG0523,,0,0,,0,0,Y,0,0,0,0,
,FG0523,,0,0,,0,0,Y,0,0,0,0,Bihar
,FG0523,,0,0,,0,0,Y,0,0,0,0,Jharkhand
,FG0523,,0,0,,0,0,Y,0,0,0,0,KOLKATA
,FG0523,,0,0,,0,0,Y,0,0,0,0,ODISHA
,FG0523,,0,0,,0,0,Y,0,0,0,0,ROB
,FG0524,,0,0,,0,0,Y,0,0,0,0,
,FG0524,,0,0,,0,0,Y,0,0,0,0,Bihar
,FG0524,,0,0,,0,0,Y,0,0,0,0,Jharkhand
,FG0524,,0,0,,0,0,Y,0,0,0,0,KOLKATA
,FG0524,,0,0,,0,0,Y,0,0,0,0,ODISHA
,FG0524,,0,0,,0,0,Y,0,0,0,0,ROB
,FG0556,,0,3.75,,0,0,Y,1310.68,1261.68,1236.94,1177.37,
,FG0556,,0,3.75,,0,0,Y,1310.68,1261.68,1236.94,1177.37,Bihar
,FG0556,,0,3.75,,0,0,Y,1310.68,1261.68,1236.94,1177.37,Jharkhand
,FG0556,,0,3.75,,0,0,Y,1310.68,1261.68,1236.94,1177.37,KOLKATA
,FG0556,,0,3.75,,0,0,Y,1310.68,1261.68,1236.94,1177.37,ODISHA
,FG0556,,0,3.75,,0,0,Y,1310.68,1261.68,1236.94,1177.37,ROB
,FG0547,,0,312,,0,0,Y,3029.13,2943.4,2885.68,2746.7,
,FG0547,,0,312,,0,0,Y,3029.13,2943.4,2885.68,2746.7,Bihar
,FG0547,,0,312,,0,0,Y,3029.13,2943.4,2885.68,2746.7,Jharkhand
,FG0547,,0,312,,0,0,Y,3029.13,2943.4,2885.68,2746.7,KOLKATA
,FG0547,,0,312,,0,0,Y,3029.13,2943.4,2885.68,2746.7,ODISHA
,FG0547,,0,312,,0,0,Y,3029.13,2943.4,2885.68,2746.7,ROB
,FG0529,,0,232,,0,0,Y,2252.43,2188.68,2145.76,2042.42,
,FG0529,,0,232,,0,0,Y,2252.43,2188.68,2145.76,2042.42,Bihar
,FG0529,,0,232,,0,0,Y,2252.43,2188.68,2145.76,2042.42,Jharkhand
,FG0529,,0,232,,0,0,Y,2252.43,2188.68,2145.76,2042.42,KOLKATA
,FG0529,,0,232,,0,0,Y,2252.43,2188.68,2145.76,2042.42,ODISHA
,FG0529,,0,232,,0,0,Y,2252.43,2188.68,2145.76,2042.42,ROB
,FG0538,,0,3.75,,0,0,Y,1310.68,1261.68,1236.94,1177.37,
,FG0538,,0,3.75,,0,0,Y,1310.68,1261.68,1236.94,1177.37,Bihar
,FG0538,,0,3.75,,0,0,Y,1310.68,1261.68,1236.94,1177.37,Jharkhand
,FG0538,,0,3.75,,0,0,Y,1310.68,1261.68,1236.94,1177.37,KOLKATA
,FG0538,,0,3.75,,0,0,Y,1310.68,1261.68,1236.94,1177.37,ODISHA
,FG0538,,0,3.75,,0,0,Y,1310.68,1261.68,1236.94,1177.37,ROB
,FG0537,,0,576,,0,0,Y,5592.23,5433.96,5327.41,5070.83,
,FG0537,,0,576,,0,0,Y,5592.23,5433.96,5327.41,5070.83,Bihar
,FG0537,,0,576,,0,0,Y,5592.23,5433.96,5327.41,5070.83,Jharkhand
,FG0537,,0,576,,0,0,Y,5592.23,5433.96,5327.41,5070.83,KOLKATA
,FG0537,,0,576,,0,0,Y,5592.23,5433.96,5327.41,5070.83,ODISHA
,FG0537,,0,576,,0,0,Y,5592.23,5433.96,5327.41,5070.83,ROB
,FG0531,,0,320,,0,0,Y,3106.8,3018.87,2959.67,2817.13,
,FG0531,,0,320,,0,0,Y,3106.8,3018.87,2959.67,2817.13,Bihar
,FG0531,,0,320,,0,0,Y,3106.8,3018.87,2959.67,2817.13,Jharkhand
,FG0531,,0,320,,0,0,Y,3106.8,3018.87,2959.67,2817.13,KOLKATA
,FG0531,,0,320,,0,0,Y,3106.8,3018.87,2959.67,2817.13,ODISHA
,FG0531,,0,320,,0,0,Y,3106.8,3018.87,2959.67,2817.13,ROB
,FG0539,,0,256,,0,0,Y,2485.44,2415.09,2367.74,2253.7,
,FG0539,,0,256,,0,0,Y,2485.44,2415.09,2367.74,2253.7,Bihar
,FG0539,,0,256,,0,0,Y,2485.44,2415.09,2367.74,2253.7,Jharkhand
,FG0539,,0,256,,0,0,Y,2485.44,2415.09,2367.74,2253.7,KOLKATA
,FG0539,,0,256,,0,0,Y,2485.44,2415.09,2367.74,2253.7,ODISHA
,FG0539,,0,256,,0,0,Y,2485.44,2415.09,2367.74,2253.7,ROB
,FG0544,,0,3.75,,0,0,Y,1310.68,1261.68,1236.94,1177.37,
,FG0544,,0,3.75,,0,0,Y,1310.68,1261.68,1236.94,1177.37,Bihar
,FG0544,,0,3.75,,0,0,Y,1310.68,1261.68,1236.94,1177.37,Jharkhand
,FG0544,,0,3.75,,0,0,Y,1310.68,1261.68,1236.94,1177.37,KOLKATA
,FG0544,,0,3.75,,0,0,Y,1310.68,1261.68,1236.94,1177.37,ODISHA
,FG0544,,0,3.75,,0,0,Y,1310.68,1261.68,1236.94,1177.37,ROB
,FG0527,,0,400,,0,0,Y,3883.5,3773.58,3699.59,3521.41,
,FG0527,,0,400,,0,0,Y,3883.5,3773.58,3699.59,3521.41,Bihar
,FG0527,,0,400,,0,0,Y,3883.5,3773.58,3699.59,3521.41,Jharkhand
,FG0527,,0,400,,0,0,Y,3883.5,3773.58,3699.59,3521.41,KOLKATA
,FG0527,,0,400,,0,0,Y,3883.5,3773.58,3699.59,3521.41,ODISHA
,FG0527,,0,400,,0,0,Y,3883.5,3773.58,3699.59,3521.41,ROB
,FG0532,,0,108,,0,0,Y,1048.54,1018.87,998.89,950.78,
,FG0532,,0,108,,0,0,Y,1048.54,1018.87,998.89,950.78,Bihar
,FG0532,,0,108,,0,0,Y,1048.54,1018.87,998.89,950.78,Jharkhand
,FG0532,,0,108,,0,0,Y,1048.54,1018.87,998.89,950.78,KOLKATA
,FG0532,,0,108,,0,0,Y,1048.54,1018.87,998.89,950.78,ODISHA
,FG0532,,0,108,,0,0,Y,1048.54,1018.87,998.89,950.78,ROB
,FG0561,,0,153,,0,0,Y,2228.16,2165.09,2122.64,2020.41,
,FG0561,,0,153,,0,0,Y,2228.16,2165.09,2122.64,2020.41,Bihar
,FG0561,,0,153,,0,0,Y,2228.16,2165.09,2122.64,2020.41,Jharkhand
,FG0561,,0,153,,0,0,Y,2228.16,2165.09,2122.64,2020.41,KOLKATA
,FG0561,,0,153,,0,0,Y,2228.16,2165.09,2122.64,2020.41,ODISHA
,FG0561,,0,153,,0,0,Y,2228.16,2165.09,2122.64,2020.41,ROB
,FG0562,,0,8,,0,0,Y,1553.4,1495.33,1466.01,1395.4,
,FG0562,,0,8,,0,0,Y,1553.4,1495.33,1466.01,1395.4,Bihar
,FG0562,,0,8,,0,0,Y,1553.4,1495.33,1466.01,1395.4,Jharkhand
,FG0562,,0,8,,0,0,Y,1553.4,1495.33,1466.01,1395.4,KOLKATA
,FG0562,,0,8,,0,0,Y,1553.4,1495.33,1466.01,1395.4,ODISHA
,FG0562,,0,8,,0,0,Y,1553.4,1495.33,1466.01,1395.4,ROB
,FG0563,,0,0,,0,0,Y,0,0,0,0,
,FG0563,,0,0,,0,0,Y,0,0,0,0,Bihar
,FG0563,,0,0,,0,0,Y,0,0,0,0,Jharkhand
,FG0563,,0,0,,0,0,Y,0,0,0,0,KOLKATA
,FG0563,,0,0,,0,0,Y,0,0,0,0,ODISHA
,FG0563,,0,0,,0,0,Y,0,0,0,0,ROB
,FG0564,,0,8,,0,0,Y,1553.4,1495.33,1466.01,1395.4,
,FG0564,,0,8,,0,0,Y,1553.4,1495.33,1466.01,1395.4,Bihar
,FG0564,,0,8,,0,0,Y,1553.4,1495.33,1466.01,1395.4,Jharkhand
,FG0564,,0,8,,0,0,Y,1553.4,1495.33,1466.01,1395.4,KOLKATA
,FG0564,,0,8,,0,0,Y,1553.4,1495.33,1466.01,1395.4,ODISHA
,FG0564,,0,8,,0,0,Y,1553.4,1495.33,1466.01,1395.4,ROB
,FG0565,,0,0,,0,0,Y,0,0,0,0,
,FG0565,,0,0,,0,0,Y,0,0,0,0,Bihar
,FG0565,,0,0,,0,0,Y,0,0,0,0,Jharkhand
,FG0565,,0,0,,0,0,Y,0,0,0,0,KOLKATA
,FG0565,,0,0,,0,0,Y,0,0,0,0,ODISHA
,FG0565,,0,0,,0,0,Y,0,0,0,0,ROB
,FG0566,,0,8,,0,0,Y,1553.4,1495.33,1466.01,1395.4,
,FG0566,,0,8,,0,0,Y,1553.4,1495.33,1466.01,1395.4,Bihar
,FG0566,,0,8,,0,0,Y,1553.4,1495.33,1466.01,1395.4,Jharkhand
,FG0566,,0,8,,0,0,Y,1553.4,1495.33,1466.01,1395.4,KOLKATA
,FG0566,,0,8,,0,0,Y,1553.4,1495.33,1466.01,1395.4,ODISHA
,FG0566,,0,8,,0,0,Y,1553.4,1495.33,1466.01,1395.4,ROB
,FG0567,,0,235.2,,0,0,Y,5480.39,5325.28,5220.87,4969.41,
,FG0567,,0,235.2,,0,0,Y,5480.39,5325.28,5220.87,4969.41,Bihar
,FG0567,,0,235.2,,0,0,Y,5480.39,5325.28,5220.87,4969.41,Jharkhand
,FG0567,,0,235.2,,0,0,Y,5480.39,5325.28,5220.87,4969.41,KOLKATA
,FG0567,,0,235.2,,0,0,Y,5480.39,5325.28,5220.87,4969.41,ODISHA
,FG0567,,0,235.2,,0,0,Y,5480.39,5325.28,5220.87,4969.41,ROB
,FG0568,,0,8,,0,0,Y,1553.4,1495.33,1466.01,1395.4,
,FG0568,,0,8,,0,0,Y,1553.4,1495.33,1466.01,1395.4,Bihar
,FG0568,,0,8,,0,0,Y,1553.4,1495.33,1466.01,1395.4,Jharkhand
,FG0568,,0,8,,0,0,Y,1553.4,1495.33,1466.01,1395.4,KOLKATA
,FG0568,,0,8,,0,0,Y,1553.4,1495.33,1466.01,1395.4,ODISHA
,FG0568,,0,8,,0,0,Y,1553.4,1495.33,1466.01,1395.4,ROB
,FG0569,,0,420,,0,0,Y,4893.2,4754.72,4661.49,4436.98,
,FG0569,,0,420,,0,0,Y,4893.2,4754.72,4661.49,4436.98,Bihar
,FG0569,,0,420,,0,0,Y,4893.2,4754.72,4661.49,4436.98,Jharkhand
,FG0569,,0,420,,0,0,Y,4893.2,4754.72,4661.49,4436.98,KOLKATA
,FG0569,,0,420,,0,0,Y,4893.2,4754.72,4661.49,4436.98,ODISHA
,FG0569,,0,420,,0,0,Y,4893.2,4754.72,4661.49,4436.98,ROB
,FG0570,,0,8,,0,0,Y,1553.4,1495.33,1466.01,1395.4,
,FG0570,,0,8,,0,0,Y,1553.4,1495.33,1466.01,1395.4,Bihar
,FG0570,,0,8,,0,0,Y,1553.4,1495.33,1466.01,1395.4,Jharkhand
,FG0570,,0,8,,0,0,Y,1553.4,1495.33,1466.01,1395.4,KOLKATA
,FG0570,,0,8,,0,0,Y,1553.4,1495.33,1466.01,1395.4,ODISHA
,FG0570,,0,8,,0,0,Y,1553.4,1495.33,1466.01,1395.4,ROB
,FG0571,,0,168,,0,0,Y,3914.56,3803.77,3729.19,3549.58,
,FG0571,,0,168,,0,0,Y,3914.56,3803.77,3729.19,3549.58,Bihar
,FG0571,,0,168,,0,0,Y,3914.56,3803.77,3729.19,3549.58,Jharkhand
,FG0571,,0,168,,0,0,Y,3914.56,3803.77,3729.19,3549.58,KOLKATA
,FG0571,,0,168,,0,0,Y,3914.56,3803.77,3729.19,3549.58,ODISHA
,FG0571,,0,168,,0,0,Y,3914.56,3803.77,3729.19,3549.58,ROB
,FG0572,,0,8,,0,0,Y,1553.4,1495.33,1466.01,1395.4,
,FG0572,,0,8,,0,0,Y,1553.4,1495.33,1466.01,1395.4,Bihar
,FG0572,,0,8,,0,0,Y,1553.4,1495.33,1466.01,1395.4,Jharkhand
,FG0572,,0,8,,0,0,Y,1553.4,1495.33,1466.01,1395.4,KOLKATA
,FG0572,,0,8,,0,0,Y,1553.4,1495.33,1466.01,1395.4,ODISHA
,FG0572,,0,8,,0,0,Y,1553.4,1495.33,1466.01,1395.4,ROB
,FG0573,,0,302.4,,0,0,Y,3523.11,3423.4,3356.27,3194.62,
,FG0573,,0,302.4,,0,0,Y,3523.11,3423.4,3356.27,3194.62,Bihar
,FG0573,,0,302.4,,0,0,Y,3523.11,3423.4,3356.27,3194.62,Jharkhand
,FG0573,,0,302.4,,0,0,Y,3523.11,3423.4,3356.27,3194.62,KOLKATA
,FG0573,,0,302.4,,0,0,Y,3523.11,3423.4,3356.27,3194.62,ODISHA
,FG0573,,0,302.4,,0,0,Y,3523.11,3423.4,3356.27,3194.62,ROB
,FG0574,,0,8,,0,0,Y,1553.4,1495.33,1466.01,1395.4,
,FG0574,,0,8,,0,0,Y,1553.4,1495.33,1466.01,1395.4,Bihar
,FG0574,,0,8,,0,0,Y,1553.4,1495.33,1466.01,1395.4,Jharkhand
,FG0574,,0,8,,0,0,Y,1553.4,1495.33,1466.01,1395.4,KOLKATA
,FG0574,,0,8,,0,0,Y,1553.4,1495.33,1466.01,1395.4,ODISHA
,FG0574,,0,8,,0,0,Y,1553.4,1495.33,1466.01,1395.4,ROB
,FG0575,,0,201.6,,0,0,Y,4697.48,4564.53,4475.03,4259.5,
,FG0575,,0,201.6,,0,0,Y,4697.48,4564.53,4475.03,4259.5,Bihar
,FG0575,,0,201.6,,0,0,Y,4697.48,4564.53,4475.03,4259.5,Jharkhand
,FG0575,,0,201.6,,0,0,Y,4697.48,4564.53,4475.03,4259.5,KOLKATA
,FG0575,,0,201.6,,0,0,Y,4697.48,4564.53,4475.03,4259.5,ODISHA
,FG0575,,0,201.6,,0,0,Y,4697.48,4564.53,4475.03,4259.5,ROB
,FG0576,,0,8,,0,0,Y,1553.4,1495.33,1466.01,1395.4,
,FG0576,,0,8,,0,0,Y,1553.4,1495.33,1466.01,1395.4,Bihar
,FG0576,,0,8,,0,0,Y,1553.4,1495.33,1466.01,1395.4,Jharkhand
,FG0576,,0,8,,0,0,Y,1553.4,1495.33,1466.01,1395.4,KOLKATA
,FG0576,,0,8,,0,0,Y,1553.4,1495.33,1466.01,1395.4,ODISHA
,FG0576,,0,8,,0,0,Y,1553.4,1495.33,1466.01,1395.4,ROB
,FG0577,,0,240,,0,0,Y,4660.19,4528.3,4439.51,4225.69,
,FG0577,,0,240,,0,0,Y,4660.19,4528.3,4439.51,4225.69,Bihar
,FG0577,,0,240,,0,0,Y,4660.19,4528.3,4439.51,4225.69,Jharkhand
,FG0577,,0,240,,0,0,Y,4660.19,4528.3,4439.51,4225.69,KOLKATA
,FG0577,,0,240,,0,0,Y,4660.19,4528.3,4439.51,4225.69,ODISHA
,FG0577,,0,240,,0,0,Y,4660.19,4528.3,4439.51,4225.69,ROB
,FG0578,,0,8,,0,0,Y,1553.4,1495.33,1466.01,1395.4,
,FG0578,,0,8,,0,0,Y,1553.4,1495.33,1466.01,1395.4,Bihar
,FG0578,,0,8,,0,0,Y,1553.4,1495.33,1466.01,1395.4,Jharkhand
,FG0578,,0,8,,0,0,Y,1553.4,1495.33,1466.01,1395.4,KOLKATA
,FG0578,,0,8,,0,0,Y,1553.4,1495.33,1466.01,1395.4,ODISHA
,FG0578,,0,8,,0,0,Y,1553.4,1495.33,1466.01,1395.4,ROB
,FG0579,,0,240,,0,0,Y,4660.19,4528.3,4439.51,4225.69,
,FG0579,,0,240,,0,0,Y,4660.19,4528.3,4439.51,4225.69,Bihar
,FG0579,,0,240,,0,0,Y,4660.19,4528.3,4439.51,4225.69,Jharkhand
,FG0579,,0,240,,0,0,Y,4660.19,4528.3,4439.51,4225.69,KOLKATA
,FG0579,,0,240,,0,0,Y,4660.19,4528.3,4439.51,4225.69,ODISHA
,FG0579,,0,240,,0,0,Y,4660.19,4528.3,4439.51,4225.69,ROB
,FG0580,,0,8,,0,0,Y,1553.4,1495.33,1466.01,1395.4,
,FG0580,,0,8,,0,0,Y,1553.4,1495.33,1466.01,1395.4,Bihar
,FG0580,,0,8,,0,0,Y,1553.4,1495.33,1466.01,1395.4,Jharkhand
,FG0580,,0,8,,0,0,Y,1553.4,1495.33,1466.01,1395.4,KOLKATA
,FG0580,,0,8,,0,0,Y,1553.4,1495.33,1466.01,1395.4,ODISHA
,FG0580,,0,8,,0,0,Y,1553.4,1495.33,1466.01,1395.4,ROB
,FG0581,,0,336,,0,0,Y,3914.56,3803.77,3729.19,3549.58,
,FG0581,,0,336,,0,0,Y,3914.56,3803.77,3729.19,3549.58,Bihar
,FG0581,,0,336,,0,0,Y,3914.56,3803.77,3729.19,3549.58,Jharkhand
,FG0581,,0,336,,0,0,Y,3914.56,3803.77,3729.19,3549.58,KOLKATA
,FG0581,,0,336,,0,0,Y,3914.56,3803.77,3729.19,3549.58,ODISHA
,FG0581,,0,336,,0,0,Y,3914.56,3803.77,3729.19,3549.58,ROB
,FG0582,,0,8,,0,0,Y,1553.4,1495.33,1466.01,1395.4,
,FG0582,,0,8,,0,0,Y,1553.4,1495.33,1466.01,1395.4,Bihar
,FG0582,,0,8,,0,0,Y,1553.4,1495.33,1466.01,1395.4,Jharkhand
,FG0582,,0,8,,0,0,Y,1553.4,1495.33,1466.01,1395.4,KOLKATA
,FG0582,,0,8,,0,0,Y,1553.4,1495.33,1466.01,1395.4,ODISHA
,FG0582,,0,8,,0,0,Y,1553.4,1495.33,1466.01,1395.4,ROB
,FG0583,,0,164,,0,0,Y,159.22,153.27,150.27,143.03,
,FG0583,,0,164,,0,0,Y,159.22,153.27,150.27,143.03,Bihar
,FG0583,,0,164,,0,0,Y,159.22,153.27,150.27,143.03,Jharkhand
,FG0583,,0,164,,0,0,Y,159.22,153.27,150.27,143.03,KOLKATA
,FG0583,,0,164,,0,0,Y,159.22,153.27,150.27,143.03,ODISHA
,FG0583,,0,164,,0,0,Y,159.22,153.27,150.27,143.03,ROB
,FG0584,,0,8,,0,0,Y,1553.4,1495.33,1466.01,1395.4,
,FG0584,,0,8,,0,0,Y,1553.4,1495.33,1466.01,1395.4,Bihar
,FG0584,,0,8,,0,0,Y,1553.4,1495.33,1466.01,1395.4,Jharkhand
,FG0584,,0,8,,0,0,Y,1553.4,1495.33,1466.01,1395.4,KOLKATA
,FG0584,,0,8,,0,0,Y,1553.4,1495.33,1466.01,1395.4,ODISHA
,FG0584,,0,8,,0,0,Y,1553.4,1495.33,1466.01,1395.4,ROB
,FG0585,,0,202.5,,0,0,Y,3932.04,3820.75,3745.84,3565.43,
,FG0585,,0,202.5,,0,0,Y,3932.04,3820.75,3745.84,3565.43,Bihar
,FG0585,,0,202.5,,0,0,Y,3932.04,3820.75,3745.84,3565.43,Jharkhand
,FG0585,,0,202.5,,0,0,Y,3932.04,3820.75,3745.84,3565.43,KOLKATA
,FG0585,,0,202.5,,0,0,Y,3932.04,3820.75,3745.84,3565.43,ODISHA
,FG0585,,0,202.5,,0,0,Y,3932.04,3820.75,3745.84,3565.43,ROB
,FG0586,,0,8,,0,0,Y,1553.4,1495.33,1466.01,1395.4,
,FG0586,,0,8,,0,0,Y,1553.4,1495.33,1466.01,1395.4,Bihar
,FG0586,,0,8,,0,0,Y,1553.4,1495.33,1466.01,1395.4,Jharkhand
,FG0586,,0,8,,0,0,Y,1553.4,1495.33,1466.01,1395.4,KOLKATA
,FG0586,,0,8,,0,0,Y,1553.4,1495.33,1466.01,1395.4,ODISHA
,FG0586,,0,8,,0,0,Y,1553.4,1495.33,1466.01,1395.4,ROB
,FG0587,,0,8,,0,0,Y,1331.48,1293.8,1268.43,1207.34,
,FG0587,,0,8,,0,0,Y,1331.48,1293.8,1268.43,1207.34,Bihar
,FG0587,,0,8,,0,0,Y,1331.48,1293.8,1268.43,1207.34,Jharkhand
,FG0587,,0,8,,0,0,Y,1331.48,1293.8,1268.43,1207.34,KOLKATA
,FG0587,,0,8,,0,0,Y,1331.48,1293.8,1268.43,1207.34,ODISHA
,FG0587,,0,8,,0,0,Y,1331.48,1293.8,1268.43,1207.34,ROB
,FG0588,,0,8,,0,0,Y,1553.4,1495.33,1466.01,1395.4,
,FG0588,,0,8,,0,0,Y,1553.4,1495.33,1466.01,1395.4,Bihar
,FG0588,,0,8,,0,0,Y,1553.4,1495.33,1466.01,1395.4,Jharkhand
,FG0588,,0,8,,0,0,Y,1553.4,1495.33,1466.01,1395.4,KOLKATA
,FG0588,,0,8,,0,0,Y,1553.4,1495.33,1466.01,1395.4,ODISHA
,FG0588,,0,8,,0,0,Y,1553.4,1495.33,1466.01,1395.4,ROB
,FG0589,,0,8,,0,0,Y,1553.4,1495.33,1466.01,1395.4,
,FG0589,,0,8,,0,0,Y,1553.4,1495.33,1466.01,1395.4,Bihar
,FG0589,,0,8,,0,0,Y,1553.4,1495.33,1466.01,1395.4,Jharkhand
,FG0589,,0,8,,0,0,Y,1553.4,1495.33,1466.01,1395.4,KOLKATA
,FG0589,,0,8,,0,0,Y,1553.4,1495.33,1466.01,1395.4,ODISHA
,FG0589,,0,8,,0,0,Y,1553.4,1495.33,1466.01,1395.4,ROB
,FG0590,,0,8,,0,0,Y,1553.4,1495.33,1466.01,1395.4,
,FG0590,,0,8,,0,0,Y,1553.4,1495.33,1466.01,1395.4,Bihar
,FG0590,,0,8,,0,0,Y,1553.4,1495.33,1466.01,1395.4,Jharkhand
,FG0590,,0,8,,0,0,Y,1553.4,1495.33,1466.01,1395.4,KOLKATA
,FG0590,,0,8,,0,0,Y,1553.4,1495.33,1466.01,1395.4,ODISHA
,FG0590,,0,8,,0,0,Y,1553.4,1495.33,1466.01,1395.4,ROB
,FG0591,,0,8,,0,0,Y,1553.4,1495.33,1466.01,1395.4,
,FG0591,,0,8,,0,0,Y,1553.4,1495.33,1466.01,1395.4,Bihar
,FG0591,,0,8,,0,0,Y,1553.4,1495.33,1466.01,1395.4,Jharkhand
,FG0591,,0,8,,0,0,Y,1553.4,1495.33,1466.01,1395.4,KOLKATA
,FG0591,,0,8,,0,0,Y,1553.4,1495.33,1466.01,1395.4,ODISHA
,FG0591,,0,8,,0,0,Y,1553.4,1495.33,1466.01,1395.4,ROB
,FG0592,,0,8,,0,0,Y,1553.4,1495.33,1466.01,1395.4,
,FG0592,,0,8,,0,0,Y,1553.4,1495.33,1466.01,1395.4,Bihar
,FG0592,,0,8,,0,0,Y,1553.4,1495.33,1466.01,1395.4,Jharkhand
,FG0592,,0,8,,0,0,Y,1553.4,1495.33,1466.01,1395.4,KOLKATA
,FG0592,,0,8,,0,0,Y,1553.4,1495.33,1466.01,1395.4,ODISHA
,FG0592,,0,8,,0,0,Y,1553.4,1495.33,1466.01,1395.4,ROB
,FG0593,,0,8,,0,0,Y,1553.4,1495.33,1466.01,1395.4,
,FG0593,,0,8,,0,0,Y,1553.4,1495.33,1466.01,1395.4,Bihar
,FG0593,,0,8,,0,0,Y,1553.4,1495.33,1466.01,1395.4,Jharkhand
,FG0593,,0,8,,0,0,Y,1553.4,1495.33,1466.01,1395.4,KOLKATA
,FG0593,,0,8,,0,0,Y,1553.4,1495.33,1466.01,1395.4,ODISHA
,FG0593,,0,8,,0,0,Y,1553.4,1495.33,1466.01,1395.4,ROB
,FG0594,,0,8,,0,0,Y,1553.4,1495.33,1466.01,1395.4,
,FG0594,,0,8,,0,0,Y,1553.4,1495.33,1466.01,1395.4,Bihar
,FG0594,,0,8,,0,0,Y,1553.4,1495.33,1466.01,1395.4,Jharkhand
,FG0594,,0,8,,0,0,Y,1553.4,1495.33,1466.01,1395.4,KOLKATA
,FG0594,,0,8,,0,0,Y,1553.4,1495.33,1466.01,1395.4,ODISHA
,FG0594,,0,8,,0,0,Y,1553.4,1495.33,1466.01,1395.4,ROB
,FG0595,,0,16,,0,0,Y,2330.1,2264.15,2219.76,2112.85,
,FG0595,,0,16,,0,0,Y,2330.1,2264.15,2219.76,2112.85,Bihar
,FG0595,,0,16,,0,0,Y,2330.1,2264.15,2219.76,2112.85,Jharkhand
,FG0595,,0,16,,0,0,Y,2330.1,2264.15,2219.76,2112.85,KOLKATA
,FG0595,,0,16,,0,0,Y,2330.1,2264.15,2219.76,2112.85,ODISHA
,FG0595,,0,16,,0,0,Y,2330.1,2264.15,2219.76,2112.85,ROB
,FG0596,,0,40,,0,0,Y,1941.75,1886.79,1849.8,1760.7,
,FG0596,,0,40,,0,0,Y,1941.75,1886.79,1849.8,1760.7,Bihar
,FG0596,,0,40,,0,0,Y,1941.75,1886.79,1849.8,1760.7,Jharkhand
,FG0596,,0,40,,0,0,Y,1941.75,1886.79,1849.8,1760.7,KOLKATA
,FG0596,,0,40,,0,0,Y,1941.75,1886.79,1849.8,1760.7,ODISHA
,FG0596,,0,40,,0,0,Y,1941.75,1886.79,1849.8,1760.7,ROB
,FG0597,,0,135,,0,0,Y,2621.36,2547.17,2497.23,2376.95,
,FG0597,,0,135,,0,0,Y,2621.36,2547.17,2497.23,2376.95,Bihar
,FG0597,,0,135,,0,0,Y,2621.36,2547.17,2497.23,2376.95,Jharkhand
,FG0597,,0,135,,0,0,Y,2621.36,2547.17,2497.23,2376.95,KOLKATA
,FG0597,,0,135,,0,0,Y,2621.36,2547.17,2497.23,2376.95,ODISHA
,FG0597,,0,135,,0,0,Y,2621.36,2547.17,2497.23,2376.95,ROB
,FG0598,,0,48,,0,0,Y,1398.06,1358.49,1331.85,1267.71,
,FG0598,,0,48,,0,0,Y,1398.06,1358.49,1331.85,1267.71,Bihar
,FG0598,,0,48,,0,0,Y,1398.06,1358.49,1331.85,1267.71,Jharkhand
,FG0598,,0,48,,0,0,Y,1398.06,1358.49,1331.85,1267.71,KOLKATA
,FG0598,,0,48,,0,0,Y,1398.06,1358.49,1331.85,1267.71,ODISHA
,FG0598,,0,48,,0,0,Y,1398.06,1358.49,1331.85,1267.71,ROB
,FG0599,,0,48,,0,0,Y,1398.06,1358.49,1331.85,1267.71,
,FG0599,,0,48,,0,0,Y,1398.06,1358.49,1331.85,1267.71,Bihar
,FG0599,,0,48,,0,0,Y,1398.06,1358.49,1331.85,1267.71,Jharkhand
,FG0599,,0,48,,0,0,Y,1398.06,1358.49,1331.85,1267.71,KOLKATA
,FG0599,,0,48,,0,0,Y,1398.06,1358.49,1331.85,1267.71,ODISHA
,FG0599,,0,48,,0,0,Y,1398.06,1358.49,1331.85,1267.71,ROB
,FG0600,,0,170,,0,0,Y,1650.49,1603.77,1572.33,1496.6,
,FG0600,,0,170,,0,0,Y,1650.49,1603.77,1572.33,1496.6,Bihar
,FG0600,,0,170,,0,0,Y,1650.49,1603.77,1572.33,1496.6,Jharkhand
,FG0600,,0,170,,0,0,Y,1650.49,1603.77,1572.33,1496.6,KOLKATA
,FG0600,,0,170,,0,0,Y,1650.49,1603.77,1572.33,1496.6,ODISHA
,FG0600,,0,170,,0,0,Y,1650.49,1603.77,1572.33,1496.6,ROB
,FG0601,,0,108,,0,0,Y,1048.54,1018.87,998.89,950.78,
,FG0601,,0,108,,0,0,Y,1048.54,1018.87,998.89,950.78,Bihar
,FG0601,,0,108,,0,0,Y,1048.54,1018.87,998.89,950.78,Jharkhand
,FG0601,,0,108,,0,0,Y,1048.54,1018.87,998.89,950.78,KOLKATA
,FG0601,,0,108,,0,0,Y,1048.54,1018.87,998.89,950.78,ODISHA
,FG0601,,0,108,,0,0,Y,1048.54,1018.87,998.89,950.78,ROB
,FG0602,,0,108,,0,0,Y,1048.54,1018.87,998.89,950.78,
,FG0602,,0,108,,0,0,Y,1048.54,1018.87,998.89,950.78,Bihar
,FG0602,,0,108,,0,0,Y,1048.54,1018.87,998.89,950.78,Jharkhand
,FG0602,,0,108,,0,0,Y,1048.54,1018.87,998.89,950.78,KOLKATA
,FG0602,,0,108,,0,0,Y,1048.54,1018.87,998.89,950.78,ODISHA
,FG0602,,0,108,,0,0,Y,1048.54,1018.87,998.89,950.78,ROB
,FG0603,,0,232,,0,0,Y,2252.43,2188.68,2145.76,2042.42,
,FG0603,,0,232,,0,0,Y,2252.43,2188.68,2145.76,2042.42,Bihar
,FG0603,,0,232,,0,0,Y,2252.43,2188.68,2145.76,2042.42,Jharkhand
,FG0603,,0,232,,0,0,Y,2252.43,2188.68,2145.76,2042.42,KOLKATA
,FG0603,,0,232,,0,0,Y,2252.43,2188.68,2145.76,2042.42,ODISHA
,FG0603,,0,232,,0,0,Y,2252.43,2188.68,2145.76,2042.42,ROB
,FG0604,,0,153,,0,0,Y,2228.16,2165.09,2122.64,2020.41,
,FG0604,,0,153,,0,0,Y,2228.16,2165.09,2122.64,2020.41,Bihar
,FG0604,,0,153,,0,0,Y,2228.16,2165.09,2122.64,2020.41,Jharkhand
,FG0604,,0,153,,0,0,Y,2228.16,2165.09,2122.64,2020.41,KOLKATA
,FG0604,,0,153,,0,0,Y,2228.16,2165.09,2122.64,2020.41,ODISHA
,FG0604,,0,153,,0,0,Y,2228.16,2165.09,2122.64,2020.41,ROB
,FG0605,,0,312,,0,0,Y,3029.13,2943.4,2885.68,2746.7,
,FG0605,,0,312,,0,0,Y,3029.13,2943.4,2885.68,2746.7,Bihar
,FG0605,,0,312,,0,0,Y,3029.13,2943.4,2885.68,2746.7,Jharkhand
,FG0605,,0,312,,0,0,Y,3029.13,2943.4,2885.68,2746.7,KOLKATA
,FG0605,,0,312,,0,0,Y,3029.13,2943.4,2885.68,2746.7,ODISHA
,FG0605,,0,312,,0,0,Y,3029.13,2943.4,2885.68,2746.7,ROB
,FG0606,,0,123,,0,0,Y,119.42,114.95,112.7,107.27,
,FG0606,,0,123,,0,0,Y,119.42,114.95,112.7,107.27,Bihar
,FG0606,,0,123,,0,0,Y,119.42,114.95,112.7,107.27,Jharkhand
,FG0606,,0,123,,0,0,Y,119.42,114.95,112.7,107.27,KOLKATA
,FG0606,,0,123,,0,0,Y,119.42,114.95,112.7,107.27,ODISHA
,FG0606,,0,123,,0,0,Y,119.42,114.95,112.7,107.27,ROB
,FG0607,,0,68,,0,0,Y,1320.39,1295.24,1269.84,1208.68,
,FG0607,,0,68,,0,0,Y,1320.39,1295.24,1269.84,1208.68,Bihar
,FG0607,,0,68,,0,0,Y,1320.39,1295.24,1269.84,1208.68,Jharkhand
,FG0607,,0,68,,0,0,Y,1320.39,1295.24,1269.84,1208.68,KOLKATA
,FG0607,,0,68,,0,0,Y,1320.39,1295.24,1269.84,1208.68,ODISHA
,FG0607,,0,68,,0,0,Y,1320.39,1295.24,1269.84,1208.68,ROB
