Location,Prod_Code,mrp_code,mrp,sale_rate,vertical_value
9110,400000126,,,0,HBC:Rasoi:BIB
9110,400000128,,,0,HBC:Rasoi:BIB
9110,400000139,,,0,HBC:Rasoi:BIB
9110,400000140,,,0,HBC:Rasoi:BIB
9110,400000141,,,0,HBC:Rasoi:BIB
9110,400000151,,,0,HBC:Rasoi:BIB
9110,400000152,,,0,HBC:Rasoi:BIB
9110,400000153,,,0,HBC:Rasoi:BIB
9110,400000154,,,0,HBC:Rasoi:BIB
9110,400000159,,,0,HBC:Rasoi:BIB
9110,400000170,,,0,HBC:Rasoi:BIB
9110,400000173,,,0,HBC:Rasoi:BIB
9110,400000252,,,0,HBC:Rasoi:BIB
9110,400000254,,,0,HBC:Rasoi:BIB
9110,400000255,,,0,HBC:Rasoi:BIB
9110,400000256,,,0,HBC:Rasoi:BIB
9110,400000257,,,0,HBC:Rasoi:BIB
9110,400000259,,,0,HBC:Rasoi:BIB
9110,400000260,,,0,
9110,400000273,,,0,HBC:Rasoi:BIB
9110,400000275,,,0,HBC:Rasoi:BIB
9110,400000360,,,0,
9110,400000362,,,0,
9110,400000370,,,0,
9110,400000373,,,0,
9110,400000377,,,0,
9110,400000378,,,0,
9110,400000387,,,0,
9110,400000397,,,0,HBC:Rasoi:BIB
9110,400000396,,,0,HBC:Rasoi:BIB
9110,400000441,,,0,HBC:Rasoi:BIB
9110,400000449,,,0,HBC:Rasoi:BIB
9110,400000454,,,0,HBC:Rasoi:BIB
9110,400000455,,,0,HBC:Rasoi:BIB
9110,400000430,,,0,HBC:Rasoi:BIB
9110,400000356,,,0,HBC:Rasoi:BIB
9110,400000456,,,0,HBC:Rasoi:BIB
9110,400000457,,,0,HBC:Rasoi:BIB
9110,400000395,,,0,HBC:Rasoi:BIB
9110,400000485,,,880.13,HBC:Rasoi:BIB
9110,400000499,,,880.13,HBC:Rasoi:BIB
9110,400000487,,,818.79,HBC:Rasoi:BIB
9110,400000489,,,0,HBC:Rasoi:BIB
9110,400000502,,,793.64,HBC:Rasoi:BIB
9110,400000521,,,0,HBC:Rasoi:BIB
9110,400000523,,,0,HBC:Rasoi:BIB
9110,400000481,,,855.79,HBC:Rasoi:BIB
9110,400000480,,,870,HBC:Rasoi:BIB
9110,400000524,,,0,HBC:Rasoi:BIB
9110,400000530,,,870,HBC:Rasoi:BIB
9110,400000551,,,0,HBC:Rasoi:BIB
9110,400000556,,,0,HBC:Rasoi:BIB
9110,400000557,,,0,HBC:Rasoi:BIB
9110,400000558,,,0,HBC:Rasoi:BIB
9110,400000559,,,0,HBC:Rasoi:BIB
9110,400000560,,,0,HBC:Rasoi:BIB
9110,400000441,,,0,HBC:Rasoi:BIB
9110,400000449,,,0,HBC:Rasoi:BIB
9110,400000454,,,0,HBC:Rasoi:BIB
9110,400000456,,,0,HBC:Rasoi:BIB
9110,400000457,,,0,HBC:Rasoi:BIB
9110,400000521,,,0,HBC:Rasoi:BIB
9110,400000523,,,0,HBC:Rasoi:BIB
9110,400000561,,,0,HBC:Rasoi:BIB
9110,400000571,,,0,HBC:Rasoi:BIB
9110,400000572,,,0,HBC:Rasoi:BIB
9110,400000573,,,0,HBC:Rasoi:BIB
9110,400000589,,,0,HBC:Rasoi:BIB
9110,400000550,,,880.13,HBC:Rasoi:BIB
9110,400000547,,,880.13,HBC:Rasoi:BIB
9110,400000551,,,0,HBC:Rasoi:BIB
9110,400000556,,,0,HBC:Rasoi:BIB
9110,400000557,,,0,HBC:Rasoi:BIB
9110,400000558,,,0,HBC:Rasoi:BIB
9110,400000559,,,0,HBC:Rasoi:BIB
9110,400000560,,,0,HBC:Rasoi:BIB
9110,400000561,,,0,HBC:Rasoi:BIB
9110,400000584,,,0,HBC:Rasoi:BIB
9110,400000585,,,0,HBC:Rasoi:BIB
9110,400000586,,,0,HBC:Rasoi:BIB
9110,400000587,,,0,HBC:Rasoi:BIB
9110,400000588,,,0,HBC:Rasoi:BIB
9110,400000595,,,0,HBC:Rasoi:BIB
9110,400000716,,,0,HBC:Rasoi:BIB
9110,400000594,,,0,HBC:Rasoi:BIB
9110,400000562,,,0,HBC:Rasoi:BIB
9110,400000564,,,0,HBC:Rasoi:BIB
9110,400000566,,,0,HBC:Rasoi:BIB
9110,400000611,,,0,HBC:Rasoi:BIB
9110,400000635,,,0,HBC:Rasoi:BIB
9110,400000636,,,0,HBC:Rasoi:BIB
9110,400000637,,,0,HBC:Rasoi:BIB
9110,400000698,,,0,HBC:Rasoi:BIB
9110,400000692,,,0,HBC:Rasoi:BIB
9110,400000691,,,0,HBC:Rasoi:BIB
9110,400000693,,,0,HBC:Rasoi:BIB
9110,400000678,,,0,HBC:Rasoi:BIB
9110,400000707,,,0,HBC:Rasoi:BIB
9110,400000712,,,0,HBC:Rasoi:BIB
9110,400000715,,,0,HBC:Rasoi:BIB
9110,400000776,,,0,HBC:Rasoi:BIB
9110,400000782,,,0,HBC:Rasoi:BIB
9117,400000126,,,0,HBC:Rasoi:BIB
9117,400000128,,,0,HBC:Rasoi:BIB
9117,400000139,,,0,HBC:Rasoi:BIB
9117,400000140,,,0,HBC:Rasoi:BIB
9117,400000141,,,0,HBC:Rasoi:BIB
9117,400000151,,,0,HBC:Rasoi:BIB
9117,400000152,,,0,HBC:Rasoi:BIB
9117,400000153,,,0,HBC:Rasoi:BIB
9117,400000154,,,0,HBC:Rasoi:BIB
9117,400000159,,,0,HBC:Rasoi:BIB
9117,400000170,,,0,HBC:Rasoi:BIB
9117,400000173,,,0,HBC:Rasoi:BIB
9117,400000252,,,0,HBC:Rasoi:BIB
9117,400000254,,,0,HBC:Rasoi:BIB
9117,400000255,,,0,HBC:Rasoi:BIB
9117,400000256,,,0,HBC:Rasoi:BIB
9117,400000257,,,0,HBC:Rasoi:BIB
9117,400000259,,,0,HBC:Rasoi:BIB
9117,400000260,,,0,
9117,400000273,,,0,HBC:Rasoi:BIB
9117,400000275,,,0,HBC:Rasoi:BIB
9117,400000360,,,0,
9117,400000362,,,0,
9117,400000370,,,0,
9117,400000373,,,0,
9117,400000377,,,0,
9117,400000378,,,0,
9117,400000387,,,0,
9117,400000397,,,0,HBC:Rasoi:BIB
9117,400000396,,,0,HBC:Rasoi:BIB
9117,400000441,,,0,HBC:Rasoi:BIB
9117,400000449,,,0,HBC:Rasoi:BIB
9117,400000454,,,0,HBC:Rasoi:BIB
9117,400000455,,,0,HBC:Rasoi:BIB
9117,400000430,,,0,HBC:Rasoi:BIB
9117,400000356,,,0,HBC:Rasoi:BIB
9117,400000456,,,0,HBC:Rasoi:BIB
9117,400000457,,,0,HBC:Rasoi:BIB
9117,400000395,,,0,HBC:Rasoi:BIB
9117,400001395,,,0,HBC:Rasoi:BIB
9117,400001455,,,0,HBC:Rasoi:BIB
9117,400000521,,,0,HBC:Rasoi:BIB
9117,400000523,,,0,HBC:Rasoi:BIB
9117,400000481,,,855.79,HBC:Rasoi:BIB
9117,400000480,,,896,HBC:Rasoi:BIB
9117,400000487,,,818.79,HBC:Rasoi:BIB
9117,400000502,,,793.64,HBC:Rasoi:BIB
9117,400000524,,,0,HBC:Rasoi:BIB
9117,400000530,,,896,HBC:Rasoi:BIB
9117,400000455,,,0,HBC:Rasoi:BIB
9117,400000395,,,0,HBC:Rasoi:BIB
9117,400000521,,,0,HBC:Rasoi:BIB
9117,400000523,,,0,HBC:Rasoi:BIB
9117,400000584,,,0,HBC:Rasoi:BIB
9117,400000585,,,0,HBC:Rasoi:BIB
9117,400000586,,,0,HBC:Rasoi:BIB
9117,400000587,,,0,HBC:Rasoi:BIB
9117,400000588,,,0,HBC:Rasoi:BIB
9117,400000595,,,0,HBC:Rasoi:BIB
9117,400000716,,,0,HBC:Rasoi:BIB
9117,400000562,,,0,HBC:Rasoi:BIB
9117,400000564,,,0,HBC:Rasoi:BIB
9117,400000566,,,0,HBC:Rasoi:BIB
9117,400000611,,,0,HBC:Rasoi:BIB
9117,400000635,,,0,HBC:Rasoi:BIB
9117,400000636,,,0,HBC:Rasoi:BIB
9117,400000637,,,0,HBC:Rasoi:BIB
9117,400000465,,,0,HBC:Rasoi:BIB
9117,400000692,,,0,HBC:Rasoi:BIB
9117,400000691,,,0,HBC:Rasoi:BIB
9117,400000693,,,0,HBC:Rasoi:BIB
9117,400000678,,,0,HBC:Rasoi:BIB
9117,400000712,,,0,HBC:Rasoi:BIB
9117,400000715,,,0,HBC:Rasoi:BIB
9117,400000776,,,0,HBC:Rasoi:BIB
9117,400000782,,,0,HBC:Rasoi:BIB
9117,400000594,,,0,HBC:Rasoi:BIB
9117,400000589,,,0,HBC:Rasoi:BIB
1000D,400000126,,,0,HBC:Rasoi:BIB
1000D,400000128,,,0,HBC:Rasoi:BIB
1000D,400000139,,,0,HBC:Rasoi:BIB
1000D,400000140,,,0,HBC:Rasoi:BIB
1000D,400000141,,,0,HBC:Rasoi:BIB
1000D,400000151,,,0,HBC:Rasoi:BIB
1000D,400000152,,,0,HBC:Rasoi:BIB
1000D,400000153,,,0,HBC:Rasoi:BIB
1000D,400000154,,,0,HBC:Rasoi:BIB
1000D,400000159,,,0,HBC:Rasoi:BIB
1000D,400000170,,,0,HBC:Rasoi:BIB
1000D,400000173,,,0,HBC:Rasoi:BIB
1000D,400000252,,,0,HBC:Rasoi:BIB
1000D,400000254,,,0,HBC:Rasoi:BIB
1000D,400000255,,,0,HBC:Rasoi:BIB
1000D,400000256,,,0,HBC:Rasoi:BIB
1000D,400000257,,,0,HBC:Rasoi:BIB
1000D,400000259,,,0,HBC:Rasoi:BIB
1000D,400000260,,,0,
1000D,400000273,,,0,HBC:Rasoi:BIB
1000D,400000275,,,0,HBC:Rasoi:BIB
1000D,400000360,,,0,
1000D,400000362,,,0,
1000D,400000370,,,0,
1000D,400000373,,,0,
1000D,400000377,,,0,
1000D,400000378,,,0,
1000D,400000387,,,0,
1000D,400000397,,,0,HBC:Rasoi:BIB
1000D,400000396,,,0,HBC:Rasoi:BIB
1000D,400000441,,,0,HBC:Rasoi:BIB
1000D,400000449,,,0,HBC:Rasoi:BIB
1000D,400000454,,,0,HBC:Rasoi:BIB
1000D,400000455,,,0,HBC:Rasoi:BIB
1000D,400000430,,,0,HBC:Rasoi:BIB
1000D,400000356,,,0,HBC:Rasoi:BIB
1000D,400000456,,,0,HBC:Rasoi:BIB
1000D,400000457,,,0,HBC:Rasoi:BIB
1000D,400000395,,,0,HBC:Rasoi:BIB
1000D,400000485,,,880.13,HBC:Rasoi:BIB
1000D,400000499,,,880.13,HBC:Rasoi:BIB
1000D,400000487,,,799.59,HBC:Rasoi:BIB
1000D,400000489,,,0,HBC:Rasoi:BIB
1000D,400000502,,,775.64,HBC:Rasoi:BIB
1000D,400000521,,,0,HBC:Rasoi:BIB
1000D,400000523,,,0,HBC:Rasoi:BIB
1000D,400000481,,,836.59,HBC:Rasoi:BIB
1000D,400000480,,,852,HBC:Rasoi:BIB
1000D,400000524,,,0,HBC:Rasoi:BIB
1000D,400000530,,,852,HBC:Rasoi:BIB
1000D,400000551,,,0,HBC:Rasoi:BIB
1000D,400000556,,,0,HBC:Rasoi:BIB
1000D,400000557,,,0,HBC:Rasoi:BIB
1000D,400000558,,,0,HBC:Rasoi:BIB
1000D,400000559,,,0,HBC:Rasoi:BIB
1000D,400000560,,,0,HBC:Rasoi:BIB
1000D,400000441,,,0,HBC:Rasoi:BIB
1000D,400000449,,,0,HBC:Rasoi:BIB
1000D,400000454,,,0,HBC:Rasoi:BIB
1000D,400000455,,,0,HBC:Rasoi:BIB
1000D,400000456,,,0,HBC:Rasoi:BIB
1000D,400000457,,,0,HBC:Rasoi:BIB
1000D,400000395,,,0,HBC:Rasoi:BIB
1000D,400000521,,,0,HBC:Rasoi:BIB
1000D,400000523,,,0,HBC:Rasoi:BIB
1000D,400000561,,,0,HBC:Rasoi:BIB
1000D,400000571,,,0,HBC:Rasoi:BIB
1000D,400000572,,,0,HBC:Rasoi:BIB
1000D,400000573,,,0,HBC:Rasoi:BIB
1000D,400000589,,,0,HBC:Rasoi:BIB
1000D,400000550,,,880.13,HBC:Rasoi:BIB
1000D,400000547,,,880.13,HBC:Rasoi:BIB
1000D,400000551,,,0,HBC:Rasoi:BIB
1000D,400000556,,,0,HBC:Rasoi:BIB
1000D,400000557,,,0,HBC:Rasoi:BIB
1000D,400000558,,,0,HBC:Rasoi:BIB
1000D,400000559,,,0,HBC:Rasoi:BIB
1000D,400000560,,,0,HBC:Rasoi:BIB
1000D,400000561,,,0,HBC:Rasoi:BIB
1000D,400000584,,,0,HBC:Rasoi:BIB
1000D,400000585,,,0,HBC:Rasoi:BIB
1000D,400000586,,,0,HBC:Rasoi:BIB
1000D,400000587,,,0,HBC:Rasoi:BIB
1000D,400000588,,,0,HBC:Rasoi:BIB
1000D,400000595,,,0,HBC:Rasoi:BIB
1000D,400000716,,,0,HBC:Rasoi:BIB
1000D,400000594,,,0,HBC:Rasoi:BIB
1000D,400000562,,,0,HBC:Rasoi:BIB
1000D,400000564,,,0,HBC:Rasoi:BIB
1000D,400000566,,,0,HBC:Rasoi:BIB
1000D,400000611,,,0,HBC:Rasoi:BIB
1000D,400000635,,,0,HBC:Rasoi:BIB
1000D,400000636,,,0,HBC:Rasoi:BIB
1000D,400000637,,,0,HBC:Rasoi:BIB
1000D,400000465,,,0,HBC:Rasoi:BIB
1000D,400000692,,,0,HBC:Rasoi:BIB
1000D,400000691,,,0,HBC:Rasoi:BIB
1000D,400000693,,,0,HBC:Rasoi:BIB
1000D,400000678,,,0,HBC:Rasoi:BIB
1000D,400000698,,,0,HBC:Rasoi:BIB
1000D,400000707,,,0,HBC:Rasoi:BIB
1000D,400000712,,,0,HBC:Rasoi:BIB
1000D,400000715,,,0,HBC:Rasoi:BIB
1000D,400000776,,,0,HBC:Rasoi:BIB
1000D,400000731,,,0,HBC:Rasoi:BIB
1000D,400000730,,,0,HBC:Rasoi:BIB
1000D,400000782,,,0,HBC:Rasoi:BIB
1000D,400000714,,,0,HBC:Rasoi:BIB
1000D,400000713,,,0,HBC:Rasoi:BIB
9108,400000126,,,0,HBC:Rasoi:BIB
9108,400000128,,,0,HBC:Rasoi:BIB
9108,400000139,,,0,HBC:Rasoi:BIB
9108,400000140,,,0,HBC:Rasoi:BIB
9108,400000141,,,0,HBC:Rasoi:BIB
9108,400000151,,,0,HBC:Rasoi:BIB
9108,400000152,,,0,HBC:Rasoi:BIB
9108,400000153,,,0,HBC:Rasoi:BIB
9108,400000154,,,0,HBC:Rasoi:BIB
9108,400000159,,,0,HBC:Rasoi:BIB
9108,400000170,,,0,HBC:Rasoi:BIB
9108,400000173,,,0,HBC:Rasoi:BIB
9108,400000252,,,0,HBC:Rasoi:BIB
9108,400000254,,,0,HBC:Rasoi:BIB
9108,400000255,,,0,HBC:Rasoi:BIB
9108,400000256,,,0,HBC:Rasoi:BIB
9108,400000257,,,0,HBC:Rasoi:BIB
9108,400000259,,,0,HBC:Rasoi:BIB
9108,400000260,,,0,HBC:Rasoi:BIB
9108,400000273,,,0,HBC:Rasoi:BIB
9108,400000275,,,0,HBC:Rasoi:BIB
9108,400000362,,,0,HBC:Rasoi:BIB
9108,400000370,,,0,HBC:Rasoi:BIB
9108,400000377,,,0,HBC:Rasoi:BIB
9108,400000387,,,0,HBC:Rasoi:BIB
9108,400000397,,,0,HBC:Rasoi:BIB
9108,400000396,,,0,HBC:Rasoi:BIB
9108,400000441,,,0,HBC:Rasoi:BIB
9108,400000449,,,0,HBC:Rasoi:BIB
9108,400000454,,,0,HBC:Rasoi:BIB
9108,400000455,,,0,HBC:Rasoi:BIB
9108,400000430,,,0,HBC:Rasoi:BIB
9108,400000356,,,0,HBC:Rasoi:BIB
9108,400000456,,,0,HBC:Rasoi:BIB
9108,400000457,,,0,HBC:Rasoi:BIB
9108,400000395,,,0,HBC:Rasoi:BIB
9108,400000521,,,0,HBC:Rasoi:BIB
9108,400000523,,,0,HBC:Rasoi:BIB
9108,400000524,,,0,HBC:Rasoi:BIB
9108,400000480,,,0,HBC:Rasoi:BIB
9108,400000530,,,0,HBC:Rasoi:BIB
9108,410000005,,,0,HBC:Rasoi:BIB
9108,410000003,,,0,HBC:Rasoi:BIB
9108,400000441,,,0,HBC:Rasoi:BIB
9108,400000449,,,0,HBC:Rasoi:BIB
9108,400000454,,,0,HBC:Rasoi:BIB
9108,400000456,,,0,HBC:Rasoi:BIB
9108,400000457,,,0,HBC:Rasoi:BIB
9108,400000521,,,0,HBC:Rasoi:BIB
9108,400000523,,,0,HBC:Rasoi:BIB
9108,410000020,,,0,HBC:Rasoi:BIB
9108,410000022,,,0,HBC:Rasoi:BIB
9108,410000187,,,0,HBC:Rasoi:BIB
9108,410000123,,,0,HBC:Rasoi:BIB
9108,410000112,,,0,HBC:Rasoi:BIB
9108,410000486,,,0,HBC:Rasoi:BIB
9108,410000004,,,0,HBC:Rasoi:BIB
9108,400000589,,,0,HBC:Rasoi:BIB
9108,400000595,,,0,HBC:Rasoi:BIB
9108,400000716,,,0,HBC:Rasoi:BIB
9108,400000594,,,0,HBC:Rasoi:BIB
9108,400000562,,,0,HBC:Rasoi:BIB
9108,400000564,,,0,HBC:Rasoi:BIB
9108,400000611,,,0,HBC:Rasoi:BIB
9108,400000635,,,0,HBC:Rasoi:BIB
9108,400000636,,,0,HBC:Rasoi:BIB
9108,400000566,,,0,HBC:Rasoi:BIB
9108,400000637,,,0,HBC:Rasoi:BIB
9108,400000672,,,0,HBC:Rasoi:BIB
9108,400000674,,,0,HBC:Rasoi:BIB
9108,400000678,,,0,HBC:Rasoi:BIB
9108,400000676,,,0,HBC:Rasoi:BIB
9108,400000692,,,0,HBC:Rasoi:BIB
9108,400000691,,,0,HBC:Rasoi:BIB
9108,400000693,,,0,HBC:Rasoi:BIB
9108,400000551,,,0,HBC:Rasoi:BIB
9108,400000556,,,0,HBC:Rasoi:BIB
9108,400000557,,,0,HBC:Rasoi:BIB
9108,400000558,,,0,HBC:Rasoi:BIB
9108,400000559,,,0,HBC:Rasoi:BIB
9108,400000560,,,0,HBC:Rasoi:BIB
9108,400000561,,,0,HBC:Rasoi:BIB
9108,400000698,,,0,HBC:Rasoi:BIB
9108,400000707,,,0,HBC:Rasoi:BIB
9108,400000712,,,0,HBC:Rasoi:BIB
9108,400000715,,,0,HBC:Rasoi:BIB
9108,400000782,,,0,HBC:Rasoi:BIB
9306,400000126,,,0,HBC:Rasoi:BIB
9306,400000128,,,0,HBC:Rasoi:BIB
9306,400000139,,,0,HBC:Rasoi:BIB
9306,400000140,,,0,HBC:Rasoi:BIB
9306,400000141,,,0,HBC:Rasoi:BIB
9306,400000151,,,0,HBC:Rasoi:BIB
9306,400000152,,,0,HBC:Rasoi:BIB
9306,400000153,,,0,HBC:Rasoi:BIB
9306,400000154,,,0,HBC:Rasoi:BIB
9306,400000159,,,0,HBC:Rasoi:BIB
9306,400000170,,,0,HBC:Rasoi:BIB
9306,400000173,,,0,HBC:Rasoi:BIB
9306,400000252,,,0,HBC:Rasoi:BIB
9306,400000254,,,0,HBC:Rasoi:BIB
9306,400000255,,,0,HBC:Rasoi:BIB
9306,400000256,,,0,HBC:Rasoi:BIB
9306,400000257,,,0,HBC:Rasoi:BIB
9306,400000259,,,0,HBC:Rasoi:BIB
9306,400000260,,,0,HBC:Rasoi:BIB
9306,400000273,,,0,HBC:Rasoi:BIB
9306,400000275,,,0,HBC:Rasoi:BIB
9306,400000362,,,0,HBC:Rasoi:BIB
9306,400000370,,,0,HBC:Rasoi:BIB
9306,400000377,,,0,HBC:Rasoi:BIB
9306,400000387,,,0,HBC:Rasoi:BIB
9306,400000397,,,0,HBC:Rasoi:BIB
9306,400000396,,,0,HBC:Rasoi:BIB
9306,400000441,,,0,HBC:Rasoi:BIB
9306,400000449,,,0,HBC:Rasoi:BIB
9306,400000454,,,0,HBC:Rasoi:BIB
9306,400000455,,,0,HBC:Rasoi:BIB
9306,400000430,,,0,HBC:Rasoi:BIB
9306,400000356,,,0,HBC:Rasoi:BIB
9306,400000456,,,0,HBC:Rasoi:BIB
9306,400000457,,,0,HBC:Rasoi:BIB
9306,400000395,,,0,HBC:Rasoi:BIB
9306,400000521,,,0,HBC:Rasoi:BIB
9306,400000523,,,0,HBC:Rasoi:BIB
9306,400000524,,,0,HBC:Rasoi:BIB
9306,400000480,,,0,HBC:Rasoi:BIB
9306,400000530,,,873.14,HBC:Rasoi:BIB
9306,400000521,,,0,HBC:Rasoi:BIB
9306,400000523,,,0,HBC:Rasoi:BIB
9306,400000487,,,857.41,HBC:Rasoi:BIB
9306,400000502,,,833.41,HBC:Rasoi:BIB
9306,400000481,,,897.14,HBC:Rasoi:BIB
9306,400000595,,,0,HBC:Rasoi:BIB
9306,400000716,,,0,HBC:Rasoi:BIB
9306,400000562,,,0,HBC:Rasoi:BIB
9306,400000564,,,0,HBC:Rasoi:BIB
9306,400000611,,,0,HBC:Rasoi:BIB
9306,400000635,,,0,HBC:Rasoi:BIB
9306,400000636,,,0,HBC:Rasoi:BIB
9306,400000637,,,0,HBC:Rasoi:BIB
9306,400000692,,,0,HBC:Rasoi:BIB
9306,400000691,,,0,HBC:Rasoi:BIB
9306,400000693,,,0,HBC:Rasoi:BIB
9306,400000678,,,0,HBC:Rasoi:BIB
9306,400000712,,,0,HBC:Rasoi:BIB
9306,400000715,,,0,HBC:Rasoi:BIB
9306,400000782,,,0,HBC:Rasoi:BIB
9308,400000126,,,0,HBC:Rasoi:BIB
9308,400000128,,,0,HBC:Rasoi:BIB
9308,400000139,,,0,HBC:Rasoi:BIB
9308,400000140,,,0,HBC:Rasoi:BIB
9308,400000141,,,0,HBC:Rasoi:BIB
9308,400000151,,,0,HBC:Rasoi:BIB
9308,400000152,,,0,HBC:Rasoi:BIB
9308,400000153,,,0,HBC:Rasoi:BIB
9308,400000154,,,0,HBC:Rasoi:BIB
9308,400000159,,,0,HBC:Rasoi:BIB
9308,400000170,,,0,HBC:Rasoi:BIB
9308,400000173,,,0,HBC:Rasoi:BIB
9308,400000252,,,0,HBC:Rasoi:BIB
9308,400000254,,,0,HBC:Rasoi:BIB
9308,400000255,,,0,HBC:Rasoi:BIB
9308,400000256,,,0,HBC:Rasoi:BIB
9308,400000257,,,0,HBC:Rasoi:BIB
9308,400000259,,,0,HBC:Rasoi:BIB
9308,400000260,,,0,HBC:Rasoi:BIB
9308,400000273,,,0,HBC:Rasoi:BIB
9308,400000275,,,0,HBC:Rasoi:BIB
9308,400000362,,,0,HBC:Rasoi:BIB
9308,400000370,,,0,HBC:Rasoi:BIB
9308,400000377,,,0,HBC:Rasoi:BIB
9308,400000387,,,0,HBC:Rasoi:BIB
9308,400000397,,,0,HBC:Rasoi:BIB
9308,400000396,,,0,HBC:Rasoi:BIB
9308,400000441,,,0,HBC:Rasoi:BIB
9308,400000449,,,0,HBC:Rasoi:BIB
9308,400000454,,,0,HBC:Rasoi:BIB
9308,400000455,,,0,HBC:Rasoi:BIB
9308,400000430,,,0,HBC:Rasoi:BIB
9308,400000356,,,0,HBC:Rasoi:BIB
9308,400000456,,,0,HBC:Rasoi:BIB
9308,400000457,,,0,HBC:Rasoi:BIB
9308,400000395,,,0,HBC:Rasoi:BIB
9308,400000521,,,0,HBC:Rasoi:BIB
9308,400000523,,,0,HBC:Rasoi:BIB
9308,400000524,,,0,HBC:Rasoi:BIB
9308,400000480,,,0,HBC:Rasoi:BIB
9308,400000530,,,868.57,HBC:Rasoi:BIB
9308,400000521,,,0,HBC:Rasoi:BIB
9308,400000523,,,0,HBC:Rasoi:BIB
9308,400000487,,,853.65,HBC:Rasoi:BIB
9308,400000502,,,829.65,HBC:Rasoi:BIB
9308,400000481,,,892.57,HBC:Rasoi:BIB
9308,400000551,,,0,HBC:Rasoi:BIB
9308,400000556,,,0,HBC:Rasoi:BIB
9308,400000557,,,0,HBC:Rasoi:BIB
9308,400000558,,,0,HBC:Rasoi:BIB
9308,400000559,,,0,HBC:Rasoi:BIB
9308,400000560,,,0,HBC:Rasoi:BIB
9308,400000561,,,0,HBC:Rasoi:BIB
9308,400000551,,,0,HBC:Rasoi:BIB
9308,400000556,,,0,HBC:Rasoi:BIB
9308,400000557,,,0,HBC:Rasoi:BIB
9308,400000558,,,0,HBC:Rasoi:BIB
9308,400000559,,,0,HBC:Rasoi:BIB
9308,400000560,,,0,HBC:Rasoi:BIB
9308,400000561,,,0,HBC:Rasoi:BIB
9308,400000595,,,0,HBC:Rasoi:BIB
9308,400000716,,,0,HBC:Rasoi:BIB
9308,400000562,,,0,HBC:Rasoi:BIB
9308,400000564,,,0,HBC:Rasoi:BIB
9308,400000611,,,0,HBC:Rasoi:BIB
9308,400000635,,,0,HBC:Rasoi:BIB
9308,400000636,,,0,HBC:Rasoi:BIB
9308,400000589,,,0,HBC:Rasoi:BIB
9308,400000594,,,0,HBC:Rasoi:BIB
9308,400000637,,,0,HBC:Rasoi:BIB
9308,400000692,,,0,HBC:Rasoi:BIB
9308,400000691,,,0,HBC:Rasoi:BIB
9308,400000693,,,0,HBC:Rasoi:BIB
9308,400000678,,,0,HBC:Rasoi:BIB
9308,400000712,,,0,HBC:Rasoi:BIB
9308,400000715,,,0,HBC:Rasoi:BIB
9308,400000782,,,0,HBC:Rasoi:BIB
4000D,400000126,,,0,HBC:Rasoi:BIB
4000D,400000128,,,0,HBC:Rasoi:BIB
4000D,400000139,,,0,HBC:Rasoi:BIB
4000D,400000140,,,0,HBC:Rasoi:BIB
4000D,400000141,,,0,HBC:Rasoi:BIB
4000D,400000151,,,0,HBC:Rasoi:BIB
4000D,400000152,,,0,HBC:Rasoi:BIB
4000D,400000153,,,0,HBC:Rasoi:BIB
4000D,400000154,,,0,HBC:Rasoi:BIB
4000D,400000159,,,0,HBC:Rasoi:BIB
4000D,400000170,,,0,HBC:Rasoi:BIB
4000D,400000173,,,0,HBC:Rasoi:BIB
4000D,400000252,,,0,HBC:Rasoi:BIB
4000D,400000254,,,0,HBC:Rasoi:BIB
4000D,400000255,,,0,HBC:Rasoi:BIB
4000D,400000256,,,0,HBC:Rasoi:BIB
4000D,400000257,,,0,HBC:Rasoi:BIB
4000D,400000259,,,0,HBC:Rasoi:BIB
4000D,400000260,,,0,HBC:Rasoi:BIB
4000D,400000273,,,0,HBC:Rasoi:BIB
4000D,400000275,,,0,HBC:Rasoi:BIB
4000D,400000362,,,0,HBC:Rasoi:BIB
4000D,400000370,,,0,HBC:Rasoi:BIB
4000D,400000373,,,0,HBC:Rasoi:BIB
4000D,400000377,,,0,HBC:Rasoi:BIB
4000D,400000387,,,0,HBC:Rasoi:BIB
4000D,400000397,,,0,HBC:Rasoi:BIB
4000D,400000396,,,0,HBC:Rasoi:BIB
4000D,400000441,,,0,HBC:Rasoi:BIB
4000D,400000449,,,0,HBC:Rasoi:BIB
4000D,400000454,,,0,HBC:Rasoi:BIB
4000D,400000455,,,0,HBC:Rasoi:BIB
4000D,400000430,,,0,HBC:Rasoi:BIB
4000D,400000356,,,0,HBC:Rasoi:BIB
4000D,400000456,,,0,HBC:Rasoi:BIB
4000D,400000457,,,0,HBC:Rasoi:BIB
4000D,400000395,,,0,HBC:Rasoi:BIB
4000D,400000347,,,0,Specialty Fats
4000D,400000348,,,0,Specialty Fats
4000D,400000349,,,0,Specialty Fats
4000D,400000350,,,0,Specialty Fats
4000D,400000352,,,0,Specialty Fats
4000D,400000353,,,0,Specialty Fats
4000D,400000354,,,0,Specialty Fats
4000D,400000355,,,0,Specialty Fats
4000D,400000389,,,0,Specialty Fats
4000D,400000390,,,0,Specialty Fats
4000D,400000428,,,0,Specialty Fats
4000D,400000412,,,0,Specialty Fats
4000D,400000411,,,0,Specialty Fats
4000D,400000427,,,0,Specialty Fats
4000D,400000413,,,0,Specialty Fats
4000D,400000414,,,0,Specialty Fats
4000D,400000450,,,0,HBC:Rasoi:BIB
4000D,400000374,,,0,HBC:Rasoi:BIB
4000D,400000375,,,0,HBC:Rasoi:BIB
4000D,400000372,,,0,HBC:Rasoi:BIB
4000D,400000524,,,0,HBC:Rasoi:BIB
4000D,400000545,,,0,Specialty Fats
4000D,400000528,,,0,Specialty Fats
4000D,400000502,,,796.21,HBC:Rasoi:BIB
4000D,400000347,,,0,Specialty Fats
4000D,400000348,,,863.4,Specialty Fats
4000D,400000349,,,1019.07,Specialty Fats
4000D,400000350,,,982.47,Specialty Fats
4000D,400000352,,,963.24,Specialty Fats
4000D,400000353,,,937.69,Specialty Fats
4000D,400000354,,,921.03,Specialty Fats
4000D,400000355,,,921.03,Specialty Fats
4000D,400000389,,,0,Specialty Fats
4000D,400000428,,,0,Specialty Fats
4000D,400000412,,,0,Specialty Fats
4000D,400000411,,,0,Specialty Fats
4000D,400000427,,,1009.52,Specialty Fats
4000D,400000413,,,0,Specialty Fats
4000D,400000414,,,0,Specialty Fats
4000D,400000528,,,956.12,Specialty Fats
4000D,400000545,,,0,Specialty Fats
4000D,400000716,,,0,HBC:Rasoi:BIB
4000D,400000598,,,982.17,Specialty Fats
4000D,400000611,,,0,HBC:Rasoi:BIB
4000D,400000621,,,963.31,Specialty Fats
4000D,400000631,,,937.69,Specialty Fats
4000D,400000637,,,0,HBC:Rasoi:BIB
4000D,400000655,,,0,Specialty Fats
4000D,400000658,,,0,Specialty Fats
4000D,400000656,,,992.5,Specialty Fats
4000D,400000682,,,866.74,Specialty Fats
4000D,400000700,,,1026.5,Specialty Fats
4000D,400000699,,,908.96,Specialty Fats
4000D,400000692,,,0,HBC:Rasoi:BIB
4000D,400000691,,,0,HBC:Rasoi:BIB
4000D,400000589,,,0,HBC:Rasoi:BIB
4000D,400000595,,,0,HBC:Rasoi:BIB
4000D,400000594,,,0,HBC:Rasoi:BIB
4000D,400000719,,,931.19,Specialty Fats
4000D,400000712,,,0,HBC:Rasoi:BIB
4000D,400000747,,,1037.25,Specialty Fats
4000D,400000748,,,1078.16,Specialty Fats
4000D,400000717,,,0,HBC:Rasoi:BIB
4000D,400000718,,,0,HBC:Rasoi:BIB
4000D,400000774,,,1004.45,Specialty Fats
4000D,400000715,,,0,HBC:Rasoi:BIB
4000D,400000753,,,1221.74,Specialty Fats
4000D,400000754,,,1182.05,Specialty Fats
4000D,400000756,,,0,Specialty Fats
4000D,400000757,,,1291.28,Specialty Fats
4000D,400000758,,,1265.32,Specialty Fats
4000D,400000717,,,0,HBC:Rasoi:BIB
4000D,400000718,,,0,HBC:Rasoi:BIB
4000D,400000778,,,994.93,Specialty Fats
4000D,400000783,,,1142.67,Specialty Fats
4000D,400000782,,,0,HBC:Rasoi:BIB
4000D,400000787,,,954.1,Specialty Fats
4000D,400000810,,,1409.81,Specialty Fats
4000D,400000710,,,0,HBC:Rasoi:BIB
4000D,400000821,,,1076.3,Specialty Fats
4000D,400000822,,,1060.19,Specialty Fats
9105,400000126,,,0,HBC:Rasoi:BIB
9105,400000128,,,0,HBC:Rasoi:BIB
9105,400000139,,,0,HBC:Rasoi:BIB
9105,400000140,,,0,HBC:Rasoi:BIB
9105,400000141,,,0,HBC:Rasoi:BIB
9105,400000151,,,0,HBC:Rasoi:BIB
9105,400000152,,,0,HBC:Rasoi:BIB
9105,400000153,,,0,HBC:Rasoi:BIB
9105,400000154,,,0,HBC:Rasoi:BIB
9105,400000159,,,0,HBC:Rasoi:BIB
9105,400000170,,,0,HBC:Rasoi:BIB
9105,400000173,,,0,HBC:Rasoi:BIB
9105,400000252,,,0,HBC:Rasoi:BIB
9105,400000254,,,0,HBC:Rasoi:BIB
9105,400000255,,,0,HBC:Rasoi:BIB
9105,400000256,,,0,HBC:Rasoi:BIB
9105,400000257,,,0,HBC:Rasoi:BIB
9105,400000259,,,0,HBC:Rasoi:BIB
9105,400000260,,,0,HBC:Rasoi:BIB
9105,400000273,,,0,HBC:Rasoi:BIB
9105,400000275,,,0,HBC:Rasoi:BIB
9105,400000362,,,0,HBC:Rasoi:BIB
9105,400000370,,,0,HBC:Rasoi:BIB
9105,400000377,,,0,HBC:Rasoi:BIB
9105,400000387,,,0,HBC:Rasoi:BIB
9105,400000397,,,0,HBC:Rasoi:BIB
9105,400000396,,,0,HBC:Rasoi:BIB
9105,400000441,,,0,HBC:Rasoi:BIB
9105,400000449,,,0,HBC:Rasoi:BIB
9105,400000454,,,0,HBC:Rasoi:BIB
9105,400000455,,,0,HBC:Rasoi:BIB
9105,400000430,,,0,HBC:Rasoi:BIB
9105,400000356,,,0,HBC:Rasoi:BIB
9105,400000456,,,0,HBC:Rasoi:BIB
9105,400000457,,,0,HBC:Rasoi:BIB
9105,400000395,,,0,HBC:Rasoi:BIB
9105,400000521,,,0,HBC:Rasoi:BIB
9105,400000523,,,0,HBC:Rasoi:BIB
9105,400000524,,,0,HBC:Rasoi:BIB
9105,400000480,,,0,HBC:Rasoi:BIB
9105,400000530,,,865.71,HBC:Rasoi:BIB
9105,400000454,,,0,HBC:Rasoi:BIB
9105,400000456,,,0,HBC:Rasoi:BIB
9105,400000457,,,0,HBC:Rasoi:BIB
9105,400000521,,,0,HBC:Rasoi:BIB
9105,400000523,,,0,HBC:Rasoi:BIB
9105,400000487,,,851.29,HBC:Rasoi:BIB
9105,400000502,,,827.29,HBC:Rasoi:BIB
9105,400000481,,,889.71,HBC:Rasoi:BIB
9105,400000551,,,0,HBC:Rasoi:BIB
9105,400000556,,,0,HBC:Rasoi:BIB
9105,400000557,,,0,HBC:Rasoi:BIB
9105,400000558,,,0,HBC:Rasoi:BIB
9105,400000559,,,0,HBC:Rasoi:BIB
9105,400000560,,,0,HBC:Rasoi:BIB
9105,400000561,,,0,HBC:Rasoi:BIB
9105,400000589,,,0,HBC:Rasoi:BIB
9105,400000551,,,0,HBC:Rasoi:BIB
9105,400000556,,,0,HBC:Rasoi:BIB
9105,400000557,,,0,HBC:Rasoi:BIB
9105,400000558,,,0,HBC:Rasoi:BIB
9105,400000559,,,0,HBC:Rasoi:BIB
9105,400000560,,,0,HBC:Rasoi:BIB
9105,400000561,,,0,HBC:Rasoi:BIB
9105,400000595,,,0,HBC:Rasoi:BIB
9105,400000716,,,0,HBC:Rasoi:BIB
9105,400000594,,,0,HBC:Rasoi:BIB
9105,400000562,,,0,HBC:Rasoi:BIB
9105,400000564,,,0,HBC:Rasoi:BIB
9105,400000566,,,0,HBC:Rasoi:BIB
9105,400000611,,,0,HBC:Rasoi:BIB
9105,400000635,,,0,HBC:Rasoi:BIB
9105,400000636,,,0,HBC:Rasoi:BIB
9105,400000637,,,0,HBC:Rasoi:BIB
9105,400000692,,,0,HBC:Rasoi:BIB
9105,400000691,,,0,HBC:Rasoi:BIB
9105,400000693,,,0,HBC:Rasoi:BIB
9105,400000678,,,0,HBC:Rasoi:BIB
9105,400000712,,,0,HBC:Rasoi:BIB
9105,400000715,,,0,HBC:Rasoi:BIB
9105,400000782,,,0,HBC:Rasoi:BIB
9114,400000126,,,0,HBC:Rasoi:BIB
9114,400000128,,,0,HBC:Rasoi:BIB
9114,400000139,,,0,HBC:Rasoi:BIB
9114,400000140,,,0,HBC:Rasoi:BIB
9114,400000141,,,0,HBC:Rasoi:BIB
9114,400000151,,,0,HBC:Rasoi:BIB
9114,400000152,,,0,HBC:Rasoi:BIB
9114,400000153,,,0,HBC:Rasoi:BIB
9114,400000154,,,0,HBC:Rasoi:BIB
9114,400000159,,,0,HBC:Rasoi:BIB
9114,400000170,,,0,HBC:Rasoi:BIB
9114,400000173,,,0,HBC:Rasoi:BIB
9114,400000252,,,0,HBC:Rasoi:BIB
9114,400000254,,,0,HBC:Rasoi:BIB
9114,400000255,,,0,HBC:Rasoi:BIB
9114,400000256,,,0,HBC:Rasoi:BIB
9114,400000257,,,0,HBC:Rasoi:BIB
9114,400000259,,,0,HBC:Rasoi:BIB
9114,400000260,,,0,HBC:Rasoi:BIB
9114,400000273,,,0,HBC:Rasoi:BIB
9114,400000275,,,0,HBC:Rasoi:BIB
9114,400000362,,,0,HBC:Rasoi:BIB
9114,400000370,,,0,HBC:Rasoi:BIB
9114,400000377,,,0,HBC:Rasoi:BIB
9114,400000387,,,0,HBC:Rasoi:BIB
9114,400000397,,,0,HBC:Rasoi:BIB
9114,400000396,,,0,HBC:Rasoi:BIB
9114,400000441,,,0,HBC:Rasoi:BIB
9114,400000449,,,0,HBC:Rasoi:BIB
9114,400000454,,,0,HBC:Rasoi:BIB
9114,400000455,,,0,HBC:Rasoi:BIB
9114,400000430,,,0,HBC:Rasoi:BIB
9114,400000356,,,0,HBC:Rasoi:BIB
9114,400000456,,,0,HBC:Rasoi:BIB
9114,400000457,,,0,HBC:Rasoi:BIB
9114,400000395,,,0,HBC:Rasoi:BIB
9114,400000521,,,0,HBC:Rasoi:BIB
9114,400000523,,,0,HBC:Rasoi:BIB
9114,400000524,,,0,HBC:Rasoi:BIB
9114,400000480,,,0,HBC:Rasoi:BIB
9114,400000530,,,868.57,HBC:Rasoi:BIB
9114,400000454,,,0,HBC:Rasoi:BIB
9114,400000456,,,0,HBC:Rasoi:BIB
9114,400000457,,,0,HBC:Rasoi:BIB
9114,400000521,,,0,HBC:Rasoi:BIB
9114,400000523,,,0,HBC:Rasoi:BIB
9114,400000487,,,853.65,HBC:Rasoi:BIB
9114,400000502,,,829.65,HBC:Rasoi:BIB
9114,400000481,,,892.57,HBC:Rasoi:BIB
9114,400000551,,,0,HBC:Rasoi:BIB
9114,400000556,,,0,HBC:Rasoi:BIB
9114,400000557,,,0,HBC:Rasoi:BIB
9114,400000558,,,0,HBC:Rasoi:BIB
9114,400000559,,,0,HBC:Rasoi:BIB
9114,400000560,,,0,HBC:Rasoi:BIB
9114,400000561,,,0,HBC:Rasoi:BIB
9114,400000589,,,0,HBC:Rasoi:BIB
9114,400000551,,,0,HBC:Rasoi:BIB
9114,400000556,,,0,HBC:Rasoi:BIB
9114,400000557,,,0,HBC:Rasoi:BIB
9114,400000558,,,0,HBC:Rasoi:BIB
9114,400000559,,,0,HBC:Rasoi:BIB
9114,400000560,,,0,HBC:Rasoi:BIB
9114,400000561,,,0,HBC:Rasoi:BIB
9114,400000595,,,0,HBC:Rasoi:BIB
9114,400000716,,,0,HBC:Rasoi:BIB
9114,400000594,,,0,HBC:Rasoi:BIB
9114,400000562,,,0,HBC:Rasoi:BIB
9114,400000564,,,0,HBC:Rasoi:BIB
9114,400000566,,,0,HBC:Rasoi:BIB
9114,400000611,,,0,HBC:Rasoi:BIB
9114,400000635,,,0,HBC:Rasoi:BIB
9114,400000636,,,0,HBC:Rasoi:BIB
9114,400000637,,,0,HBC:Rasoi:BIB
9114,400000692,,,0,HBC:Rasoi:BIB
9114,400000691,,,0,HBC:Rasoi:BIB
9114,400000693,,,0,HBC:Rasoi:BIB
9114,400000678,,,0,HBC:Rasoi:BIB
9114,400000712,,,0,HBC:Rasoi:BIB
9114,400000782,,,0,HBC:Rasoi:BIB
9101,400000126,,,0,HBC:Rasoi:BIB
9101,400000128,,,0,HBC:Rasoi:BIB
9101,400000139,,,0,HBC:Rasoi:BIB
9101,400000140,,,0,HBC:Rasoi:BIB
9101,400000141,,,0,HBC:Rasoi:BIB
9101,400000151,,,0,HBC:Rasoi:BIB
9101,400000152,,,0,HBC:Rasoi:BIB
9101,400000153,,,0,HBC:Rasoi:BIB
9101,400000154,,,0,HBC:Rasoi:BIB
9101,400000159,,,0,HBC:Rasoi:BIB
9101,400000170,,,0,HBC:Rasoi:BIB
9101,400000173,,,0,HBC:Rasoi:BIB
9101,400000252,,,0,HBC:Rasoi:BIB
9101,400000254,,,0,HBC:Rasoi:BIB
9101,400000255,,,0,HBC:Rasoi:BIB
9101,400000256,,,0,HBC:Rasoi:BIB
9101,400000257,,,0,HBC:Rasoi:BIB
9101,400000259,,,0,HBC:Rasoi:BIB
9101,400000260,,,0,HBC:Rasoi:BIB
9101,400000273,,,0,HBC:Rasoi:BIB
9101,400000275,,,0,HBC:Rasoi:BIB
9101,400000362,,,0,HBC:Rasoi:BIB
9101,400000370,,,0,HBC:Rasoi:BIB
9101,400000377,,,0,HBC:Rasoi:BIB
9101,400000387,,,0,HBC:Rasoi:BIB
9101,400000397,,,0,HBC:Rasoi:BIB
9101,400000396,,,0,HBC:Rasoi:BIB
9101,400000441,,,0,HBC:Rasoi:BIB
9101,400000449,,,0,HBC:Rasoi:BIB
9101,400000454,,,0,HBC:Rasoi:BIB
9101,400000455,,,0,HBC:Rasoi:BIB
9101,400000430,,,0,HBC:Rasoi:BIB
9101,400000356,,,0,HBC:Rasoi:BIB
9101,400000456,,,0,HBC:Rasoi:BIB
9101,400000457,,,0,HBC:Rasoi:BIB
9101,400000395,,,0,HBC:Rasoi:BIB
9101,400000524,,,0,HBC:Rasoi:BIB
9101,400000521,,,0,HBC:Rasoi:BIB
9101,400000523,,,0,HBC:Rasoi:BIB
9101,400000480,,,0,HBC:Rasoi:BIB
9101,400000530,,,0,HBC:Rasoi:BIB
9101,410000005,,,0,HBC:Rasoi:BIB
9101,410000003,,,0,HBC:Rasoi:BIB
9101,400000521,,,0,HBC:Rasoi:BIB
9101,400000523,,,0,HBC:Rasoi:BIB
9101,410000022,,,0,HBC:Rasoi:BIB
9101,410000187,,,0,HBC:Rasoi:BIB
9101,410000123,,,0,HBC:Rasoi:BIB
9101,410000112,,,0,HBC:Rasoi:BIB
9101,410000004,,,0,HBC:Rasoi:BIB
9101,400000551,,,0,HBC:Rasoi:BIB
9101,400000556,,,0,HBC:Rasoi:BIB
9101,400000557,,,0,HBC:Rasoi:BIB
9101,400000558,,,0,HBC:Rasoi:BIB
9101,400000559,,,0,HBC:Rasoi:BIB
9101,400000560,,,0,HBC:Rasoi:BIB
9101,400000561,,,0,HBC:Rasoi:BIB
9101,400000551,,,0,HBC:Rasoi:BIB
9101,400000556,,,0,HBC:Rasoi:BIB
9101,400000557,,,0,HBC:Rasoi:BIB
9101,400000558,,,0,HBC:Rasoi:BIB
9101,400000559,,,0,HBC:Rasoi:BIB
9101,400000560,,,0,HBC:Rasoi:BIB
9101,400000561,,,0,HBC:Rasoi:BIB
9101,400000595,,,0,HBC:Rasoi:BIB
9101,400000716,,,0,HBC:Rasoi:BIB
9101,400000562,,,0,HBC:Rasoi:BIB
9101,400000564,,,0,HBC:Rasoi:BIB
9101,400000611,,,0,HBC:Rasoi:BIB
9101,400000635,,,0,HBC:Rasoi:BIB
9101,400000636,,,0,HBC:Rasoi:BIB
9101,400000637,,,0,HBC:Rasoi:BIB
9101,400000672,,,0,HBC:Rasoi:BIB
9101,400000674,,,0,HBC:Rasoi:BIB
9101,400000678,,,0,HBC:Rasoi:BIB
9101,400000676,,,0,HBC:Rasoi:BIB
9101,400000692,,,0,HBC:Rasoi:BIB
9101,400000691,,,0,HBC:Rasoi:BIB
9101,400000693,,,0,HBC:Rasoi:BIB
9101,400000589,,,0,HBC:Rasoi:BIB
9101,400000594,,,0,HBC:Rasoi:BIB
9101,400000712,,,0,HBC:Rasoi:BIB
9101,400000782,,,0,HBC:Rasoi:BIB
9120,400000126,,,0,HBC:Rasoi:BIB
9120,400000128,,,0,HBC:Rasoi:BIB
9120,400000139,,,0,HBC:Rasoi:BIB
9120,400000140,,,0,HBC:Rasoi:BIB
9120,400000141,,,0,HBC:Rasoi:BIB
9120,400000151,,,0,HBC:Rasoi:BIB
9120,400000152,,,0,HBC:Rasoi:BIB
9120,400000153,,,0,HBC:Rasoi:BIB
9120,400000154,,,0,HBC:Rasoi:BIB
9120,400000159,,,0,HBC:Rasoi:BIB
9120,400000170,,,0,HBC:Rasoi:BIB
9120,400000173,,,0,HBC:Rasoi:BIB
9120,400000252,,,0,HBC:Rasoi:BIB
9120,400000254,,,0,HBC:Rasoi:BIB
9120,400000255,,,0,HBC:Rasoi:BIB
9120,400000256,,,0,HBC:Rasoi:BIB
9120,400000257,,,0,HBC:Rasoi:BIB
9120,400000259,,,0,HBC:Rasoi:BIB
9120,400000260,,,0,HBC:Rasoi:BIB
9120,400000273,,,0,HBC:Rasoi:BIB
9120,400000275,,,0,HBC:Rasoi:BIB
9120,400000362,,,0,HBC:Rasoi:BIB
9120,400000370,,,0,HBC:Rasoi:BIB
9120,400000377,,,0,HBC:Rasoi:BIB
9120,400000387,,,0,HBC:Rasoi:BIB
9120,400000397,,,0,HBC:Rasoi:BIB
9120,400000396,,,0,HBC:Rasoi:BIB
9120,400000441,,,0,HBC:Rasoi:BIB
9120,400000449,,,0,HBC:Rasoi:BIB
9120,400000454,,,0,HBC:Rasoi:BIB
9120,400000455,,,0,HBC:Rasoi:BIB
9120,400000430,,,0,HBC:Rasoi:BIB
9120,400000356,,,0,HBC:Rasoi:BIB
9120,400000456,,,0,HBC:Rasoi:BIB
9120,400000457,,,0,HBC:Rasoi:BIB
9120,400000395,,,0,HBC:Rasoi:BIB
9120,400000524,,,0,HBC:Rasoi:BIB
9120,400000521,,,0,HBC:Rasoi:BIB
9120,400000523,,,0,HBC:Rasoi:BIB
9120,400000480,,,0,HBC:Rasoi:BIB
9120,400000530,,,0,HBC:Rasoi:BIB
9120,410000005,,,0,HBC:Rasoi:BIB
9120,410000003,,,0,HBC:Rasoi:BIB
9120,400000441,,,0,HBC:Rasoi:BIB
9120,400000457,,,0,HBC:Rasoi:BIB
9120,400000521,,,0,HBC:Rasoi:BIB
9120,400000523,,,0,HBC:Rasoi:BIB
9120,410000022,,,0,HBC:Rasoi:BIB
9120,410000187,,,0,HBC:Rasoi:BIB
9120,410000123,,,0,HBC:Rasoi:BIB
9120,410000112,,,0,HBC:Rasoi:BIB
9120,410000004,,,0,HBC:Rasoi:BIB
9120,400000595,,,0,HBC:Rasoi:BIB
9120,400000716,,,0,HBC:Rasoi:BIB
9120,400000562,,,0,HBC:Rasoi:BIB
9120,400000564,,,0,HBC:Rasoi:BIB
9120,400000611,,,0,HBC:Rasoi:BIB
9120,400000635,,,0,HBC:Rasoi:BIB
9120,400000636,,,0,HBC:Rasoi:BIB
9120,400000637,,,0,HBC:Rasoi:BIB
9120,400000589,,,0,HBC:Rasoi:BIB
9120,400000594,,,0,HBC:Rasoi:BIB
9120,400000672,,,0,HBC:Rasoi:BIB
9120,400000674,,,0,HBC:Rasoi:BIB
9120,400000678,,,0,HBC:Rasoi:BIB
9120,400000676,,,0,HBC:Rasoi:BIB
9120,400000692,,,0,HBC:Rasoi:BIB
9120,400000691,,,0,HBC:Rasoi:BIB
9120,400000693,,,0,HBC:Rasoi:BIB
9120,400000712,,,0,HBC:Rasoi:BIB
9120,400000782,,,0,HBC:Rasoi:BIB
9412,400000524,,,0,HBC:Rasoi:BIB
9412,400000126,,,0,HBC:Rasoi:BIB
9412,400000128,,,0,HBC:Rasoi:BIB
9412,400000139,,,0,HBC:Rasoi:BIB
9412,400000140,,,0,HBC:Rasoi:BIB
9412,400000141,,,0,HBC:Rasoi:BIB
9412,400000151,,,0,HBC:Rasoi:BIB
9412,400000152,,,0,HBC:Rasoi:BIB
9412,400000153,,,0,HBC:Rasoi:BIB
9412,400000154,,,0,HBC:Rasoi:BIB
9412,400000159,,,0,HBC:Rasoi:BIB
9412,400000170,,,0,HBC:Rasoi:BIB
9412,400000173,,,0,HBC:Rasoi:BIB
9412,400000252,,,0,HBC:Rasoi:BIB
9412,400000254,,,0,HBC:Rasoi:BIB
9412,400000255,,,0,HBC:Rasoi:BIB
9412,400000256,,,0,HBC:Rasoi:BIB
9412,400000257,,,0,HBC:Rasoi:BIB
9412,400000259,,,0,HBC:Rasoi:BIB
9412,400000260,,,0,HBC:Rasoi:BIB
9412,400000273,,,0,HBC:Rasoi:BIB
9412,400000275,,,0,HBC:Rasoi:BIB
9412,400000360,,,0,HBC:Rasoi:BIB
9412,400000362,,,0,HBC:Rasoi:BIB
9412,400000370,,,0,HBC:Rasoi:BIB
9412,400000373,,,0,HBC:Rasoi:BIB
9412,400000377,,,0,HBC:Rasoi:BIB
9412,400000378,,,0,HBC:Rasoi:BIB
9412,400000387,,,0,HBC:Rasoi:BIB
9412,400000397,,,0,HBC:Rasoi:BIB
9412,400000396,,,0,HBC:Rasoi:BIB
9412,400000441,,,0,HBC:Rasoi:BIB
9412,400000449,,,0,HBC:Rasoi:BIB
9412,400000454,,,0,HBC:Rasoi:BIB
9412,400000455,,,0,HBC:Rasoi:BIB
9412,400000430,,,0,HBC:Rasoi:BIB
9412,400000356,,,0,HBC:Rasoi:BIB
9412,400000456,,,0,HBC:Rasoi:BIB
9412,400000457,,,0,HBC:Rasoi:BIB
9412,400000395,,,0,HBC:Rasoi:BIB
9412,400000521,,,0,HBC:Rasoi:BIB
9412,400000523,,,0,HBC:Rasoi:BIB
9412,400000480,,,0,HBC:Rasoi:BIB
9412,400000530,,,0,HBC:Rasoi:BIB
9412,400000441,,,0,HBC:Rasoi:BIB
9412,400000449,,,0,HBC:Rasoi:BIB
9412,400000456,,,0,HBC:Rasoi:BIB
9412,400000457,,,0,HBC:Rasoi:BIB
9412,400000521,,,0,HBC:Rasoi:BIB
9412,400000523,,,0,HBC:Rasoi:BIB
9412,400000589,,,0,HBC:Rasoi:BIB
9412,400000595,,,0,HBC:Rasoi:BIB
9412,400000716,,,0,HBC:Rasoi:BIB
9412,400000562,,,0,HBC:Rasoi:BIB
9412,400000564,,,0,HBC:Rasoi:BIB
9412,400000611,,,0,HBC:Rasoi:BIB
9412,400000635,,,0,HBC:Rasoi:BIB
9412,400000636,,,0,HBC:Rasoi:BIB
9412,400000594,,,0,HBC:Rasoi:BIB
9412,400000566,,,0,HBC:Rasoi:BIB
9412,400000571,,,0,HBC:Rasoi:BIB
9412,400000572,,,0,HBC:Rasoi:BIB
9412,400000573,,,0,HBC:Rasoi:BIB
9412,400000637,,,0,HBC:Rasoi:BIB
9412,400000672,,,0,HBC:Rasoi:BIB
9412,400000674,,,0,HBC:Rasoi:BIB
9412,400000678,,,0,HBC:Rasoi:BIB
9412,400000676,,,0,HBC:Rasoi:BIB
9412,400000692,,,0,HBC:Rasoi:BIB
9412,400000691,,,0,HBC:Rasoi:BIB
9412,400000693,,,0,HBC:Rasoi:BIB
9412,400000712,,,0,HBC:Rasoi:BIB
9412,400000715,,,0,HBC:Rasoi:BIB
9412,400000731,,,0,HBC:Rasoi:BIB
9412,400000730,,,0,HBC:Rasoi:BIB
9412,400000776,,,0,HBC:Rasoi:BIB
9412,400000782,,,0,HBC:Rasoi:BIB
9412,400000714,,,0,HBC:Rasoi:BIB
9412,400000713,,,0,HBC:Rasoi:BIB
9201,400000347,,,0,Specialty Fats
9201,400000348,,,0,Specialty Fats
9201,400000349,,,0,Specialty Fats
9201,400000350,,,0,Specialty Fats
9201,400000352,,,0,Specialty Fats
9201,400000353,,,0,Specialty Fats
9201,400000354,,,0,Specialty Fats
9201,400000355,,,0,Specialty Fats
9201,400000389,,,0,Specialty Fats
9201,400000390,,,0,Specialty Fats
9201,400000428,,,0,Specialty Fats
9201,400000412,,,0,Specialty Fats
9201,400000411,,,0,Specialty Fats
9201,400000427,,,0,Specialty Fats
9201,400000413,,,0,Specialty Fats
9201,400000414,,,0,Specialty Fats
9201,400000141,,,0,HBC:Rasoi:BIB
9201,400000128,,,0,HBC:Rasoi:BIB
9201,400000151,,,0,HBC:Rasoi:BIB
9201,400000396,,,0,HBC:Rasoi:BIB
9201,400000450,,,0,HBC:Rasoi:BIB
9201,400000152,,,0,HBC:Rasoi:BIB
9201,400000362,,,0,HBC:Rasoi:BIB
9201,400000370,,,0,HBC:Rasoi:BIB
9201,400000373,,,0,HBC:Rasoi:BIB
9201,400000374,,,0,HBC:Rasoi:BIB
9201,400000375,,,0,HBC:Rasoi:BIB
9201,400000372,,,0,HBC:Rasoi:BIB
9201,400000139,,,0,HBC:Rasoi:BIB
9201,400000259,,,0,HBC:Rasoi:BIB
9201,400000260,,,0,HBC:Rasoi:BIB
9201,400000273,,,0,HBC:Rasoi:BIB
9201,400000275,,,0,HBC:Rasoi:BIB
9201,400000524,,,0,HBC:Rasoi:BIB
9201,400000545,,,0,Specialty Fats
9201,400000528,,,0,Specialty Fats
9201,400000502,,,796.21,HBC:Rasoi:BIB
9201,400000347,,,0,Specialty Fats
9201,400000348,,,883.38,Specialty Fats
9201,400000349,,,1039.06,Specialty Fats
9201,400000350,,,1002.46,Specialty Fats
9201,400000352,,,983.23,Specialty Fats
9201,400000353,,,957.68,Specialty Fats
9201,400000354,,,941.01,Specialty Fats
9201,400000355,,,941.01,Specialty Fats
9201,400000389,,,0,Specialty Fats
9201,400000428,,,0,Specialty Fats
9201,400000412,,,0,Specialty Fats
9201,400000411,,,0,Specialty Fats
9201,400000427,,,1029.5,Specialty Fats
9201,400000413,,,0,Specialty Fats
9201,400000414,,,0,Specialty Fats
9201,400000545,,,0,Specialty Fats
9201,400000528,,,976.11,Specialty Fats
9201,400000716,,,0,HBC:Rasoi:BIB
9201,400000598,,,1002.16,Specialty Fats
9201,400000621,,,983.3,Specialty Fats
9201,400000631,,,957.68,Specialty Fats
9201,400000637,,,0,HBC:Rasoi:BIB
9201,400000655,,,0,Specialty Fats
9201,400000658,,,0,Specialty Fats
9201,400000656,,,1012.49,Specialty Fats
9201,400000682,,,886.73,Specialty Fats
9201,400000700,,,1046.49,Specialty Fats
9201,400000699,,,928.95,Specialty Fats
9201,400000692,,,0,HBC:Rasoi:BIB
9201,400000691,,,0,HBC:Rasoi:BIB
9201,400000589,,,0,HBC:Rasoi:BIB
9201,400000595,,,0,HBC:Rasoi:BIB
9201,400000594,,,0,HBC:Rasoi:BIB
9201,400000719,,,951.17,Specialty Fats
9201,400000712,,,0,HBC:Rasoi:BIB
9201,400000747,,,1055.51,Specialty Fats
9201,400000748,,,1098.15,Specialty Fats
9201,400000611,,,0,HBC:Rasoi:BIB
9201,400000717,,,0,HBC:Rasoi:BIB
9201,400000718,,,0,HBC:Rasoi:BIB
9201,400000774,,,1024.44,Specialty Fats
9201,400000715,,,0,HBC:Rasoi:BIB
9201,400000753,,,1248.36,Specialty Fats
9201,400000754,,,1208.68,Specialty Fats
9201,400000756,,,0,Specialty Fats
9201,400000757,,,1317.9,Specialty Fats
9201,400000758,,,1291.95,Specialty Fats
9201,400000717,,,0,HBC:Rasoi:BIB
9201,400000718,,,0,HBC:Rasoi:BIB
9201,400000778,,,1014.92,Specialty Fats
9201,400000783,,,1162.66,Specialty Fats
9201,400000782,,,0,HBC:Rasoi:BIB
9201,400000787,,,974.08,Specialty Fats
9201,400000810,,,1436.44,Specialty Fats
9201,400000710,,,0,HBC:Rasoi:BIB
9201,400000821,,,1096.28,Specialty Fats
9201,400000822,,,1080.18,Specialty Fats
9207,400000347,,,0,Specialty Fats
9207,400000348,,,0,Specialty Fats
9207,400000349,,,0,Specialty Fats
9207,400000350,,,0,Specialty Fats
9207,400000352,,,0,Specialty Fats
9207,400000353,,,0,Specialty Fats
9207,400000354,,,0,Specialty Fats
9207,400000355,,,0,Specialty Fats
9207,400000389,,,0,Specialty Fats
9207,400000390,,,0,Specialty Fats
9207,400000428,,,0,Specialty Fats
9207,400000412,,,0,Specialty Fats
9207,400000411,,,0,Specialty Fats
9207,400000427,,,0,Specialty Fats
9207,400000413,,,0,Specialty Fats
9207,400000414,,,0,Specialty Fats
9207,400000141,,,0,HBC:Rasoi:BIB
9207,400000128,,,0,HBC:Rasoi:BIB
9207,400000151,,,0,HBC:Rasoi:BIB
9207,400000396,,,0,HBC:Rasoi:BIB
9207,400000450,,,0,HBC:Rasoi:BIB
9207,400000152,,,0,HBC:Rasoi:BIB
9207,400000362,,,0,HBC:Rasoi:BIB
9207,400000370,,,0,HBC:Rasoi:BIB
9207,400000373,,,0,HBC:Rasoi:BIB
9207,400000374,,,0,HBC:Rasoi:BIB
9207,400000375,,,0,HBC:Rasoi:BIB
9207,400000372,,,0,HBC:Rasoi:BIB
9207,400000139,,,0,HBC:Rasoi:BIB
9207,400000259,,,0,HBC:Rasoi:BIB
9207,400000260,,,0,HBC:Rasoi:BIB
9207,400000273,,,0,HBC:Rasoi:BIB
9207,400000275,,,0,HBC:Rasoi:BIB
9207,400000524,,,0,HBC:Rasoi:BIB
9207,400000545,,,0,Specialty Fats
9207,400000528,,,0,Specialty Fats
9207,400000502,,,796.21,HBC:Rasoi:BIB
9207,400000347,,,0,Specialty Fats
9207,400000348,,,890.22,Specialty Fats
9207,400000349,,,1045.9,Specialty Fats
9207,400000350,,,1009.29,Specialty Fats
9207,400000352,,,990.06,Specialty Fats
9207,400000353,,,964.52,Specialty Fats
9207,400000354,,,947.85,Specialty Fats
9207,400000355,,,947.85,Specialty Fats
9207,400000389,,,0,Specialty Fats
9207,400000428,,,0,Specialty Fats
9207,400000412,,,0,Specialty Fats
9207,400000411,,,0,Specialty Fats
9207,400000427,,,1036.34,Specialty Fats
9207,400000413,,,0,Specialty Fats
9207,400000414,,,0,Specialty Fats
9207,400000528,,,982.95,Specialty Fats
9207,400000545,,,0,Specialty Fats
9207,400000716,,,0,HBC:Rasoi:BIB
9207,400000598,,,1009,Specialty Fats
9207,400000621,,,990.13,Specialty Fats
9207,400000631,,,964.52,Specialty Fats
9207,400000637,,,0,HBC:Rasoi:BIB
9207,400000655,,,0,Specialty Fats
9207,400000658,,,0,Specialty Fats
9207,400000656,,,1019.33,Specialty Fats
9207,400000682,,,893.56,Specialty Fats
9207,400000700,,,1053.32,Specialty Fats
9207,400000699,,,935.79,Specialty Fats
9207,400000692,,,0,HBC:Rasoi:BIB
9207,400000691,,,0,HBC:Rasoi:BIB
9207,400000589,,,0,HBC:Rasoi:BIB
9207,400000595,,,0,HBC:Rasoi:BIB
9207,400000594,,,0,HBC:Rasoi:BIB
9207,400000719,,,958.01,Specialty Fats
9207,400000712,,,0,HBC:Rasoi:BIB
9207,400000747,,,1064.08,Specialty Fats
9207,400000748,,,1104.99,Specialty Fats
9207,400000611,,,0,HBC:Rasoi:BIB
9207,400000717,,,0,HBC:Rasoi:BIB
9207,400000718,,,0,HBC:Rasoi:BIB
9207,400000774,,,1031.27,Specialty Fats
9207,400000715,,,0,HBC:Rasoi:BIB
9207,400000753,,,1257.51,Specialty Fats
9207,400000754,,,1217.82,Specialty Fats
9207,400000756,,,0,Specialty Fats
9207,400000757,,,1327.05,Specialty Fats
9207,400000758,,,1301.09,Specialty Fats
9207,400000717,,,0,HBC:Rasoi:BIB
9207,400000718,,,0,HBC:Rasoi:BIB
9207,400000778,,,1021.75,Specialty Fats
9207,400000783,,,1169.5,Specialty Fats
9207,400000782,,,0,HBC:Rasoi:BIB
9207,400000787,,,980.92,Specialty Fats
9207,400000810,,,1445.58,Specialty Fats
9207,400000710,,,0,HBC:Rasoi:BIB
9207,400000821,,,1103.12,Specialty Fats
9207,400000822,,,1087.01,Specialty Fats
9203,400000347,,,0,Specialty Fats
9203,400000348,,,0,Specialty Fats
9203,400000349,,,0,Specialty Fats
9203,400000350,,,0,Specialty Fats
9203,400000352,,,0,Specialty Fats
9203,400000353,,,0,Specialty Fats
9203,400000354,,,0,Specialty Fats
9203,400000355,,,0,Specialty Fats
9203,400000389,,,0,Specialty Fats
9203,400000390,,,0,Specialty Fats
9203,400000428,,,0,Specialty Fats
9203,400000412,,,0,Specialty Fats
9203,400000411,,,0,Specialty Fats
9203,400000427,,,0,Specialty Fats
9203,400000413,,,0,Specialty Fats
9203,400000414,,,0,Specialty Fats
9203,400000524,,,0,HBC:Rasoi:BIB
9203,400000545,,,0,Specialty Fats
9203,400000528,,,0,Specialty Fats
9203,400000139,,,0,HBC:Rasoi:BIB
9203,400000275,,,0,HBC:Rasoi:BIB
9203,400000347,,,0,Specialty Fats
9203,400000348,,,876.37,Specialty Fats
9203,400000349,,,1032.05,Specialty Fats
9203,400000350,,,995.44,Specialty Fats
9203,400000352,,,976.21,Specialty Fats
9203,400000353,,,950.67,Specialty Fats
9203,400000354,,,934,Specialty Fats
9203,400000355,,,934,Specialty Fats
9203,400000389,,,0,Specialty Fats
9203,400000428,,,0,Specialty Fats
9203,400000412,,,0,Specialty Fats
9203,400000411,,,0,Specialty Fats
9203,400000427,,,1022.49,Specialty Fats
9203,400000413,,,0,Specialty Fats
9203,400000414,,,0,Specialty Fats
9203,400000528,,,969.09,Specialty Fats
9203,400000545,,,0,Specialty Fats
9203,400000716,,,0,HBC:Rasoi:BIB
9203,400000598,,,995.15,Specialty Fats
9203,400000621,,,976.28,Specialty Fats
9203,400000631,,,950.67,Specialty Fats
9203,400000637,,,0,HBC:Rasoi:BIB
9203,400000655,,,0,Specialty Fats
9203,400000658,,,0,Specialty Fats
9203,400000656,,,1005.48,Specialty Fats
9203,400000682,,,879.71,Specialty Fats
9203,400000700,,,1039.47,Specialty Fats
9203,400000699,,,921.94,Specialty Fats
9203,400000719,,,944.16,Specialty Fats
9203,400000747,,,1050.23,Specialty Fats
9203,400000748,,,1091.13,Specialty Fats
9203,400000611,,,0,HBC:Rasoi:BIB
9203,400000774,,,1017.42,Specialty Fats
9203,400000715,,,0,HBC:Rasoi:BIB
9203,400000753,,,1239.04,Specialty Fats
9203,400000754,,,1199.36,Specialty Fats
9203,400000756,,,0,Specialty Fats
9203,400000757,,,1308.58,Specialty Fats
9203,400000758,,,1282.63,Specialty Fats
9203,400000778,,,1007.9,Specialty Fats
9203,400000783,,,1155.64,Specialty Fats
9203,400000787,,,967.07,Specialty Fats
9203,400000810,,,1427.12,Specialty Fats
9203,400000710,,,0,HBC:Rasoi:BIB
9203,400000821,,,1089.27,Specialty Fats
9203,400000822,,,1073.16,Specialty Fats
9111,400000126,,,0,HBC:Rasoi:BIB
9111,400000128,,,0,HBC:Rasoi:BIB
9111,400000139,,,0,HBC:Rasoi:BIB
9111,400000140,,,0,HBC:Rasoi:BIB
9111,400000141,,,0,HBC:Rasoi:BIB
9111,400000151,,,0,HBC:Rasoi:BIB
9111,400000152,,,0,HBC:Rasoi:BIB
9111,400000153,,,0,HBC:Rasoi:BIB
9111,400000154,,,0,HBC:Rasoi:BIB
9111,400000159,,,0,HBC:Rasoi:BIB
9111,400000170,,,0,HBC:Rasoi:BIB
9111,400000173,,,0,HBC:Rasoi:BIB
9111,400000252,,,0,HBC:Rasoi:BIB
9111,400000254,,,0,HBC:Rasoi:BIB
9111,400000255,,,0,HBC:Rasoi:BIB
9111,400000256,,,0,HBC:Rasoi:BIB
9111,400000257,,,0,HBC:Rasoi:BIB
9111,400000259,,,0,HBC:Rasoi:BIB
9111,400000273,,,0,HBC:Rasoi:BIB
9111,400000275,,,0,HBC:Rasoi:BIB
9111,400000397,,,0,HBC:Rasoi:BIB
9111,400000396,,,0,HBC:Rasoi:BIB
9111,400000430,,,0,HBC:Rasoi:BIB
9111,400000356,,,0,HBC:Rasoi:BIB
9111,400000521,,,0,HBC:Rasoi:BIB
9111,400000523,,,0,HBC:Rasoi:BIB
9111,400000524,,,0,HBC:Rasoi:BIB
9111,400000480,,,0,HBC:Rasoi:BIB
9111,400000530,,,0,HBC:Rasoi:BIB
9111,400000521,,,0,HBC:Rasoi:BIB
9111,400000523,,,0,HBC:Rasoi:BIB
9111,400000595,,,0,HBC:Rasoi:BIB
9111,400000716,,,0,HBC:Rasoi:BIB
9111,400000562,,,0,HBC:Rasoi:BIB
9111,400000564,,,0,HBC:Rasoi:BIB
9111,400000611,,,0,HBC:Rasoi:BIB
9111,400000635,,,0,HBC:Rasoi:BIB
9111,400000636,,,0,HBC:Rasoi:BIB
9111,400000589,,,0,HBC:Rasoi:BIB
9111,400000594,,,0,HBC:Rasoi:BIB
9111,400000637,,,0,HBC:Rasoi:BIB
9111,400000692,,,0,HBC:Rasoi:BIB
9111,400000691,,,0,HBC:Rasoi:BIB
9111,400000693,,,0,HBC:Rasoi:BIB
9111,400000678,,,0,HBC:Rasoi:BIB
9111,400000712,,,0,HBC:Rasoi:BIB
9111,400000715,,,0,HBC:Rasoi:BIB
9111,400000776,,,0,HBC:Rasoi:BIB
9111,400000782,,,0,HBC:Rasoi:BIB
9208,400000347,,,0,Specialty Fats
9208,400000348,,,0,Specialty Fats
9208,400000349,,,0,Specialty Fats
9208,400000350,,,0,Specialty Fats
9208,400000352,,,0,Specialty Fats
9208,400000353,,,0,Specialty Fats
9208,400000354,,,0,Specialty Fats
9208,400000355,,,0,Specialty Fats
9208,400000389,,,0,Specialty Fats
9208,400000390,,,0,Specialty Fats
9208,400000428,,,0,Specialty Fats
9208,400000412,,,0,Specialty Fats
9208,400000411,,,0,Specialty Fats
9208,400000427,,,0,Specialty Fats
9208,400000413,,,0,Specialty Fats
9208,400000414,,,0,Specialty Fats
9208,400000141,,,0,HBC:Rasoi:BIB
9208,400000128,,,0,HBC:Rasoi:BIB
9208,400000151,,,0,HBC:Rasoi:BIB
9208,400000396,,,0,HBC:Rasoi:BIB
9208,400000450,,,0,HBC:Rasoi:BIB
9208,400000152,,,0,HBC:Rasoi:BIB
9208,400000362,,,0,HBC:Rasoi:BIB
9208,400000370,,,0,HBC:Rasoi:BIB
9208,400000373,,,0,HBC:Rasoi:BIB
9208,400000374,,,0,HBC:Rasoi:BIB
9208,400000375,,,0,HBC:Rasoi:BIB
9208,400000372,,,0,HBC:Rasoi:BIB
9208,400000139,,,0,HBC:Rasoi:BIB
9208,400000259,,,0,HBC:Rasoi:BIB
9208,400000260,,,0,HBC:Rasoi:BIB
9208,400000273,,,0,HBC:Rasoi:BIB
9208,400000275,,,0,HBC:Rasoi:BIB
9208,400000524,,,0,HBC:Rasoi:BIB
9208,400000545,,,0,Specialty Fats
9208,400000528,,,0,Specialty Fats
9208,400000502,,,796.21,HBC:Rasoi:BIB
9208,400000347,,,0,Specialty Fats
9208,400000348,,,880.47,Specialty Fats
9208,400000349,,,1036.14,Specialty Fats
9208,400000350,,,999.54,Specialty Fats
9208,400000352,,,980.31,Specialty Fats
9208,400000353,,,954.76,Specialty Fats
9208,400000354,,,938.1,Specialty Fats
9208,400000355,,,938.1,Specialty Fats
9208,400000389,,,0,Specialty Fats
9208,400000428,,,0,Specialty Fats
9208,400000412,,,0,Specialty Fats
9208,400000411,,,0,Specialty Fats
9208,400000427,,,1026.59,Specialty Fats
9208,400000413,,,0,Specialty Fats
9208,400000414,,,0,Specialty Fats
9208,400000545,,,0,Specialty Fats
9208,400000528,,,973.19,Specialty Fats
9208,400000716,,,0,HBC:Rasoi:BIB
9208,400000598,,,999.24,Specialty Fats
9208,400000621,,,980.38,Specialty Fats
9208,400000631,,,954.76,Specialty Fats
9208,400000637,,,0,HBC:Rasoi:BIB
9208,400000655,,,0,Specialty Fats
9208,400000658,,,0,Specialty Fats
9208,400000656,,,1009.57,Specialty Fats
9208,400000682,,,883.81,Specialty Fats
9208,400000700,,,1043.57,Specialty Fats
9208,400000699,,,926.03,Specialty Fats
9208,400000692,,,0,HBC:Rasoi:BIB
9208,400000691,,,0,HBC:Rasoi:BIB
9208,400000589,,,0,HBC:Rasoi:BIB
9208,400000595,,,0,HBC:Rasoi:BIB
9208,400000594,,,0,HBC:Rasoi:BIB
9208,400000719,,,948.26,Specialty Fats
9208,400000712,,,0,HBC:Rasoi:BIB
9208,400000747,,,1054.32,Specialty Fats
9208,400000748,,,1095.23,Specialty Fats
9208,400000611,,,0,HBC:Rasoi:BIB
9208,400000717,,,0,HBC:Rasoi:BIB
9208,400000718,,,0,HBC:Rasoi:BIB
9208,400000774,,,1021.52,Specialty Fats
9208,400000715,,,0,HBC:Rasoi:BIB
9208,400000753,,,1244.45,Specialty Fats
9208,400000754,,,1204.76,Specialty Fats
9208,400000756,,,0,Specialty Fats
9208,400000757,,,1313.99,Specialty Fats
9208,400000758,,,1288.03,Specialty Fats
9208,400000759,,,0,Specialty Fats
9208,400000717,,,0,HBC:Rasoi:BIB
9208,400000718,,,0,HBC:Rasoi:BIB
9208,400000778,,,1012,Specialty Fats
9208,400000783,,,1159.74,Specialty Fats
9208,400000782,,,0,HBC:Rasoi:BIB
9208,400000787,,,971.17,Specialty Fats
9208,400000810,,,1432.52,Specialty Fats
9208,400000710,,,0,HBC:Rasoi:BIB
9208,400000821,,,1093.37,Specialty Fats
9208,400000822,,,1077.26,Specialty Fats
9112,400000126,,,0,HBC:Rasoi:BIB
9112,400000128,,,0,HBC:Rasoi:BIB
9112,400000139,,,0,HBC:Rasoi:BIB
9112,400000140,,,0,HBC:Rasoi:BIB
9112,400000141,,,0,HBC:Rasoi:BIB
9112,400000151,,,0,HBC:Rasoi:BIB
9112,400000152,,,0,HBC:Rasoi:BIB
9112,400000153,,,0,HBC:Rasoi:BIB
9112,400000154,,,0,HBC:Rasoi:BIB
9112,400000159,,,0,HBC:Rasoi:BIB
9112,400000170,,,0,HBC:Rasoi:BIB
9112,400000173,,,0,HBC:Rasoi:BIB
9112,400000252,,,0,HBC:Rasoi:BIB
9112,400000254,,,0,HBC:Rasoi:BIB
9112,400000255,,,0,HBC:Rasoi:BIB
9112,400000256,,,0,HBC:Rasoi:BIB
9112,400000257,,,0,HBC:Rasoi:BIB
9112,400000259,,,0,HBC:Rasoi:BIB
9112,400000273,,,0,HBC:Rasoi:BIB
9112,400000275,,,0,HBC:Rasoi:BIB
9112,400000397,,,0,HBC:Rasoi:BIB
9112,400000396,,,0,HBC:Rasoi:BIB
9112,400000430,,,0,HBC:Rasoi:BIB
9112,400000356,,,0,HBC:Rasoi:BIB
9112,400000521,,,0,HBC:Rasoi:BIB
9112,400000523,,,0,HBC:Rasoi:BIB
9112,400000524,,,0,HBC:Rasoi:BIB
9112,400000480,,,0,HBC:Rasoi:BIB
9112,400000530,,,0,HBC:Rasoi:BIB
9112,400000521,,,0,HBC:Rasoi:BIB
9112,400000523,,,0,HBC:Rasoi:BIB
9112,400000595,,,0,HBC:Rasoi:BIB
9112,400000716,,,0,HBC:Rasoi:BIB
9112,400000562,,,0,HBC:Rasoi:BIB
9112,400000564,,,0,HBC:Rasoi:BIB
9112,400000611,,,0,HBC:Rasoi:BIB
9112,400000635,,,0,HBC:Rasoi:BIB
9112,400000636,,,0,HBC:Rasoi:BIB
9112,400000589,,,0,HBC:Rasoi:BIB
9112,400000594,,,0,HBC:Rasoi:BIB
9112,400000637,,,0,HBC:Rasoi:BIB
9112,400000692,,,0,HBC:Rasoi:BIB
9112,400000691,,,0,HBC:Rasoi:BIB
9112,400000693,,,0,HBC:Rasoi:BIB
9112,400000678,,,0,HBC:Rasoi:BIB
9112,400000712,,,0,HBC:Rasoi:BIB
9112,400000715,,,0,HBC:Rasoi:BIB
9112,400000776,,,0,HBC:Rasoi:BIB
9112,400000782,,,0,HBC:Rasoi:BIB
9103,400000126,,,0,HBC:Rasoi:BIB
9103,400000128,,,0,HBC:Rasoi:BIB
9103,400000139,,,0,HBC:Rasoi:BIB
9103,400000140,,,0,HBC:Rasoi:BIB
9103,400000141,,,0,HBC:Rasoi:BIB
9103,400000151,,,0,HBC:Rasoi:BIB
9103,400000152,,,0,HBC:Rasoi:BIB
9103,400000153,,,0,HBC:Rasoi:BIB
9103,400000154,,,0,HBC:Rasoi:BIB
9103,400000159,,,0,HBC:Rasoi:BIB
9103,400000170,,,0,HBC:Rasoi:BIB
9103,400000173,,,0,HBC:Rasoi:BIB
9103,400000252,,,0,HBC:Rasoi:BIB
9103,400000254,,,0,HBC:Rasoi:BIB
9103,400000255,,,0,HBC:Rasoi:BIB
9103,400000256,,,0,HBC:Rasoi:BIB
9103,400000257,,,0,HBC:Rasoi:BIB
9103,400000259,,,0,HBC:Rasoi:BIB
9103,400000273,,,0,HBC:Rasoi:BIB
9103,400000275,,,0,HBC:Rasoi:BIB
9103,400000397,,,0,HBC:Rasoi:BIB
9103,400000396,,,0,HBC:Rasoi:BIB
9103,400000430,,,0,HBC:Rasoi:BIB
9103,400000356,,,0,HBC:Rasoi:BIB
9103,400000521,,,0,HBC:Rasoi:BIB
9103,400000523,,,0,HBC:Rasoi:BIB
9103,400000524,,,0,HBC:Rasoi:BIB
9103,400000480,,,0,HBC:Rasoi:BIB
9103,400000530,,,0,HBC:Rasoi:BIB
9103,400000521,,,0,HBC:Rasoi:BIB
9103,400000523,,,0,HBC:Rasoi:BIB
9103,400000595,,,0,HBC:Rasoi:BIB
9103,400000716,,,0,HBC:Rasoi:BIB
9103,400000562,,,0,HBC:Rasoi:BIB
9103,400000564,,,0,HBC:Rasoi:BIB
9103,400000611,,,0,HBC:Rasoi:BIB
9103,400000635,,,0,HBC:Rasoi:BIB
9103,400000636,,,0,HBC:Rasoi:BIB
9103,400000589,,,0,HBC:Rasoi:BIB
9103,400000594,,,0,HBC:Rasoi:BIB
9103,400000637,,,0,HBC:Rasoi:BIB
9103,400000692,,,0,HBC:Rasoi:BIB
9103,400000691,,,0,HBC:Rasoi:BIB
9103,400000693,,,0,HBC:Rasoi:BIB
9103,400000678,,,0,HBC:Rasoi:BIB
9103,400000712,,,0,HBC:Rasoi:BIB
9103,400000715,,,0,HBC:Rasoi:BIB
9103,400000776,,,0,HBC:Rasoi:BIB
9103,400000782,,,0,HBC:Rasoi:BIB
9407DD,400000347,,,0,Specialty Fats
9407DD,400000348,,,0,Specialty Fats
9407DD,400000349,,,0,Specialty Fats
9407DD,400000350,,,0,Specialty Fats
9407DD,400000352,,,0,Specialty Fats
9407DD,400000353,,,0,Specialty Fats
9407DD,400000354,,,0,Specialty Fats
9407DD,400000355,,,0,Specialty Fats
9407DD,400000389,,,0,Specialty Fats
9407DD,400000390,,,0,Specialty Fats
9407DD,400000428,,,0,Specialty Fats
9407DD,400000412,,,0,Specialty Fats
9407DD,400000411,,,0,Specialty Fats
9407DD,400000427,,,0,Specialty Fats
9407DD,400000413,,,0,Specialty Fats
9407DD,400000414,,,0,Specialty Fats
9407DD,400000141,,,0,HBC:Rasoi:BIB
9407DD,400000128,,,0,HBC:Rasoi:BIB
9407DD,400000151,,,0,HBC:Rasoi:BIB
9407DD,400000396,,,0,HBC:Rasoi:BIB
9407DD,400000450,,,0,HBC:Rasoi:BIB
9407DD,400000152,,,0,HBC:Rasoi:BIB
9407DD,400000362,,,0,HBC:Rasoi:BIB
9407DD,400000370,,,0,HBC:Rasoi:BIB
9407DD,400000373,,,0,HBC:Rasoi:BIB
9407DD,400000374,,,0,HBC:Rasoi:BIB
9407DD,400000375,,,0,HBC:Rasoi:BIB
9407DD,400000372,,,0,HBC:Rasoi:BIB
9407DD,400000139,,,0,HBC:Rasoi:BIB
9407DD,400000259,,,0,HBC:Rasoi:BIB
9407DD,400000260,,,0,HBC:Rasoi:BIB
9407DD,400000273,,,0,HBC:Rasoi:BIB
9407DD,400000275,,,0,HBC:Rasoi:BIB
9407DD,400000524,,,0,HBC:Rasoi:BIB
9407DD,400000545,,,0,Specialty Fats
9407DD,400000528,,,0,Specialty Fats
9407DD,400000502,,,796.21,HBC:Rasoi:BIB
9407DD,400000347,,,0,Specialty Fats
9407DD,400000348,,,0,Specialty Fats
9407DD,400000349,,,0,Specialty Fats
9407DD,400000350,,,0,Specialty Fats
9407DD,400000352,,,0,Specialty Fats
9407DD,400000353,,,0,Specialty Fats
9407DD,400000354,,,0,Specialty Fats
9407DD,400000355,,,0,Specialty Fats
9407DD,400000389,,,0,Specialty Fats
9407DD,400000428,,,0,Specialty Fats
9407DD,400000412,,,0,Specialty Fats
9407DD,400000411,,,0,Specialty Fats
9407DD,400000427,,,0,Specialty Fats
9407DD,400000413,,,0,Specialty Fats
9407DD,400000414,,,0,Specialty Fats
9407DD,400000528,,,0,Specialty Fats
9407DD,400000545,,,0,Specialty Fats
9407DD,400000716,,,0,HBC:Rasoi:BIB
9407DD,400000598,,,0,Specialty Fats
9407DD,400000621,,,0,Specialty Fats
9407DD,400000631,,,0,Specialty Fats
9407DD,400000637,,,0,HBC:Rasoi:BIB
9407DD,400000655,,,0,Specialty Fats
9407DD,400000658,,,0,Specialty Fats
9407DD,400000656,,,0,Specialty Fats
9407DD,400000682,,,0,Specialty Fats
9407DD,400000700,,,0,Specialty Fats
9407DD,400000699,,,0,Specialty Fats
9407DD,400000692,,,0,HBC:Rasoi:BIB
9407DD,400000691,,,0,HBC:Rasoi:BIB
9407DD,400000719,,,0,Specialty Fats
9407DD,400000712,,,0,HBC:Rasoi:BIB
9407DD,400000747,,,0,Specialty Fats
9407DD,400000748,,,0,Specialty Fats
9407DD,400000717,,,0,HBC:Rasoi:BIB
9407DD,400000718,,,0,HBC:Rasoi:BIB
9407DD,400000774,,,0,Specialty Fats
9407DD,400000753,,,0,Specialty Fats
9407DD,400000754,,,0,Specialty Fats
9407DD,400000756,,,0,Specialty Fats
9407DD,400000757,,,0,Specialty Fats
9407DD,400000758,,,0,Specialty Fats
9407DD,400000782,,,0,HBC:Rasoi:BIB
9407D,400000347,,,0,Specialty Fats
9407D,400000348,,,0,Specialty Fats
9407D,400000349,,,0,Specialty Fats
9407D,400000350,,,0,Specialty Fats
9407D,400000352,,,0,Specialty Fats
9407D,400000353,,,0,Specialty Fats
9407D,400000354,,,0,Specialty Fats
9407D,400000355,,,0,Specialty Fats
9407D,400000389,,,0,Specialty Fats
9407D,400000390,,,0,Specialty Fats
9407D,400000428,,,0,Specialty Fats
9407D,400000412,,,0,Specialty Fats
9407D,400000411,,,0,Specialty Fats
9407D,400000427,,,0,Specialty Fats
9407D,400000413,,,0,Specialty Fats
9407D,400000414,,,0,Specialty Fats
9407D,400000524,,,0,HBC:Rasoi:BIB
9407D,400000545,,,0,Specialty Fats
9407D,400000528,,,0,Specialty Fats
9407D,400000139,,,0,HBC:Rasoi:BIB
9407D,400000275,,,0,HBC:Rasoi:BIB
9407D,400000347,,,0,Specialty Fats
9407D,400000348,,,0,Specialty Fats
9407D,400000349,,,0,Specialty Fats
9407D,400000350,,,0,Specialty Fats
9407D,400000352,,,0,Specialty Fats
9407D,400000353,,,0,Specialty Fats
9407D,400000354,,,0,Specialty Fats
9407D,400000355,,,0,Specialty Fats
9407D,400000389,,,0,Specialty Fats
9407D,400000428,,,0,Specialty Fats
9407D,400000412,,,0,Specialty Fats
9407D,400000411,,,0,Specialty Fats
9407D,400000427,,,0,Specialty Fats
9407D,400000413,,,0,Specialty Fats
9407D,400000414,,,0,Specialty Fats
9407D,400000528,,,0,Specialty Fats
9407D,400000545,,,0,Specialty Fats
9407D,400000716,,,0,HBC:Rasoi:BIB
9407D,400000598,,,0,Specialty Fats
9407D,400000621,,,0,Specialty Fats
9407D,400000631,,,0,Specialty Fats
9407D,400000637,,,0,HBC:Rasoi:BIB
9407D,400000655,,,0,Specialty Fats
9407D,400000658,,,0,Specialty Fats
9407D,400000656,,,0,Specialty Fats
9407D,400000682,,,0,Specialty Fats
9407D,400000700,,,0,Specialty Fats
9407D,400000699,,,0,Specialty Fats
9407D,400000719,,,0,Specialty Fats
9407D,400000747,,,0,Specialty Fats
9407D,400000748,,,0,Specialty Fats
9407D,400000774,,,0,Specialty Fats
9407D,400000753,,,0,Specialty Fats
9407D,400000754,,,0,Specialty Fats
9407D,400000756,,,0,Specialty Fats
9407D,400000757,,,0,Specialty Fats
9407D,400000758,,,0,Specialty Fats
9213,400000347,,,0,Specialty Fats
9213,400000348,,,0,Specialty Fats
9213,400000349,,,0,Specialty Fats
9213,400000350,,,0,Specialty Fats
9213,400000352,,,0,Specialty Fats
9213,400000353,,,0,Specialty Fats
9213,400000354,,,0,Specialty Fats
9213,400000355,,,0,Specialty Fats
9213,400000389,,,0,Specialty Fats
9213,400000390,,,0,Specialty Fats
9213,400000428,,,0,Specialty Fats
9213,400000412,,,0,Specialty Fats
9213,400000411,,,0,Specialty Fats
9213,400000427,,,0,Specialty Fats
9213,400000413,,,0,Specialty Fats
9213,400000414,,,0,Specialty Fats
9213,400000141,,,0,HBC:Rasoi:BIB
9213,400000128,,,0,HBC:Rasoi:BIB
9213,400000151,,,0,HBC:Rasoi:BIB
9213,400000396,,,0,HBC:Rasoi:BIB
9213,400000450,,,0,HBC:Rasoi:BIB
9213,400000152,,,0,HBC:Rasoi:BIB
9213,400000362,,,0,HBC:Rasoi:BIB
9213,400000370,,,0,HBC:Rasoi:BIB
9213,400000373,,,0,HBC:Rasoi:BIB
9213,400000374,,,0,HBC:Rasoi:BIB
9213,400000375,,,0,HBC:Rasoi:BIB
9213,400000372,,,0,HBC:Rasoi:BIB
9213,400000139,,,0,HBC:Rasoi:BIB
9213,400000259,,,0,HBC:Rasoi:BIB
9213,400000260,,,0,HBC:Rasoi:BIB
9213,400000273,,,0,HBC:Rasoi:BIB
9213,400000275,,,0,HBC:Rasoi:BIB
9213,400000524,,,0,HBC:Rasoi:BIB
9213,400000545,,,0,Specialty Fats
9213,400000528,,,0,Specialty Fats
9213,400000502,,,796.21,HBC:Rasoi:BIB
9213,400000347,,,0,Specialty Fats
9213,400000348,,,887.06,Specialty Fats
9213,400000349,,,1042.74,Specialty Fats
9213,400000350,,,1006.13,Specialty Fats
9213,400000352,,,986.9,Specialty Fats
9213,400000353,,,961.35,Specialty Fats
9213,400000354,,,944.69,Specialty Fats
9213,400000355,,,944.69,Specialty Fats
9213,400000389,,,0,Specialty Fats
9213,400000428,,,0,Specialty Fats
9213,400000412,,,0,Specialty Fats
9213,400000411,,,0,Specialty Fats
9213,400000427,,,1033.18,Specialty Fats
9213,400000413,,,0,Specialty Fats
9213,400000414,,,0,Specialty Fats
9213,400000528,,,979.78,Specialty Fats
9213,400000545,,,0,Specialty Fats
9213,400000716,,,0,HBC:Rasoi:BIB
9213,400000598,,,1005.84,Specialty Fats
9213,400000621,,,986.97,Specialty Fats
9213,400000631,,,961.35,Specialty Fats
9213,400000637,,,0,HBC:Rasoi:BIB
9213,400000655,,,0,Specialty Fats
9213,400000658,,,0,Specialty Fats
9213,400000656,,,1016.17,Specialty Fats
9213,400000682,,,890.4,Specialty Fats
9213,400000700,,,1050.16,Specialty Fats
9213,400000699,,,932.62,Specialty Fats
9213,400000692,,,0,HBC:Rasoi:BIB
9213,400000691,,,0,HBC:Rasoi:BIB
9213,400000589,,,0,HBC:Rasoi:BIB
9213,400000595,,,0,HBC:Rasoi:BIB
9213,400000594,,,0,HBC:Rasoi:BIB
9213,400000719,,,954.85,Specialty Fats
9213,400000712,,,0,HBC:Rasoi:BIB
9213,400000747,,,1060.91,Specialty Fats
9213,400000748,,,1101.82,Specialty Fats
9213,400000611,,,0,HBC:Rasoi:BIB
9213,400000717,,,0,HBC:Rasoi:BIB
9213,400000718,,,0,HBC:Rasoi:BIB
9213,400000774,,,1028.11,Specialty Fats
9213,400000715,,,0,HBC:Rasoi:BIB
9213,400000753,,,1253.29,Specialty Fats
9213,400000754,,,1213.61,Specialty Fats
9213,400000756,,,0,Specialty Fats
9213,400000757,,,1322.83,Specialty Fats
9213,400000758,,,1296.88,Specialty Fats
9213,400000717,,,0,HBC:Rasoi:BIB
9213,400000718,,,0,HBC:Rasoi:BIB
9213,400000778,,,1018.59,Specialty Fats
9213,400000783,,,1166.33,Specialty Fats
9213,400000782,,,0,HBC:Rasoi:BIB
9213,400000787,,,977.76,Specialty Fats
9213,400000810,,,1441.37,Specialty Fats
9213,400000710,,,0,HBC:Rasoi:BIB
9213,400000821,,,1099.96,Specialty Fats
9213,400000822,,,1083.85,Specialty Fats
9205,400000347,,,0,Specialty Fats
9205,400000348,,,0,Specialty Fats
9205,400000349,,,0,Specialty Fats
9205,400000350,,,0,Specialty Fats
9205,400000352,,,0,Specialty Fats
9205,400000353,,,0,Specialty Fats
9205,400000354,,,0,Specialty Fats
9205,400000355,,,0,Specialty Fats
9205,400000389,,,0,Specialty Fats
9205,400000390,,,0,Specialty Fats
9205,400000428,,,0,Specialty Fats
9205,400000412,,,0,Specialty Fats
9205,400000411,,,0,Specialty Fats
9205,400000427,,,0,Specialty Fats
9205,400000413,,,0,Specialty Fats
9205,400000414,,,0,Specialty Fats
9205,400000141,,,0,HBC:Rasoi:BIB
9205,400000128,,,0,HBC:Rasoi:BIB
9205,400000151,,,0,HBC:Rasoi:BIB
9205,400000396,,,0,HBC:Rasoi:BIB
9205,400000450,,,0,HBC:Rasoi:BIB
9205,400000152,,,0,HBC:Rasoi:BIB
9205,400000362,,,0,HBC:Rasoi:BIB
9205,400000370,,,0,HBC:Rasoi:BIB
9205,400000373,,,0,HBC:Rasoi:BIB
9205,400000374,,,0,HBC:Rasoi:BIB
9205,400000375,,,0,HBC:Rasoi:BIB
9205,400000372,,,0,HBC:Rasoi:BIB
9205,400000139,,,0,HBC:Rasoi:BIB
9205,400000259,,,0,HBC:Rasoi:BIB
9205,400000260,,,0,HBC:Rasoi:BIB
9205,400000273,,,0,HBC:Rasoi:BIB
9205,400000275,,,0,HBC:Rasoi:BIB
9205,400000524,,,0,HBC:Rasoi:BIB
9205,400000545,,,0,Specialty Fats
9205,400000528,,,0,Specialty Fats
9205,400000502,,,796.21,HBC:Rasoi:BIB
9205,400000347,,,0,Specialty Fats
9205,400000348,,,887.77,Specialty Fats
9205,400000349,,,1043.45,Specialty Fats
9205,400000350,,,1006.84,Specialty Fats
9205,400000352,,,987.61,Specialty Fats
9205,400000353,,,962.07,Specialty Fats
9205,400000354,,,945.4,Specialty Fats
9205,400000355,,,945.4,Specialty Fats
9205,400000389,,,0,Specialty Fats
9205,400000428,,,0,Specialty Fats
9205,400000412,,,0,Specialty Fats
9205,400000411,,,0,Specialty Fats
9205,400000427,,,1033.89,Specialty Fats
9205,400000413,,,0,Specialty Fats
9205,400000414,,,0,Specialty Fats
9205,400000545,,,0,Specialty Fats
9205,400000528,,,980.5,Specialty Fats
9205,400000716,,,0,HBC:Rasoi:BIB
9205,400000598,,,1006.55,Specialty Fats
9205,400000621,,,987.69,Specialty Fats
9205,400000631,,,962.07,Specialty Fats
9205,400000637,,,0,HBC:Rasoi:BIB
9205,400000655,,,0,Specialty Fats
9205,400000658,,,0,Specialty Fats
9205,400000656,,,1016.88,Specialty Fats
9205,400000682,,,891.12,Specialty Fats
9205,400000700,,,1050.88,Specialty Fats
9205,400000699,,,933.34,Specialty Fats
9205,400000692,,,0,HBC:Rasoi:BIB
9205,400000691,,,0,HBC:Rasoi:BIB
9205,400000719,,,955.56,Specialty Fats
9205,400000712,,,0,HBC:Rasoi:BIB
9205,400000747,,,1061.63,Specialty Fats
9205,400000748,,,1102.54,Specialty Fats
9205,400000611,,,0,HBC:Rasoi:BIB
9205,400000717,,,0,HBC:Rasoi:BIB
9205,400000718,,,0,HBC:Rasoi:BIB
9205,400000774,,,1028.83,Specialty Fats
9205,400000715,,,0,HBC:Rasoi:BIB
9205,400000753,,,1254.24,Specialty Fats
9205,400000754,,,1214.56,Specialty Fats
9205,400000756,,,0,Specialty Fats
9205,400000757,,,1323.79,Specialty Fats
9205,400000758,,,1297.83,Specialty Fats
9205,400000717,,,0,HBC:Rasoi:BIB
9205,400000718,,,0,HBC:Rasoi:BIB
9205,400000778,,,1019.31,Specialty Fats
9205,400000783,,,1167.05,Specialty Fats
9205,400000782,,,0,HBC:Rasoi:BIB
9205,400000787,,,978.47,Specialty Fats
9205,400000810,,,1442.32,Specialty Fats
9205,400000710,,,0,HBC:Rasoi:BIB
9205,400000821,,,1100.67,Specialty Fats
9205,400000822,,,1084.56,Specialty Fats
9106,400000126,,,0,HBC:Rasoi:BIB
9106,400000128,,,0,HBC:Rasoi:BIB
9106,400000139,,,0,HBC:Rasoi:BIB
9106,400000140,,,0,HBC:Rasoi:BIB
9106,400000141,,,0,HBC:Rasoi:BIB
9106,400000151,,,0,HBC:Rasoi:BIB
9106,400000152,,,0,HBC:Rasoi:BIB
9106,400000153,,,0,HBC:Rasoi:BIB
9106,400000154,,,0,HBC:Rasoi:BIB
9106,400000159,,,0,HBC:Rasoi:BIB
9106,400000170,,,0,HBC:Rasoi:BIB
9106,400000173,,,0,HBC:Rasoi:BIB
9106,400000252,,,0,HBC:Rasoi:BIB
9106,400000254,,,0,HBC:Rasoi:BIB
9106,400000255,,,0,HBC:Rasoi:BIB
9106,400000256,,,0,HBC:Rasoi:BIB
9106,400000257,,,0,HBC:Rasoi:BIB
9106,400000259,,,0,HBC:Rasoi:BIB
9106,400000273,,,0,HBC:Rasoi:BIB
9106,400000275,,,0,HBC:Rasoi:BIB
9106,400000397,,,0,HBC:Rasoi:BIB
9106,400000396,,,0,HBC:Rasoi:BIB
9106,400000430,,,0,HBC:Rasoi:BIB
9106,400000356,,,0,HBC:Rasoi:BIB
9106,400000521,,,0,HBC:Rasoi:BIB
9106,400000523,,,0,HBC:Rasoi:BIB
9106,400000524,,,0,HBC:Rasoi:BIB
9106,400000480,,,0,HBC:Rasoi:BIB
9106,400000530,,,0,HBC:Rasoi:BIB
9106,400000521,,,0,HBC:Rasoi:BIB
9106,400000523,,,0,HBC:Rasoi:BIB
9106,400000595,,,0,HBC:Rasoi:BIB
9106,400000716,,,0,HBC:Rasoi:BIB
9106,400000562,,,0,HBC:Rasoi:BIB
9106,400000564,,,0,HBC:Rasoi:BIB
9106,400000611,,,0,HBC:Rasoi:BIB
9106,400000635,,,0,HBC:Rasoi:BIB
9106,400000636,,,0,HBC:Rasoi:BIB
9106,400000589,,,0,HBC:Rasoi:BIB
9106,400000594,,,0,HBC:Rasoi:BIB
9106,400000637,,,0,HBC:Rasoi:BIB
9106,400000692,,,0,HBC:Rasoi:BIB
9106,400000691,,,0,HBC:Rasoi:BIB
9106,400000693,,,0,HBC:Rasoi:BIB
9106,400000678,,,0,HBC:Rasoi:BIB
9106,400000712,,,0,HBC:Rasoi:BIB
9106,400000715,,,0,HBC:Rasoi:BIB
9106,400000776,,,0,HBC:Rasoi:BIB
9106,400000782,,,0,HBC:Rasoi:BIB
9407B,400000347,,,0,Specialty Fats
9407B,400000348,,,0,Specialty Fats
9407B,400000349,,,0,Specialty Fats
9407B,400000350,,,0,Specialty Fats
9407B,400000352,,,0,Specialty Fats
9407B,400000353,,,0,Specialty Fats
9407B,400000354,,,0,Specialty Fats
9407B,400000355,,,0,Specialty Fats
9407B,400000389,,,0,Specialty Fats
9407B,400000390,,,0,Specialty Fats
9407B,400000428,,,0,Specialty Fats
9407B,400000412,,,0,Specialty Fats
9407B,400000411,,,0,Specialty Fats
9407B,400000427,,,0,Specialty Fats
9407B,400000413,,,0,Specialty Fats
9407B,400000414,,,0,Specialty Fats
9407B,400000524,,,0,HBC:Rasoi:BIB
9407B,400000141,,,0,HBC:Rasoi:BIB
9407B,400000450,,,0,HBC:Rasoi:BIB
9407B,400000151,,,0,HBC:Rasoi:BIB
9407B,400000396,,,0,HBC:Rasoi:BIB
9407B,400000152,,,0,HBC:Rasoi:BIB
9407B,400000128,,,0,HBC:Rasoi:BIB
9407B,400000362,,,0,HBC:Rasoi:BIB
9407B,400000370,,,0,HBC:Rasoi:BIB
9407B,400000139,,,0,HBC:Rasoi:BIB
9407B,400000260,,,0,HBC:Rasoi:BIB
9407B,400000273,,,0,HBC:Rasoi:BIB
9407B,400000275,,,0,HBC:Rasoi:BIB
9407B,400000259,,,0,HBC:Rasoi:BIB
9407B,400000374,,,0,HBC:Rasoi:BIB
9407B,400000372,,,0,HBC:Rasoi:BIB
9407B,400000373,,,0,HBC:Rasoi:BIB
9407B,400000375,,,0,HBC:Rasoi:BIB
9407B,400000502,,,796.21,HBC:Rasoi:BIB
9407B,400000347,,,0,Specialty Fats
9407B,400000348,,,0,Specialty Fats
9407B,400000349,,,0,Specialty Fats
9407B,400000350,,,0,Specialty Fats
9407B,400000352,,,0,Specialty Fats
9407B,400000353,,,0,Specialty Fats
9407B,400000354,,,0,Specialty Fats
9407B,400000355,,,0,Specialty Fats
9407B,400000389,,,0,Specialty Fats
9407B,400000428,,,0,Specialty Fats
9407B,400000412,,,0,Specialty Fats
9407B,400000411,,,0,Specialty Fats
9407B,400000427,,,0,Specialty Fats
9407B,400000413,,,0,Specialty Fats
9407B,400000414,,,0,Specialty Fats
9407B,400000716,,,0,HBC:Rasoi:BIB
9407B,400000598,,,0,Specialty Fats
9407B,400000621,,,0,Specialty Fats
9407B,400000631,,,0,Specialty Fats
9407B,400000637,,,0,HBC:Rasoi:BIB
9407B,400000655,,,0,Specialty Fats
9407B,400000682,,,0,Specialty Fats
9407B,400000700,,,0,Specialty Fats
9407B,400000699,,,0,Specialty Fats
9407B,400000692,,,0,HBC:Rasoi:BIB
9407B,400000691,,,0,HBC:Rasoi:BIB
9407B,400000712,,,0,HBC:Rasoi:BIB
9407B,400000747,,,0,Specialty Fats
9407B,400000748,,,0,Specialty Fats
9407B,400000717,,,0,HBC:Rasoi:BIB
9407B,400000718,,,0,HBC:Rasoi:BIB
9407B,400000528,,,0,Specialty Fats
9407B,400000774,,,0,Specialty Fats
9407B,400000753,,,0,Specialty Fats
9407B,400000754,,,0,Specialty Fats
9407B,400000756,,,0,Specialty Fats
9407B,400000757,,,0,Specialty Fats
9407B,400000758,,,0,Specialty Fats
9407B,400000782,,,0,HBC:Rasoi:BIB
9118,400000126,,,0,HBC:Rasoi:BIB
9118,400000128,,,0,HBC:Rasoi:BIB
9118,400000139,,,0,HBC:Rasoi:BIB
9118,400000140,,,0,HBC:Rasoi:BIB
9118,400000141,,,0,HBC:Rasoi:BIB
9118,400000151,,,0,HBC:Rasoi:BIB
9118,400000152,,,0,HBC:Rasoi:BIB
9118,400000153,,,0,HBC:Rasoi:BIB
9118,400000154,,,0,HBC:Rasoi:BIB
9118,400000159,,,0,HBC:Rasoi:BIB
9118,400000170,,,0,HBC:Rasoi:BIB
9118,400000173,,,0,HBC:Rasoi:BIB
9118,400000252,,,0,HBC:Rasoi:BIB
9118,400000254,,,0,HBC:Rasoi:BIB
9118,400000255,,,0,HBC:Rasoi:BIB
9118,400000256,,,0,HBC:Rasoi:BIB
9118,400000257,,,0,HBC:Rasoi:BIB
9118,400000259,,,0,HBC:Rasoi:BIB
9118,400000273,,,0,HBC:Rasoi:BIB
9118,400000275,,,0,HBC:Rasoi:BIB
9118,400000397,,,0,HBC:Rasoi:BIB
9118,400000396,,,0,HBC:Rasoi:BIB
9118,400000430,,,0,HBC:Rasoi:BIB
9118,400000356,,,0,HBC:Rasoi:BIB
9118,400000521,,,0,HBC:Rasoi:BIB
9118,400000523,,,0,HBC:Rasoi:BIB
9118,400000524,,,0,HBC:Rasoi:BIB
9118,400000521,,,0,HBC:Rasoi:BIB
9118,400000523,,,0,HBC:Rasoi:BIB
9118,400000595,,,0,HBC:Rasoi:BIB
9118,400000716,,,0,HBC:Rasoi:BIB
9118,400000562,,,0,HBC:Rasoi:BIB
9118,400000564,,,0,HBC:Rasoi:BIB
9118,400000611,,,0,HBC:Rasoi:BIB
9118,400000635,,,0,HBC:Rasoi:BIB
9118,400000636,,,0,HBC:Rasoi:BIB
9118,400000589,,,0,HBC:Rasoi:BIB
9118,400000594,,,0,HBC:Rasoi:BIB
9118,400000637,,,0,HBC:Rasoi:BIB
9118,400000692,,,0,HBC:Rasoi:BIB
9118,400000691,,,0,HBC:Rasoi:BIB
9118,400000693,,,0,HBC:Rasoi:BIB
9118,400000678,,,0,HBC:Rasoi:BIB
9118,400000712,,,0,HBC:Rasoi:BIB
9118,400000715,,,0,HBC:Rasoi:BIB
9118,400000776,,,0,HBC:Rasoi:BIB
9118,400000782,,,0,HBC:Rasoi:BIB
9113,400000524,,,0,HBC:Rasoi:BIB
9113,400000521,,,0,HBC:Rasoi:BIB
9113,400000523,,,0,HBC:Rasoi:BIB
9113,400000128,,,0,HBC:Rasoi:BIB
9113,400000139,,,0,HBC:Rasoi:BIB
9113,400000140,,,0,HBC:Rasoi:BIB
9113,400000141,,,0,HBC:Rasoi:BIB
9113,400000151,,,0,HBC:Rasoi:BIB
9113,400000152,,,0,HBC:Rasoi:BIB
9113,400000153,,,0,HBC:Rasoi:BIB
9113,400000154,,,0,HBC:Rasoi:BIB
9113,400000170,,,0,HBC:Rasoi:BIB
9113,400000255,,,0,HBC:Rasoi:BIB
9113,400000256,,,0,HBC:Rasoi:BIB
9113,400000257,,,0,HBC:Rasoi:BIB
9113,400000259,,,0,HBC:Rasoi:BIB
9113,400000273,,,0,HBC:Rasoi:BIB
9113,400000275,,,0,HBC:Rasoi:BIB
9113,400000397,,,0,HBC:Rasoi:BIB
9113,400000396,,,0,HBC:Rasoi:BIB
9113,400000430,,,0,HBC:Rasoi:BIB
9113,400000356,,,0,HBC:Rasoi:BIB
9113,400000716,,,0,HBC:Rasoi:BIB
9113,400000562,,,0,HBC:Rasoi:BIB
9113,400000564,,,0,HBC:Rasoi:BIB
9113,400000637,,,0,HBC:Rasoi:BIB
9113,400000692,,,0,HBC:Rasoi:BIB
9113,400000691,,,0,HBC:Rasoi:BIB
9113,400000693,,,0,HBC:Rasoi:BIB
9113,400000678,,,0,HBC:Rasoi:BIB
9113,400000715,,,0,HBC:Rasoi:BIB
9407A,400000524,,,0,HBC:Rasoi:BIB
9407A,400000521,,,0,HBC:Rasoi:BIB
9407A,400000523,,,0,HBC:Rasoi:BIB
9407A,400000521,,,0,HBC:Rasoi:BIB
9407A,400000523,,,0,HBC:Rasoi:BIB
9407A,400000139,,,0,HBC:Rasoi:BIB
9407A,400000275,,,0,HBC:Rasoi:BIB
9407A,400000595,,,0,HBC:Rasoi:BIB
9407A,400000716,,,0,HBC:Rasoi:BIB
9407A,400000635,,,0,HBC:Rasoi:BIB
9407A,400000636,,,0,HBC:Rasoi:BIB
9407A,400000637,,,0,HBC:Rasoi:BIB
9306KP,400000126,,,0,HBC:Rasoi:BIB
9306KP,400000128,,,0,HBC:Rasoi:BIB
9306KP,400000139,,,0,HBC:Rasoi:BIB
9306KP,400000140,,,0,HBC:Rasoi:BIB
9306KP,400000141,,,0,HBC:Rasoi:BIB
9306KP,400000151,,,0,HBC:Rasoi:BIB
9306KP,400000152,,,0,HBC:Rasoi:BIB
9306KP,400000153,,,0,HBC:Rasoi:BIB
9306KP,400000154,,,0,HBC:Rasoi:BIB
9306KP,400000159,,,0,HBC:Rasoi:BIB
9306KP,400000170,,,0,HBC:Rasoi:BIB
9306KP,400000173,,,0,HBC:Rasoi:BIB
9306KP,400000252,,,0,HBC:Rasoi:BIB
9306KP,400000254,,,0,HBC:Rasoi:BIB
9306KP,400000255,,,0,HBC:Rasoi:BIB
9306KP,400000256,,,0,HBC:Rasoi:BIB
9306KP,400000257,,,0,HBC:Rasoi:BIB
9306KP,400000259,,,0,HBC:Rasoi:BIB
9306KP,400000260,,,0,HBC:Rasoi:BIB
9306KP,400000273,,,0,HBC:Rasoi:BIB
9306KP,400000275,,,0,HBC:Rasoi:BIB
9306KP,400000362,,,0,HBC:Rasoi:BIB
9306KP,400000370,,,0,HBC:Rasoi:BIB
9306KP,400000373,,,0,HBC:Rasoi:BIB
9306KP,400000377,,,0,HBC:Rasoi:BIB
9306KP,400000387,,,0,HBC:Rasoi:BIB
9306KP,400000397,,,0,HBC:Rasoi:BIB
9306KP,400000396,,,0,HBC:Rasoi:BIB
9306KP,400000441,,,0,HBC:Rasoi:BIB
9306KP,400000449,,,0,HBC:Rasoi:BIB
9306KP,400000454,,,0,HBC:Rasoi:BIB
9306KP,400000455,,,0,HBC:Rasoi:BIB
9306KP,400000430,,,0,HBC:Rasoi:BIB
9306KP,400000356,,,0,HBC:Rasoi:BIB
9306KP,400000456,,,0,HBC:Rasoi:BIB
9306KP,400000457,,,0,HBC:Rasoi:BIB
9306KP,400000395,,,0,HBC:Rasoi:BIB
9306KP,400000524,,,0,HBC:Rasoi:BIB
9306KP,400000716,,,0,HBC:Rasoi:BIB
9306KP,400000611,,,0,HBC:Rasoi:BIB
9306KP,400000637,,,0,HBC:Rasoi:BIB
9306KP,400000692,,,0,HBC:Rasoi:BIB
9306KP,400000691,,,0,HBC:Rasoi:BIB
9306KP,400000589,,,0,HBC:Rasoi:BIB
9306KP,400000595,,,0,HBC:Rasoi:BIB
9306KP,400000594,,,0,HBC:Rasoi:BIB
9306KP,400000712,,,0,HBC:Rasoi:BIB
9306KP,400000715,,,0,HBC:Rasoi:BIB
9306KP,400000782,,,0,HBC:Rasoi:BIB
9306KP,400000710,,,0,HBC:Rasoi:BIB
9114KP,400000126,,,0,HBC:Rasoi:BIB
9114KP,400000128,,,0,HBC:Rasoi:BIB
9114KP,400000139,,,0,HBC:Rasoi:BIB
9114KP,400000140,,,0,HBC:Rasoi:BIB
9114KP,400000141,,,0,HBC:Rasoi:BIB
9114KP,400000151,,,0,HBC:Rasoi:BIB
9114KP,400000152,,,0,HBC:Rasoi:BIB
9114KP,400000153,,,0,HBC:Rasoi:BIB
9114KP,400000154,,,0,HBC:Rasoi:BIB
9114KP,400000159,,,0,HBC:Rasoi:BIB
9114KP,400000170,,,0,HBC:Rasoi:BIB
9114KP,400000173,,,0,HBC:Rasoi:BIB
9114KP,400000252,,,0,HBC:Rasoi:BIB
9114KP,400000254,,,0,HBC:Rasoi:BIB
9114KP,400000255,,,0,HBC:Rasoi:BIB
9114KP,400000256,,,0,HBC:Rasoi:BIB
9114KP,400000257,,,0,HBC:Rasoi:BIB
9114KP,400000259,,,0,HBC:Rasoi:BIB
9114KP,400000260,,,0,HBC:Rasoi:BIB
9114KP,400000273,,,0,HBC:Rasoi:BIB
9114KP,400000275,,,0,HBC:Rasoi:BIB
9114KP,400000362,,,0,HBC:Rasoi:BIB
9114KP,400000370,,,0,HBC:Rasoi:BIB
9114KP,400000373,,,0,HBC:Rasoi:BIB
9114KP,400000377,,,0,HBC:Rasoi:BIB
9114KP,400000387,,,0,HBC:Rasoi:BIB
9114KP,400000397,,,0,HBC:Rasoi:BIB
9114KP,400000396,,,0,HBC:Rasoi:BIB
9114KP,400000441,,,0,HBC:Rasoi:BIB
9114KP,400000449,,,0,HBC:Rasoi:BIB
9114KP,400000454,,,0,HBC:Rasoi:BIB
9114KP,400000455,,,0,HBC:Rasoi:BIB
9114KP,400000430,,,0,HBC:Rasoi:BIB
9114KP,400000356,,,0,HBC:Rasoi:BIB
9114KP,400000456,,,0,HBC:Rasoi:BIB
9114KP,400000457,,,0,HBC:Rasoi:BIB
9114KP,400000395,,,0,HBC:Rasoi:BIB
9114KP,400000524,,,0,HBC:Rasoi:BIB
9114KP,400000716,,,0,HBC:Rasoi:BIB
9114KP,400000611,,,0,HBC:Rasoi:BIB
9114KP,400000637,,,0,HBC:Rasoi:BIB
9114KP,400000692,,,0,HBC:Rasoi:BIB
9114KP,400000691,,,0,HBC:Rasoi:BIB
9114KP,400000712,,,0,HBC:Rasoi:BIB
9114KP,400000782,,,0,HBC:Rasoi:BIB
9105KP,400000126,,,0,HBC:Rasoi:BIB
9105KP,400000128,,,0,HBC:Rasoi:BIB
9105KP,400000139,,,0,HBC:Rasoi:BIB
9105KP,400000140,,,0,HBC:Rasoi:BIB
9105KP,400000141,,,0,HBC:Rasoi:BIB
9105KP,400000151,,,0,HBC:Rasoi:BIB
9105KP,400000152,,,0,HBC:Rasoi:BIB
9105KP,400000153,,,0,HBC:Rasoi:BIB
9105KP,400000154,,,0,HBC:Rasoi:BIB
9105KP,400000159,,,0,HBC:Rasoi:BIB
9105KP,400000170,,,0,HBC:Rasoi:BIB
9105KP,400000173,,,0,HBC:Rasoi:BIB
9105KP,400000252,,,0,HBC:Rasoi:BIB
9105KP,400000254,,,0,HBC:Rasoi:BIB
9105KP,400000255,,,0,HBC:Rasoi:BIB
9105KP,400000256,,,0,HBC:Rasoi:BIB
9105KP,400000257,,,0,HBC:Rasoi:BIB
9105KP,400000259,,,0,HBC:Rasoi:BIB
9105KP,400000260,,,0,HBC:Rasoi:BIB
9105KP,400000273,,,0,HBC:Rasoi:BIB
9105KP,400000275,,,0,HBC:Rasoi:BIB
9105KP,400000362,,,0,HBC:Rasoi:BIB
9105KP,400000370,,,0,HBC:Rasoi:BIB
9105KP,400000373,,,0,HBC:Rasoi:BIB
9105KP,400000377,,,0,HBC:Rasoi:BIB
9105KP,400000387,,,0,HBC:Rasoi:BIB
9105KP,400000397,,,0,HBC:Rasoi:BIB
9105KP,400000396,,,0,HBC:Rasoi:BIB
9105KP,400000441,,,0,HBC:Rasoi:BIB
9105KP,400000449,,,0,HBC:Rasoi:BIB
9105KP,400000454,,,0,HBC:Rasoi:BIB
9105KP,400000455,,,0,HBC:Rasoi:BIB
9105KP,400000430,,,0,HBC:Rasoi:BIB
9105KP,400000356,,,0,HBC:Rasoi:BIB
9105KP,400000456,,,0,HBC:Rasoi:BIB
9105KP,400000457,,,0,HBC:Rasoi:BIB
9105KP,400000395,,,0,HBC:Rasoi:BIB
9105KP,400000524,,,0,HBC:Rasoi:BIB
9105KP,400000716,,,0,HBC:Rasoi:BIB
9105KP,400000611,,,0,HBC:Rasoi:BIB
9105KP,400000637,,,0,HBC:Rasoi:BIB
9105KP,400000692,,,0,HBC:Rasoi:BIB
9105KP,400000691,,,0,HBC:Rasoi:BIB
9105KP,400000712,,,0,HBC:Rasoi:BIB
9105KP,400000715,,,0,HBC:Rasoi:BIB
9105KP,400000782,,,0,HBC:Rasoi:BIB
9105KP,400000710,,,0,HBC:Rasoi:BIB
9308KP,400000126,,,0,HBC:Rasoi:BIB
9308KP,400000128,,,0,HBC:Rasoi:BIB
9308KP,400000139,,,0,HBC:Rasoi:BIB
9308KP,400000140,,,0,HBC:Rasoi:BIB
9308KP,400000141,,,0,HBC:Rasoi:BIB
9308KP,400000151,,,0,HBC:Rasoi:BIB
9308KP,400000152,,,0,HBC:Rasoi:BIB
9308KP,400000153,,,0,HBC:Rasoi:BIB
9308KP,400000154,,,0,HBC:Rasoi:BIB
9308KP,400000159,,,0,HBC:Rasoi:BIB
9308KP,400000170,,,0,HBC:Rasoi:BIB
9308KP,400000173,,,0,HBC:Rasoi:BIB
9308KP,400000252,,,0,HBC:Rasoi:BIB
9308KP,400000254,,,0,HBC:Rasoi:BIB
9308KP,400000255,,,0,HBC:Rasoi:BIB
9308KP,400000256,,,0,HBC:Rasoi:BIB
9308KP,400000257,,,0,HBC:Rasoi:BIB
9308KP,400000259,,,0,HBC:Rasoi:BIB
9308KP,400000260,,,0,HBC:Rasoi:BIB
9308KP,400000273,,,0,HBC:Rasoi:BIB
9308KP,400000275,,,0,HBC:Rasoi:BIB
9308KP,400000362,,,0,HBC:Rasoi:BIB
9308KP,400000370,,,0,HBC:Rasoi:BIB
9308KP,400000373,,,0,HBC:Rasoi:BIB
9308KP,400000377,,,0,HBC:Rasoi:BIB
9308KP,400000387,,,0,HBC:Rasoi:BIB
9308KP,400000397,,,0,HBC:Rasoi:BIB
9308KP,400000396,,,0,HBC:Rasoi:BIB
9308KP,400000441,,,0,HBC:Rasoi:BIB
9308KP,400000449,,,0,HBC:Rasoi:BIB
9308KP,400000454,,,0,HBC:Rasoi:BIB
9308KP,400000455,,,0,HBC:Rasoi:BIB
9308KP,400000430,,,0,HBC:Rasoi:BIB
9308KP,400000356,,,0,HBC:Rasoi:BIB
9308KP,400000456,,,0,HBC:Rasoi:BIB
9308KP,400000457,,,0,HBC:Rasoi:BIB
9308KP,400000395,,,0,HBC:Rasoi:BIB
9308KP,400000524,,,0,HBC:Rasoi:BIB
9308KP,400000716,,,0,HBC:Rasoi:BIB
9308KP,400000611,,,0,HBC:Rasoi:BIB
9308KP,400000637,,,0,HBC:Rasoi:BIB
9308KP,400000692,,,0,HBC:Rasoi:BIB
9308KP,400000691,,,0,HBC:Rasoi:BIB
9308KP,400000589,,,0,HBC:Rasoi:BIB
9308KP,400000595,,,0,HBC:Rasoi:BIB
9308KP,400000594,,,0,HBC:Rasoi:BIB
9308KP,400000712,,,0,HBC:Rasoi:BIB
9308KP,400000715,,,0,HBC:Rasoi:BIB
9308KP,400000782,,,0,HBC:Rasoi:BIB
9308KP,400000710,,,0,HBC:Rasoi:BIB
9211,400000347,,,0,Specialty Fats
9211,400000348,,,0,Specialty Fats
9211,400000349,,,0,Specialty Fats
9211,400000350,,,0,Specialty Fats
9211,400000352,,,0,Specialty Fats
9211,400000353,,,0,Specialty Fats
9211,400000354,,,0,Specialty Fats
9211,400000355,,,0,Specialty Fats
9211,400000389,,,0,Specialty Fats
9211,400000390,,,0,Specialty Fats
9211,400000428,,,0,Specialty Fats
9211,400000412,,,0,Specialty Fats
9211,400000411,,,0,Specialty Fats
9211,400000427,,,0,Specialty Fats
9211,400000413,,,0,Specialty Fats
9211,400000414,,,0,Specialty Fats
9211,400000545,,,0,Specialty Fats
9211,400000528,,,0,Specialty Fats
9211,400000347,,,0,Specialty Fats
9211,400000348,,,894.75,Specialty Fats
9211,400000349,,,1050.43,Specialty Fats
9211,400000350,,,1013.82,Specialty Fats
9211,400000352,,,994.59,Specialty Fats
9211,400000353,,,969.05,Specialty Fats
9211,400000354,,,952.38,Specialty Fats
9211,400000355,,,952.38,Specialty Fats
9211,400000389,,,0,Specialty Fats
9211,400000428,,,0,Specialty Fats
9211,400000412,,,0,Specialty Fats
9211,400000411,,,0,Specialty Fats
9211,400000427,,,1040.87,Specialty Fats
9211,400000413,,,0,Specialty Fats
9211,400000414,,,0,Specialty Fats
9211,400000545,,,0,Specialty Fats
9211,400000528,,,987.47,Specialty Fats
9211,400000598,,,1013.53,Specialty Fats
9211,400000621,,,994.66,Specialty Fats
9211,400000631,,,969.05,Specialty Fats
9211,400000655,,,0,Specialty Fats
9211,400000658,,,0,Specialty Fats
9211,400000656,,,1023.86,Specialty Fats
9211,400000682,,,898.09,Specialty Fats
9211,400000700,,,1057.85,Specialty Fats
9211,400000699,,,940.32,Specialty Fats
9211,400000719,,,962.54,Specialty Fats
9211,400000747,,,1068.61,Specialty Fats
9211,400000748,,,1109.51,Specialty Fats
9211,400000611,,,0,HBC:Rasoi:BIB
9211,400000774,,,1035.8,Specialty Fats
9211,400000753,,,1263.55,Specialty Fats
9211,400000754,,,1223.86,Specialty Fats
9211,400000756,,,0,Specialty Fats
9211,400000757,,,1333.09,Specialty Fats
9211,400000758,,,1307.13,Specialty Fats
9211,400000778,,,1026.28,Specialty Fats
9211,400000783,,,1174.02,Specialty Fats
9211,400000787,,,985.45,Specialty Fats
9211,400000810,,,1451.62,Specialty Fats
9211,400000821,,,1107.65,Specialty Fats
9211,400000822,,,1091.54,Specialty Fats
9116,400000356,,,0,HBC:Rasoi:BIB
9116,400000430,,,0,HBC:Rasoi:BIB
9116,400000252,,,0,HBC:Rasoi:BIB
9116,400000126,,,0,HBC:Rasoi:BIB
9116,400000254,,,0,HBC:Rasoi:BIB
9116,400000159,,,0,HBC:Rasoi:BIB
9116,400000173,,,0,HBC:Rasoi:BIB
9116,400000396,,,0,HBC:Rasoi:BIB
9116,400000141,,,0,HBC:Rasoi:BIB
9116,400000151,,,0,HBC:Rasoi:BIB
9116,400000152,,,0,HBC:Rasoi:BIB
9116,400000128,,,0,HBC:Rasoi:BIB
9116,400000256,,,0,HBC:Rasoi:BIB
9116,400000140,,,0,HBC:Rasoi:BIB
9116,400000154,,,0,HBC:Rasoi:BIB
9116,400000397,,,0,HBC:Rasoi:BIB
9116,400000153,,,0,HBC:Rasoi:BIB
9116,400000255,,,0,HBC:Rasoi:BIB
9116,400000257,,,0,HBC:Rasoi:BIB
9116,400000170,,,0,HBC:Rasoi:BIB
9116,400000524,,,0,HBC:Rasoi:BIB
9116,400000139,,,0,HBC:Rasoi:BIB
9116,400000273,,,0,HBC:Rasoi:BIB
9116,400000275,,,0,HBC:Rasoi:BIB
9116,400000259,,,0,HBC:Rasoi:BIB
9116,410000005,,,0,HBC:Rasoi:BIB
9116,410000003,,,0,HBC:Rasoi:BIB
9116,400000457,,,0,HBC:Rasoi:BIB
9116,400000456,,,0,HBC:Rasoi:BIB
9116,400000455,,,0,HBC:Rasoi:BIB
9116,400000454,,,0,HBC:Rasoi:BIB
9116,400000441,,,0,HBC:Rasoi:BIB
9116,400000449,,,0,HBC:Rasoi:BIB
9116,400000395,,,0,HBC:Rasoi:BIB
9116,400000523,,,0,HBC:Rasoi:BIB
9116,400000521,,,0,HBC:Rasoi:BIB
9116,410000023,,,0,HBC:Rasoi:BIB
9116,410000022,,,0,HBC:Rasoi:BIB
9116,410000187,,,0,HBC:Rasoi:BIB
9116,410000123,,,0,HBC:Rasoi:BIB
9116,410000112,,,0,HBC:Rasoi:BIB
9116,410000486,,,0,HBC:Rasoi:BIB
9116,410000004,,,0,HBC:Rasoi:BIB
9116,400000589,,,0,HBC:Rasoi:BIB
9116,400000595,,,0,HBC:Rasoi:BIB
9116,400000716,,,0,HBC:Rasoi:BIB
9116,400000594,,,0,HBC:Rasoi:BIB
9116,400000562,,,0,HBC:Rasoi:BIB
9116,400000564,,,0,HBC:Rasoi:BIB
9116,400000611,,,0,HBC:Rasoi:BIB
9116,410000487,,,0,HBC:Rasoi:BIB
9116,400000635,,,0,HBC:Rasoi:BIB
9116,400000636,,,0,HBC:Rasoi:BIB
9116,400000566,,,0,HBC:Rasoi:BIB
9116,400000637,,,0,HBC:Rasoi:BIB
9116,400000551,,,0,HBC:Rasoi:BIB
9116,400000556,,,0,HBC:Rasoi:BIB
9116,400000557,,,0,HBC:Rasoi:BIB
9116,400000558,,,0,HBC:Rasoi:BIB
9116,400000559,,,0,HBC:Rasoi:BIB
9116,400000560,,,0,HBC:Rasoi:BIB
9116,400000561,,,0,HBC:Rasoi:BIB
9116,400000672,,,0,HBC:Rasoi:BIB
9116,400000674,,,0,HBC:Rasoi:BIB
9116,400000678,,,0,HBC:Rasoi:BIB
9116,400000676,,,0,HBC:Rasoi:BIB
9116,400000692,,,0,HBC:Rasoi:BIB
9116,400000691,,,0,HBC:Rasoi:BIB
9116,400000693,,,0,HBC:Rasoi:BIB
9116,400000712,,,0,HBC:Rasoi:BIB
9116,400000715,,,0,HBC:Rasoi:BIB
9116,400000782,,,0,HBC:Rasoi:BIB
9206,400000347,,,0,Specialty Fats
9206,400000348,,,0,Specialty Fats
9206,400000349,,,0,Specialty Fats
9206,400000350,,,0,Specialty Fats
9206,400000352,,,0,Specialty Fats
9206,400000353,,,0,Specialty Fats
9206,400000354,,,0,Specialty Fats
9206,400000355,,,0,Specialty Fats
9206,400000389,,,0,Specialty Fats
9206,400000390,,,0,Specialty Fats
9206,400000428,,,0,Specialty Fats
9206,400000411,,,0,Specialty Fats
9206,400000427,,,0,Specialty Fats
9206,400000413,,,0,Specialty Fats
9206,400000414,,,0,Specialty Fats
9206,400000528,,,0,Specialty Fats
9206,400000545,,,0,Specialty Fats
9206,400000347,,,0,Specialty Fats
9206,400000348,,,0,Specialty Fats
9206,400000349,,,0,Specialty Fats
9206,400000350,,,0,Specialty Fats
9206,400000352,,,0,Specialty Fats
9206,400000353,,,0,Specialty Fats
9206,400000354,,,0,Specialty Fats
9206,400000355,,,0,Specialty Fats
9206,400000389,,,0,Specialty Fats
9206,400000428,,,0,Specialty Fats
9206,400000412,,,0,Specialty Fats
9206,400000411,,,0,Specialty Fats
9206,400000427,,,0,Specialty Fats
9206,400000413,,,0,Specialty Fats
9206,400000414,,,0,Specialty Fats
9206,400000528,,,0,Specialty Fats
9206,400000545,,,0,Specialty Fats
9206,400000598,,,0,Specialty Fats
9206,400000621,,,0,Specialty Fats
9206,400000631,,,0,Specialty Fats
9206,400000655,,,0,Specialty Fats
9206,400000658,,,0,Specialty Fats
9206,400000656,,,0,Specialty Fats
9206,400000682,,,0,Specialty Fats
9206,400000700,,,0,Specialty Fats
9206,400000699,,,0,Specialty Fats
9206,400000719,,,0,Specialty Fats
9206,400000747,,,0,Specialty Fats
9206,400000748,,,0,Specialty Fats
9206,400000774,,,0,Specialty Fats
9206,400000753,,,0,Specialty Fats
9206,400000754,,,0,Specialty Fats
9206,400000756,,,0,Specialty Fats
9206,400000757,,,0,Specialty Fats
9206,400000758,,,0,Specialty Fats
9215,400000347,,,0,Specialty Fats
9215,400000348,,,0,Specialty Fats
9215,400000349,,,0,Specialty Fats
9215,400000350,,,0,Specialty Fats
9215,400000352,,,0,Specialty Fats
9215,400000353,,,0,Specialty Fats
9215,400000354,,,0,Specialty Fats
9215,400000355,,,0,Specialty Fats
9215,400000389,,,0,Specialty Fats
9215,400000428,,,0,Specialty Fats
9215,400000412,,,0,Specialty Fats
9215,400000411,,,0,Specialty Fats
9215,400000427,,,0,Specialty Fats
9215,400000413,,,0,Specialty Fats
9215,400000414,,,0,Specialty Fats
9215,400000545,,,0,Specialty Fats
9215,400000528,,,0,Specialty Fats
9215,400000598,,,0,Specialty Fats
9215,400000621,,,0,Specialty Fats
9215,400000631,,,0,Specialty Fats
9215,400000655,,,0,Specialty Fats
9215,400000658,,,0,Specialty Fats
9215,400000656,,,0,Specialty Fats
9215,400000682,,,0,Specialty Fats
9215,400000700,,,0,Specialty Fats
9215,400000699,,,0,Specialty Fats
9215,400000589,,,0,HBC:Rasoi:BIB
9215,400000595,,,0,HBC:Rasoi:BIB
9215,400000594,,,0,HBC:Rasoi:BIB
9215,400000719,,,0,Specialty Fats
9215,400000712,,,0,HBC:Rasoi:BIB
9215,400000747,,,0,Specialty Fats
9215,400000748,,,0,Specialty Fats
9215,400000774,,,0,Specialty Fats
9215,400000753,,,0,Specialty Fats
9215,400000754,,,0,Specialty Fats
9215,400000756,,,0,Specialty Fats
9215,400000757,,,0,Specialty Fats
9215,400000758,,,0,Specialty Fats
9109,400000128,,,0,HBC:Rasoi:BIB
9109,400000140,,,0,HBC:Rasoi:BIB
9109,400000141,,,0,HBC:Rasoi:BIB
9109,400000151,,,0,HBC:Rasoi:BIB
9109,400000152,,,0,HBC:Rasoi:BIB
9109,400000153,,,0,HBC:Rasoi:BIB
9109,400000154,,,0,HBC:Rasoi:BIB
9109,400000170,,,0,HBC:Rasoi:BIB
9109,400000255,,,0,HBC:Rasoi:BIB
9109,400000259,,,0,HBC:Rasoi:BIB
9109,400000273,,,0,HBC:Rasoi:BIB
9109,400000397,,,0,HBC:Rasoi:BIB
9109,400000396,,,0,HBC:Rasoi:BIB
9109,400000611,,,0,HBC:Rasoi:BIB
9109,400000441,,,0,HBC:Rasoi:BIB
9109,400000457,,,0,HBC:Rasoi:BIB
9109,400000521,,,0,HBC:Rasoi:BIB
9109,400000523,,,0,HBC:Rasoi:BIB
9109,400000589,,,0,HBC:Rasoi:BIB
9109,400000595,,,0,HBC:Rasoi:BIB
9109,400000716,,,0,HBC:Rasoi:BIB
9109,400000594,,,0,HBC:Rasoi:BIB
9109,400000562,,,0,HBC:Rasoi:BIB
9109,400000564,,,0,HBC:Rasoi:BIB
9109,400000635,,,0,HBC:Rasoi:BIB
9109,400000636,,,0,HBC:Rasoi:BIB
9109,400000566,,,0,HBC:Rasoi:BIB
9109,400000637,,,0,HBC:Rasoi:BIB
9109,400000551,,,0,HBC:Rasoi:BIB
9109,400000556,,,0,HBC:Rasoi:BIB
9109,400000557,,,0,HBC:Rasoi:BIB
9109,400000558,,,0,HBC:Rasoi:BIB
9109,400000559,,,0,HBC:Rasoi:BIB
9109,400000560,,,0,HBC:Rasoi:BIB
9109,400000561,,,0,HBC:Rasoi:BIB
9109,400000672,,,0,HBC:Rasoi:BIB
9109,400000674,,,0,HBC:Rasoi:BIB
9109,400000678,,,0,HBC:Rasoi:BIB
9109,400000676,,,0,HBC:Rasoi:BIB
9109,400000692,,,0,HBC:Rasoi:BIB
9109,400000691,,,0,HBC:Rasoi:BIB
9109,400000693,,,0,HBC:Rasoi:BIB
9109,400000712,,,0,HBC:Rasoi:BIB
9109,400000782,,,0,HBC:Rasoi:BIB
9408,400000128,,,0,HBC:Rasoi:BIB
9408,400000140,,,0,HBC:Rasoi:BIB
9408,400000141,,,0,HBC:Rasoi:BIB
9408,400000678,,,0,HBC:Rasoi:BIB
9408,400000170,,,0,HBC:Rasoi:BIB
9408,400000255,,,0,HBC:Rasoi:BIB
9408,400000259,,,0,HBC:Rasoi:BIB
9408,400000273,,,0,HBC:Rasoi:BIB
9408,400000397,,,0,HBC:Rasoi:BIB
9408,400000396,,,0,HBC:Rasoi:BIB
9408,400000611,,,0,HBC:Rasoi:BIB
9408,400000441,,,0,HBC:Rasoi:BIB
9408,400000449,,,0,HBC:Rasoi:BIB
9408,400000521,,,0,HBC:Rasoi:BIB
9408,400000523,,,0,HBC:Rasoi:BIB
9408,400000589,,,0,HBC:Rasoi:BIB
9408,400000595,,,0,HBC:Rasoi:BIB
9408,400000716,,,0,HBC:Rasoi:BIB
9408,400000562,,,0,HBC:Rasoi:BIB
9408,400000564,,,0,HBC:Rasoi:BIB
9408,400000635,,,0,HBC:Rasoi:BIB
9408,400000636,,,0,HBC:Rasoi:BIB
9408,400000594,,,0,HBC:Rasoi:BIB
9408,400000566,,,0,HBC:Rasoi:BIB
9408,400000637,,,0,HBC:Rasoi:BIB
9408,400000692,,,0,HBC:Rasoi:BIB
9408,400000691,,,0,HBC:Rasoi:BIB
9408,400000693,,,0,HBC:Rasoi:BIB
9408,400000712,,,0,HBC:Rasoi:BIB
9408,400000715,,,0,HBC:Rasoi:BIB
9408,400000731,,,0,HBC:Rasoi:BIB
9408,400000730,,,0,HBC:Rasoi:BIB
9408,400000776,,,0,HBC:Rasoi:BIB
9408,400000782,,,0,HBC:Rasoi:BIB
9408,400000714,,,0,HBC:Rasoi:BIB
9408,400000713,,,0,HBC:Rasoi:BIB
9119,400000611,,,0,HBC:Rasoi:BIB
9119,400000396,,,0,HBC:Rasoi:BIB
9119,400000141,,,0,HBC:Rasoi:BIB
9119,400000151,,,0,HBC:Rasoi:BIB
9119,400000152,,,0,HBC:Rasoi:BIB
9119,400000128,,,0,HBC:Rasoi:BIB
9119,400000140,,,0,HBC:Rasoi:BIB
9119,400000154,,,0,HBC:Rasoi:BIB
9119,400000397,,,0,HBC:Rasoi:BIB
9119,400000153,,,0,HBC:Rasoi:BIB
9119,400000255,,,0,HBC:Rasoi:BIB
9119,400000170,,,0,HBC:Rasoi:BIB
9119,400000273,,,0,HBC:Rasoi:BIB
9119,400000259,,,0,HBC:Rasoi:BIB
9119,400000457,,,0,HBC:Rasoi:BIB
9119,400000523,,,0,HBC:Rasoi:BIB
9119,400000521,,,0,HBC:Rasoi:BIB
9119,400000589,,,0,HBC:Rasoi:BIB
9119,400000595,,,0,HBC:Rasoi:BIB
9119,400000716,,,0,HBC:Rasoi:BIB
9119,400000594,,,0,HBC:Rasoi:BIB
9119,400000562,,,0,HBC:Rasoi:BIB
9119,400000564,,,0,HBC:Rasoi:BIB
9119,400000635,,,0,HBC:Rasoi:BIB
9119,400000636,,,0,HBC:Rasoi:BIB
9119,400000566,,,0,HBC:Rasoi:BIB
9119,400000637,,,0,HBC:Rasoi:BIB
9119,400000551,,,0,HBC:Rasoi:BIB
9119,400000556,,,0,HBC:Rasoi:BIB
9119,400000557,,,0,HBC:Rasoi:BIB
9119,400000558,,,0,HBC:Rasoi:BIB
9119,400000559,,,0,HBC:Rasoi:BIB
9119,400000560,,,0,HBC:Rasoi:BIB
9119,400000561,,,0,HBC:Rasoi:BIB
9119,400000678,,,0,HBC:Rasoi:BIB
9119,400000692,,,0,HBC:Rasoi:BIB
9119,400000691,,,0,HBC:Rasoi:BIB
9119,400000693,,,0,HBC:Rasoi:BIB
9119,400000712,,,0,HBC:Rasoi:BIB
9119,400000715,,,0,HBC:Rasoi:BIB
9119,400000782,,,0,HBC:Rasoi:BIB
9404,400000128,,,0,HBC:Rasoi:BIB
9404,400000140,,,0,HBC:Rasoi:BIB
9404,400000141,,,0,HBC:Rasoi:BIB
9404,400000170,,,0,HBC:Rasoi:BIB
9404,400000255,,,0,HBC:Rasoi:BIB
9404,400000259,,,0,HBC:Rasoi:BIB
9404,400000397,,,0,HBC:Rasoi:BIB
9404,400000396,,,0,HBC:Rasoi:BIB
9404,400000611,,,0,HBC:Rasoi:BIB
9404,400000716,,,0,HBC:Rasoi:BIB
9404,400000562,,,0,HBC:Rasoi:BIB
9404,400000564,,,0,HBC:Rasoi:BIB
9404,400000566,,,0,HBC:Rasoi:BIB
9404,400000637,,,0,HBC:Rasoi:BIB
9404,400000692,,,0,HBC:Rasoi:BIB
9404,400000691,,,0,HBC:Rasoi:BIB
9404,400000693,,,0,HBC:Rasoi:BIB
9404,400000678,,,0,HBC:Rasoi:BIB
9404,400000712,,,0,HBC:Rasoi:BIB
9404,400000715,,,0,HBC:Rasoi:BIB
9404,400000441,,,0,HBC:Rasoi:BIB
9404,400000449,,,0,HBC:Rasoi:BIB
9404,400000521,,,0,HBC:Rasoi:BIB
9404,400000523,,,0,HBC:Rasoi:BIB
9404,400000589,,,0,HBC:Rasoi:BIB
9404,400000595,,,0,HBC:Rasoi:BIB
9404,400000594,,,0,HBC:Rasoi:BIB
9404,400000635,,,0,HBC:Rasoi:BIB
9404,400000636,,,0,HBC:Rasoi:BIB
9404,400000731,,,0,HBC:Rasoi:BIB
9404,400000730,,,0,HBC:Rasoi:BIB
9404,400000782,,,0,HBC:Rasoi:BIB
9404,400000714,,,0,HBC:Rasoi:BIB
9404,400000713,,,0,HBC:Rasoi:BIB
9409,400000128,,,0,HBC:Rasoi:BIB
9409,400000140,,,0,HBC:Rasoi:BIB
9409,400000141,,,0,HBC:Rasoi:BIB
9409,400000170,,,0,HBC:Rasoi:BIB
9409,400000255,,,0,HBC:Rasoi:BIB
9409,400000259,,,0,HBC:Rasoi:BIB
9409,400000397,,,0,HBC:Rasoi:BIB
9409,400000396,,,0,HBC:Rasoi:BIB
9409,400000611,,,0,HBC:Rasoi:BIB
9409,400000716,,,0,HBC:Rasoi:BIB
9409,400000562,,,0,HBC:Rasoi:BIB
9409,400000564,,,0,HBC:Rasoi:BIB
9409,400000566,,,0,HBC:Rasoi:BIB
9409,400000637,,,0,HBC:Rasoi:BIB
9409,400000692,,,0,HBC:Rasoi:BIB
9409,400000691,,,0,HBC:Rasoi:BIB
9409,400000693,,,0,HBC:Rasoi:BIB
9409,400000678,,,0,HBC:Rasoi:BIB
9409,400000712,,,0,HBC:Rasoi:BIB
9409,400000715,,,0,HBC:Rasoi:BIB
9409,400000441,,,0,HBC:Rasoi:BIB
9409,400000449,,,0,HBC:Rasoi:BIB
9409,400000521,,,0,HBC:Rasoi:BIB
9409,400000523,,,0,HBC:Rasoi:BIB
9409,400000589,,,0,HBC:Rasoi:BIB
9409,400000595,,,0,HBC:Rasoi:BIB
9409,400000594,,,0,HBC:Rasoi:BIB
9409,400000635,,,0,HBC:Rasoi:BIB
9409,400000636,,,0,HBC:Rasoi:BIB
9409,400000731,,,0,HBC:Rasoi:BIB
9409,400000730,,,0,HBC:Rasoi:BIB
9409,400000782,,,0,HBC:Rasoi:BIB
9409,400000714,,,0,HBC:Rasoi:BIB
9409,400000713,,,0,HBC:Rasoi:BIB
9302,400000128,,,0,HBC:Rasoi:BIB
9302,400000140,,,0,HBC:Rasoi:BIB
9302,400000141,,,0,HBC:Rasoi:BIB
9302,400000170,,,0,HBC:Rasoi:BIB
9302,400000255,,,0,HBC:Rasoi:BIB
9302,400000259,,,0,HBC:Rasoi:BIB
9302,400000397,,,0,HBC:Rasoi:BIB
9302,400000396,,,0,HBC:Rasoi:BIB
9302,400000611,,,0,HBC:Rasoi:BIB
9302,400000716,,,0,HBC:Rasoi:BIB
9302,400000562,,,0,HBC:Rasoi:BIB
9302,400000564,,,0,HBC:Rasoi:BIB
9302,400000566,,,0,HBC:Rasoi:BIB
9302,400000637,,,0,HBC:Rasoi:BIB
9302,400000692,,,0,HBC:Rasoi:BIB
9302,400000691,,,0,HBC:Rasoi:BIB
9302,400000693,,,0,HBC:Rasoi:BIB
9302,400000678,,,0,HBC:Rasoi:BIB
9302,400000712,,,0,HBC:Rasoi:BIB
9302,400000715,,,0,HBC:Rasoi:BIB
9302,400000782,,,0,HBC:Rasoi:BIB
9411,400000128,,,0,HBC:Rasoi:BIB
9411,400000140,,,0,HBC:Rasoi:BIB
9411,400000141,,,0,HBC:Rasoi:BIB
9411,400000170,,,0,HBC:Rasoi:BIB
9411,400000255,,,0,HBC:Rasoi:BIB
9411,400000259,,,0,HBC:Rasoi:BIB
9411,400000397,,,0,HBC:Rasoi:BIB
9411,400000396,,,0,HBC:Rasoi:BIB
9411,400000611,,,0,HBC:Rasoi:BIB
9411,400000716,,,0,HBC:Rasoi:BIB
9411,400000562,,,0,HBC:Rasoi:BIB
9411,400000564,,,0,HBC:Rasoi:BIB
9411,400000566,,,0,HBC:Rasoi:BIB
9411,400000637,,,0,HBC:Rasoi:BIB
9411,400000692,,,0,HBC:Rasoi:BIB
9411,400000691,,,0,HBC:Rasoi:BIB
9411,400000693,,,0,HBC:Rasoi:BIB
9411,400000678,,,0,HBC:Rasoi:BIB
9411,400000712,,,0,HBC:Rasoi:BIB
9411,400000715,,,0,HBC:Rasoi:BIB
9411,400000731,,,0,HBC:Rasoi:BIB
9411,400000730,,,0,HBC:Rasoi:BIB
9411,400000449,,,0,HBC:Rasoi:BIB
9411,400000521,,,0,HBC:Rasoi:BIB
9411,400000523,,,0,HBC:Rasoi:BIB
9411,400000589,,,0,HBC:Rasoi:BIB
9411,400000595,,,0,HBC:Rasoi:BIB
9411,400000594,,,0,HBC:Rasoi:BIB
9411,400000635,,,0,HBC:Rasoi:BIB
9411,400000636,,,0,HBC:Rasoi:BIB
9411,400000782,,,0,HBC:Rasoi:BIB
9411,400000714,,,0,HBC:Rasoi:BIB
9411,400000713,,,0,HBC:Rasoi:BIB
9403,400000128,,,0,HBC:Rasoi:BIB
9403,400000140,,,0,HBC:Rasoi:BIB
9403,400000141,,,0,HBC:Rasoi:BIB
9403,400000170,,,0,HBC:Rasoi:BIB
9403,400000255,,,0,HBC:Rasoi:BIB
9403,400000259,,,0,HBC:Rasoi:BIB
9403,400000397,,,0,HBC:Rasoi:BIB
9403,400000396,,,0,HBC:Rasoi:BIB
9403,400000611,,,0,HBC:Rasoi:BIB
9403,400000716,,,0,HBC:Rasoi:BIB
9403,400000562,,,0,HBC:Rasoi:BIB
9403,400000564,,,0,HBC:Rasoi:BIB
9403,400000566,,,0,HBC:Rasoi:BIB
9403,400000637,,,0,HBC:Rasoi:BIB
9403,400000692,,,0,HBC:Rasoi:BIB
9403,400000691,,,0,HBC:Rasoi:BIB
9403,400000693,,,0,HBC:Rasoi:BIB
9403,400000678,,,0,HBC:Rasoi:BIB
9403,400000712,,,0,HBC:Rasoi:BIB
9403,400000782,,,0,HBC:Rasoi:BIB
9307,400000128,,,0,HBC:Rasoi:BIB
9307,400000140,,,0,HBC:Rasoi:BIB
9307,400000141,,,0,HBC:Rasoi:BIB
9307,400000170,,,0,HBC:Rasoi:BIB
9307,400000255,,,0,HBC:Rasoi:BIB
9307,400000259,,,0,HBC:Rasoi:BIB
9307,400000397,,,0,HBC:Rasoi:BIB
9307,400000396,,,0,HBC:Rasoi:BIB
9307,400000611,,,0,HBC:Rasoi:BIB
9307,400000716,,,0,HBC:Rasoi:BIB
9307,400000562,,,0,HBC:Rasoi:BIB
9307,400000564,,,0,HBC:Rasoi:BIB
9307,400000566,,,0,HBC:Rasoi:BIB
9307,400000637,,,0,HBC:Rasoi:BIB
9307,400000692,,,0,HBC:Rasoi:BIB
9307,400000691,,,0,HBC:Rasoi:BIB
9307,400000693,,,0,HBC:Rasoi:BIB
9307,400000678,,,0,HBC:Rasoi:BIB
9307,400000712,,,0,HBC:Rasoi:BIB
9307,400000715,,,0,HBC:Rasoi:BIB
9307,400000636,,,0,HBC:Rasoi:BIB
9307,400000523,,,0,HBC:Rasoi:BIB
9307,400000782,,,0,HBC:Rasoi:BIB
9405,400000128,,,0,HBC:Rasoi:BIB
9405,400000140,,,0,HBC:Rasoi:BIB
9405,400000141,,,0,HBC:Rasoi:BIB
9405,400000170,,,0,HBC:Rasoi:BIB
9405,400000255,,,0,HBC:Rasoi:BIB
9405,400000259,,,0,HBC:Rasoi:BIB
9405,400000397,,,0,HBC:Rasoi:BIB
9405,400000396,,,0,HBC:Rasoi:BIB
9405,400000611,,,0,HBC:Rasoi:BIB
9405,400000716,,,0,HBC:Rasoi:BIB
9405,400000562,,,0,HBC:Rasoi:BIB
9405,400000564,,,0,HBC:Rasoi:BIB
9405,400000566,,,0,HBC:Rasoi:BIB
9405,400000637,,,0,HBC:Rasoi:BIB
9405,400000692,,,0,HBC:Rasoi:BIB
9405,400000691,,,0,HBC:Rasoi:BIB
9405,400000693,,,0,HBC:Rasoi:BIB
9405,400000678,,,0,HBC:Rasoi:BIB
9405,400000712,,,0,HBC:Rasoi:BIB
9405,400000715,,,0,HBC:Rasoi:BIB
9405,400000441,,,0,HBC:Rasoi:BIB
9405,400000449,,,0,HBC:Rasoi:BIB
9405,400000521,,,0,HBC:Rasoi:BIB
9405,400000523,,,0,HBC:Rasoi:BIB
9405,400000589,,,0,HBC:Rasoi:BIB
9405,400000595,,,0,HBC:Rasoi:BIB
9405,400000594,,,0,HBC:Rasoi:BIB
9405,400000635,,,0,HBC:Rasoi:BIB
9405,400000636,,,0,HBC:Rasoi:BIB
9405,400000731,,,0,HBC:Rasoi:BIB
9405,400000730,,,0,HBC:Rasoi:BIB
9405,400000776,,,0,HBC:Rasoi:BIB
9405,400000782,,,0,HBC:Rasoi:BIB
9405,400000714,,,0,HBC:Rasoi:BIB
9405,400000713,,,0,HBC:Rasoi:BIB
9302KP,400000128,,,0,HBC:Rasoi:BIB
9302KP,400000141,,,0,HBC:Rasoi:BIB
9302KP,400000259,,,0,HBC:Rasoi:BIB
9302KP,400000396,,,0,HBC:Rasoi:BIB
9302KP,400000716,,,0,HBC:Rasoi:BIB
9302KP,400000637,,,0,HBC:Rasoi:BIB
9302KP,400000692,,,0,HBC:Rasoi:BIB
9302KP,400000691,,,0,HBC:Rasoi:BIB
9302KP,400000589,,,0,HBC:Rasoi:BIB
9302KP,400000595,,,0,HBC:Rasoi:BIB
9302KP,400000594,,,0,HBC:Rasoi:BIB
9302KP,400000712,,,0,HBC:Rasoi:BIB
9302KP,400000611,,,0,HBC:Rasoi:BIB
9302KP,400000715,,,0,HBC:Rasoi:BIB
9302KP,400000782,,,0,HBC:Rasoi:BIB
9302KP,400000710,,,0,HBC:Rasoi:BIB
9307KP,400000128,,,0,HBC:Rasoi:BIB
9307KP,400000141,,,0,HBC:Rasoi:BIB
9307KP,400000259,,,0,HBC:Rasoi:BIB
9307KP,400000396,,,0,HBC:Rasoi:BIB
9307KP,400000716,,,0,HBC:Rasoi:BIB
9307KP,400000637,,,0,HBC:Rasoi:BIB
9307KP,400000692,,,0,HBC:Rasoi:BIB
9307KP,400000691,,,0,HBC:Rasoi:BIB
9307KP,400000589,,,0,HBC:Rasoi:BIB
9307KP,400000595,,,0,HBC:Rasoi:BIB
9307KP,400000594,,,0,HBC:Rasoi:BIB
9307KP,400000712,,,0,HBC:Rasoi:BIB
9307KP,400000611,,,0,HBC:Rasoi:BIB
9307KP,400000715,,,0,HBC:Rasoi:BIB
9307KP,400000782,,,0,HBC:Rasoi:BIB
9307KP,400000710,,,0,HBC:Rasoi:BIB
5000D,400000691,,,0,HBC:Rasoi:BIB
5000D,400000714,,,0,HBC:Rasoi:BIB
5000D,400000713,,,0,HBC:Rasoi:BIB
5000D,400000693,,,0,HBC:Rasoi:BIB
5000D,400000678,,,0,HBC:Rasoi:BIB
5000D,400000397,,,0,HBC:Rasoi:BIB
5000D,400000140,,,0,HBC:Rasoi:BIB
5000D,400000255,,,0,HBC:Rasoi:BIB
5000D,400000170,,,0,HBC:Rasoi:BIB
9405KA,400000691,,,0,HBC:Rasoi:BIB
9405KA,400000714,,,0,HBC:Rasoi:BIB
9405KA,400000713,,,0,HBC:Rasoi:BIB
9405KA,400000693,,,0,HBC:Rasoi:BIB
9405KA,400000678,,,0,HBC:Rasoi:BIB
9405KA,400000397,,,0,HBC:Rasoi:BIB
9405KA,400000140,,,0,HBC:Rasoi:BIB
9405KA,400000255,,,0,HBC:Rasoi:BIB
9411KA,400000691,,,0,HBC:Rasoi:BIB
9411KA,400000714,,,0,HBC:Rasoi:BIB
9411KA,400000713,,,0,HBC:Rasoi:BIB
9411KA,400000693,,,0,HBC:Rasoi:BIB
9411KA,400000678,,,0,HBC:Rasoi:BIB
9411KA,400000397,,,0,HBC:Rasoi:BIB
9411KA,400000140,,,0,HBC:Rasoi:BIB
9411KA,400000255,,,0,HBC:Rasoi:BIB
9409KA,400000691,,,0,HBC:Rasoi:BIB
9409KA,400000714,,,0,HBC:Rasoi:BIB
9409KA,400000713,,,0,HBC:Rasoi:BIB
9409KA,400000693,,,0,HBC:Rasoi:BIB
9409KA,400000678,,,0,HBC:Rasoi:BIB
9409KA,400000397,,,0,HBC:Rasoi:BIB
9409KA,400000140,,,0,HBC:Rasoi:BIB
9409KA,400000255,,,0,HBC:Rasoi:BIB
9404KA,400000691,,,0,HBC:Rasoi:BIB
9404KA,400000714,,,0,HBC:Rasoi:BIB
9404KA,400000713,,,0,HBC:Rasoi:BIB
9404KA,400000693,,,0,HBC:Rasoi:BIB
9404KA,400000678,,,0,HBC:Rasoi:BIB
9404KA,400000397,,,0,HBC:Rasoi:BIB
9404KA,400000140,,,0,HBC:Rasoi:BIB
9404KA,400000255,,,0,HBC:Rasoi:BIB
9408KA,400000691,,,0,HBC:Rasoi:BIB
9408KA,400000714,,,0,HBC:Rasoi:BIB
9408KA,400000713,,,0,HBC:Rasoi:BIB
9408KA,400000693,,,0,HBC:Rasoi:BIB
9408KA,400000678,,,0,HBC:Rasoi:BIB
9408KA,400000397,,,0,HBC:Rasoi:BIB
9408KA,400000140,,,0,HBC:Rasoi:BIB
9408KA,400000255,,,0,HBC:Rasoi:BIB
9412KA,400000691,,,0,HBC:Rasoi:BIB
9412KA,400000714,,,0,HBC:Rasoi:BIB
9412KA,400000713,,,0,HBC:Rasoi:BIB
9412KA,400000693,,,0,HBC:Rasoi:BIB
9412KA,400000678,,,0,HBC:Rasoi:BIB
9412KA,400000397,,,0,HBC:Rasoi:BIB
9412KA,400000140,,,0,HBC:Rasoi:BIB
9412KA,400000255,,,0,HBC:Rasoi:BIB
7000D,400000141,,,0,HBC:Rasoi:BIB
7000D,400000692,,,0,HBC:Rasoi:BIB
7000D,400000691,,,0,HBC:Rasoi:BIB
7000D,400000693,,,0,HBC:Rasoi:BIB
7000D,400000397,,,0,HBC:Rasoi:BIB
7000D,400000255,,,0,HBC:Rasoi:BIB
7000D,400000170,,,0,HBC:Rasoi:BIB
7000D,400000140,,,0,HBC:Rasoi:BIB
7000D,400000678,,,0,HBC:Rasoi:BIB
7000D,400000260,,,0,HBC:Rasoi:BIB
7000D,400000716,,,0,HBC:Rasoi:BIB
7000D,400000637,,,0,HBC:Rasoi:BIB
7000D,400000595,,,0,HBC:Rasoi:BIB
7000D,400000594,,,0,HBC:Rasoi:BIB
7000D,400000712,,,0,HBC:Rasoi:BIB
7000D,400000715,,,0,HBC:Rasoi:BIB
7000D,400000589,,,0,HBC:Rasoi:BIB
7000D,400000782,,,0,HBC:Rasoi:BIB
7000D,400000710,,,0,HBC:Rasoi:BIB
9306TA,400000141,,,0,HBC:Rasoi:BIB
9306TA,400000692,,,0,HBC:Rasoi:BIB
9306TA,400000691,,,0,HBC:Rasoi:BIB
9306TA,400000693,,,0,HBC:Rasoi:BIB
9306TA,400000397,,,0,HBC:Rasoi:BIB
9306TA,400000255,,,0,HBC:Rasoi:BIB
9306TA,400000170,,,0,HBC:Rasoi:BIB
9306TA,400000140,,,0,HBC:Rasoi:BIB
9306TA,400000678,,,0,HBC:Rasoi:BIB
9302TA,400000141,,,0,HBC:Rasoi:BIB
9302TA,400000692,,,0,HBC:Rasoi:BIB
9302TA,400000691,,,0,HBC:Rasoi:BIB
9302TA,400000693,,,0,HBC:Rasoi:BIB
9302TA,400000397,,,0,HBC:Rasoi:BIB
9302TA,400000255,,,0,HBC:Rasoi:BIB
9302TA,400000170,,,0,HBC:Rasoi:BIB
9302TA,400000140,,,0,HBC:Rasoi:BIB
9302TA,400000678,,,0,HBC:Rasoi:BIB
9307TA,400000141,,,0,HBC:Rasoi:BIB
9307TA,400000692,,,0,HBC:Rasoi:BIB
9307TA,400000691,,,0,HBC:Rasoi:BIB
9307TA,400000693,,,0,HBC:Rasoi:BIB
9307TA,400000397,,,0,HBC:Rasoi:BIB
9307TA,400000255,,,0,HBC:Rasoi:BIB
9307TA,400000170,,,0,HBC:Rasoi:BIB
9307TA,400000140,,,0,HBC:Rasoi:BIB
9307TA,400000678,,,0,HBC:Rasoi:BIB
9108KP,400000128,,,0,HBC:Rasoi:BIB
9108KP,400000141,,,0,HBC:Rasoi:BIB
9108KP,400000260,,,0,HBC:Rasoi:BIB
9108KP,400000396,,,0,HBC:Rasoi:BIB
9108KP,400000450,,,0,HBC:Rasoi:BIB
9108KP,400000716,,,0,HBC:Rasoi:BIB
9108KP,400000637,,,0,HBC:Rasoi:BIB
9108KP,400000692,,,0,HBC:Rasoi:BIB
9108KP,400000691,,,0,HBC:Rasoi:BIB
9108KP,400000712,,,0,HBC:Rasoi:BIB
9108KP,400000715,,,0,HBC:Rasoi:BIB
9108KP,400000782,,,0,HBC:Rasoi:BIB
9108KP,400000710,,,0,HBC:Rasoi:BIB
9116KP,400000128,,,0,HBC:Rasoi:BIB
9116KP,400000141,,,0,HBC:Rasoi:BIB
9116KP,400000260,,,0,HBC:Rasoi:BIB
9116KP,400000396,,,0,HBC:Rasoi:BIB
9116KP,400000450,,,0,HBC:Rasoi:BIB
9116KP,400000716,,,0,HBC:Rasoi:BIB
9116KP,400000637,,,0,HBC:Rasoi:BIB
9116KP,400000692,,,0,HBC:Rasoi:BIB
9116KP,400000691,,,0,HBC:Rasoi:BIB
9116KP,400000712,,,0,HBC:Rasoi:BIB
9116KP,400000715,,,0,HBC:Rasoi:BIB
9116KP,400000782,,,0,HBC:Rasoi:BIB
9116KP,400000710,,,0,HBC:Rasoi:BIB
9415,400000128,,,0,HBC:Rasoi:BIB
9415,400000140,,,0,HBC:Rasoi:BIB
9415,400000141,,,0,HBC:Rasoi:BIB
9415,400000170,,,0,HBC:Rasoi:BIB
9415,400000255,,,0,HBC:Rasoi:BIB
9415,400000397,,,0,HBC:Rasoi:BIB
9415,400000396,,,0,HBC:Rasoi:BIB
9415,400000611,,,0,HBC:Rasoi:BIB
9415,400000716,,,0,HBC:Rasoi:BIB
9415,400000562,,,0,HBC:Rasoi:BIB
9415,400000564,,,0,HBC:Rasoi:BIB
9415,400000566,,,0,HBC:Rasoi:BIB
9415,400000637,,,0,HBC:Rasoi:BIB
9415,400000692,,,0,HBC:Rasoi:BIB
9415,400000691,,,0,HBC:Rasoi:BIB
9415,400000693,,,0,HBC:Rasoi:BIB
9415,400000678,,,0,HBC:Rasoi:BIB
9415,400000712,,,0,HBC:Rasoi:BIB
9415,400000715,,,0,HBC:Rasoi:BIB
9415,400000449,,,0,HBC:Rasoi:BIB
9415,400000521,,,0,HBC:Rasoi:BIB
9415,400000523,,,0,HBC:Rasoi:BIB
9415,400000589,,,0,HBC:Rasoi:BIB
9415,400000595,,,0,HBC:Rasoi:BIB
9415,400000594,,,0,HBC:Rasoi:BIB
9415,400000635,,,0,HBC:Rasoi:BIB
9415,400000636,,,0,HBC:Rasoi:BIB
9415,400000731,,,0,HBC:Rasoi:BIB
9415,400000730,,,0,HBC:Rasoi:BIB
9415,400000776,,,0,HBC:Rasoi:BIB
9415,400000782,,,0,HBC:Rasoi:BIB
9415,400000714,,,0,HBC:Rasoi:BIB
9415,400000713,,,0,HBC:Rasoi:BIB
9415KA,400000691,,,0,HBC:Rasoi:BIB
9415KA,400000714,,,0,HBC:Rasoi:BIB
9415KA,400000713,,,0,HBC:Rasoi:BIB
9415KA,400000693,,,0,HBC:Rasoi:BIB
9415KA,400000678,,,0,HBC:Rasoi:BIB
9415KA,400000397,,,0,HBC:Rasoi:BIB
9415KA,400000140,,,0,HBC:Rasoi:BIB
9415KA,400000255,,,0,HBC:Rasoi:BIB
7000DE,400000260,,,0,HBC:Rasoi:BIB
7000DE,400000716,,,0,HBC:Rasoi:BIB
7000DE,400000637,,,0,HBC:Rasoi:BIB
7000DE,400000595,,,0,HBC:Rasoi:BIB
7000DE,400000594,,,0,HBC:Rasoi:BIB
7000DE,400000712,,,0,HBC:Rasoi:BIB
7000DE,400000715,,,0,HBC:Rasoi:BIB
7000DE,400000589,,,0,HBC:Rasoi:BIB
7000DE,400000782,,,0,HBC:Rasoi:BIB
7000DE,400000710,,,0,HBC:Rasoi:BIB
9108RP,400000128,,,0,HBC:Rasoi:BIB
9108RP,400000140,,,0,HBC:Rasoi:BIB
9108RP,400000141,,,0,HBC:Rasoi:BIB
9108RP,400000170,,,0,HBC:Rasoi:BIB
9108RP,400000255,,,0,HBC:Rasoi:BIB
9108RP,400000397,,,0,HBC:Rasoi:BIB
9108RP,400000396,,,0,HBC:Rasoi:BIB
9108RP,400000441,,,0,HBC:Rasoi:BIB
9108RP,400000521,,,0,HBC:Rasoi:BIB
9108RP,400000523,,,0,HBC:Rasoi:BIB
9108RP,400000589,,,0,HBC:Rasoi:BIB
9108RP,400000595,,,0,HBC:Rasoi:BIB
9108RP,400000716,,,0,HBC:Rasoi:BIB
9108RP,400000594,,,0,HBC:Rasoi:BIB
9108RP,400000562,,,0,HBC:Rasoi:BIB
9108RP,400000564,,,0,HBC:Rasoi:BIB
9108RP,400000611,,,0,HBC:Rasoi:BIB
9108RP,400000635,,,0,HBC:Rasoi:BIB
9108RP,400000636,,,0,HBC:Rasoi:BIB
9108RP,400000566,,,0,HBC:Rasoi:BIB
9108RP,400000637,,,0,HBC:Rasoi:BIB
9108RP,400000678,,,0,HBC:Rasoi:BIB
9108RP,400000692,,,0,HBC:Rasoi:BIB
9108RP,400000691,,,0,HBC:Rasoi:BIB
9108RP,400000693,,,0,HBC:Rasoi:BIB
9108RP,400000712,,,0,HBC:Rasoi:BIB
9108RP,400000715,,,0,HBC:Rasoi:BIB
9108RP,400000782,,,0,HBC:Rasoi:BIB
9116RP,400000128,,,0,HBC:Rasoi:BIB
9116RP,400000140,,,0,HBC:Rasoi:BIB
9116RP,400000141,,,0,HBC:Rasoi:BIB
9116RP,400000170,,,0,HBC:Rasoi:BIB
9116RP,400000255,,,0,HBC:Rasoi:BIB
9116RP,400000397,,,0,HBC:Rasoi:BIB
9116RP,400000396,,,0,HBC:Rasoi:BIB
9116RP,400000441,,,0,HBC:Rasoi:BIB
9116RP,400000521,,,0,HBC:Rasoi:BIB
9116RP,400000523,,,0,HBC:Rasoi:BIB
9116RP,400000589,,,0,HBC:Rasoi:BIB
9116RP,400000595,,,0,HBC:Rasoi:BIB
9116RP,400000716,,,0,HBC:Rasoi:BIB
9116RP,400000594,,,0,HBC:Rasoi:BIB
9116RP,400000562,,,0,HBC:Rasoi:BIB
9116RP,400000564,,,0,HBC:Rasoi:BIB
9116RP,400000611,,,0,HBC:Rasoi:BIB
9116RP,400000635,,,0,HBC:Rasoi:BIB
9116RP,400000636,,,0,HBC:Rasoi:BIB
9116RP,400000566,,,0,HBC:Rasoi:BIB
9116RP,400000637,,,0,HBC:Rasoi:BIB
9116RP,400000678,,,0,HBC:Rasoi:BIB
9116RP,400000692,,,0,HBC:Rasoi:BIB
9116RP,400000691,,,0,HBC:Rasoi:BIB
9116RP,400000693,,,0,HBC:Rasoi:BIB
9116RP,400000712,,,0,HBC:Rasoi:BIB
9116RP,400000715,,,0,HBC:Rasoi:BIB
9116RP,400000782,,,0,HBC:Rasoi:BIB
