Branch code/name,Prod_Code,prod_desc,brand_code (fk)/brand_name,brand_form_code (fk)/brand_form_name,brand_sub_form_code(fk)/brand_sub_form_name,cl_stk,acends,black_list,vertical_value,UOM1,UOM2,Conversion,Pack size,UOM3,Conversion2,TD,Formulation,Pack Type
1000D,400000126,Mustard 1 ltr Pouch,Mustard,,,0,N,Y,HBC:Rasoi:BIB,Case,Ltr,12,CP,MT,1098.9,0,no,Pouch
1000D,400000128,Palm 500 ml Pouch,Palm,,,0,Y,N,HBC:Rasoi:BIB,Case,Ltr,10,CP,MT,1111.11,5,no,Pouch
1000D,400000139,Sunflower 1 ltr Pouch (10pc),Sunflower,,,0,N,Y,HBC:Rasoi:BIB,Case,Ltr,10,CP,MT,1098.9,5,no,Pouch
1000D,400000140,Soyabean 1 ltr Pouch,Soyabean,,,0,Y,N,HBC:Rasoi:BIB,Case,Ltr,12,CP,MT,1098.9,5,no,Pouch
1000D,400000141,Palm 1 ltr Pouch (10pc),Palm,,,0,Y,N,HBC:Rasoi:BIB,Case,Ltr,10,CP,MT,1111.11,5,no,Pouch
1000D,400000151,Palm 15 kg Tin,Palm,,,0,N,Y,HBC:Rasoi:BIB,Case,Ltr,16.67,BP,MT,1111.11,10,no,TIN
1000D,400000152,Palm 15 ltr Tin,Palm,,,0,N,Y,HBC:Rasoi:BIB,Case,Ltr,15,BP,MT,1111.11,10,no,TIN
1000D,400000153,Soyabean 15 ltr Tin,Soyabean,,,0,N,Y,HBC:Rasoi:BIB,Case,Ltr,15,BP,MT,1098.9,10,no,TIN
1000D,400000154,Soyabean 15 kg Tin,Soyabean,,,0,N,Y,HBC:Rasoi:BIB,Case,Ltr,16.48,BP,MT,1098.9,10,no,TIN
1000D,400000159,Mustard 500 ml Bottle,Mustard,,,0,N,Y,HBC:Rasoi:BIB,Case,Ltr,12,CP,MT,1098.9,0,no,Pet
1000D,400000170,Soyabean 500 ml Pouch,Soyabean,,,0,Y,N,HBC:Rasoi:BIB,Case,Ltr,12,CP,MT,1098.9,5,no,Pouch
1000D,400000173,Mustard 500 ml Pouch,Mustard,,,0,N,Y,HBC:Rasoi:BIB,Case,Ltr,12,CP,MT,1098.9,0,no,Pouch
1000D,400000252,Mustard 1 ltr Bottle,Mustard,,,0,N,Y,HBC:Rasoi:BIB,Case,Ltr,12,CP,MT,1098.9,0,no,Pet
1000D,400000254,Mustard 200 ml Bottle,Mustard,,,0,N,Y,HBC:Rasoi:BIB,Case,Ltr,12,CP,MT,1098.9,0,no,Pet
1000D,400000255,Soyabean 5 ltr Jar,Soyabean,,,0,Y,N,HBC:Rasoi:BIB,Case,Ltr,20,CP,MT,1098.9,5,no,JAR
1000D,400000256,Soyabean 1 ltr Bottle,Soyabean,,,0,N,Y,HBC:Rasoi:BIB,Case,Ltr,12,CP,MT,1098.9,5,no,Pet
1000D,400000257,Soyabean 500 ml Bottle,Soyabean,,,0,N,Y,HBC:Rasoi:BIB,Case,Ltr,12,CP,MT,1098.9,5,no,Pet
1000D,400000259,Sunflower 500 ml Pouch,Sunflower,,,0,N,Y,HBC:Rasoi:BIB,Case,Ltr,10,CP,MT,1098.9,5,no,Pouch
1000D,400000260,Sunflower 1 ltr Pouch (16pc),Sunflower,,,0,N,Y,HBC:Rasoi:BIB,Case,Ltr,16,CP,MT,1098.9,5,no,Pouch
1000D,400000273,Sunflower 15 kg Tin,Sunflower,,,0,N,Y,HBC:Rasoi:BIB,Case,Ltr,16.48,BP,MT,1098.9,10,no,TIN
1000D,400000275,Sunflower 15 ltr Tin,Sunflower,,,0,N,Y,HBC:Rasoi:BIB,Case,Ltr,15,BP,MT,1098.9,10,no,TIN
1000D,400000360,Sun n Lite 15 ltr Tin,Sunflower,,,0,N,Y,HBC:Rasoi:BIB,Case,Ltr,15,BP,MT,1098.9,10,no,TIN
1000D,400000362,Gold n Lite 15 kg Tin,Palm,,,0,N,Y,HBC:Rasoi:BIB,Case,Ltr,16.67,BP,MT,1111.11,10,no,TIN
1000D,400000370,Gold n Lite 15 ltr Tin,Palm,,,0,N,Y,HBC:Rasoi:BIB,Case,Ltr,15,BP,MT,1111.11,10,no,TIN
1000D,400000373,Rasoi 15 ltr Tin,Vanaspati,,,0,N,Y,HBC:Rasoi:BIB,Case,Ltr,15,BP,MT,1114.21,0,no,TIN
1000D,400000377,Gold n Lite 15 ltr Jar,Palm,,,0,N,Y,HBC:Rasoi:BIB,Case,Ltr,15,BP,MT,1111.11,10,no,JAR
1000D,400000378,Soyalite 15 ltr Jar,Soyabean,,,0,N,Y,HBC:Rasoi:BIB,Case,Ltr,15,BP,MT,1098.9,10,no,JAR
1000D,400000387,Gold n Lite 500 ml Pouch,Palm,,,0,N,Y,HBC:Rasoi:BIB,Case,Ltr,10,CP,MT,1111.11,5,no,Pouch
1000D,400000397,Soyabean 15 ltr Jar,Soyabean,,,0,Y,N,HBC:Rasoi:BIB,Case,Ltr,15,BP,MT,1098.9,10,no,JAR
1000D,400000396,Palm  15 ltr Jar,Palm,,,0,N,Y,HBC:Rasoi:BIB,Case,Ltr,15,BP,MT,1111.11,10,no,JAR
1000D,400000441,Rasoi 15 kg Jar (Blue),Vanaspati,,,0,N,Y,HBC:Rasoi:BIB,Case,Ltr,16.71,BP,MT,1114.21,0,no,JAR
1000D,400000449,Rasoi 15 kg Jar (Gold),Vanaspati,,,0,N,Y,HBC:Rasoi:BIB,Case,Ltr,16.71,BP,MT,1114.21,0,no,JAR
1000D,400000454,Rasoi 1 ltr Pouch (Yellow),Vanaspati,,,0,N,Y,HBC:Rasoi:BIB,Case,Ltr,16,CP,MT,1114.21,0,no,Pouch
1000D,400000455,Rasoi 1 ltr Pouch (Siliguri),Vanaspati,,,0,N,Y,HBC:Rasoi:BIB,Case,Ltr,16,CP,MT,1114.21,0,no,Pouch
1000D,400000430,Blend 15 ltr Tin,Blend,,,0,N,Y,HBC:Rasoi:BIB,Case,Ltr,15,BP,MT,1098.9,0,no,TIN
1000D,400000356,Bake Magic,Bake Magic,,,0,N,Y,HBC:Rasoi:BIB,Case,Ltr,16.71,BP,MT,1114.21,10,no,Bakery
9110,400000126,Mustard 1 ltr Pouch,Mustard,,,0,N,Y,HBC:Rasoi:BIB,Case,Ltr,12,CP,MT,1098.9,0,no,Pouch
9110,400000128,Palm 500 ml Pouch,Palm,,,0,Y,N,HBC:Rasoi:BIB,Case,Ltr,10,CP,MT,1111.11,5,no,Pouch
9110,400000139,Sunflower 1 ltr Pouch (10pc),Sunflower,,,0,N,Y,HBC:Rasoi:BIB,Case,Ltr,10,CP,MT,1098.9,5,no,Pouch
9110,400000140,Soyabean 1 ltr Pouch,Soyabean,,,0,Y,N,HBC:Rasoi:BIB,Case,Ltr,12,CP,MT,1098.9,5,no,Pouch
9110,400000141,Palm 1 ltr Pouch (10pc),Palm,,,0,Y,N,HBC:Rasoi:BIB,Case,Ltr,10,CP,MT,1111.11,5,no,Pouch
9110,400000151,Palm 15 kg Tin,Palm,,,0,N,Y,HBC:Rasoi:BIB,Case,Ltr,16.67,BP,MT,1111.11,10,no,TIN
9110,400000152,Palm 15 ltr Tin,Palm,,,0,N,Y,HBC:Rasoi:BIB,Case,Ltr,15,BP,MT,1111.11,10,no,TIN
9110,400000153,Soyabean 15 ltr Tin,Soyabean,,,0,N,Y,HBC:Rasoi:BIB,Case,Ltr,15,BP,MT,1098.9,10,no,TIN
9110,400000154,Soyabean 15 kg Tin,Soyabean,,,0,N,Y,HBC:Rasoi:BIB,Case,Ltr,16.48,BP,MT,1098.9,10,no,TIN
9110,400000159,Mustard 500 ml Bottle,Mustard,,,0,N,Y,HBC:Rasoi:BIB,Case,Ltr,12,CP,MT,1098.9,0,no,Pet
9110,400000170,Soyabean 500 ml Pouch,Soyabean,,,0,Y,N,HBC:Rasoi:BIB,Case,Ltr,12,CP,MT,1098.9,5,no,Pouch
9110,400000173,Mustard 500 ml Pouch,Mustard,,,0,N,Y,HBC:Rasoi:BIB,Case,Ltr,12,CP,MT,1098.9,0,no,Pouch
9110,400000252,Mustard 1 ltr Bottle,Mustard,,,0,N,Y,HBC:Rasoi:BIB,Case,Ltr,12,CP,MT,1098.9,0,no,Pet
9110,400000254,Mustard 200 ml Bottle,Mustard,,,0,N,Y,HBC:Rasoi:BIB,Case,Ltr,12,CP,MT,1098.9,0,no,Pet
9110,400000255,Soyabean 5 ltr Jar,Soyabean,,,0,Y,N,HBC:Rasoi:BIB,Case,Ltr,20,CP,MT,1098.9,5,no,JAR
9110,400000256,Soyabean 1 ltr Bottle,Soyabean,,,0,N,Y,HBC:Rasoi:BIB,Case,Ltr,12,CP,MT,1098.9,5,no,Pet
9110,400000257,Soyabean 500 ml Bottle,Soyabean,,,0,N,Y,HBC:Rasoi:BIB,Case,Ltr,12,CP,MT,1098.9,5,no,Pet
9110,400000259,Sunflower 500 ml Pouch,Sunflower,,,0,N,Y,HBC:Rasoi:BIB,Case,Ltr,10,CP,MT,1098.9,5,no,Pouch
9110,400000260,Sunflower 1 ltr Pouch (16pc),Sunflower,,,0,N,Y,HBC:Rasoi:BIB,Case,Ltr,16,CP,MT,1098.9,5,no,Pouch
9110,400000273,Sunflower 15 kg Tin,Sunflower,,,0,N,Y,HBC:Rasoi:BIB,Case,Ltr,16.48,BP,MT,1098.9,10,no,TIN
9110,400000275,Sunflower 15 ltr Tin,Sunflower,,,0,N,Y,HBC:Rasoi:BIB,Case,Ltr,15,BP,MT,1098.9,10,no,TIN
9110,400000360,Sun n Lite 15 ltr Tin,Sunflower,,,0,N,Y,HBC:Rasoi:BIB,Case,Ltr,15,BP,MT,1098.9,10,no,TIN
9110,400000362,Gold n Lite 15 kg Tin,Palm,,,0,N,Y,HBC:Rasoi:BIB,Case,Ltr,16.67,BP,MT,1111.11,10,no,TIN
9110,400000370,Gold n Lite 15 ltr Tin,Palm,,,0,N,Y,HBC:Rasoi:BIB,Case,Ltr,15,BP,MT,1111.11,10,no,TIN
9110,400000373,Rasoi 15 ltr Tin,Vanaspati,,,0,N,Y,HBC:Rasoi:BIB,Case,Ltr,15,BP,MT,1114.21,0,no,TIN
9110,400000377,Gold n Lite 15 ltr Jar,Palm,,,0,N,Y,HBC:Rasoi:BIB,Case,Ltr,15,BP,MT,1111.11,10,no,JAR
9110,400000378,Soyalite 15 ltr Jar,Soyabean,,,0,N,Y,HBC:Rasoi:BIB,Case,Ltr,15,BP,MT,1098.9,10,no,JAR
9110,400000387,Gold n Lite 500 ml Pouch,Palm,,,0,N,Y,HBC:Rasoi:BIB,Case,Ltr,10,CP,MT,1111.11,5,no,Pouch
9110,400000397,Soyabean 15 ltr Jar,Soyabean,,,0,Y,N,HBC:Rasoi:BIB,Case,Ltr,15,BP,MT,1098.9,10,no,JAR
9110,400000396,Palm  15 ltr Jar,Palm,,,0,N,Y,HBC:Rasoi:BIB,Case,Ltr,15,BP,MT,1111.11,10,no,JAR
9110,400000441,Rasoi 15 kg Jar (Blue),Vanaspati,,,0,N,Y,HBC:Rasoi:BIB,Case,Ltr,16.71,BP,MT,1114.21,0,no,JAR
9110,400000449,Rasoi 15 kg Jar (Gold),Vanaspati,,,0,N,Y,HBC:Rasoi:BIB,Case,Ltr,16.71,BP,MT,1114.21,0,no,JAR
9110,400000454,Rasoi 1 ltr Pouch (Yellow),Vanaspati,,,0,N,Y,HBC:Rasoi:BIB,Case,Ltr,16,CP,MT,1114.21,0,no,Pouch
9110,400000455,Rasoi 1 ltr Pouch (Siliguri),Vanaspati,,,0,N,Y,HBC:Rasoi:BIB,Case,Ltr,16,CP,MT,1114.21,0,no,Pouch
9110,400000430,Blend 15 ltr Tin,Blend,,,0,N,Y,HBC:Rasoi:BIB,Case,Ltr,15,BP,MT,1098.9,0,no,TIN
9110,400000356,Bake Magic,Bake Magic,,,0,N,Y,HBC:Rasoi:BIB,Case,Ltr,16.71,BP,MT,1114.21,10,no,Bakery
9117,400000126,Mustard 1 ltr Pouch,Mustard,,,0,N,Y,HBC:Rasoi:BIB,Case,Ltr,12,CP,MT,1098.9,0,no,Pouch
9117,400000128,Palm 500 ml Pouch,Palm,,,0,Y,N,HBC:Rasoi:BIB,Case,Ltr,10,CP,MT,1111.11,5,no,Pouch
9117,400000139,Sunflower 1 ltr Pouch (10pc),Sunflower,,,0,N,Y,HBC:Rasoi:BIB,Case,Ltr,10,CP,MT,1098.9,5,no,Pouch
9117,400000140,Soyabean 1 ltr Pouch,Soyabean,,,0,Y,N,HBC:Rasoi:BIB,Case,Ltr,12,CP,MT,1098.9,5,no,Pouch
9117,400000141,Palm 1 ltr Pouch (10pc),Palm,,,0,Y,N,HBC:Rasoi:BIB,Case,Ltr,10,CP,MT,1111.11,5,no,Pouch
9117,400000151,Palm 15 kg Tin,Palm,,,0,N,Y,HBC:Rasoi:BIB,Case,Ltr,16.67,BP,MT,1111.11,10,no,TIN
9117,400000152,Palm 15 ltr Tin,Palm,,,0,N,Y,HBC:Rasoi:BIB,Case,Ltr,15,BP,MT,1111.11,10,no,TIN
9117,400000153,Soyabean 15 ltr Tin,Soyabean,,,0,N,Y,HBC:Rasoi:BIB,Case,Ltr,15,BP,MT,1098.9,10,no,TIN
9117,400000154,Soyabean 15 kg Tin,Soyabean,,,0,N,Y,HBC:Rasoi:BIB,Case,Ltr,16.48,BP,MT,1098.9,10,no,TIN
9117,400000159,Mustard 500 ml Bottle,Mustard,,,0,N,Y,HBC:Rasoi:BIB,Case,Ltr,12,CP,MT,1098.9,0,no,Pet
9117,400000170,Soyabean 500 ml Pouch,Soyabean,,,0,Y,N,HBC:Rasoi:BIB,Case,Ltr,12,CP,MT,1098.9,5,no,Pouch
9117,400000173,Mustard 500 ml Pouch,Mustard,,,0,N,Y,HBC:Rasoi:BIB,Case,Ltr,12,CP,MT,1098.9,0,no,Pouch
9117,400000252,Mustard 1 ltr Bottle,Mustard,,,0,N,Y,HBC:Rasoi:BIB,Case,Ltr,12,CP,MT,1098.9,0,no,Pet
9117,400000254,Mustard 200 ml Bottle,Mustard,,,0,N,Y,HBC:Rasoi:BIB,Case,Ltr,12,CP,MT,1098.9,0,no,Pet
9117,400000255,Soyabean 5 ltr Jar,Soyabean,,,0,Y,N,HBC:Rasoi:BIB,Case,Ltr,20,CP,MT,1098.9,5,no,JAR
9117,400000256,Soyabean 1 ltr Bottle,Soyabean,,,0,N,Y,HBC:Rasoi:BIB,Case,Ltr,12,CP,MT,1098.9,5,no,Pet
9117,400000257,Soyabean 500 ml Bottle,Soyabean,,,0,N,Y,HBC:Rasoi:BIB,Case,Ltr,12,CP,MT,1098.9,5,no,Pet
9117,400000259,Sunflower 500 ml Pouch,Sunflower,,,0,N,Y,HBC:Rasoi:BIB,Case,Ltr,10,CP,MT,1098.9,5,no,Pouch
9117,400000260,Sunflower 1 ltr Pouch (16pc),Sunflower,,,0,N,Y,HBC:Rasoi:BIB,Case,Ltr,16,CP,MT,1098.9,5,no,Pouch
9117,400000273,Sunflower 15 kg Tin,Sunflower,,,0,N,Y,HBC:Rasoi:BIB,Case,Ltr,16.48,BP,MT,1098.9,10,no,TIN
9117,400000275,Sunflower 15 ltr Tin,Sunflower,,,0,N,Y,HBC:Rasoi:BIB,Case,Ltr,15,BP,MT,1098.9,10,no,TIN
9117,400000360,Sun n Lite 15 ltr Tin,Sunflower,,,0,N,Y,HBC:Rasoi:BIB,Case,Ltr,15,BP,MT,1098.9,10,no,TIN
9117,400000362,Gold n Lite 15 kg Tin,Palm,,,0,N,Y,HBC:Rasoi:BIB,Case,Ltr,16.67,BP,MT,1111.11,10,no,TIN
9117,400000370,Gold n Lite 15 ltr Tin,Palm,,,0,N,Y,HBC:Rasoi:BIB,Case,Ltr,15,BP,MT,1111.11,10,no,TIN
9117,400000373,Rasoi 15 ltr Tin,Vanaspati,,,0,N,Y,HBC:Rasoi:BIB,Case,Ltr,15,BP,MT,1114.21,0,no,TIN
9117,400000377,Gold n Lite 15 ltr Jar,Palm,,,0,N,Y,HBC:Rasoi:BIB,Case,Ltr,15,BP,MT,1111.11,10,no,JAR
9117,400000378,Soyalite 15 ltr Jar,Soyabean,,,0,N,Y,HBC:Rasoi:BIB,Case,Ltr,15,BP,MT,1098.9,10,no,JAR
9117,400000387,Gold n Lite 500 ml Pouch,Palm,,,0,N,Y,HBC:Rasoi:BIB,Case,Ltr,10,CP,MT,1111.11,5,no,Pouch
9117,400000397,Soyabean 15 ltr Jar,Soyabean,,,0,Y,N,HBC:Rasoi:BIB,Case,Ltr,15,BP,MT,1098.9,10,no,JAR
9117,400000396,Palm  15 ltr Jar,Palm,,,0,N,Y,HBC:Rasoi:BIB,Case,Ltr,15,BP,MT,1111.11,10,no,JAR
9117,400000441,Rasoi 15 kg Jar (Blue),Vanaspati,,,0,N,Y,HBC:Rasoi:BIB,Case,Ltr,16.71,BP,MT,1114.21,0,no,JAR
9117,400000449,Rasoi 15 kg Jar (Gold),Vanaspati,,,0,N,Y,HBC:Rasoi:BIB,Case,Ltr,16.71,BP,MT,1114.21,0,no,JAR
9117,400000454,Rasoi 1 ltr Pouch (Yellow),Vanaspati,,,0,N,Y,HBC:Rasoi:BIB,Case,Ltr,16,CP,MT,1114.21,0,no,Pouch
9117,400000455,Rasoi 1 ltr Pouch (Siliguri),Vanaspati,,,0,N,Y,HBC:Rasoi:BIB,Case,Ltr,16,CP,MT,1114.21,0,no,Pouch
9117,400000430,Blend 15 ltr Tin,Blend,,,0,N,Y,HBC:Rasoi:BIB,Case,Ltr,15,BP,MT,1098.9,0,no,TIN
9117,400000356,Bake Magic,Bake Magic,,,0,N,Y,HBC:Rasoi:BIB,Case,Ltr,16.71,BP,MT,1114.21,10,no,Bakery
1000D,400000456,Rasoi  500 ml Pouch,Vanaspati,,,0,N,Y,HBC:Rasoi:BIB,Case,Ltr,16,CP,MT,1114.21,0,no,Pouch
1000D,400000457,Rasoi  200 ml Pouch,Vanaspati,,,0,N,Y,HBC:Rasoi:BIB,Case,Ltr,16,CP,MT,1114.21,0,no,Pouch
9110,400000456,Rasoi  500 ml Pouch,Vanaspati,,,0,N,Y,HBC:Rasoi:BIB,Case,Ltr,16,CP,MT,1114.21,0,no,Pouch
9110,400000457,Rasoi  200 ml Pouch,Vanaspati,,,0,N,Y,HBC:Rasoi:BIB,Case,Ltr,16,CP,MT,1114.21,0,no,Pouch
9117,400000456,Rasoi  500 ml Pouch,Vanaspati,,,0,N,Y,HBC:Rasoi:BIB,Case,Ltr,16,CP,MT,1114.21,0,no,Pouch
9117,400000457,Rasoi  200 ml Pouch,Vanaspati,,,0,N,Y,HBC:Rasoi:BIB,Case,Ltr,16,CP,MT,1114.21,0,no,Pouch
4000D,400000275,Sunflower 15 ltr Tin,Sunflower,,,0,N,Y,HBC:Rasoi:BIB,Case,Ltr,15,BP,MT,1098.9,10,no,TIN
4000D,400000273,Sunflower 15 kg Tin,Sunflower,,,0,N,Y,HBC:Rasoi:BIB,Case,Ltr,16.48,BP,MT,1098.9,10,no,TIN
4000D,400000260,Sunflower 1 ltr Pouch (16pc),Sunflower,,,0,Y,N,HBC:Rasoi:BIB,Case,Ltr,16,CP,MT,1098.9,5,no,Pouch
4000D,400000259,Sunflower 500 ml Pouch,Sunflower,,,0,N,Y,HBC:Rasoi:BIB,Case,Ltr,10,CP,MT,1098.9,5,no,Pouch
4000D,400000257,Soyabean 500 ml Bottle,Soyabean,,,0,N,Y,HBC:Rasoi:BIB,Case,Ltr,12,CP,MT,1098.9,5,no,Pet
4000D,400000256,Soyabean 1 ltr Bottle,Soyabean,,,0,N,Y,HBC:Rasoi:BIB,Case,Ltr,12,CP,MT,1098.9,5,no,Pet
4000D,400000255,Soyabean 5 ltr Jar,Soyabean,,,0,N,Y,HBC:Rasoi:BIB,Case,Ltr,20,CP,MT,1098.9,5,no,JAR
4000D,400000254,Mustard 200 ml Bottle,Mustard,,,0,N,Y,HBC:Rasoi:BIB,Case,Ltr,12,CP,MT,1098.9,0,no,Pet
4000D,400000252,Mustard 1 ltr Bottle,Mustard,,,0,N,Y,HBC:Rasoi:BIB,Case,Ltr,12,CP,MT,1098.9,0,no,Pet
4000D,400000173,Mustard 500 ml Pouch,Mustard,,,0,N,Y,HBC:Rasoi:BIB,Case,Ltr,12,CP,MT,1098.9,0,no,Pouch
4000D,400000170,Soyabean 500 ml Pouch,Soyabean,,,0,N,Y,HBC:Rasoi:BIB,Case,Ltr,12,CP,MT,1098.9,5,no,Pouch
4000D,400000159,Mustard 500 ml Bottle,Mustard,,,0,N,Y,HBC:Rasoi:BIB,Case,Ltr,12,CP,MT,1098.9,0,no,Pet
4000D,400000154,Soyabean 15 kg Tin,Soyabean,,,0,N,Y,HBC:Rasoi:BIB,Case,Ltr,16.48,BP,MT,1098.9,10,no,TIN
4000D,400000153,Soyabean 15 ltr Tin,Soyabean,,,0,N,Y,HBC:Rasoi:BIB,Case,Ltr,15,BP,MT,1098.9,10,no,TIN
4000D,400000152,Palm 15 ltr Tin,Palm,,,0,N,Y,HBC:Rasoi:BIB,Case,Ltr,15,BP,MT,1111.11,10,no,TIN
4000D,400000151,Palm 15 kg Tin,Palm,,,0,N,Y,HBC:Rasoi:BIB,Case,Ltr,16.67,BP,MT,1111.11,10,no,TIN
4000D,400000141,Palm 1 ltr Pouch (10pc),Palm,,,0,Y,N,HBC:Rasoi:BIB,Case,Ltr,10,CP,MT,1111.11,5,no,Pouch
4000D,400000140,Soyabean 1 ltr Pouch,Soyabean,,,0,N,Y,HBC:Rasoi:BIB,Case,Ltr,12,CP,MT,1098.9,5,no,Pouch
4000D,400000139,Sunflower 1 ltr Pouch (10pc),Sunflower,,,0,N,Y,HBC:Rasoi:BIB,Case,Ltr,10,CP,MT,1098.9,5,no,Pouch
4000D,400000128,Palm 500 ml Pouch,Palm,,,0,Y,N,HBC:Rasoi:BIB,Case,Ltr,10,CP,MT,1111.11,5,no,Pouch
4000D,400000126,Mustard 1 ltr Pouch,Mustard,,,0,N,Y,HBC:Rasoi:BIB,Case,Ltr,12,CP,MT,1098.9,0,no,Pouch
9117,400000395,Rasoi 15 ltr Jar (Yellow),Vanaspati,,,0,N,Y,HBC:Rasoi:BIB,Case,Ltr,15,BP,MT,1114.21,0,no,JAR
9110,400000395,Rasoi 15 ltr Jar (Yellow),Vanaspati,,,0,N,Y,HBC:Rasoi:BIB,Case,Ltr,15,BP,MT,1114.21,0,no,JAR
1000D,400000395,Rasoi 15 ltr Jar (Yellow),Vanaspati,,,0,N,Y,HBC:Rasoi:BIB,Case,Ltr,15,BP,MT,1114.21,0,no,JAR
4000D,400000360,Sun n Lite 15 ltr Tin,Sunflower,,,0,N,Y,HBC:Rasoi:BIB,Case,Ltr,15,BP,MT,1098.9,10,no,TIN
4000D,400000362,Gold n Lite 15 kg Tin,Palm,,,0,N,Y,HBC:Rasoi:BIB,Case,Ltr,16.67,BP,MT,1111.11,10,no,TIN
4000D,400000370,Gold n Lite 15 ltr Tin,Palm,,,0,N,Y,HBC:Rasoi:BIB,Case,Ltr,15,BP,MT,1111.11,10,no,TIN
4000D,400000373,Fry n lite 15 ltr Tin,Vanaspati,,,0,N,Y,HBC:Rasoi:BIB,Case,Ltr,15,BP,MT,1114.21,0,no,TIN
4000D,400000377,Gold n Lite 15 ltr Jar,Palm,,,0,N,Y,HBC:Rasoi:BIB,Case,Ltr,15,BP,MT,1111.11,10,no,JAR
4000D,400000378,Soyalite 15 ltr Jar,Soyabean,,,0,N,Y,HBC:Rasoi:BIB,Case,Ltr,15,BP,MT,1098.9,10,no,JAR
4000D,400000387,Gold n Lite 500 ml Pouch,Palm,,,0,N,Y,HBC:Rasoi:BIB,Case,Ltr,10,CP,MT,1111.11,5,no,Pouch
4000D,400000397,Soyabean 15 ltr Jar,Soyabean,,,0,N,Y,HBC:Rasoi:BIB,Case,Ltr,15,BP,MT,1098.9,10,no,JAR
4000D,400000396,Palm  15 ltr Jar,Palm,,,0,N,Y,HBC:Rasoi:BIB,Case,Ltr,15,BP,MT,1111.11,10,no,JAR
4000D,400000441,Rasoi 15 kg Jar (Blue),Vanaspati,,,0,N,Y,HBC:Rasoi:BIB,Case,Ltr,16.71,BP,MT,1114.21,0,no,JAR
4000D,400000449,Rasoi 15 kg Jar (Gold),Vanaspati,,,0,N,Y,HBC:Rasoi:BIB,Case,Ltr,16.71,BP,MT,1114.21,0,no,JAR
4000D,400000454,Rasoi 1 ltr Pouch (Yellow),Vanaspati,,,0,N,Y,HBC:Rasoi:BIB,Case,Ltr,16,CP,MT,1114.21,0,no,Pouch
4000D,400000455,Rasoi 1 ltr Pouch (Siliguri),Vanaspati,,,0,N,Y,HBC:Rasoi:BIB,Case,Ltr,16,CP,MT,1114.21,0,no,Pouch
4000D,400000430,Blend 15 ltr Tin,Blend,,,0,N,Y,HBC:Rasoi:BIB,Case,Ltr,15,BP,MT,1098.9,0,no,TIN
4000D,400000356,Bake Magic,Bake Magic,,,0,N,Y,HBC:Rasoi:BIB,Case,Ltr,16.71,BP,MT,1114.21,10,no,Bakery
4000D,400000456,Rasoi  500 ml Pouch,Vanaspati,,,0,N,Y,HBC:Rasoi:BIB,Case,Ltr,16,CP,MT,1114.21,0,no,Pouch
4000D,400000457,Rasoi  200 ml Pouch,Vanaspati,,,0,N,Y,HBC:Rasoi:BIB,Case,Ltr,16,CP,MT,1114.21,0,no,Pouch
4000D,400000395,Rasoi 15 ltr Jar (Yellow),Vanaspati,,,0,N,Y,HBC:Rasoi:BIB,Case,Ltr,15,BP,MT,1114.21,0,no,JAR
9108,400000126,Mustard 1 ltr Pouch,Mustard,,,0,N,Y,HBC:Rasoi:BIB,Case,Ltr,12,CP,MT,1098.9,0,no,Pouch
9108,400000128,Palm 500 ml Pouch,Palm,,,0,Y,N,HBC:Rasoi:BIB,Case,Ltr,10,CP,MT,1111.11,5,no,Pouch
9108,400000139,Sunflower 1 ltr Pouch (10pc),Sunflower,,,0,N,Y,HBC:Rasoi:BIB,Case,Ltr,10,CP,MT,1098.9,5,no,Pouch
9108,400000140,Soyabean 1 ltr Pouch,Soyabean,,,0,Y,N,HBC:Rasoi:BIB,Case,Ltr,12,CP,MT,1098.9,5,no,Pouch
9108,400000141,Palm 1 ltr Pouch (10pc),Palm,,,0,Y,N,HBC:Rasoi:BIB,Case,Ltr,10,CP,MT,1111.11,5,no,Pouch
9108,400000151,Palm 15 kg Tin,Palm,,,0,N,Y,HBC:Rasoi:BIB,Case,Ltr,16.67,BP,MT,1111.11,10,no,TIN
9108,400000152,Palm 15 ltr Tin,Palm,,,0,N,Y,HBC:Rasoi:BIB,Case,Ltr,15,BP,MT,1111.11,10,no,TIN
9108,400000153,Soyabean 15 ltr Tin,Soyabean,,,0,N,Y,HBC:Rasoi:BIB,Case,Ltr,15,BP,MT,1098.9,10,no,TIN
9108,400000154,Soyabean 15 kg Tin,Soyabean,,,0,N,Y,HBC:Rasoi:BIB,Case,Ltr,16.48,BP,MT,1098.9,10,no,TIN
9108,400000159,Mustard 500 ml Bottle,Mustard,,,0,N,Y,HBC:Rasoi:BIB,Case,Ltr,12,CP,MT,1098.9,0,no,Pet
9108,400000170,Soyabean 500 ml Pouch,Soyabean,,,0,Y,N,HBC:Rasoi:BIB,Case,Ltr,12,CP,MT,1098.9,5,no,Pouch
9108,400000173,Mustard 500 ml Pouch,Mustard,,,0,N,Y,HBC:Rasoi:BIB,Case,Ltr,12,CP,MT,1098.9,0,no,Pouch
9108,400000252,Mustard 1 ltr Bottle,Mustard,,,0,N,Y,HBC:Rasoi:BIB,Case,Ltr,12,CP,MT,1098.9,0,no,Pet
9108,400000254,Mustard 200 ml Bottle,Mustard,,,0,N,Y,HBC:Rasoi:BIB,Case,Ltr,12,CP,MT,1098.9,0,no,Pet
9108,400000255,Soyabean 5 ltr Jar,Soyabean,,,0,Y,N,HBC:Rasoi:BIB,Case,Ltr,20,CP,MT,1098.9,5,no,JAR
9108,400000256,Soyabean 1 ltr Bottle,Soyabean,,,0,N,Y,HBC:Rasoi:BIB,Case,Ltr,12,CP,MT,1098.9,5,no,Pet
9108,400000257,Soyabean 500 ml Bottle,Soyabean,,,0,N,Y,HBC:Rasoi:BIB,Case,Ltr,12,CP,MT,1098.9,5,no,Pet
9108,400000259,Sunflower 500 ml Pouch,Sunflower,,,0,N,Y,HBC:Rasoi:BIB,Case,Ltr,10,CP,MT,1098.9,5,no,Pouch
9108,400000260,Sunflower 1 ltr Pouch (16pc),Sunflower,,,0,N,Y,HBC:Rasoi:BIB,Case,Ltr,16,CP,MT,1098.9,5,no,Pouch
9108,400000273,Sunflower 15 kg Tin,Sunflower,,,0,N,Y,HBC:Rasoi:BIB,Case,Ltr,16.48,BP,MT,1098.9,10,no,TIN
9108,400000275,Sunflower 15 ltr Tin,Sunflower,,,0,N,Y,HBC:Rasoi:BIB,Case,Ltr,15,BP,MT,1098.9,10,no,TIN
9108,400000360,Sun n Lite 15 ltr Tin,Sunflower,,,0,N,Y,HBC:Rasoi:BIB,Case,Ltr,15,BP,MT,1098.9,10,no,TIN
9108,400000362,Gold n Lite 15 kg Tin,Palm,,,0,N,Y,HBC:Rasoi:BIB,Case,Ltr,16.67,BP,MT,1111.11,10,no,TIN
9108,400000370,Gold n Lite 15 ltr Tin,Palm,,,0,N,Y,HBC:Rasoi:BIB,Case,Ltr,15,BP,MT,1111.11,10,no,TIN
9108,400000373,Rasoi 15 ltr Tin,Vanaspati,,,0,N,Y,HBC:Rasoi:BIB,Case,Ltr,15,BP,MT,1114.21,0,no,TIN
9108,400000377,Gold n Lite 15 ltr Jar,Palm,,,0,N,Y,HBC:Rasoi:BIB,Case,Ltr,15,BP,MT,1111.11,10,no,JAR
9108,400000378,Soyalite 15 ltr Jar,Soyabean,,,0,N,Y,HBC:Rasoi:BIB,Case,Ltr,15,BP,MT,1098.9,10,no,JAR
9108,400000387,Gold n Lite 500 ml Pouch,Palm,,,0,N,Y,HBC:Rasoi:BIB,Case,Ltr,10,CP,MT,1111.11,5,no,Pouch
9108,400000397,Soyabean 15 ltr Jar,Soyabean,,,0,Y,N,HBC:Rasoi:BIB,Case,Ltr,15,BP,MT,1098.9,10,no,JAR
9108,400000396,Palm  15 ltr Jar,Palm,,,0,N,Y,HBC:Rasoi:BIB,Case,Ltr,15,BP,MT,1111.11,10,no,JAR
9108,400000441,Rasoi 15 kg Jar (Blue),Vanaspati,,,0,N,Y,HBC:Rasoi:BIB,Case,Ltr,16.71,BP,MT,1114.21,0,no,JAR
9108,400000449,Rasoi 15 kg Jar (Gold),Vanaspati,,,0,N,Y,HBC:Rasoi:BIB,Case,Ltr,16.71,BP,MT,1114.21,0,no,JAR
9108,400000454,Rasoi 1 ltr Pouch (Yellow),Vanaspati,,,0,N,Y,HBC:Rasoi:BIB,Case,Ltr,16,CP,MT,1114.21,0,no,Pouch
9108,400000455,Rasoi 1 ltr Pouch (Siliguri),Vanaspati,,,0,N,Y,HBC:Rasoi:BIB,Case,Ltr,16,CP,MT,1114.21,0,no,Pouch
9108,400000430,Blend 15 ltr Tin,Blend,,,0,N,Y,HBC:Rasoi:BIB,Case,Ltr,15,BP,MT,1098.9,0,no,TIN
9108,400000356,Bake Magic,Bake Magic,,,0,N,Y,HBC:Rasoi:BIB,Case,Ltr,16.71,BP,MT,1114.21,10,no,Bakery
9108,400000456,Rasoi  500 ml Pouch,Vanaspati,,,0,N,Y,HBC:Rasoi:BIB,Case,Ltr,16,CP,MT,1114.21,0,no,Pouch
9108,400000457,Rasoi  200 ml Pouch,Vanaspati,,,0,N,Y,HBC:Rasoi:BIB,Case,Ltr,16,CP,MT,1114.21,0,no,Pouch
9108,400000395,Rasoi 15 ltr Jar (Yellow),Vanaspati,,,0,N,Y,HBC:Rasoi:BIB,Case,Ltr,15,BP,MT,1114.21,0,no,JAR
9306,400000126,Mustard 1 ltr Pouch,Mustard,,,0,N,Y,HBC:Rasoi:BIB,Case,Ltr,12,CP,MT,1098.9,0,no,Pouch
9306,400000128,Palm 500 ml Pouch,Palm,,,0,Y,N,HBC:Rasoi:BIB,Case,Ltr,10,CP,MT,1111.11,5,no,Pouch
9306,400000139,Sunflower 1 ltr Pouch (10pc),Sunflower,,,0,N,Y,HBC:Rasoi:BIB,Case,Ltr,10,CP,MT,1098.9,5,no,Pouch
9306,400000140,Soyabean 1 ltr Pouch,Soyabean,,,0,Y,N,HBC:Rasoi:BIB,Case,Ltr,12,CP,MT,1098.9,5,no,Pouch
9306,400000141,Palm 1 ltr Pouch (10pc),Palm,,,0,Y,N,HBC:Rasoi:BIB,Case,Ltr,10,CP,MT,1111.11,5,no,Pouch
9306,400000151,Palm 15 kg Tin,Palm,,,0,N,Y,HBC:Rasoi:BIB,Case,Ltr,16.67,BP,MT,1111.11,10,no,TIN
9306,400000152,Palm 15 ltr Tin,Palm,,,0,N,Y,HBC:Rasoi:BIB,Case,Ltr,15,BP,MT,1111.11,10,no,TIN
9306,400000153,Soyabean 15 ltr Tin,Soyabean,,,0,N,Y,HBC:Rasoi:BIB,Case,Ltr,15,BP,MT,1098.9,10,no,TIN
9306,400000154,Soyabean 15 kg Tin,Soyabean,,,0,N,Y,HBC:Rasoi:BIB,Case,Ltr,16.48,BP,MT,1098.9,10,no,TIN
9306,400000159,Mustard 500 ml Bottle,Mustard,,,0,N,Y,HBC:Rasoi:BIB,Case,Ltr,12,CP,MT,1098.9,0,no,Pet
9306,400000170,Soyabean 500 ml Pouch,Soyabean,,,0,Y,N,HBC:Rasoi:BIB,Case,Ltr,12,CP,MT,1098.9,5,no,Pouch
9306,400000173,Mustard 500 ml Pouch,Mustard,,,0,N,Y,HBC:Rasoi:BIB,Case,Ltr,12,CP,MT,1098.9,0,no,Pouch
9306,400000252,Mustard 1 ltr Bottle,Mustard,,,0,N,Y,HBC:Rasoi:BIB,Case,Ltr,12,CP,MT,1098.9,0,no,Pet
9306,400000254,Mustard 200 ml Bottle,Mustard,,,0,N,Y,HBC:Rasoi:BIB,Case,Ltr,12,CP,MT,1098.9,0,no,Pet
9306,400000255,Soyabean 5 ltr Jar,Soyabean,,,0,Y,N,HBC:Rasoi:BIB,Case,Ltr,20,CP,MT,1098.9,5,no,JAR
9306,400000256,Soyabean 1 ltr Bottle,Soyabean,,,0,N,Y,HBC:Rasoi:BIB,Case,Ltr,12,CP,MT,1098.9,5,no,Pet
9306,400000257,Soyabean 500 ml Bottle,Soyabean,,,0,N,Y,HBC:Rasoi:BIB,Case,Ltr,12,CP,MT,1098.9,5,no,Pet
9306,400000259,Sunflower 500 ml Pouch,Sunflower,,,0,N,Y,HBC:Rasoi:BIB,Case,Ltr,10,CP,MT,1098.9,5,no,Pouch
9306,400000260,Sunflower 1 ltr Pouch (16pc),Sunflower,,,0,N,Y,HBC:Rasoi:BIB,Case,Ltr,16,CP,MT,1098.9,5,no,Pouch
9306,400000273,Sunflower 15 kg Tin,Sunflower,,,0,N,Y,HBC:Rasoi:BIB,Case,Ltr,16.48,BP,MT,1098.9,10,no,TIN
9306,400000275,Sunflower 15 ltr Tin,Sunflower,,,0,N,Y,HBC:Rasoi:BIB,Case,Ltr,15,BP,MT,1098.9,10,no,TIN
9306,400000360,Sun n Lite 15 ltr Tin,Sunflower,,,0,N,Y,HBC:Rasoi:BIB,Case,Ltr,15,BP,MT,1098.9,10,no,TIN
9306,400000362,Gold n Lite 15 kg Tin,Palm,,,0,N,Y,HBC:Rasoi:BIB,Case,Ltr,16.67,BP,MT,1111.11,10,no,TIN
9306,400000370,Gold n Lite 15 ltr Tin,Palm,,,0,N,Y,HBC:Rasoi:BIB,Case,Ltr,15,BP,MT,1111.11,10,no,TIN
9306,400000373,Rasoi 15 ltr Tin,Vanaspati,,,0,N,Y,HBC:Rasoi:BIB,Case,Ltr,15,BP,MT,1114.21,0,no,TIN
9306,400000377,Gold n Lite 15 ltr Jar,Palm,,,0,N,Y,HBC:Rasoi:BIB,Case,Ltr,15,BP,MT,1111.11,10,no,JAR
9306,400000378,Soyalite 15 ltr Jar,Soyabean,,,0,N,Y,HBC:Rasoi:BIB,Case,Ltr,15,BP,MT,1098.9,10,no,JAR
9306,400000387,Gold n Lite 500 ml Pouch,Palm,,,0,N,Y,HBC:Rasoi:BIB,Case,Ltr,10,CP,MT,1111.11,5,no,Pouch
9306,400000397,Soyabean 15 ltr Jar,Soyabean,,,0,Y,N,HBC:Rasoi:BIB,Case,Ltr,15,BP,MT,1098.9,10,no,JAR
9306,400000396,Palm  15 ltr Jar,Palm,,,0,N,Y,HBC:Rasoi:BIB,Case,Ltr,15,BP,MT,1111.11,10,no,JAR
9306,400000441,Rasoi 15 kg Jar (Blue),Vanaspati,,,0,N,Y,HBC:Rasoi:BIB,Case,Ltr,16.71,BP,MT,1114.21,0,no,JAR
9306,400000449,Rasoi 15 kg Jar (Gold),Vanaspati,,,0,N,Y,HBC:Rasoi:BIB,Case,Ltr,16.71,BP,MT,1114.21,0,no,JAR
9306,400000454,Rasoi 1 ltr Pouch (Yellow),Vanaspati,,,0,N,Y,HBC:Rasoi:BIB,Case,Ltr,16,CP,MT,1114.21,0,no,Pouch
9306,400000455,Rasoi 1 ltr Pouch (Siliguri),Vanaspati,,,0,N,Y,HBC:Rasoi:BIB,Case,Ltr,16,CP,MT,1114.21,0,no,Pouch
9306,400000430,Blend 15 ltr Tin,Blend,,,0,N,Y,HBC:Rasoi:BIB,Case,Ltr,15,BP,MT,1098.9,0,no,TIN
9306,400000356,Bake Magic,Bake Magic,,,0,N,Y,HBC:Rasoi:BIB,Case,Ltr,16.71,BP,MT,1114.21,10,no,Bakery
9306,400000456,Rasoi  500 ml Pouch,Vanaspati,,,0,N,Y,HBC:Rasoi:BIB,Case,Ltr,16,CP,MT,1114.21,0,no,Pouch
9306,400000457,Rasoi  200 ml Pouch,Vanaspati,,,0,N,Y,HBC:Rasoi:BIB,Case,Ltr,16,CP,MT,1114.21,0,no,Pouch
9306,400000395,Rasoi 15 ltr Jar (Yellow),Vanaspati,,,0,N,Y,HBC:Rasoi:BIB,Case,Ltr,15,BP,MT,1114.21,0,no,JAR
9308,400000126,Mustard 1 ltr Pouch,Mustard,,,0,N,Y,HBC:Rasoi:BIB,Case,Ltr,12,CP,MT,1098.9,0,no,Pouch
9308,400000128,Palm 500 ml Pouch,Palm,,,0,Y,N,HBC:Rasoi:BIB,Case,Ltr,10,CP,MT,1111.11,5,no,Pouch
9308,400000139,Sunflower 1 ltr Pouch (10pc),Sunflower,,,0,N,Y,HBC:Rasoi:BIB,Case,Ltr,10,CP,MT,1098.9,5,no,Pouch
9308,400000140,Soyabean 1 ltr Pouch,Soyabean,,,0,Y,N,HBC:Rasoi:BIB,Case,Ltr,12,CP,MT,1098.9,5,no,Pouch
9308,400000141,Palm 1 ltr Pouch (10pc),Palm,,,0,Y,N,HBC:Rasoi:BIB,Case,Ltr,10,CP,MT,1111.11,5,no,Pouch
9308,400000151,Palm 15 kg Tin,Palm,,,0,N,Y,HBC:Rasoi:BIB,Case,Ltr,16.67,BP,MT,1111.11,10,no,TIN
9308,400000152,Palm 15 ltr Tin,Palm,,,0,N,Y,HBC:Rasoi:BIB,Case,Ltr,15,BP,MT,1111.11,10,no,TIN
9308,400000153,Soyabean 15 ltr Tin,Soyabean,,,0,N,Y,HBC:Rasoi:BIB,Case,Ltr,15,BP,MT,1098.9,10,no,TIN
9308,400000154,Soyabean 15 kg Tin,Soyabean,,,0,N,Y,HBC:Rasoi:BIB,Case,Ltr,16.48,BP,MT,1098.9,10,no,TIN
9308,400000159,Mustard 500 ml Bottle,Mustard,,,0,N,Y,HBC:Rasoi:BIB,Case,Ltr,12,CP,MT,1098.9,0,no,Pet
9308,400000170,Soyabean 500 ml Pouch,Soyabean,,,0,Y,N,HBC:Rasoi:BIB,Case,Ltr,12,CP,MT,1098.9,5,no,Pouch
9308,400000173,Mustard 500 ml Pouch,Mustard,,,0,N,Y,HBC:Rasoi:BIB,Case,Ltr,12,CP,MT,1098.9,0,no,Pouch
9308,400000252,Mustard 1 ltr Bottle,Mustard,,,0,N,Y,HBC:Rasoi:BIB,Case,Ltr,12,CP,MT,1098.9,0,no,Pet
9308,400000254,Mustard 200 ml Bottle,Mustard,,,0,N,Y,HBC:Rasoi:BIB,Case,Ltr,12,CP,MT,1098.9,0,no,Pet
9308,400000255,Soyabean 5 ltr Jar,Soyabean,,,0,Y,N,HBC:Rasoi:BIB,Case,Ltr,20,CP,MT,1098.9,5,no,JAR
9308,400000256,Soyabean 1 ltr Bottle,Soyabean,,,0,N,Y,HBC:Rasoi:BIB,Case,Ltr,12,CP,MT,1098.9,5,no,Pet
9308,400000257,Soyabean 500 ml Bottle,Soyabean,,,0,N,Y,HBC:Rasoi:BIB,Case,Ltr,12,CP,MT,1098.9,5,no,Pet
9308,400000259,Sunflower 500 ml Pouch,Sunflower,,,0,N,Y,HBC:Rasoi:BIB,Case,Ltr,10,CP,MT,1098.9,5,no,Pouch
9308,400000260,Sunflower 1 ltr Pouch (16pc),Sunflower,,,0,N,Y,HBC:Rasoi:BIB,Case,Ltr,16,CP,MT,1098.9,5,no,Pouch
9308,400000273,Sunflower 15 kg Tin,Sunflower,,,0,N,Y,HBC:Rasoi:BIB,Case,Ltr,16.48,BP,MT,1098.9,10,no,TIN
9308,400000275,Sunflower 15 ltr Tin,Sunflower,,,0,N,Y,HBC:Rasoi:BIB,Case,Ltr,15,BP,MT,1098.9,10,no,TIN
9308,400000360,Sun n Lite 15 ltr Tin,Sunflower,,,0,N,Y,HBC:Rasoi:BIB,Case,Ltr,15,BP,MT,1098.9,10,no,TIN
9308,400000362,Gold n Lite 15 kg Tin,Palm,,,0,N,Y,HBC:Rasoi:BIB,Case,Ltr,16.67,BP,MT,1111.11,10,no,TIN
9308,400000370,Gold n Lite 15 ltr Tin,Palm,,,0,N,Y,HBC:Rasoi:BIB,Case,Ltr,15,BP,MT,1111.11,10,no,TIN
9308,400000373,Rasoi 15 ltr Tin,Vanaspati,,,0,N,Y,HBC:Rasoi:BIB,Case,Ltr,15,BP,MT,1114.21,0,no,TIN
9308,400000377,Gold n Lite 15 ltr Jar,Palm,,,0,N,Y,HBC:Rasoi:BIB,Case,Ltr,15,BP,MT,1111.11,10,no,JAR
9308,400000378,Soyalite 15 ltr Jar,Soyabean,,,0,N,Y,HBC:Rasoi:BIB,Case,Ltr,15,BP,MT,1098.9,10,no,JAR
9308,400000387,Gold n Lite 500 ml Pouch,Palm,,,0,N,Y,HBC:Rasoi:BIB,Case,Ltr,10,CP,MT,1111.11,5,no,Pouch
9308,400000397,Soyabean 15 ltr Jar,Soyabean,,,0,Y,N,HBC:Rasoi:BIB,Case,Ltr,15,BP,MT,1098.9,10,no,JAR
9308,400000396,Palm  15 ltr Jar,Palm,,,0,N,Y,HBC:Rasoi:BIB,Case,Ltr,15,BP,MT,1111.11,10,no,JAR
9308,400000441,Rasoi 15 kg Jar (Blue),Vanaspati,,,0,N,Y,HBC:Rasoi:BIB,Case,Ltr,16.71,BP,MT,1114.21,0,no,JAR
9308,400000449,Rasoi 15 kg Jar (Gold),Vanaspati,,,0,N,Y,HBC:Rasoi:BIB,Case,Ltr,16.71,BP,MT,1114.21,0,no,JAR
9308,400000454,Rasoi 1 ltr Pouch (Yellow),Vanaspati,,,0,N,Y,HBC:Rasoi:BIB,Case,Ltr,16,CP,MT,1114.21,0,no,Pouch
9308,400000455,Rasoi 1 ltr Pouch (Siliguri),Vanaspati,,,0,N,Y,HBC:Rasoi:BIB,Case,Ltr,16,CP,MT,1114.21,0,no,Pouch
9308,400000430,Blend 15 ltr Tin,Blend,,,0,N,Y,HBC:Rasoi:BIB,Case,Ltr,15,BP,MT,1098.9,0,no,TIN
9308,400000356,Bake Magic,Bake Magic,,,0,N,Y,HBC:Rasoi:BIB,Case,Ltr,16.71,BP,MT,1114.21,10,no,Bakery
9308,400000456,Rasoi  500 ml Pouch,Vanaspati,,,0,N,Y,HBC:Rasoi:BIB,Case,Ltr,16,CP,MT,1114.21,0,no,Pouch
9308,400000457,Rasoi  200 ml Pouch,Vanaspati,,,0,N,Y,HBC:Rasoi:BIB,Case,Ltr,16,CP,MT,1114.21,0,no,Pouch
9308,400000395,Rasoi 15 ltr Jar (Yellow),Vanaspati,,,0,N,Y,HBC:Rasoi:BIB,Case,Ltr,15,BP,MT,1114.21,0,no,JAR
9101,400000126,Mustard 1 ltr Pouch,Mustard,,,0,N,Y,HBC:Rasoi:BIB,Case,Ltr,12,CP,MT,1098.9,0,no,Pouch
9101,400000128,Palm 500 ml Pouch,Palm,,,0,Y,N,HBC:Rasoi:BIB,Case,Ltr,10,CP,MT,1111.11,5,no,Pouch
9101,400000139,Sunflower 1 ltr Pouch (10pc),Sunflower,,,0,N,Y,HBC:Rasoi:BIB,Case,Ltr,10,CP,MT,1098.9,5,no,Pouch
9101,400000140,Soyabean 1 ltr Pouch,Soyabean,,,0,Y,N,HBC:Rasoi:BIB,Case,Ltr,12,CP,MT,1098.9,5,no,Pouch
9101,400000141,Palm 1 ltr Pouch (10pc),Palm,,,0,Y,N,HBC:Rasoi:BIB,Case,Ltr,10,CP,MT,1111.11,5,no,Pouch
9101,400000151,Palm 15 kg Tin,Palm,,,0,N,Y,HBC:Rasoi:BIB,Case,Ltr,16.67,BP,MT,1111.11,10,no,TIN
9101,400000152,Palm 15 ltr Tin,Palm,,,0,N,Y,HBC:Rasoi:BIB,Case,Ltr,15,BP,MT,1111.11,10,no,TIN
9101,400000153,Soyabean 15 ltr Tin,Soyabean,,,0,N,Y,HBC:Rasoi:BIB,Case,Ltr,15,BP,MT,1098.9,10,no,TIN
9101,400000154,Soyabean 15 kg Tin,Soyabean,,,0,N,Y,HBC:Rasoi:BIB,Case,Ltr,16.48,BP,MT,1098.9,10,no,TIN
9101,400000159,Mustard 500 ml Bottle,Mustard,,,0,N,Y,HBC:Rasoi:BIB,Case,Ltr,12,CP,MT,1098.9,0,no,Pet
9101,400000170,Soyabean 500 ml Pouch,Soyabean,,,0,Y,N,HBC:Rasoi:BIB,Case,Ltr,12,CP,MT,1098.9,5,no,Pouch
9101,400000173,Mustard 500 ml Pouch,Mustard,,,0,N,Y,HBC:Rasoi:BIB,Case,Ltr,12,CP,MT,1098.9,0,no,Pouch
9101,400000252,Mustard 1 ltr Bottle,Mustard,,,0,N,Y,HBC:Rasoi:BIB,Case,Ltr,12,CP,MT,1098.9,0,no,Pet
9101,400000254,Mustard 200 ml Bottle,Mustard,,,0,N,Y,HBC:Rasoi:BIB,Case,Ltr,12,CP,MT,1098.9,0,no,Pet
9101,400000255,Soyabean 5 ltr Jar,Soyabean,,,0,Y,N,HBC:Rasoi:BIB,Case,Ltr,20,CP,MT,1098.9,5,no,JAR
9101,400000256,Soyabean 1 ltr Bottle,Soyabean,,,0,N,Y,HBC:Rasoi:BIB,Case,Ltr,12,CP,MT,1098.9,5,no,Pet
9101,400000257,Soyabean 500 ml Bottle,Soyabean,,,0,N,Y,HBC:Rasoi:BIB,Case,Ltr,12,CP,MT,1098.9,5,no,Pet
9101,400000259,Sunflower 500 ml Pouch,Sunflower,,,0,N,Y,HBC:Rasoi:BIB,Case,Ltr,10,CP,MT,1098.9,5,no,Pouch
9101,400000260,Sunflower 1 ltr Pouch (16pc),Sunflower,,,0,N,Y,HBC:Rasoi:BIB,Case,Ltr,16,CP,MT,1098.9,5,no,Pouch
9101,400000273,Sunflower 15 kg Tin,Sunflower,,,0,N,Y,HBC:Rasoi:BIB,Case,Ltr,16.48,BP,MT,1098.9,10,no,TIN
9101,400000275,Sunflower 15 ltr Tin,Sunflower,,,0,N,Y,HBC:Rasoi:BIB,Case,Ltr,15,BP,MT,1098.9,10,no,TIN
9101,400000360,Sun n Lite 15 ltr Tin,Sunflower,,,0,N,Y,HBC:Rasoi:BIB,Case,Ltr,15,BP,MT,1098.9,10,no,TIN
9101,400000362,Gold n Lite 15 kg Tin,Palm,,,0,N,Y,HBC:Rasoi:BIB,Case,Ltr,16.67,BP,MT,1111.11,10,no,TIN
9101,400000370,Gold n Lite 15 ltr Tin,Palm,,,0,N,Y,HBC:Rasoi:BIB,Case,Ltr,15,BP,MT,1111.11,10,no,TIN
9101,400000373,Rasoi 15 ltr Tin,Vanaspati,,,0,N,Y,HBC:Rasoi:BIB,Case,Ltr,15,BP,MT,1114.21,0,no,TIN
9101,400000377,Gold n Lite 15 ltr Jar,Palm,,,0,N,Y,HBC:Rasoi:BIB,Case,Ltr,15,BP,MT,1111.11,10,no,JAR
9101,400000378,Soyalite 15 ltr Jar,Soyabean,,,0,N,Y,HBC:Rasoi:BIB,Case,Ltr,15,BP,MT,1098.9,10,no,JAR
9101,400000387,Gold n Lite 500 ml Pouch,Palm,,,0,N,Y,HBC:Rasoi:BIB,Case,Ltr,10,CP,MT,1111.11,5,no,Pouch
9101,400000397,Soyabean 15 ltr Jar,Soyabean,,,0,Y,N,HBC:Rasoi:BIB,Case,Ltr,15,BP,MT,1098.9,10,no,JAR
9101,400000396,Palm  15 ltr Jar,Palm,,,0,N,Y,HBC:Rasoi:BIB,Case,Ltr,15,BP,MT,1111.11,10,no,JAR
9101,400000441,Rasoi 15 kg Jar (Blue),Vanaspati,,,0,N,Y,HBC:Rasoi:BIB,Case,Ltr,16.71,BP,MT,1114.21,0,no,JAR
9101,400000449,Rasoi 15 kg Jar (Gold),Vanaspati,,,0,N,Y,HBC:Rasoi:BIB,Case,Ltr,16.71,BP,MT,1114.21,0,no,JAR
9101,400000454,Rasoi 1 ltr Pouch (Yellow),Vanaspati,,,0,N,Y,HBC:Rasoi:BIB,Case,Ltr,16,CP,MT,1114.21,0,no,Pouch
9101,400000455,Rasoi 1 ltr Pouch (Siliguri),Vanaspati,,,0,N,Y,HBC:Rasoi:BIB,Case,Ltr,16,CP,MT,1114.21,0,no,Pouch
9101,400000430,Blend 15 ltr Tin,Blend,,,0,N,Y,HBC:Rasoi:BIB,Case,Ltr,15,BP,MT,1098.9,0,no,TIN
9101,400000356,Bake Magic,Bake Magic,,,0,N,Y,HBC:Rasoi:BIB,Case,Ltr,16.71,BP,MT,1114.21,10,no,Bakery
9101,400000456,Rasoi  500 ml Pouch,Vanaspati,,,0,N,Y,HBC:Rasoi:BIB,Case,Ltr,16,CP,MT,1114.21,0,no,Pouch
9101,400000457,Rasoi  200 ml Pouch,Vanaspati,,,0,N,Y,HBC:Rasoi:BIB,Case,Ltr,16,CP,MT,1114.21,0,no,Pouch
9101,400000395,Rasoi 15 ltr Jar (Yellow),Vanaspati,,,0,N,Y,HBC:Rasoi:BIB,Case,Ltr,15,BP,MT,1114.21,0,no,JAR
9120,400000126,Mustard 1 ltr Pouch,Mustard,,,0,N,Y,HBC:Rasoi:BIB,Case,Ltr,12,CP,MT,1098.9,0,no,Pouch
9120,400000128,Palm 500 ml Pouch,Palm,,,0,Y,N,HBC:Rasoi:BIB,Case,Ltr,10,CP,MT,1111.11,5,no,Pouch
9120,400000139,Sunflower 1 ltr Pouch (10pc),Sunflower,,,0,N,Y,HBC:Rasoi:BIB,Case,Ltr,10,CP,MT,1098.9,5,no,Pouch
9120,400000140,Soyabean 1 ltr Pouch,Soyabean,,,0,Y,N,HBC:Rasoi:BIB,Case,Ltr,12,CP,MT,1098.9,5,no,Pouch
9120,400000141,Palm 1 ltr Pouch (10pc),Palm,,,0,Y,N,HBC:Rasoi:BIB,Case,Ltr,10,CP,MT,1111.11,5,no,Pouch
9120,400000151,Palm 15 kg Tin,Palm,,,0,N,Y,HBC:Rasoi:BIB,Case,Ltr,16.67,BP,MT,1111.11,10,no,TIN
9120,400000152,Palm 15 ltr Tin,Palm,,,0,N,Y,HBC:Rasoi:BIB,Case,Ltr,15,BP,MT,1111.11,10,no,TIN
9120,400000153,Soyabean 15 ltr Tin,Soyabean,,,0,N,Y,HBC:Rasoi:BIB,Case,Ltr,15,BP,MT,1098.9,10,no,TIN
9120,400000154,Soyabean 15 kg Tin,Soyabean,,,0,N,Y,HBC:Rasoi:BIB,Case,Ltr,16.48,BP,MT,1098.9,10,no,TIN
9120,400000159,Mustard 500 ml Bottle,Mustard,,,0,N,Y,HBC:Rasoi:BIB,Case,Ltr,12,CP,MT,1098.9,0,no,Pet
9120,400000170,Soyabean 500 ml Pouch,Soyabean,,,0,Y,N,HBC:Rasoi:BIB,Case,Ltr,12,CP,MT,1098.9,5,no,Pouch
9120,400000173,Mustard 500 ml Pouch,Mustard,,,0,N,Y,HBC:Rasoi:BIB,Case,Ltr,12,CP,MT,1098.9,0,no,Pouch
9120,400000252,Mustard 1 ltr Bottle,Mustard,,,0,N,Y,HBC:Rasoi:BIB,Case,Ltr,12,CP,MT,1098.9,0,no,Pet
9120,400000254,Mustard 200 ml Bottle,Mustard,,,0,N,Y,HBC:Rasoi:BIB,Case,Ltr,12,CP,MT,1098.9,0,no,Pet
9120,400000255,Soyabean 5 ltr Jar,Soyabean,,,0,Y,N,HBC:Rasoi:BIB,Case,Ltr,20,CP,MT,1098.9,5,no,JAR
9120,400000256,Soyabean 1 ltr Bottle,Soyabean,,,0,N,Y,HBC:Rasoi:BIB,Case,Ltr,12,CP,MT,1098.9,5,no,Pet
9120,400000257,Soyabean 500 ml Bottle,Soyabean,,,0,N,Y,HBC:Rasoi:BIB,Case,Ltr,12,CP,MT,1098.9,5,no,Pet
9120,400000259,Sunflower 500 ml Pouch,Sunflower,,,0,N,Y,HBC:Rasoi:BIB,Case,Ltr,10,CP,MT,1098.9,5,no,Pouch
9120,400000260,Sunflower 1 ltr Pouch (16pc),Sunflower,,,0,N,Y,HBC:Rasoi:BIB,Case,Ltr,16,CP,MT,1098.9,5,no,Pouch
9120,400000273,Sunflower 15 kg Tin,Sunflower,,,0,N,Y,HBC:Rasoi:BIB,Case,Ltr,16.48,BP,MT,1098.9,10,no,TIN
9120,400000275,Sunflower 15 ltr Tin,Sunflower,,,0,N,Y,HBC:Rasoi:BIB,Case,Ltr,15,BP,MT,1098.9,10,no,TIN
9120,400000360,Sun n Lite 15 ltr Tin,Sunflower,,,0,N,Y,HBC:Rasoi:BIB,Case,Ltr,15,BP,MT,1098.9,10,no,TIN
9120,400000362,Gold n Lite 15 kg Tin,Palm,,,0,N,Y,HBC:Rasoi:BIB,Case,Ltr,16.67,BP,MT,1111.11,10,no,TIN
9120,400000370,Gold n Lite 15 ltr Tin,Palm,,,0,N,Y,HBC:Rasoi:BIB,Case,Ltr,15,BP,MT,1111.11,10,no,TIN
9120,400000373,Rasoi 15 ltr Tin,Vanaspati,,,0,N,Y,HBC:Rasoi:BIB,Case,Ltr,15,BP,MT,1114.21,0,no,TIN
9120,400000377,Gold n Lite 15 ltr Jar,Palm,,,0,N,Y,HBC:Rasoi:BIB,Case,Ltr,15,BP,MT,1111.11,10,no,JAR
9120,400000378,Soyalite 15 ltr Jar,Soyabean,,,0,N,Y,HBC:Rasoi:BIB,Case,Ltr,15,BP,MT,1098.9,10,no,JAR
9120,400000387,Gold n Lite 500 ml Pouch,Palm,,,0,N,Y,HBC:Rasoi:BIB,Case,Ltr,10,CP,MT,1111.11,5,no,Pouch
9120,400000397,Soyabean 15 ltr Jar,Soyabean,,,0,Y,N,HBC:Rasoi:BIB,Case,Ltr,15,BP,MT,1098.9,10,no,JAR
9120,400000396,Palm  15 ltr Jar,Palm,,,0,N,Y,HBC:Rasoi:BIB,Case,Ltr,15,BP,MT,1111.11,10,no,JAR
9120,400000441,Rasoi 15 kg Jar (Blue),Vanaspati,,,0,N,Y,HBC:Rasoi:BIB,Case,Ltr,16.71,BP,MT,1114.21,0,no,JAR
9120,400000449,Rasoi 15 kg Jar (Gold),Vanaspati,,,0,N,Y,HBC:Rasoi:BIB,Case,Ltr,16.71,BP,MT,1114.21,0,no,JAR
9120,400000454,Rasoi 1 ltr Pouch (Yellow),Vanaspati,,,0,N,Y,HBC:Rasoi:BIB,Case,Ltr,16,CP,MT,1114.21,0,no,Pouch
9120,400000455,Rasoi 1 ltr Pouch (Siliguri),Vanaspati,,,0,N,Y,HBC:Rasoi:BIB,Case,Ltr,16,CP,MT,1114.21,0,no,Pouch
9120,400000430,Blend 15 ltr Tin,Blend,,,0,N,Y,HBC:Rasoi:BIB,Case,Ltr,15,BP,MT,1098.9,0,no,TIN
9120,400000356,Bake Magic,Bake Magic,,,0,N,Y,HBC:Rasoi:BIB,Case,Ltr,16.71,BP,MT,1114.21,10,no,Bakery
9120,400000456,Rasoi  500 ml Pouch,Vanaspati,,,0,N,Y,HBC:Rasoi:BIB,Case,Ltr,16,CP,MT,1114.21,0,no,Pouch
9120,400000457,Rasoi  200 ml Pouch,Vanaspati,,,0,N,Y,HBC:Rasoi:BIB,Case,Ltr,16,CP,MT,1114.21,0,no,Pouch
9120,400000395,Rasoi 15 ltr Jar (Yellow),Vanaspati,,,0,N,Y,HBC:Rasoi:BIB,Case,Ltr,15,BP,MT,1114.21,0,no,JAR
9105,400000126,Mustard 1 ltr Pouch,Mustard,,,0,N,Y,HBC:Rasoi:BIB,Case,Ltr,12,CP,MT,1098.9,0,no,Pouch
9105,400000128,Palm 500 ml Pouch,Palm,,,0,Y,N,HBC:Rasoi:BIB,Case,Ltr,10,CP,MT,1111.11,5,no,Pouch
9105,400000139,Sunflower 1 ltr Pouch (10pc),Sunflower,,,0,N,Y,HBC:Rasoi:BIB,Case,Ltr,10,CP,MT,1098.9,5,no,Pouch
9105,400000140,Soyabean 1 ltr Pouch,Soyabean,,,0,Y,N,HBC:Rasoi:BIB,Case,Ltr,12,CP,MT,1098.9,5,no,Pouch
9105,400000141,Palm 1 ltr Pouch (10pc),Palm,,,0,Y,N,HBC:Rasoi:BIB,Case,Ltr,10,CP,MT,1111.11,5,no,Pouch
9105,400000151,Palm 15 kg Tin,Palm,,,0,N,Y,HBC:Rasoi:BIB,Case,Ltr,16.67,BP,MT,1111.11,10,no,TIN
9105,400000152,Palm 15 ltr Tin,Palm,,,0,N,Y,HBC:Rasoi:BIB,Case,Ltr,15,BP,MT,1111.11,10,no,TIN
9105,400000153,Soyabean 15 ltr Tin,Soyabean,,,0,N,Y,HBC:Rasoi:BIB,Case,Ltr,15,BP,MT,1098.9,10,no,TIN
9105,400000154,Soyabean 15 kg Tin,Soyabean,,,0,N,Y,HBC:Rasoi:BIB,Case,Ltr,16.48,BP,MT,1098.9,10,no,TIN
9105,400000159,Mustard 500 ml Bottle,Mustard,,,0,N,Y,HBC:Rasoi:BIB,Case,Ltr,12,CP,MT,1098.9,0,no,Pet
9105,400000170,Soyabean 500 ml Pouch,Soyabean,,,0,Y,N,HBC:Rasoi:BIB,Case,Ltr,12,CP,MT,1098.9,5,no,Pouch
9105,400000173,Mustard 500 ml Pouch,Mustard,,,0,N,Y,HBC:Rasoi:BIB,Case,Ltr,12,CP,MT,1098.9,0,no,Pouch
9105,400000252,Mustard 1 ltr Bottle,Mustard,,,0,N,Y,HBC:Rasoi:BIB,Case,Ltr,12,CP,MT,1098.9,0,no,Pet
9105,400000254,Mustard 200 ml Bottle,Mustard,,,0,N,Y,HBC:Rasoi:BIB,Case,Ltr,12,CP,MT,1098.9,0,no,Pet
9105,400000255,Soyabean 5 ltr Jar,Soyabean,,,0,Y,N,HBC:Rasoi:BIB,Case,Ltr,20,CP,MT,1098.9,5,no,JAR
9105,400000256,Soyabean 1 ltr Bottle,Soyabean,,,0,N,Y,HBC:Rasoi:BIB,Case,Ltr,12,CP,MT,1098.9,5,no,Pet
9105,400000257,Soyabean 500 ml Bottle,Soyabean,,,0,N,Y,HBC:Rasoi:BIB,Case,Ltr,12,CP,MT,1098.9,5,no,Pet
9105,400000259,Sunflower 500 ml Pouch,Sunflower,,,0,N,Y,HBC:Rasoi:BIB,Case,Ltr,10,CP,MT,1098.9,5,no,Pouch
9105,400000260,Sunflower 1 ltr Pouch (16pc),Sunflower,,,0,N,Y,HBC:Rasoi:BIB,Case,Ltr,16,CP,MT,1098.9,5,no,Pouch
9105,400000273,Sunflower 15 kg Tin,Sunflower,,,0,N,Y,HBC:Rasoi:BIB,Case,Ltr,16.48,BP,MT,1098.9,10,no,TIN
9105,400000275,Sunflower 15 ltr Tin,Sunflower,,,0,N,Y,HBC:Rasoi:BIB,Case,Ltr,15,BP,MT,1098.9,10,no,TIN
9105,400000360,Sun n Lite 15 ltr Tin,Sunflower,,,0,N,Y,HBC:Rasoi:BIB,Case,Ltr,15,BP,MT,1098.9,10,no,TIN
9105,400000362,Gold n Lite 15 kg Tin,Palm,,,0,N,Y,HBC:Rasoi:BIB,Case,Ltr,16.67,BP,MT,1111.11,10,no,TIN
9105,400000370,Gold n Lite 15 ltr Tin,Palm,,,0,N,Y,HBC:Rasoi:BIB,Case,Ltr,15,BP,MT,1111.11,10,no,TIN
9105,400000373,Rasoi 15 ltr Tin,Vanaspati,,,0,N,Y,HBC:Rasoi:BIB,Case,Ltr,15,BP,MT,1114.21,0,no,TIN
9105,400000377,Gold n Lite 15 ltr Jar,Palm,,,0,N,Y,HBC:Rasoi:BIB,Case,Ltr,15,BP,MT,1111.11,10,no,JAR
9105,400000378,Soyalite 15 ltr Jar,Soyabean,,,0,N,Y,HBC:Rasoi:BIB,Case,Ltr,15,BP,MT,1098.9,10,no,JAR
9105,400000387,Gold n Lite 500 ml Pouch,Palm,,,0,N,Y,HBC:Rasoi:BIB,Case,Ltr,10,CP,MT,1111.11,5,no,Pouch
9105,400000397,Soyabean 15 ltr Jar,Soyabean,,,0,Y,N,HBC:Rasoi:BIB,Case,Ltr,15,BP,MT,1098.9,10,no,JAR
9105,400000396,Palm  15 ltr Jar,Palm,,,0,N,Y,HBC:Rasoi:BIB,Case,Ltr,15,BP,MT,1111.11,10,no,JAR
9105,400000441,Rasoi 15 kg Jar (Blue),Vanaspati,,,0,N,Y,HBC:Rasoi:BIB,Case,Ltr,16.71,BP,MT,1114.21,0,no,JAR
9105,400000449,Rasoi 15 kg Jar (Gold),Vanaspati,,,0,N,Y,HBC:Rasoi:BIB,Case,Ltr,16.71,BP,MT,1114.21,0,no,JAR
9105,400000454,Rasoi 1 ltr Pouch (Yellow),Vanaspati,,,0,N,Y,HBC:Rasoi:BIB,Case,Ltr,16,CP,MT,1114.21,0,no,Pouch
9105,400000455,Rasoi 1 ltr Pouch (Siliguri),Vanaspati,,,0,N,Y,HBC:Rasoi:BIB,Case,Ltr,16,CP,MT,1114.21,0,no,Pouch
9105,400000430,Blend 15 ltr Tin,Blend,,,0,N,Y,HBC:Rasoi:BIB,Case,Ltr,15,BP,MT,1098.9,0,no,TIN
9105,400000356,Bake Magic,Bake Magic,,,0,N,Y,HBC:Rasoi:BIB,Case,Ltr,16.71,BP,MT,1114.21,10,no,Bakery
9105,400000456,Rasoi  500 ml Pouch,Vanaspati,,,0,N,Y,HBC:Rasoi:BIB,Case,Ltr,16,CP,MT,1114.21,0,no,Pouch
9105,400000457,Rasoi  200 ml Pouch,Vanaspati,,,0,N,Y,HBC:Rasoi:BIB,Case,Ltr,16,CP,MT,1114.21,0,no,Pouch
9105,400000395,Rasoi 15 ltr Jar (Yellow),Vanaspati,,,0,N,Y,HBC:Rasoi:BIB,Case,Ltr,15,BP,MT,1114.21,0,no,JAR
9114,400000126,Mustard 1 ltr Pouch,Mustard,,,0,N,Y,HBC:Rasoi:BIB,Case,Ltr,12,CP,MT,1098.9,0,no,Pouch
9114,400000128,Palm 500 ml Pouch,Palm,,,0,Y,N,HBC:Rasoi:BIB,Case,Ltr,10,CP,MT,1111.11,5,no,Pouch
9114,400000139,Sunflower 1 ltr Pouch (10pc),Sunflower,,,0,N,Y,HBC:Rasoi:BIB,Case,Ltr,10,CP,MT,1098.9,5,no,Pouch
9114,400000140,Soyabean 1 ltr Pouch,Soyabean,,,0,Y,N,HBC:Rasoi:BIB,Case,Ltr,12,CP,MT,1098.9,5,no,Pouch
9114,400000141,Palm 1 ltr Pouch (10pc),Palm,,,0,Y,N,HBC:Rasoi:BIB,Case,Ltr,10,CP,MT,1111.11,5,no,Pouch
9114,400000151,Palm 15 kg Tin,Palm,,,0,N,Y,HBC:Rasoi:BIB,Case,Ltr,16.67,BP,MT,1111.11,10,no,TIN
9114,400000152,Palm 15 ltr Tin,Palm,,,0,N,Y,HBC:Rasoi:BIB,Case,Ltr,15,BP,MT,1111.11,10,no,TIN
9114,400000153,Soyabean 15 ltr Tin,Soyabean,,,0,N,Y,HBC:Rasoi:BIB,Case,Ltr,15,BP,MT,1098.9,10,no,TIN
9114,400000154,Soyabean 15 kg Tin,Soyabean,,,0,N,Y,HBC:Rasoi:BIB,Case,Ltr,16.48,BP,MT,1098.9,10,no,TIN
9114,400000159,Mustard 500 ml Bottle,Mustard,,,0,N,Y,HBC:Rasoi:BIB,Case,Ltr,12,CP,MT,1098.9,0,no,Pet
9114,400000170,Soyabean 500 ml Pouch,Soyabean,,,0,Y,N,HBC:Rasoi:BIB,Case,Ltr,12,CP,MT,1098.9,5,no,Pouch
9114,400000173,Mustard 500 ml Pouch,Mustard,,,0,N,Y,HBC:Rasoi:BIB,Case,Ltr,12,CP,MT,1098.9,0,no,Pouch
9114,400000252,Mustard 1 ltr Bottle,Mustard,,,0,N,Y,HBC:Rasoi:BIB,Case,Ltr,12,CP,MT,1098.9,0,no,Pet
9114,400000254,Mustard 200 ml Bottle,Mustard,,,0,N,Y,HBC:Rasoi:BIB,Case,Ltr,12,CP,MT,1098.9,0,no,Pet
9114,400000255,Soyabean 5 ltr Jar,Soyabean,,,0,Y,N,HBC:Rasoi:BIB,Case,Ltr,20,CP,MT,1098.9,5,no,JAR
9114,400000256,Soyabean 1 ltr Bottle,Soyabean,,,0,N,Y,HBC:Rasoi:BIB,Case,Ltr,12,CP,MT,1098.9,5,no,Pet
9114,400000257,Soyabean 500 ml Bottle,Soyabean,,,0,N,Y,HBC:Rasoi:BIB,Case,Ltr,12,CP,MT,1098.9,5,no,Pet
9114,400000259,Sunflower 500 ml Pouch,Sunflower,,,0,N,Y,HBC:Rasoi:BIB,Case,Ltr,10,CP,MT,1098.9,5,no,Pouch
9114,400000260,Sunflower 1 ltr Pouch (16pc),Sunflower,,,0,N,Y,HBC:Rasoi:BIB,Case,Ltr,16,CP,MT,1098.9,5,no,Pouch
9114,400000273,Sunflower 15 kg Tin,Sunflower,,,0,N,Y,HBC:Rasoi:BIB,Case,Ltr,16.48,BP,MT,1098.9,10,no,TIN
9114,400000275,Sunflower 15 ltr Tin,Sunflower,,,0,N,Y,HBC:Rasoi:BIB,Case,Ltr,15,BP,MT,1098.9,10,no,TIN
9114,400000360,Sun n Lite 15 ltr Tin,Sunflower,,,0,N,Y,HBC:Rasoi:BIB,Case,Ltr,15,BP,MT,1098.9,10,no,TIN
9114,400000362,Gold n Lite 15 kg Tin,Palm,,,0,N,Y,HBC:Rasoi:BIB,Case,Ltr,16.67,BP,MT,1111.11,10,no,TIN
9114,400000370,Gold n Lite 15 ltr Tin,Palm,,,0,N,Y,HBC:Rasoi:BIB,Case,Ltr,15,BP,MT,1111.11,10,no,TIN
9114,400000373,Rasoi 15 ltr Tin,Vanaspati,,,0,N,Y,HBC:Rasoi:BIB,Case,Ltr,15,BP,MT,1114.21,0,no,TIN
9114,400000377,Gold n Lite 15 ltr Jar,Palm,,,0,N,Y,HBC:Rasoi:BIB,Case,Ltr,15,BP,MT,1111.11,10,no,JAR
9114,400000378,Soyalite 15 ltr Jar,Soyabean,,,0,N,Y,HBC:Rasoi:BIB,Case,Ltr,15,BP,MT,1098.9,10,no,JAR
9114,400000387,Gold n Lite 500 ml Pouch,Palm,,,0,N,Y,HBC:Rasoi:BIB,Case,Ltr,10,CP,MT,1111.11,5,no,Pouch
9114,400000397,Soyabean 15 ltr Jar,Soyabean,,,0,Y,N,HBC:Rasoi:BIB,Case,Ltr,15,BP,MT,1098.9,10,no,JAR
9114,400000396,Palm  15 ltr Jar,Palm,,,0,N,Y,HBC:Rasoi:BIB,Case,Ltr,15,BP,MT,1111.11,10,no,JAR
9114,400000441,Rasoi 15 kg Jar (Blue),Vanaspati,,,0,N,Y,HBC:Rasoi:BIB,Case,Ltr,16.71,BP,MT,1114.21,0,no,JAR
9114,400000449,Rasoi 15 kg Jar (Gold),Vanaspati,,,0,N,Y,HBC:Rasoi:BIB,Case,Ltr,16.71,BP,MT,1114.21,0,no,JAR
9114,400000454,Rasoi 1 ltr Pouch (Yellow),Vanaspati,,,0,N,Y,HBC:Rasoi:BIB,Case,Ltr,16,CP,MT,1114.21,0,no,Pouch
9114,400000455,Rasoi 1 ltr Pouch (Siliguri),Vanaspati,,,0,N,Y,HBC:Rasoi:BIB,Case,Ltr,16,CP,MT,1114.21,0,no,Pouch
9114,400000430,Blend 15 ltr Tin,Blend,,,0,N,Y,HBC:Rasoi:BIB,Case,Ltr,15,BP,MT,1098.9,0,no,TIN
9114,400000356,Bake Magic,Bake Magic,,,0,N,Y,HBC:Rasoi:BIB,Case,Ltr,16.71,BP,MT,1114.21,10,no,Bakery
9114,400000456,Rasoi  500 ml Pouch,Vanaspati,,,0,N,Y,HBC:Rasoi:BIB,Case,Ltr,16,CP,MT,1114.21,0,no,Pouch
9114,400000457,Rasoi  200 ml Pouch,Vanaspati,,,0,N,Y,HBC:Rasoi:BIB,Case,Ltr,16,CP,MT,1114.21,0,no,Pouch
9114,400000395,Rasoi 15 ltr Jar (Yellow),Vanaspati,,,0,N,Y,HBC:Rasoi:BIB,Case,Ltr,15,BP,MT,1114.21,0,no,JAR
9117,400001395,Rasoi 15 ltr Jar (Sikkim),Vanaspati,,,0,N,Y,HBC:Rasoi:BIB,Case,Ltr,15,BP,MT,1114.21,0,no,JAR
9117,400001455,Rasoi 1 ltr Pouch (Sikkim),Vanaspati,,,0,N,Y,HBC:Rasoi:BIB,Case,Ltr,16,CP,MT,1114.21,0,no,Pouch
1000D,400000485,Mustard LUP Rs 5/-(30ml),Mustard,,,0,N,Y,HBC:Rasoi:BIB,Case,Ltr,7.2,CP,MT,1098.9,0,no,
9110,400000485,Mustard LUP Rs 5/-(30ml),Mustard,,,0,N,Y,HBC:Rasoi:BIB,Case,Ltr,7.2,CP,MT,1098.9,0,no,
1000D,400000499,Mustard LUP Rs 10/-(65ml),Mustard,,,0,N,Y,HBC:Rasoi:BIB,Case,Ltr,7.8,CP,MT,1098.9,0,no,
1000D,400000487,Palm LUP Rs 5/- (50ml),Palm,,,0,N,Y,HBC:Rasoi:BIB,Case,Ltr,12,CP,MT,1111.11,5,no,
1000D,400000489,Palm LUP Rs 5/- (55ml),Palm,,,0,N,Y,HBC:Rasoi:BIB,Case,Ltr,13.2,CP,MT,1111.11,5,no,
9110,400000502,Palm LUP Rs 10/- (100ml),Palm,,,0,N,Y,HBC:Rasoi:BIB,Case,Ltr,12,CP,MT,1111.11,5,no,
9110,400000499,Mustard LUP Rs 10/-(65ml),Mustard,,,0,N,Y,HBC:Rasoi:BIB,Case,Ltr,7.8,CP,MT,1098.9,0,no,
9110,400000487,Palm LUP Rs 5/- (50ml),Palm,,,0,N,Y,HBC:Rasoi:BIB,Case,Ltr,12,CP,MT,1111.11,5,no,
9110,400000489,Palm LUP Rs 5/- (55ml),Palm,,,0,N,Y,HBC:Rasoi:BIB,Case,Ltr,13.2,CP,MT,1111.11,5,no,
1000D,400000502,Palm LUP Rs 10/- (100ml),Palm,,,0,N,Y,HBC:Rasoi:BIB,Case,Ltr,12,CP,MT,1111.11,5,no,
9308KP,400000126,Mustard 1 ltr Pouch,Mustard,,,0,N,Y,HBC:Rasoi:BIB,Case,Ltr,12,CP,MT,1098.9,0,no,Pouch
9308KP,400000128,Palm 500 ml Pouch,Palm,,,0,Y,N,HBC:Rasoi:BIB,Case,Ltr,10,CP,MT,1111.11,5,no,Pouch
9308KP,400000139,Sunflower 1 ltr Pouch (10pc),Sunflower,,,0,N,Y,HBC:Rasoi:BIB,Case,Ltr,10,CP,MT,1098.9,5,no,Pouch
9308KP,400000140,Soyabean 1 ltr Pouch,Soyabean,,,0,N,Y,HBC:Rasoi:BIB,Case,Ltr,12,CP,MT,1098.9,5,no,Pouch
9308KP,400000141,Palm 1 ltr Pouch (10pc),Palm,,,0,Y,N,HBC:Rasoi:BIB,Case,Ltr,10,CP,MT,1111.11,5,no,Pouch
9308KP,400000151,Palm 15 kg Tin,Palm,,,0,N,Y,HBC:Rasoi:BIB,Case,Ltr,16.67,BP,MT,1111.11,10,no,TIN
9308KP,400000152,Palm 15 ltr Tin,Palm,,,0,N,Y,HBC:Rasoi:BIB,Case,Ltr,15,BP,MT,1111.11,10,no,TIN
9308KP,400000153,Soyabean 15 ltr Tin,Soyabean,,,0,N,Y,HBC:Rasoi:BIB,Case,Ltr,15,BP,MT,1098.9,10,no,TIN
9308KP,400000154,Soyabean 15 kg Tin,Soyabean,,,0,N,Y,HBC:Rasoi:BIB,Case,Ltr,16.48,BP,MT,1098.9,10,no,TIN
9308KP,400000159,Mustard 500 ml Bottle,Mustard,,,0,N,Y,HBC:Rasoi:BIB,Case,Ltr,12,CP,MT,1098.9,0,no,Pet
9308KP,400000170,Soyabean 500 ml Pouch,Soyabean,,,0,N,Y,HBC:Rasoi:BIB,Case,Ltr,12,CP,MT,1098.9,5,no,Pouch
9308KP,400000173,Mustard 500 ml Pouch,Mustard,,,0,N,Y,HBC:Rasoi:BIB,Case,Ltr,12,CP,MT,1098.9,0,no,Pouch
9308KP,400000252,Mustard 1 ltr Bottle,Mustard,,,0,N,Y,HBC:Rasoi:BIB,Case,Ltr,12,CP,MT,1098.9,0,no,Pet
9308KP,400000254,Mustard 200 ml Bottle,Mustard,,,0,N,Y,HBC:Rasoi:BIB,Case,Ltr,12,CP,MT,1098.9,0,no,Pet
9308KP,400000255,Soyabean 5 ltr Jar,Soyabean,,,0,N,Y,HBC:Rasoi:BIB,Case,Ltr,20,CP,MT,1098.9,5,no,JAR
9308KP,400000256,Soyabean 1 ltr Bottle,Soyabean,,,0,N,Y,HBC:Rasoi:BIB,Case,Ltr,12,CP,MT,1098.9,5,no,Pet
9308KP,400000257,Soyabean 500 ml Bottle,Soyabean,,,0,N,Y,HBC:Rasoi:BIB,Case,Ltr,12,CP,MT,1098.9,5,no,Pet
9308KP,400000259,Sunflower 500 ml Pouch,Sunflower,,,0,N,Y,HBC:Rasoi:BIB,Case,Ltr,10,CP,MT,1098.9,5,no,Pouch
9308KP,400000260,Sunflower 1 ltr Pouch (16pc),Sunflower,,,0,N,Y,HBC:Rasoi:BIB,Case,Ltr,16,CP,MT,1098.9,5,no,Pouch
9308KP,400000273,Sunflower 15 kg Tin,Sunflower,,,0,N,Y,HBC:Rasoi:BIB,Case,Ltr,16.48,BP,MT,1098.9,10,no,TIN
9308KP,400000275,Sunflower 15 ltr Tin,Sunflower,,,0,N,Y,HBC:Rasoi:BIB,Case,Ltr,15,BP,MT,1098.9,10,no,TIN
9308KP,400000360,Sun n Lite 15 ltr Tin,Sunflower,,,0,N,Y,HBC:Rasoi:BIB,Case,Ltr,15,BP,MT,1098.9,10,no,TIN
9308KP,400000362,Gold n Lite 15 kg Tin,Palm,,,0,N,Y,HBC:Rasoi:BIB,Case,Ltr,16.67,BP,MT,1111.11,10,no,TIN
9308KP,400000370,Gold n Lite 15 ltr Tin,Palm,,,0,N,Y,HBC:Rasoi:BIB,Case,Ltr,15,BP,MT,1111.11,10,no,TIN
9308KP,400000373,Rasoi 15 ltr Tin,Vanaspati,,,0,N,Y,HBC:Rasoi:BIB,Case,Ltr,15,BP,MT,1114.21,0,no,TIN
9308KP,400000377,Gold n Lite 15 ltr Jar,Palm,,,0,N,Y,HBC:Rasoi:BIB,Case,Ltr,15,BP,MT,1111.11,10,no,JAR
9308KP,400000378,Soyalite 15 ltr Jar,Soyabean,,,0,N,Y,HBC:Rasoi:BIB,Case,Ltr,15,BP,MT,1098.9,10,no,JAR
9308KP,400000387,Gold n Lite 500 ml Pouch,Palm,,,0,N,Y,HBC:Rasoi:BIB,Case,Ltr,10,CP,MT,1111.11,5,no,Pouch
9308KP,400000397,Soyabean 15 ltr Jar,Soyabean,,,0,N,Y,HBC:Rasoi:BIB,Case,Ltr,15,BP,MT,1098.9,10,no,JAR
9308KP,400000396,Palm  15 ltr Jar,Palm,,,0,N,Y,HBC:Rasoi:BIB,Case,Ltr,15,BP,MT,1111.11,10,no,JAR
9308KP,400000441,Rasoi 15 kg Jar (Blue),Vanaspati,,,0,N,Y,HBC:Rasoi:BIB,Case,Ltr,16.71,BP,MT,1114.21,0,no,JAR
9308KP,400000449,Rasoi 15 kg Jar (Gold),Vanaspati,,,0,N,Y,HBC:Rasoi:BIB,Case,Ltr,16.71,BP,MT,1114.21,0,no,JAR
9308KP,400000454,Rasoi 1 ltr Pouch (Yellow),Vanaspati,,,0,N,Y,HBC:Rasoi:BIB,Case,Ltr,16,CP,MT,1114.21,0,no,Pouch
9308KP,400000455,Rasoi 1 ltr Pouch (Siliguri),Vanaspati,,,0,N,Y,HBC:Rasoi:BIB,Case,Ltr,16,CP,MT,1114.21,0,no,Pouch
9308KP,400000430,Blend 15 ltr Tin,Blend,,,0,N,Y,HBC:Rasoi:BIB,Case,Ltr,15,BP,MT,1098.9,0,no,TIN
9308KP,400000356,Bake Magic,Bake Magic,,,0,N,Y,HBC:Rasoi:BIB,Case,Ltr,16.71,BP,MT,1114.21,10,no,Bakery
9308KP,400000456,Rasoi  500 ml Pouch,Vanaspati,,,0,N,Y,HBC:Rasoi:BIB,Case,Ltr,16,CP,MT,1114.21,0,no,Pouch
9308KP,400000457,Rasoi  200 ml Pouch,Vanaspati,,,0,N,Y,HBC:Rasoi:BIB,Case,Ltr,16,CP,MT,1114.21,0,no,Pouch
9308KP,400000395,Rasoi 15 ltr Jar (Yellow),Vanaspati,,,0,N,Y,HBC:Rasoi:BIB,Case,Ltr,15,BP,MT,1114.21,0,no,JAR
9105KP,400000126,Mustard 1 ltr Pouch,Mustard,,,0,N,Y,HBC:Rasoi:BIB,Case,Ltr,12,CP,MT,1098.9,0,no,Pouch
9105KP,400000128,Palm 500 ml Pouch,Palm,,,0,Y,N,HBC:Rasoi:BIB,Case,Ltr,10,CP,MT,1111.11,5,no,Pouch
9105KP,400000139,Sunflower 1 ltr Pouch (10pc),Sunflower,,,0,N,Y,HBC:Rasoi:BIB,Case,Ltr,10,CP,MT,1098.9,5,no,Pouch
9105KP,400000140,Soyabean 1 ltr Pouch,Soyabean,,,0,N,Y,HBC:Rasoi:BIB,Case,Ltr,12,CP,MT,1098.9,5,no,Pouch
9105KP,400000141,Palm 1 ltr Pouch (10pc),Palm,,,0,Y,N,HBC:Rasoi:BIB,Case,Ltr,10,CP,MT,1111.11,5,no,Pouch
9105KP,400000151,Palm 15 kg Tin,Palm,,,0,N,Y,HBC:Rasoi:BIB,Case,Ltr,16.67,BP,MT,1111.11,10,no,TIN
9105KP,400000152,Palm 15 ltr Tin,Palm,,,0,N,Y,HBC:Rasoi:BIB,Case,Ltr,15,BP,MT,1111.11,10,no,TIN
9105KP,400000153,Soyabean 15 ltr Tin,Soyabean,,,0,N,Y,HBC:Rasoi:BIB,Case,Ltr,15,BP,MT,1098.9,10,no,TIN
9105KP,400000154,Soyabean 15 kg Tin,Soyabean,,,0,N,Y,HBC:Rasoi:BIB,Case,Ltr,16.48,BP,MT,1098.9,10,no,TIN
9105KP,400000159,Mustard 500 ml Bottle,Mustard,,,0,N,Y,HBC:Rasoi:BIB,Case,Ltr,12,CP,MT,1098.9,0,no,Pet
9105KP,400000170,Soyabean 500 ml Pouch,Soyabean,,,0,N,Y,HBC:Rasoi:BIB,Case,Ltr,12,CP,MT,1098.9,5,no,Pouch
9105KP,400000173,Mustard 500 ml Pouch,Mustard,,,0,N,Y,HBC:Rasoi:BIB,Case,Ltr,12,CP,MT,1098.9,0,no,Pouch
9105KP,400000252,Mustard 1 ltr Bottle,Mustard,,,0,N,Y,HBC:Rasoi:BIB,Case,Ltr,12,CP,MT,1098.9,0,no,Pet
9105KP,400000254,Mustard 200 ml Bottle,Mustard,,,0,N,Y,HBC:Rasoi:BIB,Case,Ltr,12,CP,MT,1098.9,0,no,Pet
9105KP,400000255,Soyabean 5 ltr Jar,Soyabean,,,0,N,Y,HBC:Rasoi:BIB,Case,Ltr,20,CP,MT,1098.9,5,no,JAR
9105KP,400000256,Soyabean 1 ltr Bottle,Soyabean,,,0,N,Y,HBC:Rasoi:BIB,Case,Ltr,12,CP,MT,1098.9,5,no,Pet
9105KP,400000257,Soyabean 500 ml Bottle,Soyabean,,,0,N,Y,HBC:Rasoi:BIB,Case,Ltr,12,CP,MT,1098.9,5,no,Pet
9105KP,400000259,Sunflower 500 ml Pouch,Sunflower,,,0,N,Y,HBC:Rasoi:BIB,Case,Ltr,10,CP,MT,1098.9,5,no,Pouch
9105KP,400000260,Sunflower 1 ltr Pouch (16pc),Sunflower,,,0,N,Y,HBC:Rasoi:BIB,Case,Ltr,16,CP,MT,1098.9,5,no,Pouch
9105KP,400000273,Sunflower 15 kg Tin,Sunflower,,,0,N,Y,HBC:Rasoi:BIB,Case,Ltr,16.48,BP,MT,1098.9,10,no,TIN
9105KP,400000275,Sunflower 15 ltr Tin,Sunflower,,,0,N,Y,HBC:Rasoi:BIB,Case,Ltr,15,BP,MT,1098.9,10,no,TIN
9105KP,400000360,Sun n Lite 15 ltr Tin,Sunflower,,,0,N,Y,HBC:Rasoi:BIB,Case,Ltr,15,BP,MT,1098.9,10,no,TIN
9105KP,400000362,Gold n Lite 15 kg Tin,Palm,,,0,N,Y,HBC:Rasoi:BIB,Case,Ltr,16.67,BP,MT,1111.11,10,no,TIN
9105KP,400000370,Gold n Lite 15 ltr Tin,Palm,,,0,N,Y,HBC:Rasoi:BIB,Case,Ltr,15,BP,MT,1111.11,10,no,TIN
9105KP,400000373,Rasoi 15 ltr Tin,Vanaspati,,,0,N,Y,HBC:Rasoi:BIB,Case,Ltr,15,BP,MT,1114.21,0,no,TIN
9105KP,400000377,Gold n Lite 15 ltr Jar,Palm,,,0,N,Y,HBC:Rasoi:BIB,Case,Ltr,15,BP,MT,1111.11,10,no,JAR
9105KP,400000378,Soyalite 15 ltr Jar,Soyabean,,,0,N,Y,HBC:Rasoi:BIB,Case,Ltr,15,BP,MT,1098.9,10,no,JAR
9105KP,400000387,Gold n Lite 500 ml Pouch,Palm,,,0,N,Y,HBC:Rasoi:BIB,Case,Ltr,10,CP,MT,1111.11,5,no,Pouch
9105KP,400000397,Soyabean 15 ltr Jar,Soyabean,,,0,N,Y,HBC:Rasoi:BIB,Case,Ltr,15,BP,MT,1098.9,10,no,JAR
9105KP,400000396,Palm  15 ltr Jar,Palm,,,0,N,Y,HBC:Rasoi:BIB,Case,Ltr,15,BP,MT,1111.11,10,no,JAR
9105KP,400000441,Rasoi 15 kg Jar (Blue),Vanaspati,,,0,N,Y,HBC:Rasoi:BIB,Case,Ltr,16.71,BP,MT,1114.21,0,no,JAR
9105KP,400000449,Rasoi 15 kg Jar (Gold),Vanaspati,,,0,N,Y,HBC:Rasoi:BIB,Case,Ltr,16.71,BP,MT,1114.21,0,no,JAR
9105KP,400000454,Rasoi 1 ltr Pouch (Yellow),Vanaspati,,,0,N,Y,HBC:Rasoi:BIB,Case,Ltr,16,CP,MT,1114.21,0,no,Pouch
9105KP,400000455,Rasoi 1 ltr Pouch (Siliguri),Vanaspati,,,0,N,Y,HBC:Rasoi:BIB,Case,Ltr,16,CP,MT,1114.21,0,no,Pouch
9105KP,400000430,Blend 15 ltr Tin,Blend,,,0,N,Y,HBC:Rasoi:BIB,Case,Ltr,15,BP,MT,1098.9,0,no,TIN
9105KP,400000356,Bake Magic,Bake Magic,,,0,N,Y,HBC:Rasoi:BIB,Case,Ltr,16.71,BP,MT,1114.21,10,no,Bakery
9105KP,400000456,Rasoi  500 ml Pouch,Vanaspati,,,0,N,Y,HBC:Rasoi:BIB,Case,Ltr,16,CP,MT,1114.21,0,no,Pouch
9105KP,400000457,Rasoi  200 ml Pouch,Vanaspati,,,0,N,Y,HBC:Rasoi:BIB,Case,Ltr,16,CP,MT,1114.21,0,no,Pouch
9105KP,400000395,Rasoi 15 ltr Jar (Yellow),Vanaspati,,,0,N,Y,HBC:Rasoi:BIB,Case,Ltr,15,BP,MT,1114.21,0,no,JAR
9114KP,400000126,Mustard 1 ltr Pouch,Mustard,,,0,N,Y,HBC:Rasoi:BIB,Case,Ltr,12,CP,MT,1098.9,0,no,Pouch
9114KP,400000128,Palm 500 ml Pouch,Palm,,,0,Y,N,HBC:Rasoi:BIB,Case,Ltr,10,CP,MT,1111.11,5,no,Pouch
9114KP,400000139,Sunflower 1 ltr Pouch (10pc),Sunflower,,,0,N,Y,HBC:Rasoi:BIB,Case,Ltr,10,CP,MT,1098.9,5,no,Pouch
9114KP,400000140,Soyabean 1 ltr Pouch,Soyabean,,,0,N,Y,HBC:Rasoi:BIB,Case,Ltr,12,CP,MT,1098.9,5,no,Pouch
9114KP,400000141,Palm 1 ltr Pouch (10pc),Palm,,,0,Y,N,HBC:Rasoi:BIB,Case,Ltr,10,CP,MT,1111.11,5,no,Pouch
9114KP,400000151,Palm 15 kg Tin,Palm,,,0,N,Y,HBC:Rasoi:BIB,Case,Ltr,16.67,BP,MT,1111.11,10,no,TIN
9114KP,400000152,Palm 15 ltr Tin,Palm,,,0,N,Y,HBC:Rasoi:BIB,Case,Ltr,15,BP,MT,1111.11,10,no,TIN
9114KP,400000153,Soyabean 15 ltr Tin,Soyabean,,,0,N,Y,HBC:Rasoi:BIB,Case,Ltr,15,BP,MT,1098.9,10,no,TIN
9114KP,400000154,Soyabean 15 kg Tin,Soyabean,,,0,N,Y,HBC:Rasoi:BIB,Case,Ltr,16.48,BP,MT,1098.9,10,no,TIN
9114KP,400000159,Mustard 500 ml Bottle,Mustard,,,0,N,Y,HBC:Rasoi:BIB,Case,Ltr,12,CP,MT,1098.9,0,no,Pet
9114KP,400000170,Soyabean 500 ml Pouch,Soyabean,,,0,N,Y,HBC:Rasoi:BIB,Case,Ltr,12,CP,MT,1098.9,5,no,Pouch
9114KP,400000173,Mustard 500 ml Pouch,Mustard,,,0,N,Y,HBC:Rasoi:BIB,Case,Ltr,12,CP,MT,1098.9,0,no,Pouch
9114KP,400000252,Mustard 1 ltr Bottle,Mustard,,,0,N,Y,HBC:Rasoi:BIB,Case,Ltr,12,CP,MT,1098.9,0,no,Pet
9114KP,400000254,Mustard 200 ml Bottle,Mustard,,,0,N,Y,HBC:Rasoi:BIB,Case,Ltr,12,CP,MT,1098.9,0,no,Pet
9114KP,400000255,Soyabean 5 ltr Jar,Soyabean,,,0,N,Y,HBC:Rasoi:BIB,Case,Ltr,20,CP,MT,1098.9,5,no,JAR
9114KP,400000256,Soyabean 1 ltr Bottle,Soyabean,,,0,N,Y,HBC:Rasoi:BIB,Case,Ltr,12,CP,MT,1098.9,5,no,Pet
9114KP,400000257,Soyabean 500 ml Bottle,Soyabean,,,0,N,Y,HBC:Rasoi:BIB,Case,Ltr,12,CP,MT,1098.9,5,no,Pet
9114KP,400000259,Sunflower 500 ml Pouch,Sunflower,,,0,N,Y,HBC:Rasoi:BIB,Case,Ltr,10,CP,MT,1098.9,5,no,Pouch
9114KP,400000260,Sunflower 1 ltr Pouch (16pc),Sunflower,,,0,N,Y,HBC:Rasoi:BIB,Case,Ltr,16,CP,MT,1098.9,5,no,Pouch
9114KP,400000273,Sunflower 15 kg Tin,Sunflower,,,0,N,Y,HBC:Rasoi:BIB,Case,Ltr,16.48,BP,MT,1098.9,10,no,TIN
9114KP,400000275,Sunflower 15 ltr Tin,Sunflower,,,0,N,Y,HBC:Rasoi:BIB,Case,Ltr,15,BP,MT,1098.9,10,no,TIN
9114KP,400000360,Sun n Lite 15 ltr Tin,Sunflower,,,0,N,Y,HBC:Rasoi:BIB,Case,Ltr,15,BP,MT,1098.9,10,no,TIN
9114KP,400000362,Gold n Lite 15 kg Tin,Palm,,,0,N,Y,HBC:Rasoi:BIB,Case,Ltr,16.67,BP,MT,1111.11,10,no,TIN
9114KP,400000370,Gold n Lite 15 ltr Tin,Palm,,,0,N,Y,HBC:Rasoi:BIB,Case,Ltr,15,BP,MT,1111.11,10,no,TIN
9114KP,400000373,Rasoi 15 ltr Tin,Vanaspati,,,0,N,Y,HBC:Rasoi:BIB,Case,Ltr,15,BP,MT,1114.21,0,no,TIN
9114KP,400000377,Gold n Lite 15 ltr Jar,Palm,,,0,N,Y,HBC:Rasoi:BIB,Case,Ltr,15,BP,MT,1111.11,10,no,JAR
9114KP,400000378,Soyalite 15 ltr Jar,Soyabean,,,0,N,Y,HBC:Rasoi:BIB,Case,Ltr,15,BP,MT,1098.9,10,no,JAR
9114KP,400000387,Gold n Lite 500 ml Pouch,Palm,,,0,N,Y,HBC:Rasoi:BIB,Case,Ltr,10,CP,MT,1111.11,5,no,Pouch
9114KP,400000397,Soyabean 15 ltr Jar,Soyabean,,,0,N,Y,HBC:Rasoi:BIB,Case,Ltr,15,BP,MT,1098.9,10,no,JAR
9114KP,400000396,Palm  15 ltr Jar,Palm,,,0,N,Y,HBC:Rasoi:BIB,Case,Ltr,15,BP,MT,1111.11,10,no,JAR
9114KP,400000441,Rasoi 15 kg Jar (Blue),Vanaspati,,,0,N,Y,HBC:Rasoi:BIB,Case,Ltr,16.71,BP,MT,1114.21,0,no,JAR
9114KP,400000449,Rasoi 15 kg Jar (Gold),Vanaspati,,,0,N,Y,HBC:Rasoi:BIB,Case,Ltr,16.71,BP,MT,1114.21,0,no,JAR
9114KP,400000454,Rasoi 1 ltr Pouch (Yellow),Vanaspati,,,0,N,Y,HBC:Rasoi:BIB,Case,Ltr,16,CP,MT,1114.21,0,no,Pouch
9114KP,400000455,Rasoi 1 ltr Pouch (Siliguri),Vanaspati,,,0,N,Y,HBC:Rasoi:BIB,Case,Ltr,16,CP,MT,1114.21,0,no,Pouch
9114KP,400000430,Blend 15 ltr Tin,Blend,,,0,N,Y,HBC:Rasoi:BIB,Case,Ltr,15,BP,MT,1098.9,0,no,TIN
9114KP,400000356,Bake Magic,Bake Magic,,,0,N,Y,HBC:Rasoi:BIB,Case,Ltr,16.71,BP,MT,1114.21,10,no,Bakery
9114KP,400000456,Rasoi  500 ml Pouch,Vanaspati,,,0,N,Y,HBC:Rasoi:BIB,Case,Ltr,16,CP,MT,1114.21,0,no,Pouch
9114KP,400000457,Rasoi  200 ml Pouch,Vanaspati,,,0,N,Y,HBC:Rasoi:BIB,Case,Ltr,16,CP,MT,1114.21,0,no,Pouch
9114KP,400000395,Rasoi 15 ltr Jar (Yellow),Vanaspati,,,0,N,Y,HBC:Rasoi:BIB,Case,Ltr,15,BP,MT,1114.21,0,no,JAR
9306KP,400000126,Mustard 1 ltr Pouch,Mustard,,,0,N,Y,HBC:Rasoi:BIB,Case,Ltr,12,CP,MT,1098.9,0,no,Pouch
9306KP,400000128,Palm 500 ml Pouch,Palm,,,0,Y,N,HBC:Rasoi:BIB,Case,Ltr,10,CP,MT,1111.11,5,no,Pouch
9306KP,400000139,Sunflower 1 ltr Pouch (10pc),Sunflower,,,0,N,Y,HBC:Rasoi:BIB,Case,Ltr,10,CP,MT,1098.9,5,no,Pouch
9306KP,400000140,Soyabean 1 ltr Pouch,Soyabean,,,0,N,Y,HBC:Rasoi:BIB,Case,Ltr,12,CP,MT,1098.9,5,no,Pouch
9306KP,400000141,Palm 1 ltr Pouch (10pc),Palm,,,0,Y,N,HBC:Rasoi:BIB,Case,Ltr,10,CP,MT,1111.11,5,no,Pouch
9306KP,400000151,Palm 15 kg Tin,Palm,,,0,N,Y,HBC:Rasoi:BIB,Case,Ltr,16.67,BP,MT,1111.11,10,no,TIN
9306KP,400000152,Palm 15 ltr Tin,Palm,,,0,N,Y,HBC:Rasoi:BIB,Case,Ltr,15,BP,MT,1111.11,10,no,TIN
9306KP,400000153,Soyabean 15 ltr Tin,Soyabean,,,0,N,Y,HBC:Rasoi:BIB,Case,Ltr,15,BP,MT,1098.9,10,no,TIN
9306KP,400000154,Soyabean 15 kg Tin,Soyabean,,,0,N,Y,HBC:Rasoi:BIB,Case,Ltr,16.48,BP,MT,1098.9,10,no,TIN
9306KP,400000159,Mustard 500 ml Bottle,Mustard,,,0,N,Y,HBC:Rasoi:BIB,Case,Ltr,12,CP,MT,1098.9,0,no,Pet
9306KP,400000170,Soyabean 500 ml Pouch,Soyabean,,,0,N,Y,HBC:Rasoi:BIB,Case,Ltr,12,CP,MT,1098.9,5,no,Pouch
9306KP,400000173,Mustard 500 ml Pouch,Mustard,,,0,N,Y,HBC:Rasoi:BIB,Case,Ltr,12,CP,MT,1098.9,0,no,Pouch
9306KP,400000252,Mustard 1 ltr Bottle,Mustard,,,0,N,Y,HBC:Rasoi:BIB,Case,Ltr,12,CP,MT,1098.9,0,no,Pet
9306KP,400000254,Mustard 200 ml Bottle,Mustard,,,0,N,Y,HBC:Rasoi:BIB,Case,Ltr,12,CP,MT,1098.9,0,no,Pet
9306KP,400000255,Soyabean 5 ltr Jar,Soyabean,,,0,N,Y,HBC:Rasoi:BIB,Case,Ltr,20,CP,MT,1098.9,5,no,JAR
9306KP,400000256,Soyabean 1 ltr Bottle,Soyabean,,,0,N,Y,HBC:Rasoi:BIB,Case,Ltr,12,CP,MT,1098.9,5,no,Pet
9306KP,400000257,Soyabean 500 ml Bottle,Soyabean,,,0,N,Y,HBC:Rasoi:BIB,Case,Ltr,12,CP,MT,1098.9,5,no,Pet
9306KP,400000259,Sunflower 500 ml Pouch,Sunflower,,,0,N,Y,HBC:Rasoi:BIB,Case,Ltr,10,CP,MT,1098.9,5,no,Pouch
9306KP,400000260,Sunflower 1 ltr Pouch (16pc),Sunflower,,,0,N,Y,HBC:Rasoi:BIB,Case,Ltr,16,CP,MT,1098.9,5,no,Pouch
9306KP,400000273,Sunflower 15 kg Tin,Sunflower,,,0,N,Y,HBC:Rasoi:BIB,Case,Ltr,16.48,BP,MT,1098.9,10,no,TIN
9306KP,400000275,Sunflower 15 ltr Tin,Sunflower,,,0,N,Y,HBC:Rasoi:BIB,Case,Ltr,15,BP,MT,1098.9,10,no,TIN
9306KP,400000360,Sun n Lite 15 ltr Tin,Sunflower,,,0,N,Y,HBC:Rasoi:BIB,Case,Ltr,15,BP,MT,1098.9,10,no,TIN
9306KP,400000362,Gold n Lite 15 kg Tin,Palm,,,0,N,Y,HBC:Rasoi:BIB,Case,Ltr,16.67,BP,MT,1111.11,10,no,TIN
9306KP,400000370,Gold n Lite 15 ltr Tin,Palm,,,0,N,Y,HBC:Rasoi:BIB,Case,Ltr,15,BP,MT,1111.11,10,no,TIN
9306KP,400000373,Rasoi 15 ltr Tin,Vanaspati,,,0,N,Y,HBC:Rasoi:BIB,Case,Ltr,15,BP,MT,1114.21,0,no,TIN
9306KP,400000377,Gold n Lite 15 ltr Jar,Palm,,,0,N,Y,HBC:Rasoi:BIB,Case,Ltr,15,BP,MT,1111.11,10,no,JAR
9306KP,400000378,Soyalite 15 ltr Jar,Soyabean,,,0,N,Y,HBC:Rasoi:BIB,Case,Ltr,15,BP,MT,1098.9,10,no,JAR
9306KP,400000387,Gold n Lite 500 ml Pouch,Palm,,,0,N,Y,HBC:Rasoi:BIB,Case,Ltr,10,CP,MT,1111.11,5,no,Pouch
9306KP,400000397,Soyabean 15 ltr Jar,Soyabean,,,0,N,Y,HBC:Rasoi:BIB,Case,Ltr,15,BP,MT,1098.9,10,no,JAR
9306KP,400000396,Palm  15 ltr Jar,Palm,,,0,N,Y,HBC:Rasoi:BIB,Case,Ltr,15,BP,MT,1111.11,10,no,JAR
9306KP,400000441,Rasoi 15 kg Jar (Blue),Vanaspati,,,0,N,Y,HBC:Rasoi:BIB,Case,Ltr,16.71,BP,MT,1114.21,0,no,JAR
9306KP,400000449,Rasoi 15 kg Jar (Gold),Vanaspati,,,0,N,Y,HBC:Rasoi:BIB,Case,Ltr,16.71,BP,MT,1114.21,0,no,JAR
9306KP,400000454,Rasoi 1 ltr Pouch (Yellow),Vanaspati,,,0,N,Y,HBC:Rasoi:BIB,Case,Ltr,16,CP,MT,1114.21,0,no,Pouch
9306KP,400000455,Rasoi 1 ltr Pouch (Siliguri),Vanaspati,,,0,N,Y,HBC:Rasoi:BIB,Case,Ltr,16,CP,MT,1114.21,0,no,Pouch
9306KP,400000430,Blend 15 ltr Tin,Blend,,,0,N,Y,HBC:Rasoi:BIB,Case,Ltr,15,BP,MT,1098.9,0,no,TIN
9306KP,400000356,Bake Magic,Bake Magic,,,0,N,Y,HBC:Rasoi:BIB,Case,Ltr,16.71,BP,MT,1114.21,10,no,Bakery
9306KP,400000456,Rasoi  500 ml Pouch,Vanaspati,,,0,N,Y,HBC:Rasoi:BIB,Case,Ltr,16,CP,MT,1114.21,0,no,Pouch
9306KP,400000457,Rasoi  200 ml Pouch,Vanaspati,,,0,N,Y,HBC:Rasoi:BIB,Case,Ltr,16,CP,MT,1114.21,0,no,Pouch
9306KP,400000395,Rasoi 15 ltr Jar (Yellow),Vanaspati,,,0,N,Y,HBC:Rasoi:BIB,Case,Ltr,15,BP,MT,1114.21,0,no,JAR
9308,400000521,Rasoi No-1 15 ltr Jar,Vanaspati,,,0,N,Y,HBC:Rasoi:BIB,Case,Ltr,15,BP,MT,1114.21,0,no,JAR
4000D,400000450,Palm 1 ltr Pouch (16pc),Palm,,,0,Y,N,HBC:Rasoi:BIB,Case,Ltr,16,CP,MT,1111.11,5,no,Pouch
4000D,400000374,Fry n lite 1 ltr Pouch,Vanaspati,,,0,N,Y,HBC:Rasoi:BIB,Case,Ltr,16,CP,MT,1114.21,0,no,Pouch
4000D,400000375,Fry n lite 500 ml Pouch,Vanaspati,,,0,N,Y,HBC:Rasoi:BIB,Case,Ltr,16,CP,MT,1114.21,0,no,Pouch
4000D,400000372,Fry n lite 15 Kg Tin,Vanaspati,,,0,N,Y,HBC:Rasoi:BIB,Case,Ltr,16.71,BP,MT,1114.21,0,no,TIN
9201,400000141,Palm 1 ltr Pouch (10pc),Palm,,,0,Y,N,HBC:Rasoi:BIB,Case,Ltr,10,CP,MT,1111.11,5,no,Pouch
9201,400000128,Palm 500 ml Pouch,Palm,,,0,Y,N,HBC:Rasoi:BIB,Case,Ltr,10,CP,MT,1111.11,5,no,Pouch
9201,400000151,Palm 15 kg Tin,Palm,,,0,N,Y,HBC:Rasoi:BIB,Case,Ltr,16.67,BP,MT,1111.11,10,no,TIN
9201,400000396,Palm  15 ltr Jar,Palm,,,0,N,Y,HBC:Rasoi:BIB,Case,Ltr,15,BP,MT,1111.11,10,no,JAR
9201,400000450,Palm 1 ltr Pouch (16pc),Palm,,,0,Y,N,HBC:Rasoi:BIB,Case,Ltr,16,CP,MT,1111.11,5,no,Pouch
9201,400000152,Palm 15 ltr Tin,Palm,,,0,N,Y,HBC:Rasoi:BIB,Case,Ltr,15,BP,MT,1111.11,10,no,TIN
9201,400000362,Gold n Lite 15 kg Tin,Palm,,,0,N,Y,HBC:Rasoi:BIB,Case,Ltr,16.67,BP,MT,1111.11,10,no,TIN
9201,400000370,Gold n Lite 15 ltr Tin,Palm,,,0,N,Y,HBC:Rasoi:BIB,Case,Ltr,15,BP,MT,1111.11,10,no,TIN
9201,400000373,Fry n lite 15 ltr Tin,Vanaspati,,,0,N,Y,HBC:Rasoi:BIB,Case,Ltr,15,BP,MT,1114.21,0,no,TIN
9201,400000374,Fry n lite 1 ltr Pouch,Vanaspati,,,0,N,Y,HBC:Rasoi:BIB,Case,Ltr,16,CP,MT,1114.21,0,no,Pouch
9201,400000375,Fry n lite 500 ml Pouch,Vanaspati,,,0,N,Y,HBC:Rasoi:BIB,Case,Ltr,16,CP,MT,1114.21,0,no,Pouch
9201,400000372,Fry n lite 15 Kg Tin,Vanaspati,,,0,N,Y,HBC:Rasoi:BIB,Case,Ltr,16.71,BP,MT,1114.21,0,no,TIN
9201,400000139,Sunflower 1 ltr Pouch (10pc),Sunflower,,,0,N,Y,HBC:Rasoi:BIB,Case,Ltr,10,CP,MT,1098.9,5,no,Pouch
9201,400000259,Sunflower 500 ml Pouch,Sunflower,,,0,N,Y,HBC:Rasoi:BIB,Case,Ltr,10,CP,MT,1098.9,5,no,Pouch
9201,400000260,Sunflower 1 ltr Pouch (16pc),Sunflower,,,0,Y,N,HBC:Rasoi:BIB,Case,Ltr,16,CP,MT,1098.9,5,no,Pouch
9201,400000273,Sunflower 15 kg Tin,Sunflower,,,0,N,Y,HBC:Rasoi:BIB,Case,Ltr,16.48,BP,MT,1098.9,10,no,TIN
9201,400000275,Sunflower 15 ltr Tin,Sunflower,,,0,N,Y,HBC:Rasoi:BIB,Case,Ltr,15,BP,MT,1098.9,10,no,TIN
9207,400000141,Palm 1 ltr Pouch (10pc),Palm,,,0,Y,N,HBC:Rasoi:BIB,Case,Ltr,10,CP,MT,1111.11,5,no,Pouch
9207,400000128,Palm 500 ml Pouch,Palm,,,0,Y,N,HBC:Rasoi:BIB,Case,Ltr,10,CP,MT,1111.11,5,no,Pouch
9207,400000151,Palm 15 kg Tin,Palm,,,0,N,Y,HBC:Rasoi:BIB,Case,Ltr,16.67,BP,MT,1111.11,10,no,TIN
9207,400000396,Palm  15 ltr Jar,Palm,,,0,N,Y,HBC:Rasoi:BIB,Case,Ltr,15,BP,MT,1111.11,10,no,JAR
9207,400000450,Palm 1 ltr Pouch (16pc),Palm,,,0,Y,N,HBC:Rasoi:BIB,Case,Ltr,16,CP,MT,1111.11,5,no,Pouch
9207,400000152,Palm 15 ltr Tin,Palm,,,0,N,Y,HBC:Rasoi:BIB,Case,Ltr,15,BP,MT,1111.11,10,no,TIN
9207,400000362,Gold n Lite 15 kg Tin,Palm,,,0,N,Y,HBC:Rasoi:BIB,Case,Ltr,16.67,BP,MT,1111.11,10,no,TIN
9207,400000370,Gold n Lite 15 ltr Tin,Palm,,,0,N,Y,HBC:Rasoi:BIB,Case,Ltr,15,BP,MT,1111.11,10,no,TIN
9207,400000373,Fry n lite 15 ltr Tin,Vanaspati,,,0,N,Y,HBC:Rasoi:BIB,Case,Ltr,15,BP,MT,1114.21,0,no,TIN
9207,400000374,Fry n lite 1 ltr Pouch,Vanaspati,,,0,N,Y,HBC:Rasoi:BIB,Case,Ltr,16,CP,MT,1114.21,0,no,Pouch
9207,400000375,Fry n lite 500 ml Pouch,Vanaspati,,,0,N,Y,HBC:Rasoi:BIB,Case,Ltr,16,CP,MT,1114.21,0,no,Pouch
9207,400000372,Fry n lite 15 Kg Tin,Vanaspati,,,0,N,Y,HBC:Rasoi:BIB,Case,Ltr,16.71,BP,MT,1114.21,0,no,TIN
9207,400000139,Sunflower 1 ltr Pouch (10pc),Sunflower,,,0,N,Y,HBC:Rasoi:BIB,Case,Ltr,10,CP,MT,1098.9,5,no,Pouch
9207,400000259,Sunflower 500 ml Pouch,Sunflower,,,0,N,Y,HBC:Rasoi:BIB,Case,Ltr,10,CP,MT,1098.9,5,no,Pouch
9207,400000260,Sunflower 1 ltr Pouch (16pc),Sunflower,,,0,Y,N,HBC:Rasoi:BIB,Case,Ltr,16,CP,MT,1098.9,5,no,Pouch
9207,400000273,Sunflower 15 kg Tin,Sunflower,,,0,N,Y,HBC:Rasoi:BIB,Case,Ltr,16.48,BP,MT,1098.9,10,no,TIN
9207,400000275,Sunflower 15 ltr Tin,Sunflower,,,0,N,Y,HBC:Rasoi:BIB,Case,Ltr,15,BP,MT,1098.9,10,no,TIN
9213,400000141,Palm 1 ltr Pouch (10pc),Palm,,,0,Y,N,HBC:Rasoi:BIB,Case,Ltr,10,CP,MT,1111.11,5,no,Pouch
9213,400000128,Palm 500 ml Pouch,Palm,,,0,Y,N,HBC:Rasoi:BIB,Case,Ltr,10,CP,MT,1111.11,5,no,Pouch
9213,400000151,Palm 15 kg Tin,Palm,,,0,N,Y,HBC:Rasoi:BIB,Case,Ltr,16.67,BP,MT,1111.11,10,no,TIN
9213,400000396,Palm  15 ltr Jar,Palm,,,0,N,Y,HBC:Rasoi:BIB,Case,Ltr,15,BP,MT,1111.11,10,no,JAR
9213,400000450,Palm 1 ltr Pouch (16pc),Palm,,,0,Y,N,HBC:Rasoi:BIB,Case,Ltr,16,CP,MT,1111.11,5,no,Pouch
9213,400000152,Palm 15 ltr Tin,Palm,,,0,N,Y,HBC:Rasoi:BIB,Case,Ltr,15,BP,MT,1111.11,10,no,TIN
9213,400000362,Gold n Lite 15 kg Tin,Palm,,,0,N,Y,HBC:Rasoi:BIB,Case,Ltr,16.67,BP,MT,1111.11,10,no,TIN
9213,400000370,Gold n Lite 15 ltr Tin,Palm,,,0,N,Y,HBC:Rasoi:BIB,Case,Ltr,15,BP,MT,1111.11,10,no,TIN
9213,400000373,Fry n lite 15 ltr Tin,Vanaspati,,,0,N,Y,HBC:Rasoi:BIB,Case,Ltr,15,BP,MT,1114.21,0,no,TIN
9213,400000374,Fry n lite 1 ltr Pouch,Vanaspati,,,0,N,Y,HBC:Rasoi:BIB,Case,Ltr,16,CP,MT,1114.21,0,no,Pouch
9213,400000375,Fry n lite 500 ml Pouch,Vanaspati,,,0,N,Y,HBC:Rasoi:BIB,Case,Ltr,16,CP,MT,1114.21,0,no,Pouch
9213,400000372,Fry n lite 15 Kg Tin,Vanaspati,,,0,N,Y,HBC:Rasoi:BIB,Case,Ltr,16.71,BP,MT,1114.21,0,no,TIN
9213,400000139,Sunflower 1 ltr Pouch (10pc),Sunflower,,,0,N,Y,HBC:Rasoi:BIB,Case,Ltr,10,CP,MT,1098.9,5,no,Pouch
9213,400000259,Sunflower 500 ml Pouch,Sunflower,,,0,N,Y,HBC:Rasoi:BIB,Case,Ltr,10,CP,MT,1098.9,5,no,Pouch
9213,400000260,Sunflower 1 ltr Pouch (16pc),Sunflower,,,0,Y,N,HBC:Rasoi:BIB,Case,Ltr,16,CP,MT,1098.9,5,no,Pouch
9213,400000273,Sunflower 15 kg Tin,Sunflower,,,0,N,Y,HBC:Rasoi:BIB,Case,Ltr,16.48,BP,MT,1098.9,10,no,TIN
9213,400000275,Sunflower 15 ltr Tin,Sunflower,,,0,N,Y,HBC:Rasoi:BIB,Case,Ltr,15,BP,MT,1098.9,10,no,TIN
9205,400000141,Palm 1 ltr Pouch (10pc),Palm,,,0,Y,N,HBC:Rasoi:BIB,Case,Ltr,10,CP,MT,1111.11,5,no,Pouch
9205,400000128,Palm 500 ml Pouch,Palm,,,0,Y,N,HBC:Rasoi:BIB,Case,Ltr,10,CP,MT,1111.11,5,no,Pouch
9205,400000151,Palm 15 kg Tin,Palm,,,0,N,Y,HBC:Rasoi:BIB,Case,Ltr,16.67,BP,MT,1111.11,10,no,TIN
9205,400000396,Palm  15 ltr Jar,Palm,,,0,N,Y,HBC:Rasoi:BIB,Case,Ltr,15,BP,MT,1111.11,10,no,JAR
9205,400000450,Palm 1 ltr Pouch (16pc),Palm,,,0,Y,N,HBC:Rasoi:BIB,Case,Ltr,16,CP,MT,1111.11,5,no,Pouch
9205,400000152,Palm 15 ltr Tin,Palm,,,0,N,Y,HBC:Rasoi:BIB,Case,Ltr,15,BP,MT,1111.11,10,no,TIN
9205,400000362,Gold n Lite 15 kg Tin,Palm,,,0,N,Y,HBC:Rasoi:BIB,Case,Ltr,16.67,BP,MT,1111.11,10,no,TIN
9205,400000370,Gold n Lite 15 ltr Tin,Palm,,,0,N,Y,HBC:Rasoi:BIB,Case,Ltr,15,BP,MT,1111.11,10,no,TIN
9205,400000373,Fry n lite 15 ltr Tin,Vanaspati,,,0,N,Y,HBC:Rasoi:BIB,Case,Ltr,15,BP,MT,1114.21,0,no,TIN
9205,400000374,Fry n lite 1 ltr Pouch,Vanaspati,,,0,N,Y,HBC:Rasoi:BIB,Case,Ltr,16,CP,MT,1114.21,0,no,Pouch
9205,400000375,Fry n lite 500 ml Pouch,Vanaspati,,,0,N,Y,HBC:Rasoi:BIB,Case,Ltr,16,CP,MT,1114.21,0,no,Pouch
9205,400000372,Fry n lite 15 Kg Tin,Vanaspati,,,0,N,Y,HBC:Rasoi:BIB,Case,Ltr,16.71,BP,MT,1114.21,0,no,TIN
9205,400000139,Sunflower 1 ltr Pouch (10pc),Sunflower,,,0,N,Y,HBC:Rasoi:BIB,Case,Ltr,10,CP,MT,1098.9,5,no,Pouch
9205,400000259,Sunflower 500 ml Pouch,Sunflower,,,0,N,Y,HBC:Rasoi:BIB,Case,Ltr,10,CP,MT,1098.9,5,no,Pouch
9205,400000260,Sunflower 1 ltr Pouch (16pc),Sunflower,,,0,Y,N,HBC:Rasoi:BIB,Case,Ltr,16,CP,MT,1098.9,5,no,Pouch
9205,400000273,Sunflower 15 kg Tin,Sunflower,,,0,N,Y,HBC:Rasoi:BIB,Case,Ltr,16.48,BP,MT,1098.9,10,no,TIN
9205,400000275,Sunflower 15 ltr Tin,Sunflower,,,0,N,Y,HBC:Rasoi:BIB,Case,Ltr,15,BP,MT,1098.9,10,no,TIN
9208,400000141,Palm 1 ltr Pouch (10pc),Palm,,,0,Y,N,HBC:Rasoi:BIB,Case,Ltr,10,CP,MT,1111.11,5,no,Pouch
9208,400000128,Palm 500 ml Pouch,Palm,,,0,Y,N,HBC:Rasoi:BIB,Case,Ltr,10,CP,MT,1111.11,5,no,Pouch
9208,400000151,Palm 15 kg Tin,Palm,,,0,N,Y,HBC:Rasoi:BIB,Case,Ltr,16.67,BP,MT,1111.11,10,no,TIN
9208,400000396,Palm  15 ltr Jar,Palm,,,0,N,Y,HBC:Rasoi:BIB,Case,Ltr,15,BP,MT,1111.11,10,no,JAR
9208,400000450,Palm 1 ltr Pouch (16pc),Palm,,,0,Y,N,HBC:Rasoi:BIB,Case,Ltr,16,CP,MT,1111.11,5,no,Pouch
9208,400000152,Palm 15 ltr Tin,Palm,,,0,N,Y,HBC:Rasoi:BIB,Case,Ltr,15,BP,MT,1111.11,10,no,TIN
9208,400000362,Gold n Lite 15 kg Tin,Palm,,,0,N,Y,HBC:Rasoi:BIB,Case,Ltr,16.67,BP,MT,1111.11,10,no,TIN
9208,400000370,Gold n Lite 15 ltr Tin,Palm,,,0,N,Y,HBC:Rasoi:BIB,Case,Ltr,15,BP,MT,1111.11,10,no,TIN
9208,400000373,Fry n lite 15 ltr Tin,Vanaspati,,,0,N,Y,HBC:Rasoi:BIB,Case,Ltr,15,BP,MT,1114.21,0,no,TIN
9208,400000374,Fry n lite 1 ltr Pouch,Vanaspati,,,0,N,Y,HBC:Rasoi:BIB,Case,Ltr,16,CP,MT,1114.21,0,no,Pouch
9208,400000375,Fry n lite 500 ml Pouch,Vanaspati,,,0,N,Y,HBC:Rasoi:BIB,Case,Ltr,16,CP,MT,1114.21,0,no,Pouch
9208,400000372,Fry n lite 15 Kg Tin,Vanaspati,,,0,N,Y,HBC:Rasoi:BIB,Case,Ltr,16.71,BP,MT,1114.21,0,no,TIN
9208,400000139,Sunflower 1 ltr Pouch (10pc),Sunflower,,,0,N,Y,HBC:Rasoi:BIB,Case,Ltr,10,CP,MT,1098.9,5,no,Pouch
9208,400000259,Sunflower 500 ml Pouch,Sunflower,,,0,N,Y,HBC:Rasoi:BIB,Case,Ltr,10,CP,MT,1098.9,5,no,Pouch
9208,400000260,Sunflower 1 ltr Pouch (16pc),Sunflower,,,0,Y,N,HBC:Rasoi:BIB,Case,Ltr,16,CP,MT,1098.9,5,no,Pouch
9208,400000273,Sunflower 15 kg Tin,Sunflower,,,0,N,Y,HBC:Rasoi:BIB,Case,Ltr,16.48,BP,MT,1098.9,10,no,TIN
9208,400000275,Sunflower 15 ltr Tin,Sunflower,,,0,N,Y,HBC:Rasoi:BIB,Case,Ltr,15,BP,MT,1098.9,10,no,TIN
9407DD,400000141,Palm 1 ltr Pouch (10pc),Palm,,,0,Y,N,HBC:Rasoi:BIB,Case,Ltr,10,CP,MT,1111.11,5,no,Pouch
9407DD,400000128,Palm 500 ml Pouch,Palm,,,0,Y,N,HBC:Rasoi:BIB,Case,Ltr,10,CP,MT,1111.11,5,no,Pouch
9407DD,400000151,Palm 15 kg Tin,Palm,,,0,N,Y,HBC:Rasoi:BIB,Case,Ltr,16.67,BP,MT,1111.11,10,no,TIN
9407DD,400000396,Palm  15 ltr Jar,Palm,,,0,N,Y,HBC:Rasoi:BIB,Case,Ltr,15,BP,MT,1111.11,10,no,JAR
9407DD,400000450,Palm 1 ltr Pouch (16pc),Palm,,,0,Y,N,HBC:Rasoi:BIB,Case,Ltr,16,CP,MT,1111.11,5,no,Pouch
9407DD,400000152,Palm 15 ltr Tin,Palm,,,0,N,Y,HBC:Rasoi:BIB,Case,Ltr,15,BP,MT,1111.11,10,no,TIN
9407DD,400000362,Gold n Lite 15 kg Tin,Palm,,,0,N,Y,HBC:Rasoi:BIB,Case,Ltr,16.67,BP,MT,1111.11,10,no,TIN
9407DD,400000370,Gold n Lite 15 ltr Tin,Palm,,,0,Y,N,HBC:Rasoi:BIB,Case,Ltr,15,BP,MT,1111.11,10,no,TIN
9407DD,400000373,Fry n lite 15 ltr Tin,Vanaspati,,,0,N,Y,HBC:Rasoi:BIB,Case,Ltr,15,BP,MT,1114.21,0,no,TIN
9407DD,400000374,Fry n lite 1 ltr Pouch,Vanaspati,,,0,N,Y,HBC:Rasoi:BIB,Case,Ltr,16,CP,MT,1114.21,0,no,Pouch
9407DD,400000375,Fry n lite 500 ml Pouch,Vanaspati,,,0,N,Y,HBC:Rasoi:BIB,Case,Ltr,16,CP,MT,1114.21,0,no,Pouch
9407DD,400000372,Fry n lite 15 Kg Tin,Vanaspati,,,0,N,Y,HBC:Rasoi:BIB,Case,Ltr,16.71,BP,MT,1114.21,0,no,TIN
9407DD,400000139,Sunflower 1 ltr Pouch (10pc),Sunflower,,,0,N,Y,HBC:Rasoi:BIB,Case,Ltr,10,CP,MT,1098.9,5,no,Pouch
9407DD,400000259,Sunflower 500 ml Pouch,Sunflower,,,0,N,Y,HBC:Rasoi:BIB,Case,Ltr,10,CP,MT,1098.9,5,no,Pouch
9407DD,400000260,Sunflower 1 ltr Pouch (16pc),Sunflower,,,0,Y,N,HBC:Rasoi:BIB,Case,Ltr,16,CP,MT,1098.9,5,no,Pouch
9407DD,400000273,Sunflower 15 kg Tin,Sunflower,,,0,N,Y,HBC:Rasoi:BIB,Case,Ltr,16.48,BP,MT,1098.9,10,no,TIN
9407DD,400000275,Sunflower 15 ltr Tin,Sunflower,,,0,N,Y,HBC:Rasoi:BIB,Case,Ltr,15,BP,MT,1098.9,10,no,TIN
9111,400000126,Mustard 1 ltr Pouch,Mustard,,,0,N,Y,HBC:Rasoi:BIB,Case,Ltr,12,CP,MT,1098.9,0,no,Pouch
9111,400000128,Palm 500 ml Pouch,Palm,,,0,Y,N,HBC:Rasoi:BIB,Case,Ltr,10,CP,MT,1111.11,5,no,Pouch
9111,400000139,Sunflower 1 ltr Pouch (10pc),Sunflower,,,0,N,Y,HBC:Rasoi:BIB,Case,Ltr,10,CP,MT,1098.9,5,no,Pouch
9111,400000140,Soyabean 1 ltr Pouch,Soyabean,,,0,Y,N,HBC:Rasoi:BIB,Case,Ltr,12,CP,MT,1098.9,5,no,Pouch
9111,400000141,Palm 1 ltr Pouch (10pc),Palm,,,0,Y,N,HBC:Rasoi:BIB,Case,Ltr,10,CP,MT,1111.11,5,no,Pouch
9111,400000151,Palm 15 kg Tin,Palm,,,0,N,Y,HBC:Rasoi:BIB,Case,Ltr,16.67,BP,MT,1111.11,10,no,TIN
9111,400000152,Palm 15 ltr Tin,Palm,,,0,N,Y,HBC:Rasoi:BIB,Case,Ltr,15,BP,MT,1111.11,10,no,TIN
9111,400000153,Soyabean 15 ltr Tin,Soyabean,,,0,N,Y,HBC:Rasoi:BIB,Case,Ltr,15,BP,MT,1098.9,10,no,TIN
9111,400000154,Soyabean 15 kg Tin,Soyabean,,,0,N,Y,HBC:Rasoi:BIB,Case,Ltr,16.48,BP,MT,1098.9,10,no,TIN
9111,400000159,Mustard 500 ml Bottle,Mustard,,,0,N,Y,HBC:Rasoi:BIB,Case,Ltr,12,CP,MT,1098.9,0,no,Pet
9111,400000170,Soyabean 500 ml Pouch,Soyabean,,,0,Y,N,HBC:Rasoi:BIB,Case,Ltr,12,CP,MT,1098.9,5,no,Pouch
9111,400000173,Mustard 500 ml Pouch,Mustard,,,0,N,Y,HBC:Rasoi:BIB,Case,Ltr,12,CP,MT,1098.9,0,no,Pouch
9111,400000252,Mustard 1 ltr Bottle,Mustard,,,0,N,Y,HBC:Rasoi:BIB,Case,Ltr,12,CP,MT,1098.9,0,no,Pet
9111,400000254,Mustard 200 ml Bottle,Mustard,,,0,N,Y,HBC:Rasoi:BIB,Case,Ltr,12,CP,MT,1098.9,0,no,Pet
9111,400000255,Soyabean 5 ltr Jar,Soyabean,,,0,Y,N,HBC:Rasoi:BIB,Case,Ltr,20,CP,MT,1098.9,5,no,JAR
9111,400000256,Soyabean 1 ltr Bottle,Soyabean,,,0,N,Y,HBC:Rasoi:BIB,Case,Ltr,12,CP,MT,1098.9,5,no,Pet
9111,400000257,Soyabean 500 ml Bottle,Soyabean,,,0,N,Y,HBC:Rasoi:BIB,Case,Ltr,12,CP,MT,1098.9,5,no,Pet
9111,400000259,Sunflower 500 ml Pouch,Sunflower,,,0,N,Y,HBC:Rasoi:BIB,Case,Ltr,10,CP,MT,1098.9,5,no,Pouch
9111,400000273,Sunflower 15 kg Tin,Sunflower,,,0,N,Y,HBC:Rasoi:BIB,Case,Ltr,16.48,BP,MT,1098.9,10,no,TIN
9111,400000275,Sunflower 15 ltr Tin,Sunflower,,,0,N,Y,HBC:Rasoi:BIB,Case,Ltr,15,BP,MT,1098.9,10,no,TIN
9111,400000397,Soyabean 15 ltr Jar,Soyabean,,,0,Y,N,HBC:Rasoi:BIB,Case,Ltr,15,BP,MT,1098.9,10,no,JAR
9111,400000396,Palm  15 ltr Jar,Palm,,,0,N,Y,HBC:Rasoi:BIB,Case,Ltr,15,BP,MT,1111.11,10,no,JAR
9111,400000430,Blend 15 ltr Tin,Blend,,,0,N,Y,HBC:Rasoi:BIB,Case,Ltr,15,BP,MT,1098.9,0,no,TIN
9111,400000356,Bake Magic,Bake Magic,,,0,N,Y,HBC:Rasoi:BIB,Case,Ltr,16.71,BP,MT,1114.21,10,no,Bakery
9112,400000126,Mustard 1 ltr Pouch,Mustard,,,0,N,Y,HBC:Rasoi:BIB,Case,Ltr,12,CP,MT,1098.9,0,no,Pouch
9112,400000128,Palm 500 ml Pouch,Palm,,,0,Y,N,HBC:Rasoi:BIB,Case,Ltr,10,CP,MT,1111.11,5,no,Pouch
9112,400000139,Sunflower 1 ltr Pouch (10pc),Sunflower,,,0,N,Y,HBC:Rasoi:BIB,Case,Ltr,10,CP,MT,1098.9,5,no,Pouch
9112,400000140,Soyabean 1 ltr Pouch,Soyabean,,,0,Y,N,HBC:Rasoi:BIB,Case,Ltr,12,CP,MT,1098.9,5,no,Pouch
9112,400000141,Palm 1 ltr Pouch (10pc),Palm,,,0,Y,N,HBC:Rasoi:BIB,Case,Ltr,10,CP,MT,1111.11,5,no,Pouch
9112,400000151,Palm 15 kg Tin,Palm,,,0,N,Y,HBC:Rasoi:BIB,Case,Ltr,16.67,BP,MT,1111.11,10,no,TIN
9112,400000152,Palm 15 ltr Tin,Palm,,,0,N,Y,HBC:Rasoi:BIB,Case,Ltr,15,BP,MT,1111.11,10,no,TIN
9112,400000153,Soyabean 15 ltr Tin,Soyabean,,,0,N,Y,HBC:Rasoi:BIB,Case,Ltr,15,BP,MT,1098.9,10,no,TIN
9112,400000154,Soyabean 15 kg Tin,Soyabean,,,0,N,Y,HBC:Rasoi:BIB,Case,Ltr,16.48,BP,MT,1098.9,10,no,TIN
9112,400000159,Mustard 500 ml Bottle,Mustard,,,0,N,Y,HBC:Rasoi:BIB,Case,Ltr,12,CP,MT,1098.9,0,no,Pet
9112,400000170,Soyabean 500 ml Pouch,Soyabean,,,0,Y,N,HBC:Rasoi:BIB,Case,Ltr,12,CP,MT,1098.9,5,no,Pouch
9112,400000173,Mustard 500 ml Pouch,Mustard,,,0,N,Y,HBC:Rasoi:BIB,Case,Ltr,12,CP,MT,1098.9,0,no,Pouch
9112,400000252,Mustard 1 ltr Bottle,Mustard,,,0,N,Y,HBC:Rasoi:BIB,Case,Ltr,12,CP,MT,1098.9,0,no,Pet
9112,400000254,Mustard 200 ml Bottle,Mustard,,,0,N,Y,HBC:Rasoi:BIB,Case,Ltr,12,CP,MT,1098.9,0,no,Pet
9112,400000255,Soyabean 5 ltr Jar,Soyabean,,,0,Y,N,HBC:Rasoi:BIB,Case,Ltr,20,CP,MT,1098.9,5,no,JAR
9112,400000256,Soyabean 1 ltr Bottle,Soyabean,,,0,N,Y,HBC:Rasoi:BIB,Case,Ltr,12,CP,MT,1098.9,5,no,Pet
9112,400000257,Soyabean 500 ml Bottle,Soyabean,,,0,N,Y,HBC:Rasoi:BIB,Case,Ltr,12,CP,MT,1098.9,5,no,Pet
9112,400000259,Sunflower 500 ml Pouch,Sunflower,,,0,N,Y,HBC:Rasoi:BIB,Case,Ltr,10,CP,MT,1098.9,5,no,Pouch
9112,400000273,Sunflower 15 kg Tin,Sunflower,,,0,N,Y,HBC:Rasoi:BIB,Case,Ltr,16.48,BP,MT,1098.9,10,no,TIN
9112,400000275,Sunflower 15 ltr Tin,Sunflower,,,0,N,Y,HBC:Rasoi:BIB,Case,Ltr,15,BP,MT,1098.9,10,no,TIN
9112,400000397,Soyabean 15 ltr Jar,Soyabean,,,0,Y,N,HBC:Rasoi:BIB,Case,Ltr,15,BP,MT,1098.9,10,no,JAR
9112,400000396,Palm  15 ltr Jar,Palm,,,0,N,Y,HBC:Rasoi:BIB,Case,Ltr,15,BP,MT,1111.11,10,no,JAR
9112,400000430,Blend 15 ltr Tin,Blend,,,0,N,Y,HBC:Rasoi:BIB,Case,Ltr,15,BP,MT,1098.9,0,no,TIN
9112,400000356,Bake Magic,Bake Magic,,,0,N,Y,HBC:Rasoi:BIB,Case,Ltr,16.71,BP,MT,1114.21,10,no,Bakery
9103,400000126,Mustard 1 ltr Pouch,Mustard,,,0,N,Y,HBC:Rasoi:BIB,Case,Ltr,12,CP,MT,1098.9,0,no,Pouch
9103,400000128,Palm 500 ml Pouch,Palm,,,0,Y,N,HBC:Rasoi:BIB,Case,Ltr,10,CP,MT,1111.11,5,no,Pouch
9103,400000139,Sunflower 1 ltr Pouch (10pc),Sunflower,,,0,N,Y,HBC:Rasoi:BIB,Case,Ltr,10,CP,MT,1098.9,5,no,Pouch
9103,400000140,Soyabean 1 ltr Pouch,Soyabean,,,0,Y,N,HBC:Rasoi:BIB,Case,Ltr,12,CP,MT,1098.9,5,no,Pouch
9103,400000141,Palm 1 ltr Pouch (10pc),Palm,,,0,Y,N,HBC:Rasoi:BIB,Case,Ltr,10,CP,MT,1111.11,5,no,Pouch
9103,400000151,Palm 15 kg Tin,Palm,,,0,N,Y,HBC:Rasoi:BIB,Case,Ltr,16.67,BP,MT,1111.11,10,no,TIN
9103,400000152,Palm 15 ltr Tin,Palm,,,0,N,Y,HBC:Rasoi:BIB,Case,Ltr,15,BP,MT,1111.11,10,no,TIN
9103,400000153,Soyabean 15 ltr Tin,Soyabean,,,0,N,Y,HBC:Rasoi:BIB,Case,Ltr,15,BP,MT,1098.9,10,no,TIN
9103,400000154,Soyabean 15 kg Tin,Soyabean,,,0,N,Y,HBC:Rasoi:BIB,Case,Ltr,16.48,BP,MT,1098.9,10,no,TIN
9103,400000159,Mustard 500 ml Bottle,Mustard,,,0,N,Y,HBC:Rasoi:BIB,Case,Ltr,12,CP,MT,1098.9,0,no,Pet
9103,400000170,Soyabean 500 ml Pouch,Soyabean,,,0,Y,N,HBC:Rasoi:BIB,Case,Ltr,12,CP,MT,1098.9,5,no,Pouch
9103,400000173,Mustard 500 ml Pouch,Mustard,,,0,N,Y,HBC:Rasoi:BIB,Case,Ltr,12,CP,MT,1098.9,0,no,Pouch
9103,400000252,Mustard 1 ltr Bottle,Mustard,,,0,N,Y,HBC:Rasoi:BIB,Case,Ltr,12,CP,MT,1098.9,0,no,Pet
9103,400000254,Mustard 200 ml Bottle,Mustard,,,0,N,Y,HBC:Rasoi:BIB,Case,Ltr,12,CP,MT,1098.9,0,no,Pet
9103,400000255,Soyabean 5 ltr Jar,Soyabean,,,0,Y,N,HBC:Rasoi:BIB,Case,Ltr,20,CP,MT,1098.9,5,no,JAR
9103,400000256,Soyabean 1 ltr Bottle,Soyabean,,,0,N,Y,HBC:Rasoi:BIB,Case,Ltr,12,CP,MT,1098.9,5,no,Pet
9103,400000257,Soyabean 500 ml Bottle,Soyabean,,,0,N,Y,HBC:Rasoi:BIB,Case,Ltr,12,CP,MT,1098.9,5,no,Pet
9103,400000259,Sunflower 500 ml Pouch,Sunflower,,,0,N,Y,HBC:Rasoi:BIB,Case,Ltr,10,CP,MT,1098.9,5,no,Pouch
9103,400000273,Sunflower 15 kg Tin,Sunflower,,,0,N,Y,HBC:Rasoi:BIB,Case,Ltr,16.48,BP,MT,1098.9,10,no,TIN
9103,400000275,Sunflower 15 ltr Tin,Sunflower,,,0,N,Y,HBC:Rasoi:BIB,Case,Ltr,15,BP,MT,1098.9,10,no,TIN
9103,400000397,Soyabean 15 ltr Jar,Soyabean,,,0,Y,N,HBC:Rasoi:BIB,Case,Ltr,15,BP,MT,1098.9,10,no,JAR
9103,400000396,Palm  15 ltr Jar,Palm,,,0,N,Y,HBC:Rasoi:BIB,Case,Ltr,15,BP,MT,1111.11,10,no,JAR
9103,400000430,Blend 15 ltr Tin,Blend,,,0,N,Y,HBC:Rasoi:BIB,Case,Ltr,15,BP,MT,1098.9,0,no,TIN
9103,400000356,Bake Magic,Bake Magic,,,0,N,Y,HBC:Rasoi:BIB,Case,Ltr,16.71,BP,MT,1114.21,10,no,Bakery
9106,400000126,Mustard 1 ltr Pouch,Mustard,,,0,N,Y,HBC:Rasoi:BIB,Case,Ltr,12,CP,MT,1098.9,0,no,Pouch
9106,400000128,Palm 500 ml Pouch,Palm,,,0,Y,N,HBC:Rasoi:BIB,Case,Ltr,10,CP,MT,1111.11,5,no,Pouch
9106,400000139,Sunflower 1 ltr Pouch (10pc),Sunflower,,,0,N,Y,HBC:Rasoi:BIB,Case,Ltr,10,CP,MT,1098.9,5,no,Pouch
9106,400000140,Soyabean 1 ltr Pouch,Soyabean,,,0,Y,N,HBC:Rasoi:BIB,Case,Ltr,12,CP,MT,1098.9,5,no,Pouch
9106,400000141,Palm 1 ltr Pouch (10pc),Palm,,,0,Y,N,HBC:Rasoi:BIB,Case,Ltr,10,CP,MT,1111.11,5,no,Pouch
9106,400000151,Palm 15 kg Tin,Palm,,,0,N,Y,HBC:Rasoi:BIB,Case,Ltr,16.67,BP,MT,1111.11,10,no,TIN
9106,400000152,Palm 15 ltr Tin,Palm,,,0,N,Y,HBC:Rasoi:BIB,Case,Ltr,15,BP,MT,1111.11,10,no,TIN
9106,400000153,Soyabean 15 ltr Tin,Soyabean,,,0,N,Y,HBC:Rasoi:BIB,Case,Ltr,15,BP,MT,1098.9,10,no,TIN
9106,400000154,Soyabean 15 kg Tin,Soyabean,,,0,N,Y,HBC:Rasoi:BIB,Case,Ltr,16.48,BP,MT,1098.9,10,no,TIN
9106,400000159,Mustard 500 ml Bottle,Mustard,,,0,N,Y,HBC:Rasoi:BIB,Case,Ltr,12,CP,MT,1098.9,0,no,Pet
9106,400000170,Soyabean 500 ml Pouch,Soyabean,,,0,Y,N,HBC:Rasoi:BIB,Case,Ltr,12,CP,MT,1098.9,5,no,Pouch
9106,400000173,Mustard 500 ml Pouch,Mustard,,,0,N,Y,HBC:Rasoi:BIB,Case,Ltr,12,CP,MT,1098.9,0,no,Pouch
9106,400000252,Mustard 1 ltr Bottle,Mustard,,,0,N,Y,HBC:Rasoi:BIB,Case,Ltr,12,CP,MT,1098.9,0,no,Pet
9106,400000254,Mustard 200 ml Bottle,Mustard,,,0,N,Y,HBC:Rasoi:BIB,Case,Ltr,12,CP,MT,1098.9,0,no,Pet
9106,400000255,Soyabean 5 ltr Jar,Soyabean,,,0,Y,N,HBC:Rasoi:BIB,Case,Ltr,20,CP,MT,1098.9,5,no,JAR
9106,400000256,Soyabean 1 ltr Bottle,Soyabean,,,0,N,Y,HBC:Rasoi:BIB,Case,Ltr,12,CP,MT,1098.9,5,no,Pet
9106,400000257,Soyabean 500 ml Bottle,Soyabean,,,0,N,Y,HBC:Rasoi:BIB,Case,Ltr,12,CP,MT,1098.9,5,no,Pet
9106,400000259,Sunflower 500 ml Pouch,Sunflower,,,0,N,Y,HBC:Rasoi:BIB,Case,Ltr,10,CP,MT,1098.9,5,no,Pouch
9106,400000273,Sunflower 15 kg Tin,Sunflower,,,0,N,Y,HBC:Rasoi:BIB,Case,Ltr,16.48,BP,MT,1098.9,10,no,TIN
9106,400000275,Sunflower 15 ltr Tin,Sunflower,,,0,N,Y,HBC:Rasoi:BIB,Case,Ltr,15,BP,MT,1098.9,10,no,TIN
9106,400000397,Soyabean 15 ltr Jar,Soyabean,,,0,Y,N,HBC:Rasoi:BIB,Case,Ltr,15,BP,MT,1098.9,10,no,JAR
9106,400000396,Palm  15 ltr Jar,Palm,,,0,N,Y,HBC:Rasoi:BIB,Case,Ltr,15,BP,MT,1111.11,10,no,JAR
9106,400000430,Blend 15 ltr Tin,Blend,,,0,N,Y,HBC:Rasoi:BIB,Case,Ltr,15,BP,MT,1098.9,0,no,TIN
9106,400000356,Bake Magic,Bake Magic,,,0,N,Y,HBC:Rasoi:BIB,Case,Ltr,16.71,BP,MT,1114.21,10,no,Bakery
9118,400000126,Mustard 1 ltr Pouch,Mustard,,,0,N,Y,HBC:Rasoi:BIB,Case,Ltr,12,CP,MT,1098.9,0,no,Pouch
9118,400000128,Palm 500 ml Pouch,Palm,,,0,Y,N,HBC:Rasoi:BIB,Case,Ltr,10,CP,MT,1111.11,5,no,Pouch
9118,400000139,Sunflower 1 ltr Pouch (10pc),Sunflower,,,0,N,Y,HBC:Rasoi:BIB,Case,Ltr,10,CP,MT,1098.9,5,no,Pouch
9118,400000140,Soyabean 1 ltr Pouch,Soyabean,,,0,Y,N,HBC:Rasoi:BIB,Case,Ltr,12,CP,MT,1098.9,5,no,Pouch
9118,400000141,Palm 1 ltr Pouch (10pc),Palm,,,0,Y,N,HBC:Rasoi:BIB,Case,Ltr,10,CP,MT,1111.11,5,no,Pouch
9118,400000151,Palm 15 kg Tin,Palm,,,0,N,Y,HBC:Rasoi:BIB,Case,Ltr,16.67,BP,MT,1111.11,10,no,TIN
9118,400000152,Palm 15 ltr Tin,Palm,,,0,N,Y,HBC:Rasoi:BIB,Case,Ltr,15,BP,MT,1111.11,10,no,TIN
9118,400000153,Soyabean 15 ltr Tin,Soyabean,,,0,N,Y,HBC:Rasoi:BIB,Case,Ltr,15,BP,MT,1098.9,10,no,TIN
9118,400000154,Soyabean 15 kg Tin,Soyabean,,,0,N,Y,HBC:Rasoi:BIB,Case,Ltr,16.48,BP,MT,1098.9,10,no,TIN
9118,400000159,Mustard 500 ml Bottle,Mustard,,,0,N,Y,HBC:Rasoi:BIB,Case,Ltr,12,CP,MT,1098.9,0,no,Pet
9118,400000170,Soyabean 500 ml Pouch,Soyabean,,,0,Y,N,HBC:Rasoi:BIB,Case,Ltr,12,CP,MT,1098.9,5,no,Pouch
9118,400000173,Mustard 500 ml Pouch,Mustard,,,0,N,Y,HBC:Rasoi:BIB,Case,Ltr,12,CP,MT,1098.9,0,no,Pouch
9118,400000252,Mustard 1 ltr Bottle,Mustard,,,0,N,Y,HBC:Rasoi:BIB,Case,Ltr,12,CP,MT,1098.9,0,no,Pet
9118,400000254,Mustard 200 ml Bottle,Mustard,,,0,N,Y,HBC:Rasoi:BIB,Case,Ltr,12,CP,MT,1098.9,0,no,Pet
9118,400000255,Soyabean 5 ltr Jar,Soyabean,,,0,Y,N,HBC:Rasoi:BIB,Case,Ltr,20,CP,MT,1098.9,5,no,JAR
9118,400000256,Soyabean 1 ltr Bottle,Soyabean,,,0,N,Y,HBC:Rasoi:BIB,Case,Ltr,12,CP,MT,1098.9,5,no,Pet
9118,400000257,Soyabean 500 ml Bottle,Soyabean,,,0,N,Y,HBC:Rasoi:BIB,Case,Ltr,12,CP,MT,1098.9,5,no,Pet
9118,400000259,Sunflower 500 ml Pouch,Sunflower,,,0,N,Y,HBC:Rasoi:BIB,Case,Ltr,10,CP,MT,1098.9,5,no,Pouch
9118,400000273,Sunflower 15 kg Tin,Sunflower,,,0,N,Y,HBC:Rasoi:BIB,Case,Ltr,16.48,BP,MT,1098.9,10,no,TIN
9118,400000275,Sunflower 15 ltr Tin,Sunflower,,,0,N,Y,HBC:Rasoi:BIB,Case,Ltr,15,BP,MT,1098.9,10,no,TIN
9118,400000397,Soyabean 15 ltr Jar,Soyabean,,,0,Y,N,HBC:Rasoi:BIB,Case,Ltr,15,BP,MT,1098.9,10,no,JAR
9118,400000396,Palm  15 ltr Jar,Palm,,,0,N,Y,HBC:Rasoi:BIB,Case,Ltr,15,BP,MT,1111.11,10,no,JAR
9118,400000430,Blend 15 ltr Tin,Blend,,,0,N,Y,HBC:Rasoi:BIB,Case,Ltr,15,BP,MT,1098.9,0,no,TIN
9118,400000356,Bake Magic,Bake Magic,,,0,N,Y,HBC:Rasoi:BIB,Case,Ltr,16.71,BP,MT,1114.21,10,no,Bakery
1000D,400000521,Rasoi No-1 15 ltr Jar,Vanaspati,,,0,N,Y,HBC:Rasoi:BIB,Case,Ltr,15,BP,MT,1114.21,0,no,JAR
9110,400000521,Rasoi No-1 15 ltr Jar,Vanaspati,,,0,N,Y,HBC:Rasoi:BIB,Case,Ltr,15,BP,MT,1114.21,0,no,JAR
9111,400000521,Rasoi No-1 15 ltr Jar,Vanaspati,,,0,N,Y,HBC:Rasoi:BIB,Case,Ltr,15,BP,MT,1114.21,0,no,JAR
9106,400000521,Rasoi No-1 15 ltr Jar,Vanaspati,,,0,N,Y,HBC:Rasoi:BIB,Case,Ltr,15,BP,MT,1114.21,0,no,JAR
9103,400000521,Rasoi No-1 15 ltr Jar,Vanaspati,,,0,N,Y,HBC:Rasoi:BIB,Case,Ltr,15,BP,MT,1114.21,0,no,JAR
9118,400000521,Rasoi No-1 15 ltr Jar,Vanaspati,,,0,N,Y,HBC:Rasoi:BIB,Case,Ltr,15,BP,MT,1114.21,0,no,JAR
9108,400000521,Rasoi No-1 15 ltr Jar,Vanaspati,,,0,N,Y,HBC:Rasoi:BIB,Case,Ltr,15,BP,MT,1114.21,0,no,JAR
9306,400000521,Rasoi No-1 15 ltr Jar,Vanaspati,,,0,N,Y,HBC:Rasoi:BIB,Case,Ltr,15,BP,MT,1114.21,0,no,JAR
9105,400000521,Rasoi No-1 15 ltr Jar,Vanaspati,,,0,N,Y,HBC:Rasoi:BIB,Case,Ltr,15,BP,MT,1114.21,0,no,JAR
9114,400000521,Rasoi No-1 15 ltr Jar,Vanaspati,,,0,N,Y,HBC:Rasoi:BIB,Case,Ltr,15,BP,MT,1114.21,0,no,JAR
9117,400000521,Rasoi No-1 15 ltr Jar,Vanaspati,,,0,N,Y,HBC:Rasoi:BIB,Case,Ltr,15,BP,MT,1114.21,0,no,JAR
9112,400000521,Rasoi No-1 15 ltr Jar,Vanaspati,,,0,N,Y,HBC:Rasoi:BIB,Case,Ltr,15,BP,MT,1114.21,0,no,JAR
1000D,400000523,Rasoi No 1 15 kg Jar,Vanaspati,,,0,N,Y,HBC:Rasoi:BIB,Case,Ltr,16.71,BP,MT,1114.21,0,no,JAR
9110,400000523,Rasoi No 1 15 kg Jar,Vanaspati,,,0,N,Y,HBC:Rasoi:BIB,Case,Ltr,16.71,BP,MT,1114.21,0,no,JAR
9117,400000523,Rasoi No 1 15 kg Jar,Vanaspati,,,0,N,Y,HBC:Rasoi:BIB,Case,Ltr,16.71,BP,MT,1114.21,0,no,JAR
9112,400000523,Rasoi No 1 15 kg Jar,Vanaspati,,,0,N,Y,HBC:Rasoi:BIB,Case,Ltr,16.71,BP,MT,1114.21,0,no,JAR
9106,400000523,Rasoi No 1 15 kg Jar,Vanaspati,,,0,N,Y,HBC:Rasoi:BIB,Case,Ltr,16.71,BP,MT,1114.21,0,no,JAR
9111,400000523,Rasoi No 1 15 kg Jar,Vanaspati,,,0,N,Y,HBC:Rasoi:BIB,Case,Ltr,16.71,BP,MT,1114.21,0,no,JAR
9103,400000523,Rasoi No 1 15 kg Jar,Vanaspati,,,0,N,Y,HBC:Rasoi:BIB,Case,Ltr,16.71,BP,MT,1114.21,0,no,JAR
9118,400000523,Rasoi No 1 15 kg Jar,Vanaspati,,,0,N,Y,HBC:Rasoi:BIB,Case,Ltr,16.71,BP,MT,1114.21,0,no,JAR
9108,400000523,Rasoi No 1 15 kg Jar,Vanaspati,,,0,N,Y,HBC:Rasoi:BIB,Case,Ltr,16.71,BP,MT,1114.21,0,no,JAR
9306,400000523,Rasoi No 1 15 kg Jar,Vanaspati,,,0,N,Y,HBC:Rasoi:BIB,Case,Ltr,16.71,BP,MT,1114.21,0,no,JAR
9308,400000523,Rasoi No 1 15 kg Jar,Vanaspati,,,0,N,Y,HBC:Rasoi:BIB,Case,Ltr,16.71,BP,MT,1114.21,0,no,JAR
9105,400000523,Rasoi No 1 15 kg Jar,Vanaspati,,,0,N,Y,HBC:Rasoi:BIB,Case,Ltr,16.71,BP,MT,1114.21,0,no,JAR
9114,400000523,Rasoi No 1 15 kg Jar,Vanaspati,,,0,N,Y,HBC:Rasoi:BIB,Case,Ltr,16.71,BP,MT,1114.21,0,no,JAR
1000D,400000481,Soyabean LUP Rs 5/- (50ml),Soyabean,,,0,N,Y,HBC:Rasoi:BIB,Case,Ltr,10.8,CP,MT,1098.9,5,no,
1000D,400000480,Soyabean LUP Rs 10/- (100ml),Soyabean,,,0,N,Y,HBC:Rasoi:BIB,Case,Ltr,12,CP,MT,1098.9,5,no,
1000D,400000530,Soyabean LUP Rs 10/- (90ml),Soyabean,,,0,N,Y,HBC:Rasoi:BIB,Case,Ltr,10.8,CP,MT,1098.9,5,no,
9110,400000481,Soyabean LUP Rs 5/- (50ml),Soyabean,,,0,N,Y,HBC:Rasoi:BIB,Case,Ltr,10.8,CP,MT,1098.9,5,no,
9110,400000480,Soyabean LUP Rs 10/- (100ml),Soyabean,,,0,N,Y,HBC:Rasoi:BIB,Case,Ltr,12,CP,MT,1098.9,5,no,
9117,400000481,Soyabean LUP Rs 5/- (50ml),Soyabean,,,0,N,Y,HBC:Rasoi:BIB,Case,Ltr,10.8,CP,MT,1098.9,5,no,
9117,400000480,Soyabean LUP Rs 10/- (100ml),Soyabean,,,0,N,Y,HBC:Rasoi:BIB,Case,Ltr,12,CP,MT,1098.9,5,no,
9117,400000487,Palm LUP Rs 5/- (50ml),Palm,,,0,N,Y,HBC:Rasoi:BIB,Case,Ltr,12,CP,MT,1111.11,5,no,
9117,400000502,Palm LUP Rs 10/- (100ml),Palm,,,0,N,Y,HBC:Rasoi:BIB,Case,Ltr,12,CP,MT,1111.11,5,no,
9108,400000524,Sunflower 1 ltr Pouch (12pc),Sunflower,,,0,N,Y,HBC:Rasoi:BIB,Case,Ltr,12,CP,MT,1098.9,5,no,Pouch
9306,400000524,Sunflower 1 ltr Pouch (12pc),Sunflower,,,0,N,Y,HBC:Rasoi:BIB,Case,Ltr,12,CP,MT,1098.9,5,no,Pouch
9306KP,400000524,Sunflower 1 ltr Pouch (12pc),Sunflower,,,0,N,Y,HBC:Rasoi:BIB,Case,Ltr,12,CP,MT,1098.9,5,no,Pouch
9308,400000524,Sunflower 1 ltr Pouch (12pc),Sunflower,,,0,N,Y,HBC:Rasoi:BIB,Case,Ltr,12,CP,MT,1098.9,5,no,Pouch
9308KP,400000524,Sunflower 1 ltr Pouch (12pc),Sunflower,,,0,N,Y,HBC:Rasoi:BIB,Case,Ltr,12,CP,MT,1098.9,5,no,Pouch
9412,400000524,Sunflower 1 ltr Pouch (12pc),Sunflower,,,0,N,Y,HBC:Rasoi:BIB,Case,Ltr,12,CP,MT,1098.9,5,no,Pouch
9101,400000524,Sunflower 1 ltr Pouch (12pc),Sunflower,,,0,N,Y,HBC:Rasoi:BIB,Case,Ltr,12,CP,MT,1098.9,5,no,Pouch
9120,400000524,Sunflower 1 ltr Pouch (12pc),Sunflower,,,0,N,Y,HBC:Rasoi:BIB,Case,Ltr,12,CP,MT,1098.9,5,no,Pouch
9110,400000524,Sunflower 1 ltr Pouch (12pc),Sunflower,,,0,N,Y,HBC:Rasoi:BIB,Case,Ltr,12,CP,MT,1098.9,5,no,Pouch
9201,400000524,Sunflower 1 ltr Pouch (12pc),Sunflower,,,0,N,Y,HBC:Rasoi:BIB,Case,Ltr,12,CP,MT,1098.9,5,no,Pouch
9207,400000524,Sunflower 1 ltr Pouch (12pc),Sunflower,,,0,N,Y,HBC:Rasoi:BIB,Case,Ltr,12,CP,MT,1098.9,5,no,Pouch
9203,400000524,Sunflower 1 ltr Pouch (12pc),Sunflower,,,0,N,Y,HBC:Rasoi:BIB,Case,Ltr,12,CP,MT,1098.9,5,no,Pouch
9111,400000524,Sunflower 1 ltr Pouch (12pc),Sunflower,,,0,N,Y,HBC:Rasoi:BIB,Case,Ltr,12,CP,MT,1098.9,5,no,Pouch
9208,400000524,Sunflower 1 ltr Pouch (12pc),Sunflower,,,0,N,Y,HBC:Rasoi:BIB,Case,Ltr,12,CP,MT,1098.9,5,no,Pouch
9112,400000524,Sunflower 1 ltr Pouch (12pc),Sunflower,,,0,N,Y,HBC:Rasoi:BIB,Case,Ltr,12,CP,MT,1098.9,5,no,Pouch
9117,400000524,Sunflower 1 ltr Pouch (12pc),Sunflower,,,0,N,Y,HBC:Rasoi:BIB,Case,Ltr,12,CP,MT,1098.9,5,no,Pouch
9105,400000524,Sunflower 1 ltr Pouch (12pc),Sunflower,,,0,N,Y,HBC:Rasoi:BIB,Case,Ltr,12,CP,MT,1098.9,5,no,Pouch
9105KP,400000524,Sunflower 1 ltr Pouch (12pc),Sunflower,,,0,N,Y,HBC:Rasoi:BIB,Case,Ltr,12,CP,MT,1098.9,5,no,Pouch
9103,400000524,Sunflower 1 ltr Pouch (12pc),Sunflower,,,0,N,Y,HBC:Rasoi:BIB,Case,Ltr,12,CP,MT,1098.9,5,no,Pouch
9407DD,400000524,Sunflower 1 ltr Pouch (12pc),Sunflower,,,0,N,Y,HBC:Rasoi:BIB,Case,Ltr,12,CP,MT,1098.9,5,no,Pouch
1000D,400000524,Sunflower 1 ltr Pouch (12pc),Sunflower,,,0,N,Y,HBC:Rasoi:BIB,Case,Ltr,12,CP,MT,1098.9,5,no,Pouch
4000D,400000524,Sunflower 1 ltr Pouch (12pc),Sunflower,,,0,N,Y,HBC:Rasoi:BIB,Case,Ltr,12,CP,MT,1098.9,5,no,Pouch
9114,400000524,Sunflower 1 ltr Pouch (12pc),Sunflower,,,0,N,Y,HBC:Rasoi:BIB,Case,Ltr,12,CP,MT,1098.9,5,no,Pouch
9114KP,400000524,Sunflower 1 ltr Pouch (12pc),Sunflower,,,0,N,Y,HBC:Rasoi:BIB,Case,Ltr,12,CP,MT,1098.9,5,no,Pouch
9407D,400000524,Sunflower 1 ltr Pouch (12pc),Sunflower,,,0,N,Y,HBC:Rasoi:BIB,Case,Ltr,12,CP,MT,1098.9,5,no,Pouch
9213,400000524,Sunflower 1 ltr Pouch (12pc),Sunflower,,,0,N,Y,HBC:Rasoi:BIB,Case,Ltr,12,CP,MT,1098.9,5,no,Pouch
9205,400000524,Sunflower 1 ltr Pouch (12pc),Sunflower,,,0,N,Y,HBC:Rasoi:BIB,Case,Ltr,12,CP,MT,1098.9,5,no,Pouch
9106,400000524,Sunflower 1 ltr Pouch (12pc),Sunflower,,,0,N,Y,HBC:Rasoi:BIB,Case,Ltr,12,CP,MT,1098.9,5,no,Pouch
9407B,400000524,Sunflower 1 ltr Pouch (12pc),Sunflower,,,0,N,Y,HBC:Rasoi:BIB,Case,Ltr,12,CP,MT,1098.9,5,no,Pouch
9118,400000524,Sunflower 1 ltr Pouch (12pc),Sunflower,,,0,N,Y,HBC:Rasoi:BIB,Case,Ltr,12,CP,MT,1098.9,5,no,Pouch
9113,400000524,Sunflower 1 ltr Pouch (12pc),Sunflower,,,0,N,Y,HBC:Rasoi:BIB,Case,Ltr,12,CP,MT,1098.9,5,no,Pouch
9407A,400000524,Sunflower 1 ltr Pouch (12pc),Sunflower,,,0,N,Y,HBC:Rasoi:BIB,Case,Ltr,12,CP,MT,1098.9,5,no,Pouch
9412,400000126,Mustard 1 ltr Pouch,Mustard,,,0,N,Y,HBC:Rasoi:BIB,Case,Ltr,12,CP,MT,1098.9,0,no,Pouch
9412,400000128,Palm 500 ml Pouch,Palm,,,0,Y,N,HBC:Rasoi:BIB,Case,Ltr,10,CP,MT,1111.11,5,no,Pouch
9412,400000139,Sunflower 1 ltr Pouch (10pc),Sunflower,,,0,N,Y,HBC:Rasoi:BIB,Case,Ltr,10,CP,MT,1098.9,5,no,Pouch
9412,400000140,Soyabean 1 ltr Pouch,Soyabean,,,0,Y,N,HBC:Rasoi:BIB,Case,Ltr,12,CP,MT,1098.9,5,no,Pouch
9412,400000141,Palm 1 ltr Pouch (10pc),Palm,,,0,Y,N,HBC:Rasoi:BIB,Case,Ltr,10,CP,MT,1111.11,5,no,Pouch
9412,400000151,Palm 15 kg Tin,Palm,,,0,N,Y,HBC:Rasoi:BIB,Case,Ltr,16.67,BP,MT,1111.11,10,no,TIN
9412,400000152,Palm 15 ltr Tin,Palm,,,0,N,Y,HBC:Rasoi:BIB,Case,Ltr,15,BP,MT,1111.11,10,no,TIN
9412,400000153,Soyabean 15 ltr Tin,Soyabean,,,0,N,Y,HBC:Rasoi:BIB,Case,Ltr,15,BP,MT,1098.9,10,no,TIN
9412,400000154,Soyabean 15 kg Tin,Soyabean,,,0,N,Y,HBC:Rasoi:BIB,Case,Ltr,16.48,BP,MT,1098.9,10,no,TIN
9412,400000159,Mustard 500 ml Bottle,Mustard,,,0,N,Y,HBC:Rasoi:BIB,Case,Ltr,12,CP,MT,1098.9,0,no,Pet
9412,400000170,Soyabean 500 ml Pouch,Soyabean,,,0,Y,N,HBC:Rasoi:BIB,Case,Ltr,12,CP,MT,1098.9,5,no,Pouch
9412,400000173,Mustard 500 ml Pouch,Mustard,,,0,N,Y,HBC:Rasoi:BIB,Case,Ltr,12,CP,MT,1098.9,0,no,Pouch
9412,400000252,Mustard 1 ltr Bottle,Mustard,,,0,N,Y,HBC:Rasoi:BIB,Case,Ltr,12,CP,MT,1098.9,0,no,Pet
9412,400000254,Mustard 200 ml Bottle,Mustard,,,0,N,Y,HBC:Rasoi:BIB,Case,Ltr,12,CP,MT,1098.9,0,no,Pet
9412,400000255,Soyabean 5 ltr Jar,Soyabean,,,0,Y,N,HBC:Rasoi:BIB,Case,Ltr,20,CP,MT,1098.9,5,no,JAR
9412,400000256,Soyabean 1 ltr Bottle,Soyabean,,,0,N,Y,HBC:Rasoi:BIB,Case,Ltr,12,CP,MT,1098.9,5,no,Pet
9412,400000257,Soyabean 500 ml Bottle,Soyabean,,,0,N,Y,HBC:Rasoi:BIB,Case,Ltr,12,CP,MT,1098.9,5,no,Pet
9412,400000259,Sunflower 500 ml Pouch,Sunflower,,,0,N,Y,HBC:Rasoi:BIB,Case,Ltr,10,CP,MT,1098.9,5,no,Pouch
9412,400000260,Sunflower 1 ltr Pouch (16pc),Sunflower,,,0,N,Y,HBC:Rasoi:BIB,Case,Ltr,16,CP,MT,1098.9,5,no,Pouch
9412,400000273,Sunflower 15 kg Tin,Sunflower,,,0,N,Y,HBC:Rasoi:BIB,Case,Ltr,16.48,BP,MT,1098.9,10,no,TIN
9412,400000275,Sunflower 15 ltr Tin,Sunflower,,,0,N,Y,HBC:Rasoi:BIB,Case,Ltr,15,BP,MT,1098.9,10,no,TIN
9412,400000360,Sun n Lite 15 ltr Tin,Sunflower,,,0,N,Y,HBC:Rasoi:BIB,Case,Ltr,15,BP,MT,1098.9,10,no,TIN
9412,400000362,Gold n Lite 15 kg Tin,Palm,,,0,N,Y,HBC:Rasoi:BIB,Case,Ltr,16.67,BP,MT,1111.11,10,no,TIN
9412,400000370,Gold n Lite 15 ltr Tin,Palm,,,0,N,Y,HBC:Rasoi:BIB,Case,Ltr,15,BP,MT,1111.11,10,no,TIN
9412,400000373,Rasoi 15 ltr Tin,Vanaspati,,,0,N,Y,HBC:Rasoi:BIB,Case,Ltr,15,BP,MT,1114.21,0,no,TIN
9412,400000377,Gold n Lite 15 ltr Jar,Palm,,,0,N,Y,HBC:Rasoi:BIB,Case,Ltr,15,BP,MT,1111.11,10,no,JAR
9412,400000378,Soyalite 15 ltr Jar,Soyabean,,,0,N,Y,HBC:Rasoi:BIB,Case,Ltr,15,BP,MT,1098.9,10,no,JAR
9412,400000387,Gold n Lite 500 ml Pouch,Palm,,,0,N,Y,HBC:Rasoi:BIB,Case,Ltr,10,CP,MT,1111.11,5,no,Pouch
9412,400000397,Soyabean 15 ltr Jar,Soyabean,,,0,Y,N,HBC:Rasoi:BIB,Case,Ltr,15,BP,MT,1098.9,10,no,JAR
9412,400000396,Palm  15 ltr Jar,Palm,,,0,N,Y,HBC:Rasoi:BIB,Case,Ltr,15,BP,MT,1111.11,10,no,JAR
9412,400000441,Rasoi 15 kg Jar (Blue),Vanaspati,,,0,N,Y,HBC:Rasoi:BIB,Case,Ltr,16.71,BP,MT,1114.21,0,no,JAR
9412,400000449,Rasoi 15 kg Jar (Gold),Vanaspati,,,0,N,Y,HBC:Rasoi:BIB,Case,Ltr,16.71,BP,MT,1114.21,0,no,JAR
9412,400000454,Rasoi 1 ltr Pouch (Yellow),Vanaspati,,,0,N,Y,HBC:Rasoi:BIB,Case,Ltr,16,CP,MT,1114.21,0,no,Pouch
9412,400000455,Rasoi 1 ltr Pouch (Siliguri),Vanaspati,,,0,N,Y,HBC:Rasoi:BIB,Case,Ltr,16,CP,MT,1114.21,0,no,Pouch
9412,400000430,Blend 15 ltr Tin,Blend,,,0,N,Y,HBC:Rasoi:BIB,Case,Ltr,15,BP,MT,1098.9,0,no,TIN
9412,400000356,Bake Magic,Bake Magic,,,0,N,Y,HBC:Rasoi:BIB,Case,Ltr,16.71,BP,MT,1114.21,10,no,Bakery
9412,400000456,Rasoi  500 ml Pouch,Vanaspati,,,0,N,Y,HBC:Rasoi:BIB,Case,Ltr,16,CP,MT,1114.21,0,no,Pouch
9412,400000457,Rasoi  200 ml Pouch,Vanaspati,,,0,N,Y,HBC:Rasoi:BIB,Case,Ltr,16,CP,MT,1114.21,0,no,Pouch
9412,400000395,Rasoi 15 ltr Jar (Yellow),Vanaspati,,,0,N,Y,HBC:Rasoi:BIB,Case,Ltr,15,BP,MT,1114.21,0,no,JAR
9101,400000521,Rasoi No-1 15 ltr Jar,Vanaspati,,,0,N,Y,HBC:Rasoi:BIB,Case,Ltr,15,BP,MT,1114.21,0,no,JAR
9407A,400000521,Rasoi No-1 15 ltr Jar,Vanaspati,,,0,N,Y,HBC:Rasoi:BIB,Case,Ltr,15,BP,MT,1114.21,0,no,JAR
9113,400000521,Rasoi No-1 15 ltr Jar,Vanaspati,,,0,N,Y,HBC:Rasoi:BIB,Case,Ltr,15,BP,MT,1114.21,0,no,JAR
9120,400000521,Rasoi No-1 15 ltr Jar,Vanaspati,,,0,N,Y,HBC:Rasoi:BIB,Case,Ltr,15,BP,MT,1114.21,0,no,JAR
9412,400000521,Rasoi No-1 15 ltr Jar,Vanaspati,,,0,N,Y,HBC:Rasoi:BIB,Case,Ltr,15,BP,MT,1114.21,0,no,JAR
9101,400000523,Rasoi No 1 15 kg Jar,Vanaspati,,,0,N,Y,HBC:Rasoi:BIB,Case,Ltr,16.71,BP,MT,1114.21,0,no,JAR
9407A,400000523,Rasoi No 1 15 kg Jar,Vanaspati,,,0,N,Y,HBC:Rasoi:BIB,Case,Ltr,16.71,BP,MT,1114.21,0,no,JAR
9113,400000523,Rasoi No 1 15 kg Jar,Vanaspati,,,0,N,Y,HBC:Rasoi:BIB,Case,Ltr,16.71,BP,MT,1114.21,0,no,JAR
9120,400000523,Rasoi No 1 15 kg Jar,Vanaspati,,,0,N,Y,HBC:Rasoi:BIB,Case,Ltr,16.71,BP,MT,1114.21,0,no,JAR
9412,400000523,Rasoi No 1 15 kg Jar,Vanaspati,,,0,N,Y,HBC:Rasoi:BIB,Case,Ltr,16.71,BP,MT,1114.21,0,no,JAR
9110,400000530,Soyabean LUP Rs 10/- (90ml),Soyabean,,,0,N,Y,HBC:Rasoi:BIB,Case,Ltr,10.8,CP,MT,1098.9,5,no,
9117,400000530,Soyabean LUP Rs 10/- (90ml),Soyabean,,,0,N,Y,HBC:Rasoi:BIB,Case,Ltr,10.8,CP,MT,1098.9,5,no,
9112,400000480,Soyabean LUP Rs 10/- (100ml),Soyabean,,,0,N,Y,HBC:Rasoi:BIB,Case,Ltr,12,CP,MT,1098.9,5,no,
9112,400000530,Soyabean LUP Rs 10/- (90ml),Soyabean,,,0,N,Y,HBC:Rasoi:BIB,Case,Ltr,10.8,CP,MT,1098.9,5,no,
9106,400000480,Soyabean LUP Rs 10/- (100ml),Soyabean,,,0,N,Y,HBC:Rasoi:BIB,Case,Ltr,12,CP,MT,1098.9,5,no,
9106,400000530,Soyabean LUP Rs 10/- (90ml),Soyabean,,,0,N,Y,HBC:Rasoi:BIB,Case,Ltr,10.8,CP,MT,1098.9,5,no,
9111,400000480,Soyabean LUP Rs 10/- (100ml),Soyabean,,,0,N,Y,HBC:Rasoi:BIB,Case,Ltr,12,CP,MT,1098.9,5,no,
9111,400000530,Soyabean LUP Rs 10/- (90ml),Soyabean,,,0,N,Y,HBC:Rasoi:BIB,Case,Ltr,10.8,CP,MT,1098.9,5,no,
9103,400000480,Soyabean LUP Rs 10/- (100ml),Soyabean,,,0,N,Y,HBC:Rasoi:BIB,Case,Ltr,12,CP,MT,1098.9,5,no,
9103,400000530,Soyabean LUP Rs 10/- (90ml),Soyabean,,,0,N,Y,HBC:Rasoi:BIB,Case,Ltr,10.8,CP,MT,1098.9,5,no,
9108,400000480,Soyabean LUP Rs 10/- (100ml),Soyabean,,,0,N,Y,HBC:Rasoi:BIB,Case,Ltr,12,CP,MT,1098.9,5,no,
9108,400000530,Soyabean LUP Rs 10/- (90ml),Soyabean,,,0,N,Y,HBC:Rasoi:BIB,Case,Ltr,10.8,CP,MT,1098.9,5,no,
9306,400000480,Soyabean LUP Rs 10/- (100ml),Soyabean,,,0,N,Y,HBC:Rasoi:BIB,Case,Ltr,12,CP,MT,1098.9,5,no,
9306,400000530,Soyabean LUP Rs 10/- (90ml),Soyabean,,,0,N,Y,HBC:Rasoi:BIB,Case,Ltr,10.8,CP,MT,1098.9,5,no,
9308,400000480,Soyabean LUP Rs 10/- (100ml),Soyabean,,,0,N,Y,HBC:Rasoi:BIB,Case,Ltr,12,CP,MT,1098.9,5,no,
9308,400000530,Soyabean LUP Rs 10/- (90ml),Soyabean,,,0,N,Y,HBC:Rasoi:BIB,Case,Ltr,10.8,CP,MT,1098.9,5,no,
9105,400000480,Soyabean LUP Rs 10/- (100ml),Soyabean,,,0,N,Y,HBC:Rasoi:BIB,Case,Ltr,12,CP,MT,1098.9,5,no,
9105,400000530,Soyabean LUP Rs 10/- (90ml),Soyabean,,,0,N,Y,HBC:Rasoi:BIB,Case,Ltr,10.8,CP,MT,1098.9,5,no,
9114,400000480,Soyabean LUP Rs 10/- (100ml),Soyabean,,,0,N,Y,HBC:Rasoi:BIB,Case,Ltr,12,CP,MT,1098.9,5,no,
9114,400000530,Soyabean LUP Rs 10/- (90ml),Soyabean,,,0,N,Y,HBC:Rasoi:BIB,Case,Ltr,10.8,CP,MT,1098.9,5,no,
9412,400000480,Soyabean LUP Rs 10/- (100ml),Soyabean,,,0,N,Y,HBC:Rasoi:BIB,Case,Ltr,12,CP,MT,1098.9,5,no,
9412,400000530,Soyabean LUP Rs 10/- (90ml),Soyabean,,,0,N,Y,HBC:Rasoi:BIB,Case,Ltr,10.8,CP,MT,1098.9,5,no,
9101,400000480,Soyabean LUP Rs 10/- (100ml),Soyabean,,,0,N,Y,HBC:Rasoi:BIB,Case,Ltr,12,CP,MT,1098.9,5,no,
9101,400000530,Soyabean LUP Rs 10/- (90ml),Soyabean,,,0,N,Y,HBC:Rasoi:BIB,Case,Ltr,10.8,CP,MT,1098.9,5,no,
9120,400000480,Soyabean LUP Rs 10/- (100ml),Soyabean,,,0,N,Y,HBC:Rasoi:BIB,Case,Ltr,12,CP,MT,1098.9,5,no,
9120,400000530,Soyabean LUP Rs 10/- (90ml),Soyabean,,,0,N,Y,HBC:Rasoi:BIB,Case,Ltr,10.8,CP,MT,1098.9,5,no,
9116,400000356,Bake Magic,Bake Magic,,,0,N,Y,HBC:Rasoi:BIB,Case,Ltr,16.71,BP,MT,1114.21,10,no,Bakery
9108,410000003,Soyabean 1 ltr Pouch (H&T),Soyabean,,,0,N,Y,HBC:Rasoi:BIB,Case,Ltr,12,CP,MT,1098.9,5,no,Pouch
9108,410000005,Mustard 1 ltr Pouch (H&T),Mustard,,,0,N,Y,HBC:Rasoi:BIB,Case,Ltr,12,CP,MT,1098.9,0,no,Pouch
9116,400000430,Blend 15 ltr Tin,Blend,,,0,N,Y,HBC:Rasoi:BIB,Case,Ltr,15,BP,MT,1098.9,0,no,TIN
9116,400000252,Mustard 1 ltr Bottle,Mustard,,,0,N,Y,HBC:Rasoi:BIB,Case,Ltr,12,CP,MT,1098.9,0,no,Pet
9116,400000126,Mustard 1 ltr Pouch,Mustard,,,0,N,Y,HBC:Rasoi:BIB,Case,Ltr,12,CP,MT,1098.9,0,no,Pouch
9116,400000254,Mustard 200 ml Bottle,Mustard,,,0,N,Y,HBC:Rasoi:BIB,Case,Ltr,12,CP,MT,1098.9,0,no,Pet
9116,400000159,Mustard 500 ml Bottle,Mustard,,,0,N,Y,HBC:Rasoi:BIB,Case,Ltr,12,CP,MT,1098.9,0,no,Pet
9116,400000173,Mustard 500 ml Pouch,Mustard,,,0,N,Y,HBC:Rasoi:BIB,Case,Ltr,12,CP,MT,1098.9,0,no,Pouch
9116,400000362,Gold n Lite 15 kg Tin,Palm,,,0,N,Y,HBC:Rasoi:BIB,Case,Ltr,16.67,BP,MT,1111.11,10,no,TIN
9116,400000377,Gold n Lite 15 ltr Jar,Palm,,,0,N,Y,HBC:Rasoi:BIB,Case,Ltr,15,BP,MT,1111.11,10,no,JAR
9116,400000370,Gold n Lite 15 ltr Tin,Palm,,,0,N,Y,HBC:Rasoi:BIB,Case,Ltr,15,BP,MT,1111.11,10,no,TIN
9116,400000387,Gold n Lite 500 ml Pouch,Palm,,,0,N,Y,HBC:Rasoi:BIB,Case,Ltr,10,CP,MT,1111.11,5,no,Pouch
9116,400000396,Palm  15 ltr Jar,Palm,,,0,N,Y,HBC:Rasoi:BIB,Case,Ltr,15,BP,MT,1111.11,10,no,JAR
9116,400000141,Palm 1 ltr Pouch (10pc),Palm,,,0,Y,N,HBC:Rasoi:BIB,Case,Ltr,10,CP,MT,1111.11,5,no,Pouch
9116,400000151,Palm 15 kg Tin,Palm,,,0,N,Y,HBC:Rasoi:BIB,Case,Ltr,16.67,BP,MT,1111.11,10,no,TIN
9116,400000152,Palm 15 ltr Tin,Palm,,,0,N,Y,HBC:Rasoi:BIB,Case,Ltr,15,BP,MT,1111.11,10,no,TIN
9116,400000128,Palm 500 ml Pouch,Palm,,,0,Y,N,HBC:Rasoi:BIB,Case,Ltr,10,CP,MT,1111.11,5,no,Pouch
9116,400000256,Soyabean 1 ltr Bottle,Soyabean,,,0,N,Y,HBC:Rasoi:BIB,Case,Ltr,12,CP,MT,1098.9,5,no,Pet
9116,400000140,Soyabean 1 ltr Pouch,Soyabean,,,0,Y,N,HBC:Rasoi:BIB,Case,Ltr,12,CP,MT,1098.9,5,no,Pouch
9116,400000154,Soyabean 15 kg Tin,Soyabean,,,0,N,Y,HBC:Rasoi:BIB,Case,Ltr,16.48,BP,MT,1098.9,10,no,TIN
9116,400000397,Soyabean 15 ltr Jar,Soyabean,,,0,Y,N,HBC:Rasoi:BIB,Case,Ltr,15,BP,MT,1098.9,10,no,JAR
9116,400000153,Soyabean 15 ltr Tin,Soyabean,,,0,N,Y,HBC:Rasoi:BIB,Case,Ltr,15,BP,MT,1098.9,10,no,TIN
9116,400000255,Soyabean 5 ltr Jar,Soyabean,,,0,Y,N,HBC:Rasoi:BIB,Case,Ltr,20,CP,MT,1098.9,5,no,JAR
9116,400000257,Soyabean 500 ml Bottle,Soyabean,,,0,N,Y,HBC:Rasoi:BIB,Case,Ltr,12,CP,MT,1098.9,5,no,Pet
9116,400000170,Soyabean 500 ml Pouch,Soyabean,,,0,Y,N,HBC:Rasoi:BIB,Case,Ltr,12,CP,MT,1098.9,5,no,Pouch
9116,400000480,Soyabean LUP Rs 10/- (100ml),Soyabean,,,0,N,Y,HBC:Rasoi:BIB,Case,Ltr,12,CP,MT,1098.9,5,no,
9116,400000530,Soyabean LUP Rs 10/- (90ml),Soyabean,,,0,N,Y,HBC:Rasoi:BIB,Case,Ltr,10.8,CP,MT,1098.9,5,no,
9116,400000378,Soyalite 15 ltr Jar,Soyabean,,,0,N,Y,HBC:Rasoi:BIB,Case,Ltr,15,BP,MT,1098.9,10,no,JAR
9116,400000524,Sunflower 1 ltr Pouch (12pc),Sunflower,,,0,N,Y,HBC:Rasoi:BIB,Case,Ltr,12,CP,MT,1098.9,5,no,Pouch
9116,400000360,Sun n Lite 15 ltr Tin,Sunflower,,,0,N,Y,HBC:Rasoi:BIB,Case,Ltr,15,BP,MT,1098.9,10,no,TIN
9116,400000139,Sunflower 1 ltr Pouch (10pc),Sunflower,,,0,N,Y,HBC:Rasoi:BIB,Case,Ltr,10,CP,MT,1098.9,5,no,Pouch
9116,400000260,Sunflower 1 ltr Pouch (16pc),Sunflower,,,0,N,Y,HBC:Rasoi:BIB,Case,Ltr,16,CP,MT,1098.9,5,no,Pouch
9116,400000273,Sunflower 15 kg Tin,Sunflower,,,0,N,Y,HBC:Rasoi:BIB,Case,Ltr,16.48,BP,MT,1098.9,10,no,TIN
9116,400000275,Sunflower 15 ltr Tin,Sunflower,,,0,N,Y,HBC:Rasoi:BIB,Case,Ltr,15,BP,MT,1098.9,10,no,TIN
9116,400000259,Sunflower 500 ml Pouch,Sunflower,,,0,N,Y,HBC:Rasoi:BIB,Case,Ltr,10,CP,MT,1098.9,5,no,Pouch
9116,400000457,Rasoi  200 ml Pouch,Vanaspati,,,0,N,Y,HBC:Rasoi:BIB,Case,Ltr,16,CP,MT,1114.21,0,no,Pouch
9116,400000456,Rasoi  500 ml Pouch,Vanaspati,,,0,N,Y,HBC:Rasoi:BIB,Case,Ltr,16,CP,MT,1114.21,0,no,Pouch
9116,400000455,Rasoi 1 ltr Pouch (Siliguri),Vanaspati,,,0,N,Y,HBC:Rasoi:BIB,Case,Ltr,16,CP,MT,1114.21,0,no,Pouch
9116,400000454,Rasoi 1 ltr Pouch (Yellow),Vanaspati,,,0,N,Y,HBC:Rasoi:BIB,Case,Ltr,16,CP,MT,1114.21,0,no,Pouch
9116,400000441,Rasoi 15 kg Jar (Blue),Vanaspati,,,0,N,Y,HBC:Rasoi:BIB,Case,Ltr,16.71,BP,MT,1114.21,0,no,JAR
9116,400000449,Rasoi 15 kg Jar (Gold),Vanaspati,,,0,N,Y,HBC:Rasoi:BIB,Case,Ltr,16.71,BP,MT,1114.21,0,no,JAR
9116,400000395,Rasoi 15 ltr Jar (Yellow),Vanaspati,,,0,N,Y,HBC:Rasoi:BIB,Case,Ltr,15,BP,MT,1114.21,0,no,JAR
9116,400000373,Rasoi 15 ltr Tin,Vanaspati,,,0,N,Y,HBC:Rasoi:BIB,Case,Ltr,15,BP,MT,1114.21,0,no,TIN
9116,400000523,Rasoi No 1 15 kg Jar,Vanaspati,,,0,N,Y,HBC:Rasoi:BIB,Case,Ltr,16.71,BP,MT,1114.21,0,no,JAR
9116,400000521,Rasoi No-1 15 ltr Jar,Vanaspati,,,0,N,Y,HBC:Rasoi:BIB,Case,Ltr,15,BP,MT,1114.21,0,no,JAR
9116,410000005,Mustard 1 ltr Pouch (H&T),Mustard,,,0,N,Y,HBC:Rasoi:BIB,Case,Ltr,12,CP,MT,1098.9,0,no,Pouch
9116,410000003,Soyabean 1 ltr Pouch (H&T),Soyabean,,,0,N,Y,HBC:Rasoi:BIB,Case,Ltr,12,CP,MT,1098.9,5,no,Pouch
9101,410000005,Mustard 1 ltr Pouch (H&T),Mustard,,,0,N,Y,HBC:Rasoi:BIB,Case,Ltr,12,CP,MT,1098.9,0,no,Pouch
9101,410000003,Soyabean 1 ltr Pouch (H&T),Soyabean,,,0,N,Y,HBC:Rasoi:BIB,Case,Ltr,12,CP,MT,1098.9,5,no,Pouch
9120,410000005,Mustard 1 ltr Pouch (H&T),Mustard,,,0,N,Y,HBC:Rasoi:BIB,Case,Ltr,12,CP,MT,1098.9,0,no,Pouch
9120,410000003,Soyabean 1 ltr Pouch (H&T),Soyabean,,,0,N,Y,HBC:Rasoi:BIB,Case,Ltr,12,CP,MT,1098.9,5,no,Pouch
9407B,400000141,Palm 1 ltr Pouch (10pc),Palm,,,0,Y,N,HBC:Rasoi:BIB,Case,Ltr,10,CP,MT,1111.11,5,no,Pouch
9407B,400000450,Palm 1 ltr Pouch (16pc),Palm,,,0,Y,N,HBC:Rasoi:BIB,Case,Ltr,16,CP,MT,1111.11,5,no,Pouch
9407B,400000151,Palm 15 kg Tin,Palm,,,0,N,Y,HBC:Rasoi:BIB,Case,Ltr,16.67,BP,MT,1111.11,10,no,TIN
9407B,400000396,Palm  15 ltr Jar,Palm,,,0,N,Y,HBC:Rasoi:BIB,Case,Ltr,15,BP,MT,1111.11,10,no,JAR
9407B,400000152,Palm 15 ltr Tin,Palm,,,0,N,Y,HBC:Rasoi:BIB,Case,Ltr,15,BP,MT,1111.11,10,no,TIN
9407B,400000128,Palm 500 ml Pouch,Palm,,,0,Y,N,HBC:Rasoi:BIB,Case,Ltr,10,CP,MT,1111.11,5,no,Pouch
9407B,400000362,Gold n Lite 15 kg Tin,Palm,,,0,N,Y,HBC:Rasoi:BIB,Case,Ltr,16.67,BP,MT,1111.11,10,no,TIN
9407B,400000370,Gold n Lite 15 ltr Tin,Palm,,,0,Y,N,HBC:Rasoi:BIB,Case,Ltr,15,BP,MT,1111.11,10,no,TIN
9407B,400000139,Sunflower 1 ltr Pouch (10pc),Sunflower,,,0,N,Y,HBC:Rasoi:BIB,Case,Ltr,10,CP,MT,1098.9,5,no,Pouch
9407B,400000260,Sunflower 1 ltr Pouch (16pc),Sunflower,,,0,Y,N,HBC:Rasoi:BIB,Case,Ltr,16,CP,MT,1098.9,5,no,Pouch
9407B,400000273,Sunflower 15 kg Tin,Sunflower,,,0,N,Y,HBC:Rasoi:BIB,Case,Ltr,16.48,BP,MT,1098.9,10,no,TIN
9407B,400000275,Sunflower 15 ltr Tin,Sunflower,,,0,N,Y,HBC:Rasoi:BIB,Case,Ltr,15,BP,MT,1098.9,10,no,TIN
9407B,400000259,Sunflower 500 ml Pouch,Sunflower,,,0,N,Y,HBC:Rasoi:BIB,Case,Ltr,10,CP,MT,1098.9,5,no,Pouch
9407B,400000374,Fry n lite 1 ltr Pouch,Vanaspati,,,0,N,Y,HBC:Rasoi:BIB,Case,Ltr,16,CP,MT,1114.21,0,no,Pouch
9407B,400000372,Fry n lite 15 Kg Tin,Vanaspati,,,0,N,Y,HBC:Rasoi:BIB,Case,Ltr,16.71,BP,MT,1114.21,0,no,TIN
9407B,400000373,Fry n lite 15 ltr Tin,Vanaspati,,,0,N,Y,HBC:Rasoi:BIB,Case,Ltr,15,BP,MT,1114.21,0,no,TIN
9407B,400000375,Fry n lite 500 ml Pouch,Vanaspati,,,0,N,Y,HBC:Rasoi:BIB,Case,Ltr,16,CP,MT,1114.21,0,no,Pouch
1000D,400000551,Blend HBC plus 1 ltr Pouch,Blend,,,0,N,Y,HBC:Rasoi:BIB,Case,Ltr,12,CP,MT,1098.9,0,no,Pouch
1000D,400000556,Blend HBC plus 500 ml Pouch,Blend,,,0,N,Y,HBC:Rasoi:BIB,Case,Ltr,12,CP,MT,1098.9,0,no,Pouch
1000D,400000557,Blend HBC plus 1 ltr Bottle,Blend,,,0,N,Y,HBC:Rasoi:BIB,Case,Ltr,12,CP,MT,1098.9,0,no,Pet
1000D,400000558,Blend HBC plus 500 ml Bottle,Blend,,,0,N,Y,HBC:Rasoi:BIB,Case,Ltr,12,CP,MT,1098.9,0,no,Pet
1000D,400000559,Blend HBC plus 5 ltr Jar,Blend,,,0,N,Y,HBC:Rasoi:BIB,Case,Ltr,20,CP,MT,1098.9,0,no,JAR
1000D,400000560,Blend HBC plus 15 ltr Jar,Blend,,,0,N,Y,HBC:Rasoi:BIB,Case,Ltr,15,BP,MT,1098.9,0,no,JAR
9110,400000551,Blend HBC plus 1 ltr Pouch,Blend,,,0,N,Y,HBC:Rasoi:BIB,Case,Ltr,12,CP,MT,1098.9,0,no,Pouch
9110,400000556,Blend HBC plus 500 ml Pouch,Blend,,,0,N,Y,HBC:Rasoi:BIB,Case,Ltr,12,CP,MT,1098.9,0,no,Pouch
9110,400000557,Blend HBC plus 1 ltr Bottle,Blend,,,0,N,Y,HBC:Rasoi:BIB,Case,Ltr,12,CP,MT,1098.9,0,no,Pet
9110,400000558,Blend HBC plus 500 ml Bottle,Blend,,,0,N,Y,HBC:Rasoi:BIB,Case,Ltr,12,CP,MT,1098.9,0,no,Pet
9110,400000559,Blend HBC plus 5 ltr Jar,Blend,,,0,N,Y,HBC:Rasoi:BIB,Case,Ltr,20,CP,MT,1098.9,0,no,JAR
9110,400000560,Blend HBC plus 15 ltr Jar,Blend,,,0,N,Y,HBC:Rasoi:BIB,Case,Ltr,15,BP,MT,1098.9,0,no,JAR
9113,400000126,Mustard 1 ltr Pouch,Mustard,,,0,N,Y,HBC:Rasoi:BIB,Case,Ltr,12,CP,MT,1098.9,0,no,Pouch
9113,400000128,Palm 500 ml Pouch,Palm,,,0,N,Y,HBC:Rasoi:BIB,Case,Ltr,10,CP,MT,1111.11,5,no,Pouch
9113,400000139,Sunflower 1 ltr Pouch (10pc),Sunflower,,,0,N,Y,HBC:Rasoi:BIB,Case,Ltr,10,CP,MT,1098.9,5,no,Pouch
9113,400000140,Soyabean 1 ltr Pouch,Soyabean,,,0,N,Y,HBC:Rasoi:BIB,Case,Ltr,12,CP,MT,1098.9,5,no,Pouch
9113,400000141,Palm 1 ltr Pouch (10pc),Palm,,,0,N,Y,HBC:Rasoi:BIB,Case,Ltr,10,CP,MT,1111.11,5,no,Pouch
9113,400000151,Palm 15 kg Tin,Palm,,,0,N,Y,HBC:Rasoi:BIB,Case,Ltr,16.67,BP,MT,1111.11,10,no,TIN
9113,400000152,Palm 15 ltr Tin,Palm,,,0,N,Y,HBC:Rasoi:BIB,Case,Ltr,15,BP,MT,1111.11,10,no,TIN
9113,400000153,Soyabean 15 ltr Tin,Soyabean,,,0,N,Y,HBC:Rasoi:BIB,Case,Ltr,15,BP,MT,1098.9,10,no,TIN
9113,400000154,Soyabean 15 kg Tin,Soyabean,,,0,N,Y,HBC:Rasoi:BIB,Case,Ltr,16.48,BP,MT,1098.9,10,no,TIN
9113,400000159,Mustard 500 ml Bottle,Mustard,,,0,N,Y,HBC:Rasoi:BIB,Case,Ltr,12,CP,MT,1098.9,0,no,Pet
9113,400000170,Soyabean 500 ml Pouch,Soyabean,,,0,N,Y,HBC:Rasoi:BIB,Case,Ltr,12,CP,MT,1098.9,5,no,Pouch
9113,400000173,Mustard 500 ml Pouch,Mustard,,,0,N,Y,HBC:Rasoi:BIB,Case,Ltr,12,CP,MT,1098.9,0,no,Pouch
9113,400000252,Mustard 1 ltr Bottle,Mustard,,,0,N,Y,HBC:Rasoi:BIB,Case,Ltr,12,CP,MT,1098.9,0,no,Pet
9113,400000254,Mustard 200 ml Bottle,Mustard,,,0,N,Y,HBC:Rasoi:BIB,Case,Ltr,12,CP,MT,1098.9,0,no,Pet
9113,400000255,Soyabean 5 ltr Jar,Soyabean,,,0,N,Y,HBC:Rasoi:BIB,Case,Ltr,20,CP,MT,1098.9,5,no,JAR
9113,400000256,Soyabean 1 ltr Bottle,Soyabean,,,0,N,Y,HBC:Rasoi:BIB,Case,Ltr,12,CP,MT,1098.9,5,no,Pet
9113,400000257,Soyabean 500 ml Bottle,Soyabean,,,0,N,Y,HBC:Rasoi:BIB,Case,Ltr,12,CP,MT,1098.9,5,no,Pet
9113,400000259,Sunflower 500 ml Pouch,Sunflower,,,0,N,Y,HBC:Rasoi:BIB,Case,Ltr,10,CP,MT,1098.9,5,no,Pouch
9113,400000260,Sunflower 1 ltr Pouch (16pc),Sunflower,,,0,N,Y,HBC:Rasoi:BIB,Case,Ltr,16,CP,MT,1098.9,5,no,Pouch
9113,400000273,Sunflower 15 kg Tin,Sunflower,,,0,N,Y,HBC:Rasoi:BIB,Case,Ltr,16.48,BP,MT,1098.9,10,no,TIN
9113,400000275,Sunflower 15 ltr Tin,Sunflower,,,0,N,Y,HBC:Rasoi:BIB,Case,Ltr,15,BP,MT,1098.9,10,no,TIN
9113,400000360,Sun n Lite 15 ltr Tin,Sunflower,,,0,N,Y,HBC:Rasoi:BIB,Case,Ltr,15,BP,MT,1098.9,10,no,TIN
9113,400000362,Gold n Lite 15 kg Tin,Palm,,,0,N,Y,HBC:Rasoi:BIB,Case,Ltr,16.67,BP,MT,1111.11,10,no,TIN
9113,400000370,Gold n Lite 15 ltr Tin,Palm,,,0,N,Y,HBC:Rasoi:BIB,Case,Ltr,15,BP,MT,1111.11,10,no,TIN
9113,400000373,Rasoi 15 ltr Tin,Vanaspati,,,0,N,Y,HBC:Rasoi:BIB,Case,Ltr,15,BP,MT,1114.21,0,no,TIN
9113,400000377,Gold n Lite 15 ltr Jar,Palm,,,0,N,Y,HBC:Rasoi:BIB,Case,Ltr,15,BP,MT,1111.11,10,no,JAR
9113,400000378,Soyalite 15 ltr Jar,Soyabean,,,0,N,Y,HBC:Rasoi:BIB,Case,Ltr,15,BP,MT,1098.9,10,no,JAR
9113,400000387,Gold n Lite 500 ml Pouch,Palm,,,0,N,Y,HBC:Rasoi:BIB,Case,Ltr,10,CP,MT,1111.11,5,no,Pouch
9113,400000397,Soyabean 15 ltr Jar,Soyabean,,,0,N,Y,HBC:Rasoi:BIB,Case,Ltr,15,BP,MT,1098.9,10,no,JAR
9113,400000396,Palm  15 ltr Jar,Palm,,,0,N,Y,HBC:Rasoi:BIB,Case,Ltr,15,BP,MT,1111.11,10,no,JAR
9113,400000441,Rasoi 15 kg Jar (Blue),Vanaspati,,,0,N,Y,HBC:Rasoi:BIB,Case,Ltr,16.71,BP,MT,1114.21,0,no,JAR
9113,400000449,Rasoi 15 kg Jar (Gold),Vanaspati,,,0,N,Y,HBC:Rasoi:BIB,Case,Ltr,16.71,BP,MT,1114.21,0,no,JAR
9113,400000454,Rasoi 1 ltr Pouch (Yellow),Vanaspati,,,0,N,Y,HBC:Rasoi:BIB,Case,Ltr,16,CP,MT,1114.21,0,no,Pouch
9113,400000455,Rasoi 1 ltr Pouch (Siliguri),Vanaspati,,,0,N,Y,HBC:Rasoi:BIB,Case,Ltr,16,CP,MT,1114.21,0,no,Pouch
9113,400000430,Blend 15 ltr Tin,Blend,,,0,N,Y,HBC:Rasoi:BIB,Case,Ltr,15,BP,MT,1098.9,0,no,TIN
9113,400000356,Bake Magic,Bake Magic,,,0,N,Y,HBC:Rasoi:BIB,Case,Ltr,16.71,BP,MT,1114.21,10,no,Bakery
9113,400000456,Rasoi  500 ml Pouch,Vanaspati,,,0,N,Y,HBC:Rasoi:BIB,Case,Ltr,16,CP,MT,1114.21,0,no,Pouch
9113,400000457,Rasoi  200 ml Pouch,Vanaspati,,,0,N,Y,HBC:Rasoi:BIB,Case,Ltr,16,CP,MT,1114.21,0,no,Pouch
9113,400000395,Rasoi 15 ltr Jar (Yellow),Vanaspati,,,0,N,Y,HBC:Rasoi:BIB,Case,Ltr,15,BP,MT,1114.21,0,no,JAR
9113,400000485,Mustard LUP Rs 5/-(30ml),Mustard,,,0,N,Y,HBC:Rasoi:BIB,Case,Ltr,7.2,CP,MT,1098.9,0,no,
9113,400000499,Mustard LUP Rs 10/-(65ml),Mustard,,,0,N,Y,HBC:Rasoi:BIB,Case,Ltr,7.8,CP,MT,1098.9,0,no,
9113,400000487,Palm LUP Rs 5/- (50ml),Palm,,,0,N,Y,HBC:Rasoi:BIB,Case,Ltr,12,CP,MT,1111.11,5,no,
9113,400000489,Palm LUP Rs 5/- (55ml),Palm,,,0,N,Y,HBC:Rasoi:BIB,Case,Ltr,13.2,CP,MT,1111.11,5,no,
9113,400000502,Palm LUP Rs 10/- (100ml),Palm,,,0,N,Y,HBC:Rasoi:BIB,Case,Ltr,12,CP,MT,1111.11,5,no,
9113,400000481,Soyabean LUP Rs 5/- (50ml),Soyabean,,,0,N,Y,HBC:Rasoi:BIB,Case,Ltr,10.8,CP,MT,1098.9,5,no,
9113,400000480,Soyabean LUP Rs 10/- (100ml),Soyabean,,,0,N,Y,HBC:Rasoi:BIB,Case,Ltr,12,CP,MT,1098.9,5,no,
9113,400000530,Soyabean LUP Rs 10/- (90ml),Soyabean,,,0,N,Y,HBC:Rasoi:BIB,Case,Ltr,10.8,CP,MT,1098.9,5,no,
1000D,400000373,Rasoi 15 ltr Tin,Rasoi,,,0,N,Y,HBC:Rasoi:BIB,Case,Ltr,15,BP,MT,1114.21,10,yes,TIN
1000D,400000441,Rasoi 15 kg Jar (Blue),Rasoi,,,0,Y,N,HBC:Rasoi:BIB,Case,Ltr,16.71,BP,MT,1114.21,10,yes,JAR
1000D,400000449,Rasoi 15 kg Jar (Gold),Rasoi,,,0,Y,N,HBC:Rasoi:BIB,Case,Ltr,16.71,BP,MT,1114.21,10,yes,JAR
1000D,400000454,Rasoi No 1 - 1 ltr Pouch,Rasoi,,,0,N,Y,HBC:Rasoi:BIB,Case,Ltr,16,CP,MT,1114.21,5,yes,Pouch
1000D,400000455,Rasoi 1 ltr Pouch (Siliguri),Rasoi,,,0,Y,N,HBC:Rasoi:BIB,Case,Ltr,16,CP,MT,1114.21,5,yes,Pouch
9110,400000373,Rasoi 15 ltr Tin,Rasoi,,,0,N,Y,HBC:Rasoi:BIB,Case,Ltr,15,BP,MT,1114.21,10,yes,TIN
9110,400000441,Rasoi 15 kg Jar (Blue),Rasoi,,,0,Y,N,HBC:Rasoi:BIB,Case,Ltr,16.71,BP,MT,1114.21,10,yes,JAR
9110,400000449,Rasoi 15 kg Jar (Gold),Rasoi,,,0,Y,N,HBC:Rasoi:BIB,Case,Ltr,16.71,BP,MT,1114.21,10,yes,JAR
9110,400000454,Rasoi 1 ltr Pouch (Yellow),Rasoi,,,0,N,Y,HBC:Rasoi:BIB,Case,Ltr,16,CP,MT,1114.21,5,yes,Pouch
9110,400000455,Rasoi 1 ltr Pouch (Siliguri),Rasoi,,,0,N,Y,HBC:Rasoi:BIB,Case,Ltr,16,CP,MT,1114.21,5,yes,Pouch
9117,400000373,Rasoi 15 ltr Tin,Rasoi,,,0,N,Y,HBC:Rasoi:BIB,Case,Ltr,15,BP,MT,1114.21,10,yes,TIN
9117,400000441,Rasoi 15 kg Jar (Blue),Rasoi,,,0,N,Y,HBC:Rasoi:BIB,Case,Ltr,16.71,BP,MT,1114.21,10,yes,JAR
9117,400000449,Rasoi 15 kg Jar (Gold),Rasoi,,,0,N,Y,HBC:Rasoi:BIB,Case,Ltr,16.71,BP,MT,1114.21,10,yes,JAR
9117,400000454,Rasoi 1 ltr Pouch (Yellow),Rasoi,,,0,N,Y,HBC:Rasoi:BIB,Case,Ltr,16,CP,MT,1114.21,5,yes,Pouch
9117,400000455,Rasoi 1 ltr Pouch (Siliguri),Rasoi,,,0,Y,N,HBC:Rasoi:BIB,Case,Ltr,16,CP,MT,1114.21,5,yes,Pouch
1000D,400000456,Rasoi  500 ml Pouch,Rasoi,,,0,N,Y,HBC:Rasoi:BIB,Case,Ltr,16,CP,MT,1114.21,5,yes,Pouch
1000D,400000457,Rasoi  200 ml Pouch,Rasoi,,,0,N,Y,HBC:Rasoi:BIB,Case,Ltr,16,CP,MT,1114.21,5,yes,Pouch
9110,400000456,Rasoi  500 ml Pouch,Rasoi,,,0,N,Y,HBC:Rasoi:BIB,Case,Ltr,16,CP,MT,1114.21,5,yes,Pouch
9110,400000457,Rasoi  200 ml Pouch,Rasoi,,,0,N,Y,HBC:Rasoi:BIB,Case,Ltr,16,CP,MT,1114.21,5,yes,Pouch
9117,400000456,Rasoi  500 ml Pouch,Rasoi,,,0,N,Y,HBC:Rasoi:BIB,Case,Ltr,16,CP,MT,1114.21,5,yes,Pouch
9117,400000457,Rasoi  200 ml Pouch,Rasoi,,,0,N,Y,HBC:Rasoi:BIB,Case,Ltr,16,CP,MT,1114.21,5,yes,Pouch
9117,400000395,Rasoi 15 ltr Jar (Yellow),Rasoi,,,0,N,Y,HBC:Rasoi:BIB,Case,Ltr,15,BP,MT,1114.21,10,yes,JAR
9110,400000395,Rasoi 15 ltr Jar (Yellow),Rasoi,,,0,N,Y,HBC:Rasoi:BIB,Case,Ltr,15,BP,MT,1114.21,10,yes,JAR
1000D,400000395,Rasoi 15 ltr Jar (Yellow),Rasoi,,,0,N,Y,HBC:Rasoi:BIB,Case,Ltr,15,BP,MT,1114.21,10,yes,JAR
4000D,400000441,Rasoi 15 kg Jar (Blue),Rasoi,,,0,N,Y,HBC:Rasoi:BIB,Case,Ltr,16.71,BP,MT,1114.21,10,yes,JAR
4000D,400000449,Rasoi 15 kg Jar (Gold),Rasoi,,,0,N,Y,HBC:Rasoi:BIB,Case,Ltr,16.71,BP,MT,1114.21,10,yes,JAR
4000D,400000454,Rasoi 1 ltr Pouch (Yellow),Rasoi,,,0,N,Y,HBC:Rasoi:BIB,Case,Ltr,16,CP,MT,1114.21,5,yes,Pouch
4000D,400000455,Rasoi 1 ltr Pouch (Siliguri),Rasoi,,,0,N,Y,HBC:Rasoi:BIB,Case,Ltr,16,CP,MT,1114.21,5,yes,Pouch
4000D,400000456,Rasoi  500 ml Pouch,Rasoi,,,0,N,Y,HBC:Rasoi:BIB,Case,Ltr,16,CP,MT,1114.21,5,yes,Pouch
4000D,400000457,Rasoi  200 ml Pouch,Rasoi,,,0,N,Y,HBC:Rasoi:BIB,Case,Ltr,16,CP,MT,1114.21,5,yes,Pouch
4000D,400000395,Rasoi 15 ltr Jar (Yellow),Rasoi,,,0,N,Y,HBC:Rasoi:BIB,Case,Ltr,15,BP,MT,1114.21,10,yes,JAR
9108,400000373,Rasoi 15 ltr Tin,Rasoi,,,0,N,Y,HBC:Rasoi:BIB,Case,Ltr,15,BP,MT,1114.21,10,yes,TIN
9108,400000441,Rasoi 15 kg Jar (Blue),Rasoi,,,0,Y,N,HBC:Rasoi:BIB,Case,Ltr,16.71,BP,MT,1114.21,10,yes,JAR
9108,400000449,Rasoi 15 kg Jar (Gold),Rasoi,,,0,N,Y,HBC:Rasoi:BIB,Case,Ltr,16.71,BP,MT,1114.21,10,yes,JAR
9108,400000454,Rasoi No 1 - 1 ltr Pouch,Rasoi,,,0,N,Y,HBC:Rasoi:BIB,Case,Ltr,16,CP,MT,1114.21,5,yes,Pouch
9108,400000455,Rasoi 1 ltr Pouch (Siliguri),Rasoi,,,0,N,Y,HBC:Rasoi:BIB,Case,Ltr,16,CP,MT,1114.21,5,yes,Pouch
9108,400000456,Rasoi  500 ml Pouch,Rasoi,,,0,N,Y,HBC:Rasoi:BIB,Case,Ltr,16,CP,MT,1114.21,5,yes,Pouch
9108,400000457,Rasoi  200 ml Pouch,Rasoi,,,0,N,Y,HBC:Rasoi:BIB,Case,Ltr,16,CP,MT,1114.21,5,yes,Pouch
9108,400000395,Rasoi 15 ltr Jar (Yellow),Rasoi,,,0,N,Y,HBC:Rasoi:BIB,Case,Ltr,15,BP,MT,1114.21,10,yes,JAR
9306,400000373,Rasoi 15 ltr Tin,Rasoi,,,0,N,Y,HBC:Rasoi:BIB,Case,Ltr,15,BP,MT,1114.21,10,yes,TIN
9306,400000441,Rasoi 15 kg Jar (Blue),Rasoi,,,0,N,Y,HBC:Rasoi:BIB,Case,Ltr,16.71,BP,MT,1114.21,10,yes,JAR
9306,400000449,Rasoi 15 kg Jar (Gold),Rasoi,,,0,N,Y,HBC:Rasoi:BIB,Case,Ltr,16.71,BP,MT,1114.21,10,yes,JAR
9306,400000454,Rasoi 1 ltr Pouch (Yellow),Rasoi,,,0,N,Y,HBC:Rasoi:BIB,Case,Ltr,16,CP,MT,1114.21,5,yes,Pouch
9306,400000455,Rasoi 1 ltr Pouch (Siliguri),Rasoi,,,0,N,Y,HBC:Rasoi:BIB,Case,Ltr,16,CP,MT,1114.21,5,yes,Pouch
9306,400000456,Rasoi  500 ml Pouch,Rasoi,,,0,N,Y,HBC:Rasoi:BIB,Case,Ltr,16,CP,MT,1114.21,5,yes,Pouch
9306,400000457,Rasoi  200 ml Pouch,Rasoi,,,0,N,Y,HBC:Rasoi:BIB,Case,Ltr,16,CP,MT,1114.21,5,yes,Pouch
9306,400000395,Rasoi 15 ltr Jar (Yellow),Rasoi,,,0,N,Y,HBC:Rasoi:BIB,Case,Ltr,15,BP,MT,1114.21,10,yes,JAR
9308,400000373,Rasoi 15 ltr Tin,Rasoi,,,0,N,Y,HBC:Rasoi:BIB,Case,Ltr,15,BP,MT,1114.21,10,yes,TIN
9308,400000441,Rasoi 15 kg Jar (Blue),Rasoi,,,0,N,Y,HBC:Rasoi:BIB,Case,Ltr,16.71,BP,MT,1114.21,10,yes,JAR
9308,400000449,Rasoi 15 kg Jar (Gold),Rasoi,,,0,N,Y,HBC:Rasoi:BIB,Case,Ltr,16.71,BP,MT,1114.21,10,yes,JAR
9308,400000454,Rasoi 1 ltr Pouch (Yellow),Rasoi,,,0,N,Y,HBC:Rasoi:BIB,Case,Ltr,16,CP,MT,1114.21,5,yes,Pouch
9308,400000455,Rasoi 1 ltr Pouch (Siliguri),Rasoi,,,0,N,Y,HBC:Rasoi:BIB,Case,Ltr,16,CP,MT,1114.21,5,yes,Pouch
9308,400000456,Rasoi  500 ml Pouch,Rasoi,,,0,N,Y,HBC:Rasoi:BIB,Case,Ltr,16,CP,MT,1114.21,5,yes,Pouch
9308,400000457,Rasoi  200 ml Pouch,Rasoi,,,0,N,Y,HBC:Rasoi:BIB,Case,Ltr,16,CP,MT,1114.21,5,yes,Pouch
9308,400000395,Rasoi 15 ltr Jar (Yellow),Rasoi,,,0,N,Y,HBC:Rasoi:BIB,Case,Ltr,15,BP,MT,1114.21,10,yes,JAR
9101,400000373,Rasoi 15 ltr Tin,Rasoi,,,0,N,Y,HBC:Rasoi:BIB,Case,Ltr,15,BP,MT,1114.21,10,yes,TIN
9101,400000441,Rasoi 15 kg Jar (Blue),Rasoi,,,0,N,Y,HBC:Rasoi:BIB,Case,Ltr,16.71,BP,MT,1114.21,10,yes,JAR
9101,400000449,Rasoi 15 kg Jar (Gold),Rasoi,,,0,N,Y,HBC:Rasoi:BIB,Case,Ltr,16.71,BP,MT,1114.21,10,yes,JAR
9101,400000454,Rasoi 1 ltr Pouch (Yellow),Rasoi,,,0,N,Y,HBC:Rasoi:BIB,Case,Ltr,16,CP,MT,1114.21,5,yes,Pouch
9101,400000455,Rasoi 1 ltr Pouch (Siliguri),Rasoi,,,0,N,Y,HBC:Rasoi:BIB,Case,Ltr,16,CP,MT,1114.21,5,yes,Pouch
9101,400000456,Rasoi  500 ml Pouch,Rasoi,,,0,N,Y,HBC:Rasoi:BIB,Case,Ltr,16,CP,MT,1114.21,5,yes,Pouch
9101,400000457,Rasoi  200 ml Pouch,Rasoi,,,0,N,Y,HBC:Rasoi:BIB,Case,Ltr,16,CP,MT,1114.21,5,yes,Pouch
9101,400000395,Rasoi 15 ltr Jar (Yellow),Rasoi,,,0,N,Y,HBC:Rasoi:BIB,Case,Ltr,15,BP,MT,1114.21,10,yes,JAR
9120,400000373,Rasoi 15 ltr Tin,Rasoi,,,0,N,Y,HBC:Rasoi:BIB,Case,Ltr,15,BP,MT,1114.21,10,yes,TIN
9120,400000441,Rasoi 15 kg Jar (Blue),Rasoi,,,0,Y,N,HBC:Rasoi:BIB,Case,Ltr,16.71,BP,MT,1114.21,10,yes,JAR
9120,400000449,Rasoi 15 kg Jar (Gold),Rasoi,,,0,N,Y,HBC:Rasoi:BIB,Case,Ltr,16.71,BP,MT,1114.21,10,yes,JAR
9120,400000454,Rasoi 1 ltr Pouch (Yellow),Rasoi,,,0,N,Y,HBC:Rasoi:BIB,Case,Ltr,16,CP,MT,1114.21,5,yes,Pouch
9120,400000455,Rasoi 1 ltr Pouch (Siliguri),Rasoi,,,0,N,Y,HBC:Rasoi:BIB,Case,Ltr,16,CP,MT,1114.21,5,yes,Pouch
9120,400000456,Rasoi  500 ml Pouch,Rasoi,,,0,N,Y,HBC:Rasoi:BIB,Case,Ltr,16,CP,MT,1114.21,5,yes,Pouch
9120,400000457,Rasoi  200 ml Pouch,Rasoi,,,0,N,Y,HBC:Rasoi:BIB,Case,Ltr,16,CP,MT,1114.21,5,yes,Pouch
9120,400000395,Rasoi 15 ltr Jar (Yellow),Rasoi,,,0,N,Y,HBC:Rasoi:BIB,Case,Ltr,15,BP,MT,1114.21,10,yes,JAR
9105,400000373,Rasoi 15 ltr Tin,Rasoi,,,0,N,Y,HBC:Rasoi:BIB,Case,Ltr,15,BP,MT,1114.21,10,yes,TIN
9105,400000441,Rasoi 15 kg Jar (Blue),Rasoi,,,0,N,Y,HBC:Rasoi:BIB,Case,Ltr,16.71,BP,MT,1114.21,10,yes,JAR
9105,400000449,Rasoi 15 kg Jar (Gold),Rasoi,,,0,N,Y,HBC:Rasoi:BIB,Case,Ltr,16.71,BP,MT,1114.21,10,yes,JAR
9105,400000454,Rasoi No 1 - 1 ltr Pouch,Rasoi,,,0,N,Y,HBC:Rasoi:BIB,Case,Ltr,16,CP,MT,1114.21,5,yes,Pouch
9105,400000455,Rasoi 1 ltr Pouch (Siliguri),Rasoi,,,0,N,Y,HBC:Rasoi:BIB,Case,Ltr,16,CP,MT,1114.21,5,yes,Pouch
9105,400000456,Rasoi  500 ml Pouch,Rasoi,,,0,N,Y,HBC:Rasoi:BIB,Case,Ltr,16,CP,MT,1114.21,5,yes,Pouch
9105,400000457,Rasoi  200 ml Pouch,Rasoi,,,0,N,Y,HBC:Rasoi:BIB,Case,Ltr,16,CP,MT,1114.21,5,yes,Pouch
9105,400000395,Rasoi 15 ltr Jar (Yellow),Rasoi,,,0,N,Y,HBC:Rasoi:BIB,Case,Ltr,15,BP,MT,1114.21,10,yes,JAR
9114,400000373,Rasoi 15 ltr Tin,Rasoi,,,0,N,Y,HBC:Rasoi:BIB,Case,Ltr,15,BP,MT,1114.21,10,yes,TIN
9114,400000441,Rasoi 15 kg Jar (Blue),Rasoi,,,0,N,Y,HBC:Rasoi:BIB,Case,Ltr,16.71,BP,MT,1114.21,10,yes,JAR
9114,400000449,Rasoi 15 kg Jar (Gold),Rasoi,,,0,N,Y,HBC:Rasoi:BIB,Case,Ltr,16.71,BP,MT,1114.21,10,yes,JAR
9114,400000454,Rasoi No 1 - 1 ltr Pouch,Rasoi,,,0,N,Y,HBC:Rasoi:BIB,Case,Ltr,16,CP,MT,1114.21,5,yes,Pouch
9114,400000455,Rasoi 1 ltr Pouch (Siliguri),Rasoi,,,0,N,Y,HBC:Rasoi:BIB,Case,Ltr,16,CP,MT,1114.21,5,yes,Pouch
9114,400000456,Rasoi  500 ml Pouch,Rasoi,,,0,N,Y,HBC:Rasoi:BIB,Case,Ltr,16,CP,MT,1114.21,5,yes,Pouch
9114,400000457,Rasoi  200 ml Pouch,Rasoi,,,0,N,Y,HBC:Rasoi:BIB,Case,Ltr,16,CP,MT,1114.21,5,yes,Pouch
9114,400000395,Rasoi 15 ltr Jar (Yellow),Rasoi,,,0,N,Y,HBC:Rasoi:BIB,Case,Ltr,15,BP,MT,1114.21,10,yes,JAR
9117,400001395,Rasoi 15 ltr Jar (Sikkim),Rasoi,,,0,N,Y,HBC:Rasoi:BIB,Case,Ltr,15,BP,MT,1114.21,10,yes,JAR
9117,400001455,Rasoi 1 ltr Pouch (Sikkim),Rasoi,,,0,N,Y,HBC:Rasoi:BIB,Case,Ltr,16,CP,MT,1114.21,5,yes,Pouch
9308KP,400000373,Rasoi 15 ltr Tin,Rasoi,,,0,N,Y,HBC:Rasoi:BIB,Case,Ltr,15,BP,MT,1114.21,10,yes,TIN
9308KP,400000441,Rasoi 15 kg Jar (Blue),Rasoi,,,0,N,Y,HBC:Rasoi:BIB,Case,Ltr,16.71,BP,MT,1114.21,10,yes,JAR
9308KP,400000449,Rasoi 15 kg Jar (Gold),Rasoi,,,0,N,Y,HBC:Rasoi:BIB,Case,Ltr,16.71,BP,MT,1114.21,10,yes,JAR
9308KP,400000454,Rasoi 1 ltr Pouch (Yellow),Rasoi,,,0,N,Y,HBC:Rasoi:BIB,Case,Ltr,16,CP,MT,1114.21,5,yes,Pouch
9308KP,400000455,Rasoi 1 ltr Pouch (Siliguri),Rasoi,,,0,N,Y,HBC:Rasoi:BIB,Case,Ltr,16,CP,MT,1114.21,5,yes,Pouch
9308KP,400000456,Rasoi  500 ml Pouch,Rasoi,,,0,N,Y,HBC:Rasoi:BIB,Case,Ltr,16,CP,MT,1114.21,5,yes,Pouch
9308KP,400000457,Rasoi  200 ml Pouch,Rasoi,,,0,N,Y,HBC:Rasoi:BIB,Case,Ltr,16,CP,MT,1114.21,5,yes,Pouch
9308KP,400000395,Rasoi 15 ltr Jar (Yellow),Rasoi,,,0,N,Y,HBC:Rasoi:BIB,Case,Ltr,15,BP,MT,1114.21,10,yes,JAR
9105KP,400000373,Rasoi 15 ltr Tin,Rasoi,,,0,N,Y,HBC:Rasoi:BIB,Case,Ltr,15,BP,MT,1114.21,10,yes,TIN
9105KP,400000441,Rasoi 15 kg Jar (Blue),Rasoi,,,0,N,Y,HBC:Rasoi:BIB,Case,Ltr,16.71,BP,MT,1114.21,10,yes,JAR
9105KP,400000449,Rasoi 15 kg Jar (Gold),Rasoi,,,0,N,Y,HBC:Rasoi:BIB,Case,Ltr,16.71,BP,MT,1114.21,10,yes,JAR
9105KP,400000454,Rasoi 1 ltr Pouch (Yellow),Rasoi,,,0,N,Y,HBC:Rasoi:BIB,Case,Ltr,16,CP,MT,1114.21,5,yes,Pouch
9105KP,400000455,Rasoi 1 ltr Pouch (Siliguri),Rasoi,,,0,N,Y,HBC:Rasoi:BIB,Case,Ltr,16,CP,MT,1114.21,5,yes,Pouch
9105KP,400000456,Rasoi  500 ml Pouch,Rasoi,,,0,N,Y,HBC:Rasoi:BIB,Case,Ltr,16,CP,MT,1114.21,5,yes,Pouch
9105KP,400000457,Rasoi  200 ml Pouch,Rasoi,,,0,N,Y,HBC:Rasoi:BIB,Case,Ltr,16,CP,MT,1114.21,5,yes,Pouch
9105KP,400000395,Rasoi 15 ltr Jar (Yellow),Rasoi,,,0,N,Y,HBC:Rasoi:BIB,Case,Ltr,15,BP,MT,1114.21,10,yes,JAR
9114KP,400000373,Rasoi 15 ltr Tin,Rasoi,,,0,N,Y,HBC:Rasoi:BIB,Case,Ltr,15,BP,MT,1114.21,10,yes,TIN
9114KP,400000441,Rasoi 15 kg Jar (Blue),Rasoi,,,0,N,Y,HBC:Rasoi:BIB,Case,Ltr,16.71,BP,MT,1114.21,10,yes,JAR
9114KP,400000449,Rasoi 15 kg Jar (Gold),Rasoi,,,0,N,Y,HBC:Rasoi:BIB,Case,Ltr,16.71,BP,MT,1114.21,10,yes,JAR
9114KP,400000454,Rasoi 1 ltr Pouch (Yellow),Rasoi,,,0,N,Y,HBC:Rasoi:BIB,Case,Ltr,16,CP,MT,1114.21,5,yes,Pouch
9114KP,400000455,Rasoi 1 ltr Pouch (Siliguri),Rasoi,,,0,N,Y,HBC:Rasoi:BIB,Case,Ltr,16,CP,MT,1114.21,5,yes,Pouch
9114KP,400000456,Rasoi  500 ml Pouch,Rasoi,,,0,N,Y,HBC:Rasoi:BIB,Case,Ltr,16,CP,MT,1114.21,5,yes,Pouch
9114KP,400000457,Rasoi  200 ml Pouch,Rasoi,,,0,N,Y,HBC:Rasoi:BIB,Case,Ltr,16,CP,MT,1114.21,5,yes,Pouch
9114KP,400000395,Rasoi 15 ltr Jar (Yellow),Rasoi,,,0,N,Y,HBC:Rasoi:BIB,Case,Ltr,15,BP,MT,1114.21,10,yes,JAR
9306KP,400000373,Rasoi 15 ltr Tin,Rasoi,,,0,N,Y,HBC:Rasoi:BIB,Case,Ltr,15,BP,MT,1114.21,10,yes,TIN
9306KP,400000441,Rasoi 15 kg Jar (Blue),Rasoi,,,0,N,Y,HBC:Rasoi:BIB,Case,Ltr,16.71,BP,MT,1114.21,10,yes,JAR
9306KP,400000449,Rasoi 15 kg Jar (Gold),Rasoi,,,0,N,Y,HBC:Rasoi:BIB,Case,Ltr,16.71,BP,MT,1114.21,10,yes,JAR
9306KP,400000454,Rasoi 1 ltr Pouch (Yellow),Rasoi,,,0,N,Y,HBC:Rasoi:BIB,Case,Ltr,16,CP,MT,1114.21,5,yes,Pouch
9306KP,400000455,Rasoi 1 ltr Pouch (Siliguri),Rasoi,,,0,N,Y,HBC:Rasoi:BIB,Case,Ltr,16,CP,MT,1114.21,5,yes,Pouch
9306KP,400000456,Rasoi  500 ml Pouch,Rasoi,,,0,N,Y,HBC:Rasoi:BIB,Case,Ltr,16,CP,MT,1114.21,5,yes,Pouch
9306KP,400000457,Rasoi  200 ml Pouch,Rasoi,,,0,N,Y,HBC:Rasoi:BIB,Case,Ltr,16,CP,MT,1114.21,5,yes,Pouch
9306KP,400000395,Rasoi 15 ltr Jar (Yellow),Rasoi,,,0,N,Y,HBC:Rasoi:BIB,Case,Ltr,15,BP,MT,1114.21,10,yes,JAR
9308,400000521,Rasoi No-1 15 ltr Jar,Rasoi,,,0,Y,N,HBC:Rasoi:BIB,Case,Ltr,15,BP,MT,1114.21,10,yes,JAR
1000D,400000521,Rasoi No-1 15 ltr Jar,Rasoi,,,0,Y,N,HBC:Rasoi:BIB,Case,Ltr,15,BP,MT,1114.21,10,yes,JAR
9110,400000521,Rasoi No-1 15 ltr Jar,Rasoi,,,0,Y,N,HBC:Rasoi:BIB,Case,Ltr,15,BP,MT,1114.21,10,yes,JAR
9111,400000521,Rasoi No-1 15 ltr Jar,Rasoi,,,0,Y,N,HBC:Rasoi:BIB,Case,Ltr,15,BP,MT,1114.21,10,yes,JAR
9106,400000521,Rasoi No-1 15 ltr Jar,Rasoi,,,0,Y,N,HBC:Rasoi:BIB,Case,Ltr,15,BP,MT,1114.21,10,yes,JAR
9103,400000521,Rasoi No-1 15 ltr Jar,Rasoi,,,0,Y,N,HBC:Rasoi:BIB,Case,Ltr,15,BP,MT,1114.21,10,yes,JAR
9118,400000521,Rasoi No-1 15 ltr Jar,Rasoi,,,0,Y,N,HBC:Rasoi:BIB,Case,Ltr,15,BP,MT,1114.21,10,yes,JAR
9108,400000521,Rasoi No-1 15 ltr Jar,Rasoi,,,0,Y,N,HBC:Rasoi:BIB,Case,Ltr,15,BP,MT,1114.21,10,yes,JAR
9306,400000521,Rasoi No-1 15 ltr Jar,Rasoi,,,0,Y,N,HBC:Rasoi:BIB,Case,Ltr,15,BP,MT,1114.21,10,yes,JAR
9105,400000521,Rasoi No-1 15 ltr Jar,Rasoi,,,0,Y,N,HBC:Rasoi:BIB,Case,Ltr,15,BP,MT,1114.21,10,yes,JAR
9114,400000521,Rasoi No-1 15 ltr Jar,Rasoi,,,0,Y,N,HBC:Rasoi:BIB,Case,Ltr,15,BP,MT,1114.21,10,yes,JAR
9117,400000521,Rasoi No-1 15 ltr Jar,Rasoi,,,0,Y,N,HBC:Rasoi:BIB,Case,Ltr,15,BP,MT,1114.21,10,yes,JAR
9112,400000521,Rasoi No-1 15 ltr Jar,Rasoi,,,0,Y,N,HBC:Rasoi:BIB,Case,Ltr,15,BP,MT,1114.21,10,yes,JAR
1000D,400000523,Rasoi No 1 15 kg Jar,Rasoi,,,0,Y,N,HBC:Rasoi:BIB,Case,Ltr,16.71,BP,MT,1114.21,10,yes,JAR
9110,400000523,Rasoi No 1 15 kg Jar,Rasoi,,,0,Y,N,HBC:Rasoi:BIB,Case,Ltr,16.71,BP,MT,1114.21,10,yes,JAR
9117,400000523,Rasoi No 1 15 kg Jar,Rasoi,,,0,Y,N,HBC:Rasoi:BIB,Case,Ltr,16.71,BP,MT,1114.21,10,yes,JAR
9112,400000523,Rasoi No 1 15 kg Jar,Rasoi,,,0,Y,N,HBC:Rasoi:BIB,Case,Ltr,16.71,BP,MT,1114.21,10,yes,JAR
9106,400000523,Rasoi No 1 15 kg Jar,Rasoi,,,0,Y,N,HBC:Rasoi:BIB,Case,Ltr,16.71,BP,MT,1114.21,10,yes,JAR
9111,400000523,Rasoi No 1 15 kg Jar,Rasoi,,,0,Y,N,HBC:Rasoi:BIB,Case,Ltr,16.71,BP,MT,1114.21,10,yes,JAR
9103,400000523,Rasoi No 1 15 kg Jar,Rasoi,,,0,Y,N,HBC:Rasoi:BIB,Case,Ltr,16.71,BP,MT,1114.21,10,yes,JAR
9118,400000523,Rasoi No 1 15 kg Jar,Rasoi,,,0,Y,N,HBC:Rasoi:BIB,Case,Ltr,16.71,BP,MT,1114.21,10,yes,JAR
9108,400000523,Rasoi No 1 15 kg Jar,Rasoi,,,0,Y,N,HBC:Rasoi:BIB,Case,Ltr,16.71,BP,MT,1114.21,10,yes,JAR
9306,400000523,Rasoi No 1 15 kg Jar,Rasoi,,,0,Y,N,HBC:Rasoi:BIB,Case,Ltr,16.71,BP,MT,1114.21,10,yes,JAR
9308,400000523,Rasoi No 1 15 kg Jar,Rasoi,,,0,Y,N,HBC:Rasoi:BIB,Case,Ltr,16.71,BP,MT,1114.21,10,yes,JAR
9105,400000523,Rasoi No 1 15 kg Jar,Rasoi,,,0,Y,N,HBC:Rasoi:BIB,Case,Ltr,16.71,BP,MT,1114.21,10,yes,JAR
9114,400000523,Rasoi No 1 15 kg Jar,Rasoi,,,0,Y,N,HBC:Rasoi:BIB,Case,Ltr,16.71,BP,MT,1114.21,10,yes,JAR
9412,400000373,Rasoi 15 ltr Tin,Rasoi,,,0,N,Y,HBC:Rasoi:BIB,Case,Ltr,15,BP,MT,1114.21,10,yes,TIN
9412,400000441,Rasoi 15 kg Jar (Blue),Rasoi,,,0,N,Y,HBC:Rasoi:BIB,Case,Ltr,16.71,BP,MT,1114.21,10,yes,JAR
9412,400000449,Rasoi 15 kg Jar (Gold),Rasoi,,,0,Y,N,HBC:Rasoi:BIB,Case,Ltr,16.71,BP,MT,1114.21,10,yes,JAR
9412,400000454,Rasoi 1 ltr Pouch (Yellow),Rasoi,,,0,N,Y,HBC:Rasoi:BIB,Case,Ltr,16,CP,MT,1114.21,5,yes,Pouch
9412,400000455,Rasoi 1 ltr Pouch (Siliguri),Rasoi,,,0,N,Y,HBC:Rasoi:BIB,Case,Ltr,16,CP,MT,1114.21,5,yes,Pouch
9412,400000456,Rasoi  500 ml Pouch,Rasoi,,,0,N,Y,HBC:Rasoi:BIB,Case,Ltr,16,CP,MT,1114.21,5,yes,Pouch
9412,400000457,Rasoi  200 ml Pouch,Rasoi,,,0,N,Y,HBC:Rasoi:BIB,Case,Ltr,16,CP,MT,1114.21,5,yes,Pouch
9412,400000395,Rasoi 15 ltr Jar (Yellow),Rasoi,,,0,N,Y,HBC:Rasoi:BIB,Case,Ltr,15,BP,MT,1114.21,10,yes,JAR
9101,400000521,Rasoi No-1 15 ltr Jar,Rasoi,,,0,Y,N,HBC:Rasoi:BIB,Case,Ltr,15,BP,MT,1114.21,10,yes,JAR
9407A,400000521,Rasoi No-1 15 ltr Jar,Rasoi,,,0,Y,N,HBC:Rasoi:BIB,Case,Ltr,15,BP,MT,1114.21,10,yes,JAR
9113,400000521,Rasoi No-1 15 ltr Jar,Rasoi,,,0,N,Y,HBC:Rasoi:BIB,Case,Ltr,15,BP,MT,1114.21,10,yes,JAR
9120,400000521,Rasoi No-1 15 ltr Jar,Rasoi,,,0,Y,N,HBC:Rasoi:BIB,Case,Ltr,15,BP,MT,1114.21,10,yes,JAR
9412,400000521,Rasoi No-1 15 ltr Jar,Rasoi,,,0,Y,N,HBC:Rasoi:BIB,Case,Ltr,15,BP,MT,1114.21,10,yes,JAR
9101,400000523,Rasoi No 1 15 kg Jar,Rasoi,,,0,Y,N,HBC:Rasoi:BIB,Case,Ltr,16.71,BP,MT,1114.21,10,yes,JAR
9407A,400000523,Rasoi No 1 15 kg Jar,Rasoi,,,0,Y,N,HBC:Rasoi:BIB,Case,Ltr,16.71,BP,MT,1114.21,10,yes,JAR
9113,400000523,Rasoi No 1 15 kg Jar,Rasoi,,,0,N,Y,HBC:Rasoi:BIB,Case,Ltr,16.71,BP,MT,1114.21,10,yes,JAR
9120,400000523,Rasoi No 1 15 kg Jar,Rasoi,,,0,Y,N,HBC:Rasoi:BIB,Case,Ltr,16.71,BP,MT,1114.21,10,yes,JAR
9412,400000523,Rasoi No 1 15 kg Jar,Rasoi,,,0,Y,N,HBC:Rasoi:BIB,Case,Ltr,16.71,BP,MT,1114.21,10,yes,JAR
9116,400000457,Rasoi  200 ml Pouch,Rasoi,,,0,N,Y,HBC:Rasoi:BIB,Case,Ltr,16,CP,MT,1114.21,5,yes,Pouch
9116,400000456,Rasoi  500 ml Pouch,Rasoi,,,0,N,Y,HBC:Rasoi:BIB,Case,Ltr,16,CP,MT,1114.21,5,yes,Pouch
9116,400000455,Rasoi 1 ltr Pouch (Siliguri),Rasoi,,,0,N,Y,HBC:Rasoi:BIB,Case,Ltr,16,CP,MT,1114.21,5,yes,Pouch
9116,400000454,Rasoi No 1 - 1 ltr Pouch,Rasoi,,,0,N,Y,HBC:Rasoi:BIB,Case,Ltr,16,CP,MT,1114.21,5,yes,Pouch
9116,400000441,Rasoi 15 kg Jar (Blue),Rasoi,,,0,N,Y,HBC:Rasoi:BIB,Case,Ltr,16.71,BP,MT,1114.21,10,yes,JAR
9116,400000449,Rasoi 15 kg Jar (Gold),Rasoi,,,0,N,Y,HBC:Rasoi:BIB,Case,Ltr,16.71,BP,MT,1114.21,10,yes,JAR
9116,400000395,Rasoi 15 ltr Jar (Yellow),Rasoi,,,0,N,Y,HBC:Rasoi:BIB,Case,Ltr,15,BP,MT,1114.21,10,yes,JAR
9116,400000373,Rasoi 15 ltr Tin,Rasoi,,,0,N,Y,HBC:Rasoi:BIB,Case,Ltr,15,BP,MT,1114.21,10,yes,TIN
9116,400000523,Rasoi No 1 15 kg Jar,Rasoi,,,0,Y,N,HBC:Rasoi:BIB,Case,Ltr,16.71,BP,MT,1114.21,10,yes,JAR
9116,400000521,Rasoi No-1 15 ltr Jar,Rasoi,,,0,Y,N,HBC:Rasoi:BIB,Case,Ltr,15,BP,MT,1114.21,10,yes,JAR
9113,400000373,Rasoi 15 ltr Tin,Rasoi,,,0,N,Y,HBC:Rasoi:BIB,Case,Ltr,15,BP,MT,1114.21,10,yes,TIN
9113,400000441,Rasoi 15 kg Jar (Blue),Rasoi,,,0,N,Y,HBC:Rasoi:BIB,Case,Ltr,16.71,BP,MT,1114.21,10,yes,JAR
9113,400000449,Rasoi 15 kg Jar (Gold),Rasoi,,,0,N,Y,HBC:Rasoi:BIB,Case,Ltr,16.71,BP,MT,1114.21,10,yes,JAR
9113,400000454,Rasoi No 1 - 1 ltr Pouch,Rasoi,,,0,N,Y,HBC:Rasoi:BIB,Case,Ltr,16,CP,MT,1114.21,5,yes,Pouch
9113,400000455,Rasoi 1 ltr Pouch (Siliguri),Rasoi,,,0,N,Y,HBC:Rasoi:BIB,Case,Ltr,16,CP,MT,1114.21,5,yes,Pouch
9113,400000456,Rasoi  500 ml Pouch,Rasoi,,,0,N,Y,HBC:Rasoi:BIB,Case,Ltr,16,CP,MT,1114.21,5,yes,Pouch
9113,400000457,Rasoi  200 ml Pouch,Rasoi,,,0,N,Y,HBC:Rasoi:BIB,Case,Ltr,16,CP,MT,1114.21,5,yes,Pouch
9113,400000395,Rasoi 15 ltr Jar (Yellow),Rasoi,,,0,N,Y,HBC:Rasoi:BIB,Case,Ltr,15,BP,MT,1114.21,10,yes,JAR
9108,410000020,Mustard 1 ltr Bottle (H&T),Mustard,,,0,N,Y,HBC:Rasoi:BIB,Case,Ltr,12,CP,MT,1098.9,0,no,Pet
9116,410000020,Mustard 1 ltr Bottle (H&T),Mustard,,,0,N,Y,HBC:Rasoi:BIB,Case,Ltr,12,CP,MT,1098.9,0,no,Pet
9101,410000020,Mustard 1 ltr Bottle (H&T),Mustard,,,0,N,Y,HBC:Rasoi:BIB,Case,Ltr,12,CP,MT,1098.9,0,no,Pet
9120,410000020,Mustard 1 ltr Bottle (H&T),Mustard,,,0,N,Y,HBC:Rasoi:BIB,Case,Ltr,12,CP,MT,1098.9,0,no,Pet
9108,410000094,Mustard 500 ml Bottle (H&T),Mustard,,,0,N,Y,HBC:Rasoi:BIB,Case,Ltr,12,CP,MT,1098.9,0,no,Pet
9116,410000094,Mustard 500 ml Bottle (H&T),Mustard,,,0,N,Y,HBC:Rasoi:BIB,Case,Ltr,12,CP,MT,1098.9,0,no,Pet
9101,410000094,Mustard 500 ml Bottle (H&T),Mustard,,,0,N,Y,HBC:Rasoi:BIB,Case,Ltr,12,CP,MT,1098.9,0,no,Pet
9120,410000094,Mustard 500 ml Bottle (H&T),Mustard,,,0,N,Y,HBC:Rasoi:BIB,Case,Ltr,12,CP,MT,1098.9,0,no,Pet
9108,410000023,Mustard 5 ltr Jar (H&T),Mustard,,,0,N,Y,HBC:Rasoi:BIB,Case,Ltr,20,CP,MT,1098.9,0,no,JAR
9116,410000023,Mustard 5 ltr Jar (H&T),Mustard,,,0,N,Y,HBC:Rasoi:BIB,Case,Ltr,20,CP,MT,1098.9,0,no,JAR
9101,410000023,Mustard 5 ltr Jar (H&T),Mustard,,,0,N,Y,HBC:Rasoi:BIB,Case,Ltr,20,CP,MT,1098.9,0,no,JAR
9120,410000023,Mustard 5 ltr Jar (H&T),Mustard,,,0,N,Y,HBC:Rasoi:BIB,Case,Ltr,20,CP,MT,1098.9,0,no,JAR
9108,410000022,Soyabean 5 ltr Jar (H&T),Soyabean,,,0,N,Y,HBC:Rasoi:BIB,Case,Ltr,20,CP,MT,1098.9,5,no,JAR
9116,410000022,Soyabean 5 ltr Jar (H&T),Soyabean,,,0,N,Y,HBC:Rasoi:BIB,Case,Ltr,20,CP,MT,1098.9,5,no,JAR
9101,410000022,Soyabean 5 ltr Jar (H&T),Soyabean,,,0,N,Y,HBC:Rasoi:BIB,Case,Ltr,20,CP,MT,1098.9,5,no,JAR
9120,410000022,Soyabean 5 ltr Jar (H&T),Soyabean,,,0,N,Y,HBC:Rasoi:BIB,Case,Ltr,20,CP,MT,1098.9,5,no,JAR
9108,410000187,Soyabean 1 ltr Bottle (H&T),Soyabean,,,0,N,Y,HBC:Rasoi:BIB,Case,Ltr,12,CP,MT,1098.9,5,no,Pet
9116,410000187,Soyabean 1 ltr Bottle (H&T),Soyabean,,,0,N,Y,HBC:Rasoi:BIB,Case,Ltr,12,CP,MT,1098.9,5,no,Pet
9101,410000187,Soyabean 1 ltr Bottle (H&T),Soyabean,,,0,N,Y,HBC:Rasoi:BIB,Case,Ltr,12,CP,MT,1098.9,5,no,Pet
9120,410000187,Soyabean 1 ltr Bottle (H&T),Soyabean,,,0,N,Y,HBC:Rasoi:BIB,Case,Ltr,12,CP,MT,1098.9,5,no,Pet
9108,410000123,Soyabean 500 ml Bottle (H&T),Soyabean,,,0,N,Y,HBC:Rasoi:BIB,Case,Ltr,12,CP,MT,1098.9,5,no,Pet
9116,410000123,Soyabean 500 ml Bottle (H&T),Soyabean,,,0,N,Y,HBC:Rasoi:BIB,Case,Ltr,12,CP,MT,1098.9,5,no,Pet
9101,410000123,Soyabean 500 ml Bottle (H&T),Soyabean,,,0,N,Y,HBC:Rasoi:BIB,Case,Ltr,12,CP,MT,1098.9,5,no,Pet
9120,410000123,Soyabean 500 ml Bottle (H&T),Soyabean,,,0,N,Y,HBC:Rasoi:BIB,Case,Ltr,12,CP,MT,1098.9,5,no,Pet
9108,410000112,Soyabean 500 ml Pouch (H&T),Soyabean,,,0,N,Y,HBC:Rasoi:BIB,Case,Ltr,12,CP,MT,1098.9,5,no,Pouch
9116,410000112,Soyabean 500 ml Pouch (H&T),Soyabean,,,0,N,Y,HBC:Rasoi:BIB,Case,Ltr,12,CP,MT,1098.9,5,no,Pouch
9101,410000112,Soyabean 500 ml Pouch (H&T),Soyabean,,,0,N,Y,HBC:Rasoi:BIB,Case,Ltr,12,CP,MT,1098.9,5,no,Pouch
9120,410000112,Soyabean 500 ml Pouch (H&T),Soyabean,,,0,N,Y,HBC:Rasoi:BIB,Case,Ltr,12,CP,MT,1098.9,5,no,Pouch
9108,410000486,Rice Bran 1 ltr Pouch (H&T),Rice Bran,,,0,N,Y,HBC:Rasoi:BIB,Case,Ltr,12,CP,MT,1098.9,0,no,Pouch
9116,410000486,Rice Bran 1 ltr Pouch (H&T),Rice Bran,,,0,N,Y,HBC:Rasoi:BIB,Case,Ltr,12,CP,MT,1098.9,0,no,Pouch
9101,410000486,Rice Bran 1 ltr Pouch (H&T),Rice Bran,,,0,N,Y,HBC:Rasoi:BIB,Case,Ltr,12,CP,MT,1098.9,0,no,Pouch
9120,410000486,Rice Bran 1 ltr Pouch (H&T),Rice Bran,,,0,N,Y,HBC:Rasoi:BIB,Case,Ltr,12,CP,MT,1098.9,0,no,Pouch
9108,410000004,Sunflower 1 ltr Pouch H&T,Sunflower,,,0,N,Y,HBC:Rasoi:BIB,Case,Ltr,12,CP,MT,1098.9,5,no,Pouch
9116,410000004,Sunflower 1 ltr Pouch (H&T),Sunflower,,,0,N,Y,HBC:Rasoi:BIB,Case,Ltr,12,CP,MT,1098.9,5,no,Pouch
9101,410000004,Sunflower 1 ltr Pouch (H&T),Sunflower,,,0,N,Y,HBC:Rasoi:BIB,Case,Ltr,12,CP,MT,1098.9,5,no,Pouch
9120,410000004,Sunflower 1 ltr Pouch (H&T),Sunflower,,,0,N,Y,HBC:Rasoi:BIB,Case,Ltr,12,CP,MT,1098.9,5,no,Pouch
9306,400000487,Palm LUP Rs 5/- (50ml),Palm,,,0,N,Y,HBC:Rasoi:BIB,Case,Ltr,12,CP,MT,1111.11,5,no,
9306,400000502,Palm LUP Rs 10/- (100ml),Palm,,,0,N,Y,HBC:Rasoi:BIB,Case,Ltr,12,CP,MT,1111.11,5,no,
9306,400000481,Soyabean LUP Rs 5/- (50ml),Soyabean,,,0,N,Y,HBC:Rasoi:BIB,Case,Ltr,10.8,CP,MT,1098.9,5,no,
9308,400000487,Palm LUP Rs 5/- (50ml),Palm,,,0,N,Y,HBC:Rasoi:BIB,Case,Ltr,12,CP,MT,1111.11,5,no,
9308,400000502,Palm LUP Rs 10/- (100ml),Palm,,,0,N,Y,HBC:Rasoi:BIB,Case,Ltr,12,CP,MT,1111.11,5,no,
9308,400000481,Soyabean LUP Rs 5/- (50ml),Soyabean,,,0,N,Y,HBC:Rasoi:BIB,Case,Ltr,10.8,CP,MT,1098.9,5,no,
9105,400000487,Palm LUP Rs 5/- (50ml),Palm,,,0,N,Y,HBC:Rasoi:BIB,Case,Ltr,12,CP,MT,1111.11,5,no,
9105,400000502,Palm LUP Rs 10/- (100ml),Palm,,,0,N,Y,HBC:Rasoi:BIB,Case,Ltr,12,CP,MT,1111.11,5,no,
9105,400000481,Soyabean LUP Rs 5/- (50ml),Soyabean,,,0,N,Y,HBC:Rasoi:BIB,Case,Ltr,10.8,CP,MT,1098.9,5,no,
9114,400000487,Palm LUP Rs 5/- (50ml),Palm,,,0,N,Y,HBC:Rasoi:BIB,Case,Ltr,12,CP,MT,1111.11,5,no,
9114,400000502,Palm LUP Rs 10/- (100ml),Palm,,,0,N,Y,HBC:Rasoi:BIB,Case,Ltr,12,CP,MT,1111.11,5,no,
9114,400000481,Soyabean LUP Rs 5/- (50ml),Soyabean,,,0,N,Y,HBC:Rasoi:BIB,Case,Ltr,10.8,CP,MT,1098.9,5,no,
9110,400000561,Blend HBC plus 15 ltr Tin,Blend,,,0,N,Y,HBC:Rasoi:BIB,Case,Ltr,15,BP,MT,1098.9,0,no,TIN
1000D,400000561,Blend HBC plus 15 ltr Tin,Blend,,,0,N,Y,HBC:Rasoi:BIB,Case,Ltr,15,BP,MT,1098.9,0,no,TIN
1000D,400000571,Rasoi 1 ltr Pouch (Gold),Rasoi,,,0,N,Y,HBC:Rasoi:BIB,Case,Ltr,16,CP,MT,1114.21,5,yes,Pouch
1000D,400000572,Rasoi  500 ml Pouch (Gold),Rasoi,,,0,N,Y,HBC:Rasoi:BIB,Case,Ltr,16,CP,MT,1114.21,5,yes,Pouch
1000D,400000573,Rasoi  200 ml Pouch (Gold),Rasoi,,,0,N,Y,HBC:Rasoi:BIB,Case,Ltr,16,CP,MT,1114.21,5,yes,Pouch
9110,400000571,Rasoi 1 ltr Pouch (Gold),Rasoi,,,0,N,Y,HBC:Rasoi:BIB,Case,Ltr,16,CP,MT,1114.21,5,yes,Pouch
9110,400000572,Rasoi  500 ml Pouch (Gold),Rasoi,,,0,N,Y,HBC:Rasoi:BIB,Case,Ltr,16,CP,MT,1114.21,5,yes,Pouch
9110,400000573,Rasoi  200 ml Pouch (Gold),Rasoi,,,0,N,Y,HBC:Rasoi:BIB,Case,Ltr,16,CP,MT,1114.21,5,yes,Pouch
9203,400000139,Sunflower 1 ltr Pouch (10pc),Sunflower,,,0,N,Y,HBC:Rasoi:BIB,Case,Ltr,10,CP,MT,1098.9,5,no,Pouch
9407D,400000139,Sunflower 1 ltr Pouch (10pc),Sunflower,,,0,N,Y,HBC:Rasoi:BIB,Case,Ltr,10,CP,MT,1098.9,5,no,Pouch
9407A,400000139,Sunflower 1 ltr Pouch (10pc),Sunflower,,,0,N,Y,HBC:Rasoi:BIB,Case,Ltr,10,CP,MT,1098.9,5,no,Pouch
9203,400000275,Sunflower 15 ltr Tin,Sunflower,,,0,N,Y,HBC:Rasoi:BIB,Case,Ltr,15,BP,MT,1098.9,10,no,TIN
9407D,400000275,Sunflower 15 ltr Tin,Sunflower,,,0,N,Y,HBC:Rasoi:BIB,Case,Ltr,15,BP,MT,1098.9,10,no,TIN
9407A,400000275,Sunflower 15 ltr Tin,Sunflower,,,0,N,Y,HBC:Rasoi:BIB,Case,Ltr,15,BP,MT,1098.9,10,no,TIN
4000D,400000502,Palm LUP Rs 10/- (100ml),Palm,,,0,N,Y,HBC:Rasoi:BIB,Case,Ltr,12,CP,MT,1111.11,5,no,
9201,400000502,Palm LUP Rs 10/- (100ml),Palm,,,0,N,Y,HBC:Rasoi:BIB,Case,Ltr,12,CP,MT,1111.11,5,no,
9207,400000502,Palm LUP Rs 10/- (100ml),Palm,,,0,N,Y,HBC:Rasoi:BIB,Case,Ltr,12,CP,MT,1111.11,5,no,
9213,400000502,Palm LUP Rs 10/- (100ml),Palm,,,0,N,Y,HBC:Rasoi:BIB,Case,Ltr,12,CP,MT,1111.11,5,no,
9205,400000502,Palm LUP Rs 10/- (100ml),Palm,,,0,N,Y,HBC:Rasoi:BIB,Case,Ltr,12,CP,MT,1111.11,5,no,
9208,400000502,Palm LUP Rs 10/- (100ml),Palm,,,0,N,Y,HBC:Rasoi:BIB,Case,Ltr,12,CP,MT,1111.11,5,no,
9407DD,400000502,Palm LUP Rs 10/- (100ml),Palm,,,0,N,Y,HBC:Rasoi:BIB,Case,Ltr,12,CP,MT,1111.11,5,no,
9407B,400000502,Palm LUP Rs 10/- (100ml),Palm,,,0,N,Y,HBC:Rasoi:BIB,Case,Ltr,12,CP,MT,1111.11,5,no,
9105,400000551,Blend HBC plus 1 ltr Pouch,Blend,,,0,N,Y,HBC:Rasoi:BIB,Case,Ltr,12,CP,MT,1098.9,0,no,Pouch
9105,400000556,Blend HBC plus 500 ml Pouch,Blend,,,0,N,Y,HBC:Rasoi:BIB,Case,Ltr,12,CP,MT,1098.9,0,no,Pouch
9105,400000557,Blend HBC plus 1 ltr Bottle,Blend,,,0,N,Y,HBC:Rasoi:BIB,Case,Ltr,12,CP,MT,1098.9,0,no,Pet
9105,400000558,Blend HBC plus 500 ml Bottle,Blend,,,0,N,Y,HBC:Rasoi:BIB,Case,Ltr,12,CP,MT,1098.9,0,no,Pet
9105,400000559,Blend HBC plus 5 ltr Jar,Blend,,,0,N,Y,HBC:Rasoi:BIB,Case,Ltr,20,CP,MT,1098.9,0,no,JAR
9105,400000560,Blend HBC plus 15 ltr Jar,Blend,,,0,N,Y,HBC:Rasoi:BIB,Case,Ltr,15,BP,MT,1098.9,0,no,JAR
9114,400000551,Blend HBC plus 1 ltr Pouch,Blend,,,0,N,Y,HBC:Rasoi:BIB,Case,Ltr,12,CP,MT,1098.9,0,no,Pouch
9114,400000556,Blend HBC plus 500 ml Pouch,Blend,,,0,N,Y,HBC:Rasoi:BIB,Case,Ltr,12,CP,MT,1098.9,0,no,Pouch
9114,400000557,Blend HBC plus 1 ltr Bottle,Blend,,,0,N,Y,HBC:Rasoi:BIB,Case,Ltr,12,CP,MT,1098.9,0,no,Pet
9114,400000558,Blend HBC plus 500 ml Bottle,Blend,,,0,N,Y,HBC:Rasoi:BIB,Case,Ltr,12,CP,MT,1098.9,0,no,Pet
9114,400000559,Blend HBC plus 5 ltr Jar,Blend,,,0,N,Y,HBC:Rasoi:BIB,Case,Ltr,20,CP,MT,1098.9,0,no,JAR
9114,400000560,Blend HBC plus 15 ltr Jar,Blend,,,0,N,Y,HBC:Rasoi:BIB,Case,Ltr,15,BP,MT,1098.9,0,no,JAR
9114,400000561,Blend HBC plus 15 ltr Tin,Blend,,,0,N,Y,HBC:Rasoi:BIB,Case,Ltr,15,BP,MT,1098.9,0,no,TIN
9105,400000561,Blend HBC plus 15 ltr Tin,Blend,,,0,N,Y,HBC:Rasoi:BIB,Case,Ltr,15,BP,MT,1098.9,0,no,TIN
1000D,400000589,Rasoi No 1 - 1 ltr Pouch,Rasoi,,,0,Y,N,HBC:Rasoi:BIB,Case,Ltr,16,CP,MT,1114.21,5,yes,Pouch
9110,400000589,Rasoi No 1 - 1 ltr Pouch,Rasoi,,,0,Y,N,HBC:Rasoi:BIB,Case,Ltr,16,CP,MT,1114.21,5,yes,Pouch
9108,400000589,Rasoi No 1 - 1 ltr Pouch,Rasoi,,,0,Y,N,HBC:Rasoi:BIB,Case,Ltr,16,CP,MT,1114.21,5,yes,Pouch
9105,400000589,Rasoi No 1 - 1 ltr Pouch,Rasoi,,,0,Y,N,HBC:Rasoi:BIB,Case,Ltr,16,CP,MT,1114.21,5,yes,Pouch
9114,400000589,Rasoi No 1 - 1 ltr Pouch,Rasoi,,,0,Y,N,HBC:Rasoi:BIB,Case,Ltr,16,CP,MT,1114.21,5,yes,Pouch
9116,400000589,Rasoi No 1 - 1 ltr Pouch,Rasoi,,,0,Y,N,HBC:Rasoi:BIB,Case,Ltr,16,CP,MT,1114.21,5,yes,Pouch
9113,400000589,Rasoi No 1 - 1 ltr Pouch,Rasoi,,,0,N,Y,HBC:Rasoi:BIB,Case,Ltr,16,CP,MT,1114.21,5,yes,Pouch
1000D,400000550,Mustard LUP Rs 5/-(27ml),Mustard,,,0,N,Y,HBC:Rasoi:BIB,Case,Ltr,7.2,CP,MT,1098.9,0,no,
9110,400000550,Mustard LUP Rs 5/-(27ml),Mustard,,,0,N,Y,HBC:Rasoi:BIB,Case,Ltr,7.2,CP,MT,1098.9,0,no,
9113,400000550,Mustard LUP Rs 5/-(27ml),Mustard,,,0,N,Y,HBC:Rasoi:BIB,Case,Ltr,7.2,CP,MT,1098.9,0,no,
9412,400000589,Rasoi No 1 - 1 ltr Pouch,Rasoi,,,0,Y,N,HBC:Rasoi:BIB,Case,Ltr,16,CP,MT,1114.21,5,yes,Pouch
9308,400000551,Blend HBC plus 1 ltr Pouch,Blend,,,0,N,Y,HBC:Rasoi:BIB,Case,Ltr,12,CP,MT,1098.9,0,no,Pouch
9308,400000556,Blend HBC plus 500 ml Pouch,Blend,,,0,N,Y,HBC:Rasoi:BIB,Case,Ltr,12,CP,MT,1098.9,0,no,Pouch
9308,400000557,Blend HBC plus 1 ltr Bottle,Blend,,,0,N,Y,HBC:Rasoi:BIB,Case,Ltr,12,CP,MT,1098.9,0,no,Pet
9308,400000558,Blend HBC plus 500 ml Bottle,Blend,,,0,N,Y,HBC:Rasoi:BIB,Case,Ltr,12,CP,MT,1098.9,0,no,Pet
9308,400000559,Blend HBC plus 5 ltr Jar,Blend,,,0,N,Y,HBC:Rasoi:BIB,Case,Ltr,20,CP,MT,1098.9,0,no,JAR
9308,400000560,Blend HBC plus 15 ltr Jar,Blend,,,0,N,Y,HBC:Rasoi:BIB,Case,Ltr,15,BP,MT,1098.9,0,no,JAR
9308,400000561,Blend HBC plus 15 ltr Tin,Blend,,,0,N,Y,HBC:Rasoi:BIB,Case,Ltr,15,BP,MT,1098.9,0,no,TIN
9101,400000551,Blend HBC plus 1 ltr Pouch,Blend,,,0,N,Y,HBC:Rasoi:BIB,Case,Ltr,12,CP,MT,1098.9,0,no,Pouch
9101,400000556,Blend HBC plus 500 ml Pouch,Blend,,,0,N,Y,HBC:Rasoi:BIB,Case,Ltr,12,CP,MT,1098.9,0,no,Pouch
9101,400000557,Blend HBC plus 1 ltr Bottle,Blend,,,0,N,Y,HBC:Rasoi:BIB,Case,Ltr,12,CP,MT,1098.9,0,no,Pet
9101,400000558,Blend HBC plus 500 ml Bottle,Blend,,,0,N,Y,HBC:Rasoi:BIB,Case,Ltr,12,CP,MT,1098.9,0,no,Pet
9101,400000559,Blend HBC plus 5 ltr Jar,Blend,,,0,N,Y,HBC:Rasoi:BIB,Case,Ltr,20,CP,MT,1098.9,0,no,JAR
9101,400000560,Blend HBC plus 15 ltr Jar,Blend,,,0,N,Y,HBC:Rasoi:BIB,Case,Ltr,15,BP,MT,1098.9,0,no,JAR
9101,400000561,Blend HBC plus 15 ltr Tin,Blend,,,0,N,Y,HBC:Rasoi:BIB,Case,Ltr,15,BP,MT,1098.9,0,no,TIN
1000D,400000547,Mustard LUP Rs 10/-(60ml),Mustard,,,0,N,Y,HBC:Rasoi:BIB,Case,Ltr,7.2,CP,MT,1098.9,0,no,
9110,400000547,Mustard LUP Rs 10/-(60ml),Mustard,,,0,N,Y,HBC:Rasoi:BIB,Case,Ltr,7.2,CP,MT,1098.9,0,no,
9117,400000499,Mustard LUP Rs 10/-(65ml),Mustard,,,0,N,Y,HBC:Rasoi:BIB,Case,Ltr,7.8,CP,MT,1098.9,0,no,
9117,400000550,Mustard LUP Rs 5/-(27ml),Mustard,,,0,N,Y,HBC:Rasoi:BIB,Case,Ltr,7.2,CP,MT,1098.9,0,no,
9117,400000485,Mustard LUP Rs 5/-(30ml),Mustard,,,0,N,Y,HBC:Rasoi:BIB,Case,Ltr,7.2,CP,MT,1098.9,0,no,
9117,400000547,Mustard LUP Rs 10/-(60ml),Mustard,,,0,N,Y,HBC:Rasoi:BIB,Case,Ltr,7.2,CP,MT,1098.9,0,no,
1000D,400000430,Blend 15 ltr Tin,Blend Plus,,,0,N,Y,HBC:Rasoi:BIB,Case,Ltr,15,BP,MT,1098.9,0,no,TIN
9110,400000430,Blend 15 ltr Tin,Blend Plus,,,0,N,Y,HBC:Rasoi:BIB,Case,Ltr,15,BP,MT,1098.9,0,no,TIN
9117,400000430,Blend 15 ltr Tin,Blend Plus,,,0,N,Y,HBC:Rasoi:BIB,Case,Ltr,15,BP,MT,1098.9,0,no,TIN
4000D,400000430,Blend 15 ltr Tin,Blend Plus,,,0,N,Y,HBC:Rasoi:BIB,Case,Ltr,15,BP,MT,1098.9,0,no,TIN
9108,400000430,Blend 15 ltr Tin,Blend Plus,,,0,N,Y,HBC:Rasoi:BIB,Case,Ltr,15,BP,MT,1098.9,0,no,TIN
9306,400000430,Blend 15 ltr Tin,Blend Plus,,,0,N,Y,HBC:Rasoi:BIB,Case,Ltr,15,BP,MT,1098.9,0,no,TIN
9308,400000430,Blend 15 ltr Tin,Blend Plus,,,0,N,Y,HBC:Rasoi:BIB,Case,Ltr,15,BP,MT,1098.9,0,no,TIN
9101,400000430,Blend 15 ltr Tin,Blend Plus,,,0,N,Y,HBC:Rasoi:BIB,Case,Ltr,15,BP,MT,1098.9,0,no,TIN
9120,400000430,Blend 15 ltr Tin,Blend Plus,,,0,N,Y,HBC:Rasoi:BIB,Case,Ltr,15,BP,MT,1098.9,0,no,TIN
9105,400000430,Blend 15 ltr Tin,Blend Plus,,,0,N,Y,HBC:Rasoi:BIB,Case,Ltr,15,BP,MT,1098.9,0,no,TIN
9114,400000430,Blend 15 ltr Tin,Blend Plus,,,0,N,Y,HBC:Rasoi:BIB,Case,Ltr,15,BP,MT,1098.9,0,no,TIN
9308KP,400000430,Blend 15 ltr Tin,Blend Plus,,,0,N,Y,HBC:Rasoi:BIB,Case,Ltr,15,BP,MT,1098.9,0,no,TIN
9105KP,400000430,Blend 15 ltr Tin,Blend Plus,,,0,N,Y,HBC:Rasoi:BIB,Case,Ltr,15,BP,MT,1098.9,0,no,TIN
9114KP,400000430,Blend 15 ltr Tin,Blend Plus,,,0,N,Y,HBC:Rasoi:BIB,Case,Ltr,15,BP,MT,1098.9,0,no,TIN
9306KP,400000430,Blend 15 ltr Tin,Blend Plus,,,0,N,Y,HBC:Rasoi:BIB,Case,Ltr,15,BP,MT,1098.9,0,no,TIN
9111,400000430,Blend 15 ltr Tin,Blend Plus,,,0,N,Y,HBC:Rasoi:BIB,Case,Ltr,15,BP,MT,1098.9,0,no,TIN
9112,400000430,Blend 15 ltr Tin,Blend Plus,,,0,N,Y,HBC:Rasoi:BIB,Case,Ltr,15,BP,MT,1098.9,0,no,TIN
9103,400000430,Blend 15 ltr Tin,Blend Plus,,,0,N,Y,HBC:Rasoi:BIB,Case,Ltr,15,BP,MT,1098.9,0,no,TIN
9106,400000430,Blend 15 ltr Tin,Blend Plus,,,0,N,Y,HBC:Rasoi:BIB,Case,Ltr,15,BP,MT,1098.9,0,no,TIN
9118,400000430,Blend 15 ltr Tin,Blend Plus,,,0,N,Y,HBC:Rasoi:BIB,Case,Ltr,15,BP,MT,1098.9,0,no,TIN
9412,400000430,Blend 15 ltr Tin,Blend Plus,,,0,N,Y,HBC:Rasoi:BIB,Case,Ltr,15,BP,MT,1098.9,0,no,TIN
9116,400000430,Blend 15 ltr Tin,Blend Plus,,,0,N,Y,HBC:Rasoi:BIB,Case,Ltr,15,BP,MT,1098.9,0,no,TIN
9113,400000430,Blend 15 ltr Tin,Blend Plus,,,0,N,Y,HBC:Rasoi:BIB,Case,Ltr,15,BP,MT,1098.9,0,no,TIN
1000D,400000551,Blend HBC plus 1 ltr Pouch,Blend Plus,,,0,N,Y,HBC:Rasoi:BIB,Case,Ltr,12,CP,MT,1098.9,0,no,Pouch
9110,400000551,Blend HBC plus 1 ltr Pouch,Blend Plus,,,0,N,Y,HBC:Rasoi:BIB,Case,Ltr,12,CP,MT,1098.9,0,no,Pouch
9105,400000551,Blend HBC plus 1 ltr Pouch,Blend Plus,,,0,N,Y,HBC:Rasoi:BIB,Case,Ltr,12,CP,MT,1098.9,0,no,Pouch
9114,400000551,Blend HBC plus 1 ltr Pouch,Blend Plus,,,0,N,Y,HBC:Rasoi:BIB,Case,Ltr,12,CP,MT,1098.9,0,no,Pouch
1000D,400000556,Blend HBC plus 500 ml Pouch,Blend Plus,,,0,N,Y,HBC:Rasoi:BIB,Case,Ltr,12,CP,MT,1098.9,0,no,Pouch
9110,400000556,Blend HBC plus 500 ml Pouch,Blend Plus,,,0,N,Y,HBC:Rasoi:BIB,Case,Ltr,12,CP,MT,1098.9,0,no,Pouch
9105,400000556,Blend HBC plus 500 ml Pouch,Blend Plus,,,0,N,Y,HBC:Rasoi:BIB,Case,Ltr,12,CP,MT,1098.9,0,no,Pouch
9114,400000556,Blend HBC plus 500 ml Pouch,Blend Plus,,,0,N,Y,HBC:Rasoi:BIB,Case,Ltr,12,CP,MT,1098.9,0,no,Pouch
1000D,400000557,Blend HBC plus 1 ltr Bottle,Blend Plus,,,0,N,Y,HBC:Rasoi:BIB,Case,Ltr,12,CP,MT,1098.9,0,no,Pet
9110,400000557,Blend HBC plus 1 ltr Bottle,Blend Plus,,,0,N,Y,HBC:Rasoi:BIB,Case,Ltr,12,CP,MT,1098.9,0,no,Pet
9105,400000557,Blend HBC plus 1 ltr Bottle,Blend Plus,,,0,N,Y,HBC:Rasoi:BIB,Case,Ltr,12,CP,MT,1098.9,0,no,Pet
9114,400000557,Blend HBC plus 1 ltr Bottle,Blend Plus,,,0,N,Y,HBC:Rasoi:BIB,Case,Ltr,12,CP,MT,1098.9,0,no,Pet
1000D,400000558,Blend HBC plus 500 ml Bottle,Blend Plus,,,0,N,Y,HBC:Rasoi:BIB,Case,Ltr,12,CP,MT,1098.9,0,no,Pet
9110,400000558,Blend HBC plus 500 ml Bottle,Blend Plus,,,0,N,Y,HBC:Rasoi:BIB,Case,Ltr,12,CP,MT,1098.9,0,no,Pet
9105,400000558,Blend HBC plus 500 ml Bottle,Blend Plus,,,0,N,Y,HBC:Rasoi:BIB,Case,Ltr,12,CP,MT,1098.9,0,no,Pet
9114,400000558,Blend HBC plus 500 ml Bottle,Blend Plus,,,0,N,Y,HBC:Rasoi:BIB,Case,Ltr,12,CP,MT,1098.9,0,no,Pet
1000D,400000559,Blend HBC plus 5 ltr Jar,Blend Plus,,,0,N,Y,HBC:Rasoi:BIB,Case,Ltr,20,CP,MT,1098.9,0,no,JAR
9110,400000559,Blend HBC plus 5 ltr Jar,Blend Plus,,,0,N,Y,HBC:Rasoi:BIB,Case,Ltr,20,CP,MT,1098.9,0,no,JAR
9105,400000559,Blend HBC plus 5 ltr Jar,Blend Plus,,,0,N,Y,HBC:Rasoi:BIB,Case,Ltr,20,CP,MT,1098.9,0,no,JAR
9114,400000559,Blend HBC plus 5 ltr Jar,Blend Plus,,,0,N,Y,HBC:Rasoi:BIB,Case,Ltr,20,CP,MT,1098.9,0,no,JAR
1000D,400000560,Blend HBC plus 15 ltr Jar,Blend Plus,,,0,N,Y,HBC:Rasoi:BIB,Case,Ltr,15,BP,MT,1098.9,0,no,JAR
9110,400000560,Blend HBC plus 15 ltr Jar,Blend Plus,,,0,N,Y,HBC:Rasoi:BIB,Case,Ltr,15,BP,MT,1098.9,0,no,JAR
9105,400000560,Blend HBC plus 15 ltr Jar,Blend Plus,,,0,N,Y,HBC:Rasoi:BIB,Case,Ltr,15,BP,MT,1098.9,0,no,JAR
9114,400000560,Blend HBC plus 15 ltr Jar,Blend Plus,,,0,N,Y,HBC:Rasoi:BIB,Case,Ltr,15,BP,MT,1098.9,0,no,JAR
9110,400000561,Blend HBC plus 15 ltr Tin,Blend Plus,,,0,N,Y,HBC:Rasoi:BIB,Case,Ltr,15,BP,MT,1098.9,0,no,TIN
1000D,400000561,Blend HBC plus 15 ltr Tin,Blend Plus,,,0,N,Y,HBC:Rasoi:BIB,Case,Ltr,15,BP,MT,1098.9,0,no,TIN
9114,400000561,Blend HBC plus 15 ltr Tin,Blend Plus,,,0,N,Y,HBC:Rasoi:BIB,Case,Ltr,15,BP,MT,1098.9,0,no,TIN
9105,400000561,Blend HBC plus 15 ltr Tin,Blend Plus,,,0,N,Y,HBC:Rasoi:BIB,Case,Ltr,15,BP,MT,1098.9,0,no,TIN
9308,400000551,Blend HBC plus 1 ltr Pouch,Blend Plus,,,0,N,Y,HBC:Rasoi:BIB,Case,Ltr,12,CP,MT,1098.9,0,no,Pouch
9308,400000556,Blend HBC plus 500 ml Pouch,Blend Plus,,,0,N,Y,HBC:Rasoi:BIB,Case,Ltr,12,CP,MT,1098.9,0,no,Pouch
9308,400000557,Blend HBC plus 1 ltr Bottle,Blend Plus,,,0,N,Y,HBC:Rasoi:BIB,Case,Ltr,12,CP,MT,1098.9,0,no,Pet
9308,400000558,Blend HBC plus 500 ml Bottle,Blend Plus,,,0,N,Y,HBC:Rasoi:BIB,Case,Ltr,12,CP,MT,1098.9,0,no,Pet
9308,400000559,Blend HBC plus 5 ltr Jar,Blend Plus,,,0,N,Y,HBC:Rasoi:BIB,Case,Ltr,20,CP,MT,1098.9,0,no,JAR
9308,400000560,Blend HBC plus 15 ltr Jar,Blend Plus,,,0,N,Y,HBC:Rasoi:BIB,Case,Ltr,15,BP,MT,1098.9,0,no,JAR
9308,400000561,Blend HBC plus 15 ltr Tin,Blend Plus,,,0,N,Y,HBC:Rasoi:BIB,Case,Ltr,15,BP,MT,1098.9,0,no,TIN
9101,400000551,Blend HBC plus 1 ltr Pouch,Blend Plus,,,0,N,Y,HBC:Rasoi:BIB,Case,Ltr,12,CP,MT,1098.9,0,no,Pouch
9101,400000556,Blend HBC plus 500 ml Pouch,Blend Plus,,,0,N,Y,HBC:Rasoi:BIB,Case,Ltr,12,CP,MT,1098.9,0,no,Pouch
9101,400000557,Blend HBC plus 1 ltr Bottle,Blend Plus,,,0,N,Y,HBC:Rasoi:BIB,Case,Ltr,12,CP,MT,1098.9,0,no,Pet
9101,400000558,Blend HBC plus 500 ml Bottle,Blend Plus,,,0,N,Y,HBC:Rasoi:BIB,Case,Ltr,12,CP,MT,1098.9,0,no,Pet
9101,400000559,Blend HBC plus 5 ltr Jar,Blend Plus,,,0,N,Y,HBC:Rasoi:BIB,Case,Ltr,20,CP,MT,1098.9,0,no,JAR
9101,400000560,Blend HBC plus 15 ltr Jar,Blend Plus,,,0,N,Y,HBC:Rasoi:BIB,Case,Ltr,15,BP,MT,1098.9,0,no,JAR
9101,400000561,Blend HBC plus 15 ltr Tin,Blend Plus,,,0,N,Y,HBC:Rasoi:BIB,Case,Ltr,15,BP,MT,1098.9,0,no,TIN
1000D,400000584,Blend HBC No 1-1 ltr Pouch,Blend No 1,,,0,N,Y,HBC:Rasoi:BIB,Case,Ltr,12,CP,MT,1098.9,0,no,Pouch
1000D,400000585,Blend HBC No 1-500 ml Pouch,Blend No 1,,,0,N,Y,HBC:Rasoi:BIB,Case,Ltr,12,CP,MT,1098.9,0,no,Pouch
1000D,400000586,Blend HBC No 1-1 ltr Bottle,Blend No 1,,,0,N,Y,HBC:Rasoi:BIB,Case,Ltr,12,CP,MT,1098.9,0,no,Pet
1000D,400000587,Blend HBC No 1-500 ml Bottle,Blend No 1,,,0,N,Y,HBC:Rasoi:BIB,Case,Ltr,12,CP,MT,1098.9,0,no,Pet
1000D,400000588,Blend HBC No 1-5 ltr Jar,Blend No 1,,,0,N,Y,HBC:Rasoi:BIB,Case,Ltr,20,CP,MT,1098.9,0,no,JAR
9110,400000584,Blend HBC No 1-1 ltr Pouch,Blend No 1,,,0,N,Y,HBC:Rasoi:BIB,Case,Ltr,12,CP,MT,1098.9,0,no,Pouch
9110,400000585,Blend HBC No 1-500 ml Pouch,Blend No 1,,,0,N,Y,HBC:Rasoi:BIB,Case,Ltr,12,CP,MT,1098.9,0,no,Pouch
9110,400000586,Blend HBC No 1-1 ltr Bottle,Blend No 1,,,0,N,Y,HBC:Rasoi:BIB,Case,Ltr,12,CP,MT,1098.9,0,no,Pet
9110,400000587,Blend HBC No 1-500 ml Bottle,Blend No 1,,,0,N,Y,HBC:Rasoi:BIB,Case,Ltr,12,CP,MT,1098.9,0,no,Pet
9110,400000588,Blend HBC No 1-5 ltr Jar,Blend No 1,,,0,N,Y,HBC:Rasoi:BIB,Case,Ltr,20,CP,MT,1098.9,0,no,JAR
9117,400000584,Blend HBC No 1-1 ltr Pouch,Blend No 1,,,0,N,Y,HBC:Rasoi:BIB,Case,Ltr,12,CP,MT,1098.9,0,no,Pouch
9117,400000585,Blend HBC No 1-500 ml Pouch,Blend No 1,,,0,N,Y,HBC:Rasoi:BIB,Case,Ltr,12,CP,MT,1098.9,0,no,Pouch
9117,400000586,Blend HBC No 1-1 ltr Bottle,Blend No 1,,,0,N,Y,HBC:Rasoi:BIB,Case,Ltr,12,CP,MT,1098.9,0,no,Pet
9117,400000587,Blend HBC No 1-500 ml Bottle,Blend No 1,,,0,N,Y,HBC:Rasoi:BIB,Case,Ltr,12,CP,MT,1098.9,0,no,Pet
9117,400000588,Blend HBC No 1-5 ltr Jar,Blend No 1,,,0,N,Y,HBC:Rasoi:BIB,Case,Ltr,20,CP,MT,1098.9,0,no,JAR
1000D,400000595,Rasoi No 1 15 kg Tin,Rasoi,,,0,Y,N,HBC:Rasoi:BIB,Case,Ltr,16.71,BP,MT,1114.21,10,yes,TIN
9110,400000595,Rasoi No 1 15 kg Tin,Rasoi,,,0,Y,N,HBC:Rasoi:BIB,Case,Ltr,16.71,BP,MT,1114.21,10,yes,TIN
9117,400000595,Rasoi No 1 15 kg Tin,Rasoi,,,0,Y,N,HBC:Rasoi:BIB,Case,Ltr,16.71,BP,MT,1114.21,10,yes,TIN
9112,400000595,Rasoi No 1 15 kg Tin,Rasoi,,,0,Y,N,HBC:Rasoi:BIB,Case,Ltr,16.71,BP,MT,1114.21,10,yes,TIN
9106,400000595,Rasoi No 1 15 kg Tin,Rasoi,,,0,Y,N,HBC:Rasoi:BIB,Case,Ltr,16.71,BP,MT,1114.21,10,yes,TIN
9111,400000595,Rasoi No 1 15 kg Tin,Rasoi,,,0,Y,N,HBC:Rasoi:BIB,Case,Ltr,16.71,BP,MT,1114.21,10,yes,TIN
9103,400000595,Rasoi No 1 15 kg Tin,Rasoi,,,0,Y,N,HBC:Rasoi:BIB,Case,Ltr,16.71,BP,MT,1114.21,10,yes,TIN
9118,400000595,Rasoi No 1 15 kg Tin,Rasoi,,,0,Y,N,HBC:Rasoi:BIB,Case,Ltr,16.71,BP,MT,1114.21,10,yes,TIN
9108,400000595,Rasoi No 1 15 kg Tin,Rasoi,,,0,Y,N,HBC:Rasoi:BIB,Case,Ltr,16.71,BP,MT,1114.21,10,yes,TIN
9306,400000595,Rasoi No 1 15 kg Tin,Rasoi,,,0,Y,N,HBC:Rasoi:BIB,Case,Ltr,16.71,BP,MT,1114.21,10,yes,TIN
9308,400000595,Rasoi No 1 15 kg Tin,Rasoi,,,0,Y,N,HBC:Rasoi:BIB,Case,Ltr,16.71,BP,MT,1114.21,10,yes,TIN
9105,400000595,Rasoi No 1 15 kg Tin,Rasoi,,,0,Y,N,HBC:Rasoi:BIB,Case,Ltr,16.71,BP,MT,1114.21,10,yes,TIN
9114,400000595,Rasoi No 1 15 kg Tin,Rasoi,,,0,Y,N,HBC:Rasoi:BIB,Case,Ltr,16.71,BP,MT,1114.21,10,yes,TIN
9101,400000595,Rasoi No 1 15 kg Tin,Rasoi,,,0,Y,N,HBC:Rasoi:BIB,Case,Ltr,16.71,BP,MT,1114.21,10,yes,TIN
9407A,400000595,Rasoi No 1 15 kg Tin,Rasoi,,,0,Y,N,HBC:Rasoi:BIB,Case,Ltr,16.71,BP,MT,1114.21,10,yes,TIN
9113,400000595,Rasoi No 1 15 kg Tin,Rasoi,,,0,N,Y,HBC:Rasoi:BIB,Case,Ltr,16.71,BP,MT,1114.21,10,yes,TIN
9120,400000595,Rasoi No 1 15 kg Tin,Rasoi,,,0,Y,N,HBC:Rasoi:BIB,Case,Ltr,16.71,BP,MT,1114.21,10,yes,TIN
9412,400000595,Rasoi No 1 15 kg Tin,Rasoi,,,0,Y,N,HBC:Rasoi:BIB,Case,Ltr,16.71,BP,MT,1114.21,10,yes,TIN
9116,400000595,Rasoi No 1 15 kg Tin,Rasoi,,,0,Y,N,HBC:Rasoi:BIB,Case,Ltr,16.71,BP,MT,1114.21,10,yes,TIN
1000D,400000716,Sunflower 15 ltr Tin (LD),Sunflower,,,0,Y,N,HBC:Rasoi:BIB,Case,Ltr,15,BP,MT,1098.9,10,no,TIN
9110,400000716,Sunflower 15 ltr Tin (LD),Sunflower,,,0,Y,N,HBC:Rasoi:BIB,Case,Ltr,15,BP,MT,1098.9,10,no,TIN
9117,400000716,Sunflower 15 ltr Tin (LD),Sunflower,,,0,Y,N,HBC:Rasoi:BIB,Case,Ltr,15,BP,MT,1098.9,10,no,TIN
4000D,400000716,Sunflower 15 ltr Tin (LD),Sunflower,,,0,Y,N,HBC:Rasoi:BIB,Case,Ltr,15,BP,MT,1098.9,10,no,TIN
9108,400000716,Sunflower 15 ltr Tin (LD),Sunflower,,,0,Y,N,HBC:Rasoi:BIB,Case,Ltr,15,BP,MT,1098.9,10,no,TIN
9306,400000716,Sunflower 15 ltr Tin (LD),Sunflower,,,0,Y,N,HBC:Rasoi:BIB,Case,Ltr,15,BP,MT,1098.9,10,no,TIN
9308,400000716,Sunflower 15 ltr Tin (LD),Sunflower,,,0,Y,N,HBC:Rasoi:BIB,Case,Ltr,15,BP,MT,1098.9,10,no,TIN
9101,400000716,Sunflower 15 ltr Tin (LD),Sunflower,,,0,Y,N,HBC:Rasoi:BIB,Case,Ltr,15,BP,MT,1098.9,10,no,TIN
9120,400000716,Sunflower 15 ltr Tin (LD),Sunflower,,,0,Y,N,HBC:Rasoi:BIB,Case,Ltr,15,BP,MT,1098.9,10,no,TIN
9105,400000716,Sunflower 15 ltr Tin (LD),Sunflower,,,0,Y,N,HBC:Rasoi:BIB,Case,Ltr,15,BP,MT,1098.9,10,no,TIN
9114,400000716,Sunflower 15 ltr Tin (LD),Sunflower,,,0,Y,N,HBC:Rasoi:BIB,Case,Ltr,15,BP,MT,1098.9,10,no,TIN
9308KP,400000716,Sunflower 15 ltr Tin (LD),Sunflower,,,0,Y,N,HBC:Rasoi:BIB,Case,Ltr,15,BP,MT,1098.9,10,no,TIN
9105KP,400000716,Sunflower 15 ltr Tin (LD),Sunflower,,,0,Y,N,HBC:Rasoi:BIB,Case,Ltr,15,BP,MT,1098.9,10,no,TIN
9114KP,400000716,Sunflower 15 ltr Tin (LD),Sunflower,,,0,Y,N,HBC:Rasoi:BIB,Case,Ltr,15,BP,MT,1098.9,10,no,TIN
9306KP,400000716,Sunflower 15 ltr Tin (LD),Sunflower,,,0,Y,N,HBC:Rasoi:BIB,Case,Ltr,15,BP,MT,1098.9,10,no,TIN
9201,400000716,Sunflower 15 ltr Tin (LD),Sunflower,,,0,Y,N,HBC:Rasoi:BIB,Case,Ltr,15,BP,MT,1098.9,10,no,TIN
9207,400000716,Sunflower 15 ltr Tin (LD),Sunflower,,,0,Y,N,HBC:Rasoi:BIB,Case,Ltr,15,BP,MT,1098.9,10,no,TIN
9213,400000716,Sunflower 15 ltr Tin (LD),Sunflower,,,0,Y,N,HBC:Rasoi:BIB,Case,Ltr,15,BP,MT,1098.9,10,no,TIN
9205,400000716,Sunflower 15 ltr Tin (LD),Sunflower,,,0,Y,N,HBC:Rasoi:BIB,Case,Ltr,15,BP,MT,1098.9,10,no,TIN
9208,400000716,Sunflower 15 ltr Tin (LD),Sunflower,,,0,Y,N,HBC:Rasoi:BIB,Case,Ltr,15,BP,MT,1098.9,10,no,TIN
9407DD,400000716,Sunflower 15 ltr Tin (LD),Sunflower,,,0,Y,N,HBC:Rasoi:BIB,Case,Ltr,15,BP,MT,1098.9,10,no,TIN
9111,400000716,Sunflower 15 ltr Tin (LD),Sunflower,,,0,Y,N,HBC:Rasoi:BIB,Case,Ltr,15,BP,MT,1098.9,10,no,TIN
9112,400000716,Sunflower 15 ltr Tin (LD),Sunflower,,,0,Y,N,HBC:Rasoi:BIB,Case,Ltr,15,BP,MT,1098.9,10,no,TIN
9103,400000716,Sunflower 15 ltr Tin (LD),Sunflower,,,0,Y,N,HBC:Rasoi:BIB,Case,Ltr,15,BP,MT,1098.9,10,no,TIN
9106,400000716,Sunflower 15 ltr Tin (LD),Sunflower,,,0,Y,N,HBC:Rasoi:BIB,Case,Ltr,15,BP,MT,1098.9,10,no,TIN
9118,400000716,Sunflower 15 ltr Tin (LD),Sunflower,,,0,Y,N,HBC:Rasoi:BIB,Case,Ltr,15,BP,MT,1098.9,10,no,TIN
9412,400000716,Sunflower 15 ltr Tin (LD),Sunflower,,,0,Y,N,HBC:Rasoi:BIB,Case,Ltr,15,BP,MT,1098.9,10,no,TIN
9116,400000716,Sunflower 15 ltr Tin (LD),Sunflower,,,0,Y,N,HBC:Rasoi:BIB,Case,Ltr,15,BP,MT,1098.9,10,no,TIN
9407B,400000716,Sunflower 15 ltr Tin (LD),Sunflower,,,0,Y,N,HBC:Rasoi:BIB,Case,Ltr,15,BP,MT,1098.9,10,no,TIN
9113,400000716,Sunflower 15 ltr Tin (LD),Sunflower,,,0,N,Y,HBC:Rasoi:BIB,Case,Ltr,15,BP,MT,1098.9,10,no,TIN
9203,400000716,Sunflower 15 ltr Tin (LD),Sunflower,,,0,Y,N,HBC:Rasoi:BIB,Case,Ltr,15,BP,MT,1098.9,10,no,TIN
9407D,400000716,Sunflower 15 ltr Tin (LD),Sunflower,,,0,Y,N,HBC:Rasoi:BIB,Case,Ltr,15,BP,MT,1098.9,10,no,TIN
9407A,400000716,Sunflower 15 ltr Tin (LD),Sunflower,,,0,Y,N,HBC:Rasoi:BIB,Case,Ltr,15,BP,MT,1098.9,10,no,TIN
1000D,400000594,Rasoi No 1 - 500ml Pouch,Rasoi,,,0,Y,N,HBC:Rasoi:BIB,Case,Ltr,16,CP,MT,1114.21,5,yes,Pouch
9110,400000594,Rasoi No 1 - 500ml Pouch,Rasoi,,,0,Y,N,HBC:Rasoi:BIB,Case,Ltr,16,CP,MT,1114.21,5,yes,Pouch
9108,400000594,Rasoi No 1 - 500ml Pouch,Rasoi,,,0,Y,N,HBC:Rasoi:BIB,Case,Ltr,16,CP,MT,1114.21,5,yes,Pouch
9105,400000594,Rasoi No 1 - 500ml Pouch,Rasoi,,,0,Y,N,HBC:Rasoi:BIB,Case,Ltr,16,CP,MT,1114.21,5,yes,Pouch
9114,400000594,Rasoi No 1 - 500ml Pouch,Rasoi,,,0,Y,N,HBC:Rasoi:BIB,Case,Ltr,16,CP,MT,1114.21,5,yes,Pouch
9116,400000594,Rasoi No 1 - 500ml Pouch,Rasoi,,,0,Y,N,HBC:Rasoi:BIB,Case,Ltr,16,CP,MT,1114.21,5,yes,Pouch
9113,400000594,Rasoi No 1 - 500ml Pouch,Rasoi,,,0,N,Y,HBC:Rasoi:BIB,Case,Ltr,16,CP,MT,1114.21,5,yes,Pouch
1000D,400000562,Soyabean 1 ltr Bottle - Sidel,Soyabean,,,0,Y,N,HBC:Rasoi:BIB,Case,Ltr,12,CP,MT,1098.9,5,no,Pet
9110,400000562,Soyabean 1 ltr Bottle - Sidel,Soyabean,,,0,Y,N,HBC:Rasoi:BIB,Case,Ltr,12,CP,MT,1098.9,5,no,Pet
9117,400000562,Soyabean 1 ltr Bottle - Sidel,Soyabean,,,0,Y,N,HBC:Rasoi:BIB,Case,Ltr,12,CP,MT,1098.9,5,no,Pet
4000D,400000562,Soyabean 1 ltr Bottle - Sidel,Soyabean,,,0,N,Y,HBC:Rasoi:BIB,Case,Ltr,12,CP,MT,1098.9,5,no,Pet
9108,400000562,Soyabean 1 ltr Bottle - Sidel,Soyabean,,,0,Y,N,HBC:Rasoi:BIB,Case,Ltr,12,CP,MT,1098.9,5,no,Pet
9306,400000562,Soyabean 1 ltr Bottle - Sidel,Soyabean,,,0,Y,N,HBC:Rasoi:BIB,Case,Ltr,12,CP,MT,1098.9,5,no,Pet
9308,400000562,Soyabean 1 ltr Bottle - Sidel,Soyabean,,,0,Y,N,HBC:Rasoi:BIB,Case,Ltr,12,CP,MT,1098.9,5,no,Pet
9101,400000562,Soyabean 1 ltr Bottle - Sidel,Soyabean,,,0,Y,N,HBC:Rasoi:BIB,Case,Ltr,12,CP,MT,1098.9,5,no,Pet
9120,400000562,Soyabean 1 ltr Bottle - Sidel,Soyabean,,,0,Y,N,HBC:Rasoi:BIB,Case,Ltr,12,CP,MT,1098.9,5,no,Pet
9105,400000562,Soyabean 1 ltr Bottle - Sidel,Soyabean,,,0,Y,N,HBC:Rasoi:BIB,Case,Ltr,12,CP,MT,1098.9,5,no,Pet
9114,400000562,Soyabean 1 ltr Bottle - Sidel,Soyabean,,,0,Y,N,HBC:Rasoi:BIB,Case,Ltr,12,CP,MT,1098.9,5,no,Pet
9308KP,400000562,Soyabean 1 ltr Bottle - Sidel,Soyabean,,,0,N,Y,HBC:Rasoi:BIB,Case,Ltr,12,CP,MT,1098.9,5,no,Pet
9105KP,400000562,Soyabean 1 ltr Bottle - Sidel,Soyabean,,,0,N,Y,HBC:Rasoi:BIB,Case,Ltr,12,CP,MT,1098.9,5,no,Pet
9114KP,400000562,Soyabean 1 ltr Bottle - Sidel,Soyabean,,,0,N,Y,HBC:Rasoi:BIB,Case,Ltr,12,CP,MT,1098.9,5,no,Pet
9306KP,400000562,Soyabean 1 ltr Bottle - Sidel,Soyabean,,,0,N,Y,HBC:Rasoi:BIB,Case,Ltr,12,CP,MT,1098.9,5,no,Pet
9111,400000562,Soyabean 1 ltr Bottle - Sidel,Soyabean,,,0,Y,N,HBC:Rasoi:BIB,Case,Ltr,12,CP,MT,1098.9,5,no,Pet
9112,400000562,Soyabean 1 ltr Bottle - Sidel,Soyabean,,,0,Y,N,HBC:Rasoi:BIB,Case,Ltr,12,CP,MT,1098.9,5,no,Pet
9103,400000562,Soyabean 1 ltr Bottle - Sidel,Soyabean,,,0,Y,N,HBC:Rasoi:BIB,Case,Ltr,12,CP,MT,1098.9,5,no,Pet
9106,400000562,Soyabean 1 ltr Bottle - Sidel,Soyabean,,,0,Y,N,HBC:Rasoi:BIB,Case,Ltr,12,CP,MT,1098.9,5,no,Pet
9118,400000562,Soyabean 1 ltr Bottle - Sidel,Soyabean,,,0,Y,N,HBC:Rasoi:BIB,Case,Ltr,12,CP,MT,1098.9,5,no,Pet
9412,400000562,Soyabean 1 ltr Bottle - Sidel,Soyabean,,,0,Y,N,HBC:Rasoi:BIB,Case,Ltr,12,CP,MT,1098.9,5,no,Pet
9116,400000562,Soyabean 1 ltr Bottle - Sidel,Soyabean,,,0,Y,N,HBC:Rasoi:BIB,Case,Ltr,12,CP,MT,1098.9,5,no,Pet
9113,400000562,Soyabean 1 ltr Bottle - Sidel,Soyabean,,,0,N,Y,HBC:Rasoi:BIB,Case,Ltr,12,CP,MT,1098.9,5,no,Pet
1000D,400000564,Soyabean 500 ml Bottle - Sidel,Soyabean,,,0,Y,N,HBC:Rasoi:BIB,Case,Ltr,12,CP,MT,1098.9,5,no,Pet
9110,400000564,Soyabean 500 ml Bottle - Sidel,Soyabean,,,0,Y,N,HBC:Rasoi:BIB,Case,Ltr,12,CP,MT,1098.9,5,no,Pet
9117,400000564,Soyabean 500 ml Bottle - Sidel,Soyabean,,,0,Y,N,HBC:Rasoi:BIB,Case,Ltr,12,CP,MT,1098.9,5,no,Pet
4000D,400000564,Soyabean 500 ml Bottle - Sidel,Soyabean,,,0,N,Y,HBC:Rasoi:BIB,Case,Ltr,12,CP,MT,1098.9,5,no,Pet
9108,400000564,Soyabean 500 ml Bottle - Sidel,Soyabean,,,0,Y,N,HBC:Rasoi:BIB,Case,Ltr,12,CP,MT,1098.9,5,no,Pet
9306,400000564,Soyabean 500 ml Bottle - Sidel,Soyabean,,,0,Y,N,HBC:Rasoi:BIB,Case,Ltr,12,CP,MT,1098.9,5,no,Pet
9308,400000564,Soyabean 500 ml Bottle - Sidel,Soyabean,,,0,Y,N,HBC:Rasoi:BIB,Case,Ltr,12,CP,MT,1098.9,5,no,Pet
9101,400000564,Soyabean 500 ml Bottle - Sidel,Soyabean,,,0,Y,N,HBC:Rasoi:BIB,Case,Ltr,12,CP,MT,1098.9,5,no,Pet
9120,400000564,Soyabean 500 ml Bottle - Sidel,Soyabean,,,0,Y,N,HBC:Rasoi:BIB,Case,Ltr,12,CP,MT,1098.9,5,no,Pet
9105,400000564,Soyabean 500 ml Bottle - Sidel,Soyabean,,,0,Y,N,HBC:Rasoi:BIB,Case,Ltr,12,CP,MT,1098.9,5,no,Pet
9114,400000564,Soyabean 500 ml Bottle - Sidel,Soyabean,,,0,Y,N,HBC:Rasoi:BIB,Case,Ltr,12,CP,MT,1098.9,5,no,Pet
9308KP,400000564,Soyabean 500 ml Bottle - Sidel,Soyabean,,,0,N,Y,HBC:Rasoi:BIB,Case,Ltr,12,CP,MT,1098.9,5,no,Pet
9105KP,400000564,Soyabean 500 ml Bottle - Sidel,Soyabean,,,0,N,Y,HBC:Rasoi:BIB,Case,Ltr,12,CP,MT,1098.9,5,no,Pet
9114KP,400000564,Soyabean 500 ml Bottle - Sidel,Soyabean,,,0,N,Y,HBC:Rasoi:BIB,Case,Ltr,12,CP,MT,1098.9,5,no,Pet
9306KP,400000564,Soyabean 500 ml Bottle - Sidel,Soyabean,,,0,N,Y,HBC:Rasoi:BIB,Case,Ltr,12,CP,MT,1098.9,5,no,Pet
9111,400000564,Soyabean 500 ml Bottle - Sidel,Soyabean,,,0,Y,N,HBC:Rasoi:BIB,Case,Ltr,12,CP,MT,1098.9,5,no,Pet
9112,400000564,Soyabean 500 ml Bottle - Sidel,Soyabean,,,0,Y,N,HBC:Rasoi:BIB,Case,Ltr,12,CP,MT,1098.9,5,no,Pet
9103,400000564,Soyabean 500 ml Bottle - Sidel,Soyabean,,,0,Y,N,HBC:Rasoi:BIB,Case,Ltr,12,CP,MT,1098.9,5,no,Pet
9106,400000564,Soyabean 500 ml Bottle - Sidel,Soyabean,,,0,Y,N,HBC:Rasoi:BIB,Case,Ltr,12,CP,MT,1098.9,5,no,Pet
9118,400000564,Soyabean 500 ml Bottle - Sidel,Soyabean,,,0,Y,N,HBC:Rasoi:BIB,Case,Ltr,12,CP,MT,1098.9,5,no,Pet
9412,400000564,Soyabean 500 ml Bottle - Sidel,Soyabean,,,0,Y,N,HBC:Rasoi:BIB,Case,Ltr,12,CP,MT,1098.9,5,no,Pet
9116,400000564,Soyabean 500 ml Bottle - Sidel,Soyabean,,,0,Y,N,HBC:Rasoi:BIB,Case,Ltr,12,CP,MT,1098.9,5,no,Pet
9113,400000564,Soyabean 500 ml Bottle - Sidel,Soyabean,,,0,N,Y,HBC:Rasoi:BIB,Case,Ltr,12,CP,MT,1098.9,5,no,Pet
9110,400000566,Soyabean 200 ml Bottle - Sidel,Soyabean,,,0,Y,N,HBC:Rasoi:BIB,Case,Ltr,12,CP,MT,1098.9,5,no,Pet
9117,400000566,Soyabean 200 ml Bottle - Sidel,Soyabean,,,0,Y,N,HBC:Rasoi:BIB,Case,Ltr,12,CP,MT,1098.9,5,no,Pet
9105,400000566,Soyabean 200 ml Bottle - Sidel,Soyabean,,,0,Y,N,HBC:Rasoi:BIB,Case,Ltr,12,CP,MT,1098.9,5,no,Pet
9114,400000566,Soyabean 200 ml Bottle - Sidel,Soyabean,,,0,Y,N,HBC:Rasoi:BIB,Case,Ltr,12,CP,MT,1098.9,5,no,Pet
1000D,400000566,Soyabean 200 ml Bottle - Sidel,Soyabean,,,0,Y,N,HBC:Rasoi:BIB,Case,Ltr,12,CP,MT,1098.9,5,no,Pet
1000D,400000611,Bake Magic,Bake Magic,,,0,Y,N,HBC:Rasoi:BIB,Case,Ltr,16.67,BP,MT,1111.11,10,no,BAKERY
9110,400000611,Bake Magic,Bake Magic,,,0,Y,N,HBC:Rasoi:BIB,Case,Ltr,16.67,BP,MT,1111.11,10,no,BAKERY
9117,400000611,Bake Magic,Bake Magic,,,0,Y,N,HBC:Rasoi:BIB,Case,Ltr,16.67,BP,MT,1111.11,10,no,BAKERY
4000D,400000611,Bake Magic,Bake Magic,,,0,Y,N,HBC:Rasoi:BIB,Case,Ltr,16.67,BP,MT,1111.11,10,no,BAKERY
9108,400000611,Bake Magic,Bake Magic,,,0,Y,N,HBC:Rasoi:BIB,Case,Ltr,16.67,BP,MT,1111.11,10,no,BAKERY
9306,400000611,Bake Magic,Bake Magic,,,0,Y,N,HBC:Rasoi:BIB,Case,Ltr,16.67,BP,MT,1111.11,10,no,BAKERY
9308,400000611,Bake Magic,Bake Magic,,,0,Y,N,HBC:Rasoi:BIB,Case,Ltr,16.67,BP,MT,1111.11,10,no,BAKERY
9101,400000611,Bake Magic,Bake Magic,,,0,Y,N,HBC:Rasoi:BIB,Case,Ltr,16.67,BP,MT,1111.11,10,no,BAKERY
9120,400000611,Bake Magic,Bake Magic,,,0,Y,N,HBC:Rasoi:BIB,Case,Ltr,16.67,BP,MT,1111.11,10,no,BAKERY
9105,400000611,Bake Magic,Bake Magic,,,0,Y,N,HBC:Rasoi:BIB,Case,Ltr,16.67,BP,MT,1111.11,10,no,BAKERY
9114,400000611,Bake Magic,Bake Magic,,,0,Y,N,HBC:Rasoi:BIB,Case,Ltr,16.67,BP,MT,1111.11,10,no,BAKERY
9308KP,400000611,Bake Magic,Bake Magic,,,0,Y,N,HBC:Rasoi:BIB,Case,Ltr,16.67,BP,MT,1111.11,10,no,BAKERY
9105KP,400000611,Bake Magic,Bake Magic,,,0,Y,N,HBC:Rasoi:BIB,Case,Ltr,16.67,BP,MT,1111.11,10,no,BAKERY
9114KP,400000611,Bake Magic,Bake Magic,,,0,N,Y,HBC:Rasoi:BIB,Case,Ltr,16.71,BP,MT,1114.21,10,no,BAKERY
9306KP,400000611,Bake Magic,Bake Magic,,,0,Y,N,HBC:Rasoi:BIB,Case,Ltr,16.67,BP,MT,1111.11,10,no,BAKERY
9111,400000611,Bake Magic,Bake Magic,,,0,Y,N,HBC:Rasoi:BIB,Case,Ltr,16.67,BP,MT,1111.11,10,no,BAKERY
9112,400000611,Bake Magic,Bake Magic,,,0,Y,N,HBC:Rasoi:BIB,Case,Ltr,16.67,BP,MT,1111.11,10,no,BAKERY
9103,400000611,Bake Magic,Bake Magic,,,0,Y,N,HBC:Rasoi:BIB,Case,Ltr,16.67,BP,MT,1111.11,10,no,BAKERY
9106,400000611,Bake Magic,Bake Magic,,,0,Y,N,HBC:Rasoi:BIB,Case,Ltr,16.67,BP,MT,1111.11,10,no,BAKERY
9118,400000611,Bake Magic,Bake Magic,,,0,Y,N,HBC:Rasoi:BIB,Case,Ltr,16.67,BP,MT,1111.11,10,no,BAKERY
9412,400000611,Bake Magic,Bake Magic,,,0,Y,N,HBC:Rasoi:BIB,Case,Ltr,16.67,BP,MT,1111.11,10,no,BAKERY
9116,400000611,Bake Magic,Bake Magic,,,0,Y,N,HBC:Rasoi:BIB,Case,Ltr,16.67,BP,MT,1111.11,10,no,BAKERY
9113,400000611,Bake Magic,Bake Magic,,,0,N,Y,HBC:Rasoi:BIB,Case,Ltr,16.71,BP,MT,1114.21,10,no,BAKERY
9116,410000487,Rice Bran 1 ltr Bottle (H&T),Rice Bran,,,0,N,Y,HBC:Rasoi:BIB,Case,Ltr,12,CP,MT,1098.9,0,no,Pet
1000D,400000635,Rasoi No 1 15 ltr Tin,Rasoi,,,0,Y,N,HBC:Rasoi:BIB,Case,Ltr,15,BP,MT,1114.21,10,yes,TIN
9110,400000635,Rasoi No 1 15 ltr Tin,Rasoi,,,0,Y,N,HBC:Rasoi:BIB,Case,Ltr,15,BP,MT,1114.21,10,yes,TIN
9117,400000635,Rasoi No 1 15 ltr Tin,Rasoi,,,0,Y,N,HBC:Rasoi:BIB,Case,Ltr,15,BP,MT,1114.21,10,yes,TIN
9112,400000635,Rasoi No 1 15 ltr Tin,Rasoi,,,0,Y,N,HBC:Rasoi:BIB,Case,Ltr,15,BP,MT,1114.21,10,yes,TIN
9106,400000635,Rasoi No 1 15 ltr Tin,Rasoi,,,0,Y,N,HBC:Rasoi:BIB,Case,Ltr,15,BP,MT,1114.21,10,yes,TIN
9111,400000635,Rasoi No 1 15 ltr Tin,Rasoi,,,0,Y,N,HBC:Rasoi:BIB,Case,Ltr,15,BP,MT,1114.21,10,yes,TIN
9103,400000635,Rasoi No 1 15 ltr Tin,Rasoi,,,0,Y,N,HBC:Rasoi:BIB,Case,Ltr,15,BP,MT,1114.21,10,yes,TIN
9118,400000635,Rasoi No 1 15 ltr Tin,Rasoi,,,0,Y,N,HBC:Rasoi:BIB,Case,Ltr,15,BP,MT,1114.21,10,yes,TIN
9108,400000635,Rasoi No 1 15 ltr Tin,Rasoi,,,0,Y,N,HBC:Rasoi:BIB,Case,Ltr,15,BP,MT,1114.21,10,yes,TIN
9306,400000635,Rasoi No 1 15 ltr Tin,Rasoi,,,0,Y,N,HBC:Rasoi:BIB,Case,Ltr,15,BP,MT,1114.21,10,yes,TIN
9308,400000635,Rasoi No 1 15 ltr Tin,Rasoi,,,0,Y,N,HBC:Rasoi:BIB,Case,Ltr,15,BP,MT,1114.21,10,yes,TIN
9105,400000635,Rasoi No 1 15 ltr Tin,Rasoi,,,0,Y,N,HBC:Rasoi:BIB,Case,Ltr,15,BP,MT,1114.21,10,yes,TIN
9114,400000635,Rasoi No 1 15 ltr Tin,Rasoi,,,0,Y,N,HBC:Rasoi:BIB,Case,Ltr,15,BP,MT,1114.21,10,yes,TIN
9101,400000635,Rasoi No 1 15 ltr Tin,Rasoi,,,0,Y,N,HBC:Rasoi:BIB,Case,Ltr,15,BP,MT,1114.21,10,yes,TIN
9407A,400000635,Rasoi No 1 15 ltr Tin,Rasoi,,,0,Y,N,HBC:Rasoi:BIB,Case,Ltr,15,BP,MT,1114.21,10,yes,TIN
9120,400000635,Rasoi No 1 15 ltr Tin,Rasoi,,,0,Y,N,HBC:Rasoi:BIB,Case,Ltr,15,BP,MT,1114.21,10,yes,TIN
9412,400000635,Rasoi No 1 15 ltr Tin,Rasoi,,,0,Y,N,HBC:Rasoi:BIB,Case,Ltr,15,BP,MT,1114.21,10,yes,TIN
9116,400000635,Rasoi No 1 15 ltr Tin,Rasoi,,,0,Y,N,HBC:Rasoi:BIB,Case,Ltr,15,BP,MT,1114.21,10,yes,TIN
1000D,400000636,Rasoi No 1 - 200ml Pouch,Rasoi,,,0,N,Y,HBC:Rasoi:BIB,Case,Ltr,16,CP,MT,1114.21,5,yes,Pouch
9110,400000636,Rasoi No 1 - 200ml Pouch,Rasoi,,,0,N,Y,HBC:Rasoi:BIB,Case,Ltr,16,CP,MT,1114.21,5,yes,Pouch
9117,400000636,Rasoi No 1 - 200ml Pouch,Rasoi,,,0,N,Y,HBC:Rasoi:BIB,Case,Ltr,16,CP,MT,1114.21,5,yes,Pouch
9112,400000636,Rasoi No 1 - 200ml Pouch,Rasoi,,,0,N,Y,HBC:Rasoi:BIB,Case,Ltr,16,BP,MT,1114.21,10,yes,Pouch
9106,400000636,Rasoi No 1 - 200ml Pouch,Rasoi,,,0,N,Y,HBC:Rasoi:BIB,Case,Ltr,16,BP,MT,1114.21,10,yes,Pouch
9111,400000636,Rasoi No 1 - 200ml Pouch,Rasoi,,,0,N,Y,HBC:Rasoi:BIB,Case,Ltr,16,BP,MT,1114.21,10,yes,Pouch
9103,400000636,Rasoi No 1 - 200ml Pouch,Rasoi,,,0,N,Y,HBC:Rasoi:BIB,Case,Ltr,16,BP,MT,1114.21,10,yes,Pouch
9118,400000636,Rasoi No 1 - 200ml Pouch,Rasoi,,,0,N,Y,HBC:Rasoi:BIB,Case,Ltr,16,BP,MT,1114.21,10,yes,Pouch
9108,400000636,Rasoi No 1 - 200ml Pouch,Rasoi,,,0,N,Y,HBC:Rasoi:BIB,Case,Ltr,16,BP,MT,1114.21,10,yes,Pouch
9306,400000636,Rasoi No 1 - 200ml Pouch,Rasoi,,,0,N,Y,HBC:Rasoi:BIB,Case,Ltr,16,BP,MT,1114.21,10,yes,Pouch
9308,400000636,Rasoi No 1 - 200ml Pouch,Rasoi,,,0,N,Y,HBC:Rasoi:BIB,Case,Ltr,16,BP,MT,1114.21,10,yes,Pouch
9105,400000636,Rasoi No 1 - 200ml Pouch,Rasoi,,,0,N,Y,HBC:Rasoi:BIB,Case,Ltr,16,BP,MT,1114.21,10,yes,Pouch
9114,400000636,Rasoi No 1 - 200ml Pouch,Rasoi,,,0,N,Y,HBC:Rasoi:BIB,Case,Ltr,16,BP,MT,1114.21,10,yes,Pouch
9101,400000636,Rasoi No 1 - 200ml Pouch,Rasoi,,,0,N,Y,HBC:Rasoi:BIB,Case,Ltr,16,BP,MT,1114.21,10,yes,Pouch
9407A,400000636,Rasoi No 1 - 200ml Pouch,Rasoi,,,0,N,Y,HBC:Rasoi:BIB,Case,Ltr,16,BP,MT,1114.21,10,yes,Pouch
9120,400000636,Rasoi No 1 - 200ml Pouch,Rasoi,,,0,N,Y,HBC:Rasoi:BIB,Case,Ltr,16,BP,MT,1114.21,10,yes,Pouch
9412,400000636,Rasoi No 1 - 200ml Pouch,Rasoi,,,0,N,Y,HBC:Rasoi:BIB,Case,Ltr,16,BP,MT,1114.21,10,yes,Pouch
9116,400000636,Rasoi No 1 - 200ml Pouch,Rasoi,,,0,N,Y,HBC:Rasoi:BIB,Case,Ltr,16,BP,MT,1114.21,10,yes,Pouch
9308,400000589,Rasoi No 1 - 1 ltr Pouch,Rasoi,,,0,Y,N,HBC:Rasoi:BIB,Case,Ltr,16,CP,MT,1114.21,5,yes,Pouch
9308,400000594,Rasoi No 1 - 500ml Pouch,Rasoi,,,0,Y,N,HBC:Rasoi:BIB,Case,Ltr,16,CP,MT,1114.21,5,yes,Pouch
9412,400000594,Rasoi No 1 - 500ml Pouch,Rasoi,,,0,Y,N,HBC:Rasoi:BIB,Case,Ltr,16,CP,MT,1114.21,5,yes,Pouch
9412,400000566,Soyabean 200 ml Bottle - Sidel,Soyabean,,,0,Y,N,HBC:Rasoi:BIB,Case,Ltr,12,CP,MT,1098.9,5,no,Pet
9111,400000589,Rasoi No 1 - 1 ltr Pouch,Rasoi,,,0,Y,N,HBC:Rasoi:BIB,Case,Ltr,16,CP,MT,1114.21,5,yes,Pouch
9111,400000594,Rasoi No 1 - 500ml Pouch,Rasoi,,,0,Y,N,HBC:Rasoi:BIB,Case,Ltr,16,CP,MT,1114.21,5,yes,Pouch
9118,400000589,Rasoi No 1 - 1 ltr Pouch,Rasoi,,,0,Y,N,HBC:Rasoi:BIB,Case,Ltr,16,CP,MT,1114.21,5,yes,Pouch
9118,400000594,Rasoi No 1 - 500ml Pouch,Rasoi,,,0,Y,N,HBC:Rasoi:BIB,Case,Ltr,16,CP,MT,1114.21,5,yes,Pouch
9103,400000589,Rasoi No 1 - 1 ltr Pouch,Rasoi,,,0,Y,N,HBC:Rasoi:BIB,Case,Ltr,16,CP,MT,1114.21,5,yes,Pouch
9103,400000594,Rasoi No 1 - 500ml Pouch,Rasoi,,,0,Y,N,HBC:Rasoi:BIB,Case,Ltr,16,CP,MT,1114.21,5,yes,Pouch
9112,400000589,Rasoi No 1 - 1 ltr Pouch,Rasoi,,,0,Y,N,HBC:Rasoi:BIB,Case,Ltr,16,CP,MT,1114.21,5,yes,Pouch
9112,400000594,Rasoi No 1 - 500ml Pouch,Rasoi,,,0,Y,N,HBC:Rasoi:BIB,Case,Ltr,16,CP,MT,1114.21,5,yes,Pouch
9106,400000589,Rasoi No 1 - 1 ltr Pouch,Rasoi,,,0,Y,N,HBC:Rasoi:BIB,Case,Ltr,16,CP,MT,1114.21,5,yes,Pouch
9106,400000594,Rasoi No 1 - 500ml Pouch,Rasoi,,,0,Y,N,HBC:Rasoi:BIB,Case,Ltr,16,CP,MT,1114.21,5,yes,Pouch
9108,400000566,Soyabean 200 ml Bottle - Sidel,Soyabean,,,0,Y,N,HBC:Rasoi:BIB,Case,Ltr,12,CP,MT,1098.9,5,no,Pet
9116,400000566,Soyabean 200 ml Bottle - Sidel,Soyabean,,,0,Y,N,HBC:Rasoi:BIB,Case,Ltr,12,CP,MT,1098.9,5,no,Pet
9110,400000637,Sunflower 1 ltr Pouch (12pc),Sunflower,,,0,Y,N,HBC:Rasoi:BIB,Case,Ltr,12,CP,MT,1098.9,5,no,Pouch
9412,400000571,Rasoi 1 ltr Pouch (Gold),Rasoi,,,0,N,Y,HBC:Rasoi:BIB,Case,Ltr,16,CP,MT,1114.21,5,yes,Pouch
9412,400000572,Rasoi  500 ml Pouch (Gold),Rasoi,,,0,N,Y,HBC:Rasoi:BIB,Case,Ltr,16,CP,MT,1114.21,5,yes,Pouch
9412,400000573,Rasoi  200 ml Pouch (Gold),Rasoi,,,0,N,Y,HBC:Rasoi:BIB,Case,Ltr,16,CP,MT,1114.21,5,yes,Pouch
9108,400000637,Sunflower 1 ltr Pouch (12pc),Sunflower,,,0,Y,N,HBC:Rasoi:BIB,Case,Ltr,12,CP,MT,1098.9,5,no,Pouch
9306,400000637,Sunflower 1 ltr Pouch (12pc),Sunflower,,,0,Y,N,HBC:Rasoi:BIB,Case,Ltr,12,CP,MT,1098.9,5,no,Pouch
9306KP,400000637,Sunflower 1 ltr Pouch (12pc),Sunflower,,,0,Y,N,HBC:Rasoi:BIB,Case,Ltr,12,CP,MT,1098.9,5,no,Pouch
9308,400000637,Sunflower 1 ltr Pouch (12pc),Sunflower,,,0,Y,N,HBC:Rasoi:BIB,Case,Ltr,12,CP,MT,1098.9,5,no,Pouch
9308KP,400000637,Sunflower 1 ltr Pouch (12pc),Sunflower,,,0,Y,N,HBC:Rasoi:BIB,Case,Ltr,12,CP,MT,1098.9,5,no,Pouch
9412,400000637,Sunflower 1 ltr Pouch (12pc),Sunflower,,,0,Y,N,HBC:Rasoi:BIB,Case,Ltr,12,CP,MT,1098.9,5,no,Pouch
9101,400000637,Sunflower 1 ltr Pouch (12pc),Sunflower,,,0,Y,N,HBC:Rasoi:BIB,Case,Ltr,12,CP,MT,1098.9,5,no,Pouch
9120,400000637,Sunflower 1 ltr Pouch (12pc),Sunflower,,,0,Y,N,HBC:Rasoi:BIB,Case,Ltr,12,CP,MT,1098.9,5,no,Pouch
9201,400000637,Sunflower 1 ltr Pouch (12pc),Sunflower,,,0,Y,N,HBC:Rasoi:BIB,Case,Ltr,12,CP,MT,1098.9,5,no,Pouch
9207,400000637,Sunflower 1 ltr Pouch (12pc),Sunflower,,,0,Y,N,HBC:Rasoi:BIB,Case,Ltr,12,CP,MT,1098.9,5,no,Pouch
9203,400000637,Sunflower 1 ltr Pouch (12pc),Sunflower,,,0,Y,N,HBC:Rasoi:BIB,Case,Ltr,12,CP,MT,1098.9,5,no,Pouch
9111,400000637,Sunflower 1 ltr Pouch (12pc),Sunflower,,,0,Y,N,HBC:Rasoi:BIB,Case,Ltr,12,CP,MT,1098.9,5,no,Pouch
9208,400000637,Sunflower 1 ltr Pouch (12pc),Sunflower,,,0,Y,N,HBC:Rasoi:BIB,Case,Ltr,12,CP,MT,1098.9,5,no,Pouch
9112,400000637,Sunflower 1 ltr Pouch (12pc),Sunflower,,,0,Y,N,HBC:Rasoi:BIB,Case,Ltr,12,CP,MT,1098.9,5,no,Pouch
9117,400000637,Sunflower 1 ltr Pouch (12pc),Sunflower,,,0,Y,N,HBC:Rasoi:BIB,Case,Ltr,12,CP,MT,1098.9,5,no,Pouch
9105,400000637,Sunflower 1 ltr Pouch (12pc),Sunflower,,,0,Y,N,HBC:Rasoi:BIB,Case,Ltr,12,CP,MT,1098.9,5,no,Pouch
9105KP,400000637,Sunflower 1 ltr Pouch (12pc),Sunflower,,,0,Y,N,HBC:Rasoi:BIB,Case,Ltr,12,CP,MT,1098.9,5,no,Pouch
9103,400000637,Sunflower 1 ltr Pouch (12pc),Sunflower,,,0,Y,N,HBC:Rasoi:BIB,Case,Ltr,12,CP,MT,1098.9,5,no,Pouch
9407DD,400000637,Sunflower 1 ltr Pouch (12pc),Sunflower,,,0,Y,N,HBC:Rasoi:BIB,Case,Ltr,12,CP,MT,1098.9,5,no,Pouch
1000D,400000637,Sunflower 1 ltr Pouch (12pc),Sunflower,,,0,Y,N,HBC:Rasoi:BIB,Case,Ltr,12,CP,MT,1098.9,5,no,Pouch
4000D,400000637,Sunflower 1 ltr Pouch (12pc),Sunflower,,,0,Y,N,HBC:Rasoi:BIB,Case,Ltr,12,CP,MT,1098.9,5,no,Pouch
9114,400000637,Sunflower 1 ltr Pouch (12pc),Sunflower,,,0,Y,N,HBC:Rasoi:BIB,Case,Ltr,12,CP,MT,1098.9,5,no,Pouch
9114KP,400000637,Sunflower 1 ltr Pouch (12pc),Sunflower,,,0,Y,N,HBC:Rasoi:BIB,Case,Ltr,12,CP,MT,1098.9,5,no,Pouch
9407D,400000637,Sunflower 1 ltr Pouch (12pc),Sunflower,,,0,Y,N,HBC:Rasoi:BIB,Case,Ltr,12,CP,MT,1098.9,5,no,Pouch
9213,400000637,Sunflower 1 ltr Pouch (12pc),Sunflower,,,0,Y,N,HBC:Rasoi:BIB,Case,Ltr,12,CP,MT,1098.9,5,no,Pouch
9205,400000637,Sunflower 1 ltr Pouch (12pc),Sunflower,,,0,Y,N,HBC:Rasoi:BIB,Case,Ltr,12,CP,MT,1098.9,5,no,Pouch
9106,400000637,Sunflower 1 ltr Pouch (12pc),Sunflower,,,0,Y,N,HBC:Rasoi:BIB,Case,Ltr,12,CP,MT,1098.9,5,no,Pouch
9407B,400000637,Sunflower 1 ltr Pouch (12pc),Sunflower,,,0,Y,N,HBC:Rasoi:BIB,Case,Ltr,12,CP,MT,1098.9,5,no,Pouch
9118,400000637,Sunflower 1 ltr Pouch (12pc),Sunflower,,,0,Y,N,HBC:Rasoi:BIB,Case,Ltr,12,CP,MT,1098.9,5,no,Pouch
9113,400000637,Sunflower 1 ltr Pouch (12pc),Sunflower,,,0,N,Y,HBC:Rasoi:BIB,Case,Ltr,12,CP,MT,1098.9,5,no,Pouch
9407A,400000637,Sunflower 1 ltr Pouch (12pc),Sunflower,,,0,Y,N,HBC:Rasoi:BIB,Case,Ltr,12,CP,MT,1098.9,5,no,Pouch
9116,400000637,Sunflower 1 ltr Pouch (12pc),Sunflower,,,0,Y,N,HBC:Rasoi:BIB,Case,Ltr,12,CP,MT,1098.9,5,no,Pouch
9120,400000589,Rasoi No 1 - 1 ltr Pouch,Rasoi,,,0,Y,N,HBC:Rasoi:BIB,Case,Ltr,16,CP,MT,1114.21,5,yes,Pouch
9120,400000594,Rasoi No 1 - 500ml Pouch,Rasoi,,,0,Y,N,HBC:Rasoi:BIB,Case,Ltr,16,CP,MT,1114.21,5,yes,Pouch
9117,400000465,Rasoi 15 ltr Jar (Yellow),Rasoi,,,0,Y,N,HBC:Rasoi:BIB,Case,Ltr,15,BP,MT,1114.21,10,yes,JAR
1000D,400000465,Rasoi 15 ltr Jar (Yellow),Rasoi,,,0,Y,N,HBC:Rasoi:BIB,Case,Ltr,15,BP,MT,1114.21,10,yes,JAR
9109,400000128,Palm 500 ml Pouch,Palm,,,0,Y,N,HBC:Rasoi:BIB,Case,Ltr,10,CP,MT,1111.11,5,no,Pouch
9109,400000140,Soyabean 1 ltr Pouch,Soyabean,,,0,Y,N,HBC:Rasoi:BIB,Case,Ltr,12,CP,MT,1098.9,5,no,Pouch
9109,400000141,Palm 1 ltr Pouch (10pc),Palm,,,0,Y,N,HBC:Rasoi:BIB,Case,Ltr,10,CP,MT,1111.11,5,no,Pouch
9109,400000151,Palm 15 kg Tin,Palm,,,0,N,Y,HBC:Rasoi:BIB,Case,Ltr,16.67,BP,MT,1111.11,10,no,TIN
9109,400000152,Palm 15 ltr Tin,Palm,,,0,N,Y,HBC:Rasoi:BIB,Case,Ltr,15,BP,MT,1111.11,10,no,TIN
9109,400000153,Soyabean 15 ltr Tin,Soyabean,,,0,N,Y,HBC:Rasoi:BIB,Case,Ltr,15,BP,MT,1098.9,10,no,TIN
9109,400000154,Soyabean 15 kg Tin,Soyabean,,,0,N,Y,HBC:Rasoi:BIB,Case,Ltr,16.48,BP,MT,1098.9,10,no,TIN
9109,400000170,Soyabean 500 ml Pouch,Soyabean,,,0,Y,N,HBC:Rasoi:BIB,Case,Ltr,12,CP,MT,1098.9,5,no,Pouch
9109,400000255,Soyabean 5 ltr Jar,Soyabean,,,0,Y,N,HBC:Rasoi:BIB,Case,Ltr,20,CP,MT,1098.9,5,no,JAR
9109,400000259,Sunflower 500 ml Pouch,Sunflower,,,0,N,Y,HBC:Rasoi:BIB,Case,Ltr,10,CP,MT,1098.9,5,no,Pouch
9109,400000273,Sunflower 15 kg Tin,Sunflower,,,0,N,Y,HBC:Rasoi:BIB,Case,Ltr,16.48,BP,MT,1098.9,10,no,TIN
9109,400000397,Soyabean 15 ltr Jar,Soyabean,,,0,Y,N,HBC:Rasoi:BIB,Case,Ltr,15,BP,MT,1098.9,10,no,JAR
9109,400000396,Palm  15 ltr Jar,Palm,,,0,N,Y,HBC:Rasoi:BIB,Case,Ltr,15,BP,MT,1111.11,10,no,JAR
9109,400000611,Bake Magic,Bake Magic,,,0,Y,N,HBC:Rasoi:BIB,Case,Ltr,16.67,BP,MT,1111.11,10,no,BAKERY
9109,400000441,Rasoi 15 kg Jar (Blue),Rasoi,,,0,Y,N,HBC:Rasoi:BIB,Case,Ltr,16.71,BP,MT,1114.21,10,yes,JAR
9109,400000457,Rasoi  200 ml Pouch,Rasoi,,,0,N,Y,HBC:Rasoi:BIB,Case,Ltr,16,CP,MT,1114.21,5,yes,Pouch
9109,400000521,Rasoi No-1 15 ltr Jar,Rasoi,,,0,Y,N,HBC:Rasoi:BIB,Case,Ltr,15,BP,MT,1114.21,10,yes,JAR
9109,400000523,Rasoi No 1 15 kg Jar,Rasoi,,,0,Y,N,HBC:Rasoi:BIB,Case,Ltr,16.71,BP,MT,1114.21,10,yes,JAR
9109,400000589,Rasoi No 1 - 1 ltr Pouch,Rasoi,,,0,Y,N,HBC:Rasoi:BIB,Case,Ltr,16,CP,MT,1114.21,5,yes,Pouch
9109,400000595,Rasoi No 1 15 kg Tin,Rasoi,,,0,Y,N,HBC:Rasoi:BIB,Case,Ltr,16.71,BP,MT,1114.21,10,yes,TIN
9109,400000716,Sunflower 15 ltr Tin (LD),Sunflower,,,0,Y,N,HBC:Rasoi:BIB,Case,Ltr,15,BP,MT,1098.9,10,no,TIN
9109,400000594,Rasoi No 1 - 500ml Pouch,Rasoi,,,0,Y,N,HBC:Rasoi:BIB,Case,Ltr,16,CP,MT,1114.21,5,yes,Pouch
9109,400000562,Soyabean 1 ltr Bottle - Sidel,Soyabean,,,0,Y,N,HBC:Rasoi:BIB,Case,Ltr,12,CP,MT,1098.9,5,no,Pet
9109,400000564,Soyabean 500 ml Bottle - Sidel,Soyabean,,,0,Y,N,HBC:Rasoi:BIB,Case,Ltr,12,CP,MT,1098.9,5,no,Pet
9109,400000635,Rasoi No 1 15 ltr Tin,Rasoi,,,0,Y,N,HBC:Rasoi:BIB,Case,Ltr,15,BP,MT,1114.21,10,yes,TIN
9109,400000636,Rasoi No 1 - 200ml Pouch,Rasoi,,,0,N,Y,HBC:Rasoi:BIB,Case,Ltr,16,BP,MT,1114.21,10,yes,Pouch
9109,400000566,Soyabean 200 ml Bottle - Sidel,Soyabean,,,0,Y,N,HBC:Rasoi:BIB,Case,Ltr,12,CP,MT,1098.9,5,no,Pet
9109,400000637,Sunflower 1 ltr Pouch (12pc),Sunflower,,,0,Y,N,HBC:Rasoi:BIB,Case,Ltr,12,CP,MT,1098.9,5,no,Pouch
9116,400000551,Blend HBC plus 1 ltr Pouch,Blend Plus,,,0,N,Y,HBC:Rasoi:BIB,Case,Ltr,12,CP,MT,1098.9,0,no,Pouch
9116,400000556,Blend HBC plus 500 ml Pouch,Blend Plus,,,0,N,Y,HBC:Rasoi:BIB,Case,Ltr,12,CP,MT,1098.9,0,no,Pouch
9116,400000557,Blend HBC plus 1 ltr Bottle,Blend Plus,,,0,N,Y,HBC:Rasoi:BIB,Case,Ltr,12,CP,MT,1098.9,0,no,Pet
9116,400000558,Blend HBC plus 500 ml Bottle,Blend Plus,,,0,N,Y,HBC:Rasoi:BIB,Case,Ltr,12,CP,MT,1098.9,0,no,Pet
9116,400000559,Blend HBC plus 5 ltr Jar,Blend Plus,,,0,N,Y,HBC:Rasoi:BIB,Case,Ltr,20,CP,MT,1098.9,0,no,JAR
9116,400000560,Blend HBC plus 15 ltr Jar,Blend Plus,,,0,N,Y,HBC:Rasoi:BIB,Case,Ltr,15,BP,MT,1098.9,0,no,JAR
9116,400000561,Blend HBC plus 15 ltr Tin,Blend Plus,,,0,N,Y,HBC:Rasoi:BIB,Case,Ltr,15,BP,MT,1098.9,0,no,TIN
9109,400000551,Blend HBC plus 1 ltr Pouch,Blend Plus,,,0,N,Y,HBC:Rasoi:BIB,Case,Ltr,12,CP,MT,1098.9,0,no,Pouch
9109,400000556,Blend HBC plus 500 ml Pouch,Blend Plus,,,0,N,Y,HBC:Rasoi:BIB,Case,Ltr,12,CP,MT,1098.9,0,no,Pouch
9109,400000557,Blend HBC plus 1 ltr Bottle,Blend Plus,,,0,N,Y,HBC:Rasoi:BIB,Case,Ltr,12,CP,MT,1098.9,0,no,Pet
9109,400000558,Blend HBC plus 500 ml Bottle,Blend Plus,,,0,N,Y,HBC:Rasoi:BIB,Case,Ltr,12,CP,MT,1098.9,0,no,Pet
9109,400000559,Blend HBC plus 5 ltr Jar,Blend Plus,,,0,N,Y,HBC:Rasoi:BIB,Case,Ltr,20,CP,MT,1098.9,0,no,JAR
9109,400000560,Blend HBC plus 15 ltr Jar,Blend Plus,,,0,N,Y,HBC:Rasoi:BIB,Case,Ltr,15,BP,MT,1098.9,0,no,JAR
9109,400000561,Blend HBC plus 15 ltr Tin,Blend Plus,,,0,N,Y,HBC:Rasoi:BIB,Case,Ltr,15,BP,MT,1098.9,0,no,TIN
9412,400000672,Palm 15 kg Tin,Palm,,,0,N,Y,HBC:Rasoi:BIB,Case,Ltr,16.67,BP,MT,1111.11,10,no,TIN
9412,400000674,Palm 15 ltr Tin,Palm,,,0,N,Y,HBC:Rasoi:BIB,Case,Ltr,15,BP,MT,1111.11,10,no,TIN
9412,400000678,Soyabean 15 ltr Tin (New),Soyabean,,,0,Y,N,HBC:Rasoi:BIB,Case,Ltr,15,BP,MT,1098.9,10,no,TIN
9412,400000676,Soyabean 15 kg Tin,Soyabean,,,0,N,Y,HBC:Rasoi:BIB,Case,Ltr,16.48,BP,MT,1098.9,10,no,TIN
9108,400000672,Palm 15 kg Tin (New),Palm,,,0,N,Y,HBC:Rasoi:BIB,Case,Ltr,16.67,BP,MT,1111.11,10,no,TIN
9108,400000674,Palm 15 ltr Tin (New),Palm,,,0,N,Y,HBC:Rasoi:BIB,Case,Ltr,15,BP,MT,1111.11,10,no,TIN
9108,400000678,Soyabean 15 ltr Tin (New),Soyabean,,,0,Y,N,HBC:Rasoi:BIB,Case,Ltr,15,BP,MT,1098.9,10,no,TIN
9108,400000676,Soyabean 15 kg Tin (New),Soyabean,,,0,N,Y,HBC:Rasoi:BIB,Case,Ltr,16.48,BP,MT,1098.9,10,no,TIN
9109,400000672,Palm 15 kg Tin (New),Palm,,,0,N,Y,HBC:Rasoi:BIB,Case,Ltr,16.67,BP,MT,1111.11,10,no,TIN
9109,400000674,Palm 15 ltr Tin (New),Palm,,,0,N,Y,HBC:Rasoi:BIB,Case,Ltr,15,BP,MT,1111.11,10,no,TIN
9109,400000678,Soyabean 15 ltr Tin (New),Soyabean,,,0,Y,N,HBC:Rasoi:BIB,Case,Ltr,15,BP,MT,1098.9,10,no,TIN
9109,400000676,Soyabean 15 kg Tin (New),Soyabean,,,0,N,Y,HBC:Rasoi:BIB,Case,Ltr,16.48,BP,MT,1098.9,10,no,TIN
9116,400000672,Palm 15 kg Tin (New),Palm,,,0,N,Y,HBC:Rasoi:BIB,Case,Ltr,16.67,BP,MT,1111.11,10,no,TIN
9116,400000674,Palm 15 ltr Tin (New),Palm,,,0,N,Y,HBC:Rasoi:BIB,Case,Ltr,15,BP,MT,1111.11,10,no,TIN
9116,400000678,Soyabean 15 ltr Tin (New),Soyabean,,,0,Y,N,HBC:Rasoi:BIB,Case,Ltr,15,BP,MT,1098.9,10,no,TIN
9116,400000676,Soyabean 15 kg Tin (New),Soyabean,,,0,N,Y,HBC:Rasoi:BIB,Case,Ltr,16.48,BP,MT,1098.9,10,no,TIN
9120,400000672,Palm 15 kg Tin (New),Palm,,,0,N,Y,HBC:Rasoi:BIB,Case,Ltr,16.67,BP,MT,1111.11,10,no,TIN
9120,400000674,Palm 15 ltr Tin (New),Palm,,,0,N,Y,HBC:Rasoi:BIB,Case,Ltr,15,BP,MT,1111.11,10,no,TIN
9120,400000678,Soyabean 15 ltr Tin (New),Soyabean,,,0,Y,N,HBC:Rasoi:BIB,Case,Ltr,15,BP,MT,1098.9,10,no,TIN
9120,400000676,Soyabean 15 kg Tin (New),Soyabean,,,0,N,Y,HBC:Rasoi:BIB,Case,Ltr,16.48,BP,MT,1098.9,10,no,TIN
9101,400000672,Palm 15 kg Tin (New),Palm,,,0,N,Y,HBC:Rasoi:BIB,Case,Ltr,16.67,BP,MT,1111.11,10,no,TIN
9101,400000674,Palm 15 ltr Tin (New),Palm,,,0,N,Y,HBC:Rasoi:BIB,Case,Ltr,15,BP,MT,1111.11,10,no,TIN
9101,400000678,Soyabean 15 ltr Tin (New),Soyabean,,,0,Y,N,HBC:Rasoi:BIB,Case,Ltr,15,BP,MT,1098.9,10,no,TIN
9101,400000676,Soyabean 15 kg Tin (New),Soyabean,,,0,N,Y,HBC:Rasoi:BIB,Case,Ltr,16.48,BP,MT,1098.9,10,no,TIN
9412,400000692,Palm 15 kg Tin (New),Palm,,,0,Y,N,HBC:Rasoi:BIB,Case,Ltr,16.67,BP,MT,1111.11,10,no,TIN
9412,400000691,Palm 15 ltr Tin (New),Palm,,,0,Y,N,HBC:Rasoi:BIB,Case,Ltr,15,BP,MT,1111.11,10,no,TIN
9412,400000693,Soyabean 15 kg Tin (New),Soyabean,,,0,Y,N,HBC:Rasoi:BIB,Case,Ltr,16.48,BP,MT,1098.9,10,no,TIN
9108,400000692,Palm 15 kg Tin (New),Palm,,,0,Y,N,HBC:Rasoi:BIB,Case,Ltr,16.67,BP,MT,1111.11,10,no,TIN
9108,400000691,Palm 15 ltr Tin (New),Palm,,,0,Y,N,HBC:Rasoi:BIB,Case,Ltr,15,BP,MT,1111.11,10,no,TIN
9108,400000693,Soyabean 15 kg Tin (New),Soyabean,,,0,Y,N,HBC:Rasoi:BIB,Case,Ltr,16.48,BP,MT,1098.9,10,no,TIN
9109,400000692,Palm 15 kg Tin (New),Palm,,,0,Y,N,HBC:Rasoi:BIB,Case,Ltr,16.67,BP,MT,1111.11,10,no,TIN
9109,400000691,Palm 15 ltr Tin (New),Palm,,,0,Y,N,HBC:Rasoi:BIB,Case,Ltr,15,BP,MT,1111.11,10,no,TIN
9109,400000693,Soyabean 15 kg Tin (New),Soyabean,,,0,Y,N,HBC:Rasoi:BIB,Case,Ltr,16.48,BP,MT,1098.9,10,no,TIN
9116,400000692,Palm 15 kg Tin (New),Palm,,,0,Y,N,HBC:Rasoi:BIB,Case,Ltr,16.67,BP,MT,1111.11,10,no,TIN
9116,400000691,Palm 15 ltr Tin (New),Palm,,,0,Y,N,HBC:Rasoi:BIB,Case,Ltr,15,BP,MT,1111.11,10,no,TIN
9116,400000693,Soyabean 15 kg Tin (New),Soyabean,,,0,Y,N,HBC:Rasoi:BIB,Case,Ltr,16.48,BP,MT,1098.9,10,no,TIN
9120,400000692,Palm 15 kg Tin (New),Palm,,,0,Y,N,HBC:Rasoi:BIB,Case,Ltr,16.67,BP,MT,1111.11,10,no,TIN
9120,400000691,Palm 15 ltr Tin (New),Palm,,,0,Y,N,HBC:Rasoi:BIB,Case,Ltr,15,BP,MT,1111.11,10,no,TIN
9120,400000693,Soyabean 15 kg Tin (New),Soyabean,,,0,Y,N,HBC:Rasoi:BIB,Case,Ltr,16.48,BP,MT,1098.9,10,no,TIN
9101,400000692,Palm 15 kg Tin (New),Palm,,,0,Y,N,HBC:Rasoi:BIB,Case,Ltr,16.67,BP,MT,1111.11,10,no,TIN
9101,400000691,Palm 15 ltr Tin (New),Palm,,,0,Y,N,HBC:Rasoi:BIB,Case,Ltr,15,BP,MT,1111.11,10,no,TIN
9101,400000693,Soyabean 15 kg Tin (New),Soyabean,,,0,Y,N,HBC:Rasoi:BIB,Case,Ltr,16.48,BP,MT,1098.9,10,no,TIN
1000D,400000692,Palm 15 kg Tin (New),Palm,,,0,Y,N,HBC:Rasoi:BIB,Case,Ltr,16.67,BP,MT,1111.11,10,no,TIN
1000D,400000691,Palm 15 ltr Tin (New),Palm,,,0,Y,N,HBC:Rasoi:BIB,Case,Ltr,15,BP,MT,1111.11,10,no,TIN
1000D,400000693,Soyabean 15 kg Tin (New),Soyabean,,,0,Y,N,HBC:Rasoi:BIB,Case,Ltr,16.48,BP,MT,1098.9,10,no,TIN
1000D,400000678,Soyabean 15 ltr Tin (New),Soyabean,,,0,Y,N,HBC:Rasoi:BIB,Case,Ltr,15,BP,MT,1098.9,10,no,TIN
1000D,400000698,Blend HBC plus 200 ml Bottle,Blend Plus,,,0,N,Y,HBC:Rasoi:BIB,Case,Ltr,12,CP,MT,1098.9,0,no,Pet
9110,400000698,Blend HBC plus 200 ml Bottle,Blend Plus,,,0,N,Y,HBC:Rasoi:BIB,Case,Ltr,12,CP,MT,1098.9,0,no,Pet
9408,400000128,Palm 500 ml Pouch,Palm,,,0,Y,N,HBC:Rasoi:BIB,Case,Ltr,10,CP,MT,1111.11,5,no,Pouch
9408,400000140,Soyabean 1 ltr Pouch,Soyabean,,,0,Y,N,HBC:Rasoi:BIB,Case,Ltr,12,CP,MT,1098.9,5,no,Pouch
9408,400000141,Palm 1 ltr Pouch (10pc),Palm,,,0,Y,N,HBC:Rasoi:BIB,Case,Ltr,10,CP,MT,1111.11,5,no,Pouch
9408,400000678,Soyabean 15 ltr Tin (New),Soyabean,,,0,Y,N,HBC:Rasoi:BIB,Case,Ltr,15,BP,MT,1098.9,10,no,TIN
9408,400000170,Soyabean 500 ml Pouch,Soyabean,,,0,Y,N,HBC:Rasoi:BIB,Case,Ltr,12,CP,MT,1098.9,5,no,Pouch
9408,400000255,Soyabean 5 ltr Jar,Soyabean,,,0,Y,N,HBC:Rasoi:BIB,Case,Ltr,20,CP,MT,1098.9,5,no,JAR
9408,400000259,Sunflower 500 ml Pouch,Sunflower,,,0,N,Y,HBC:Rasoi:BIB,Case,Ltr,10,CP,MT,1098.9,5,no,Pouch
9408,400000273,Sunflower 15 kg Tin,Sunflower,,,0,N,Y,HBC:Rasoi:BIB,Case,Ltr,16.48,BP,MT,1098.9,10,no,TIN
9408,400000397,Soyabean 15 ltr Jar,Soyabean,,,0,Y,N,HBC:Rasoi:BIB,Case,Ltr,15,BP,MT,1098.9,10,no,JAR
9408,400000396,Palm  15 ltr Jar,Palm,,,0,N,Y,HBC:Rasoi:BIB,Case,Ltr,15,BP,MT,1111.11,10,no,JAR
9408,400000611,Bake Magic,Bake Magic,,,0,Y,N,HBC:Rasoi:BIB,Case,Ltr,16.67,BP,MT,1111.11,10,no,BAKERY
9408,400000530,Soyabean LUP Rs 10/- (90ml),Soyabean,,,0,N,Y,HBC:Rasoi:BIB,Case,Ltr,10.8,CP,MT,1098.9,5,no,
9408,400000441,Rasoi 15 kg Jar (Blue),Rasoi,,,0,N,Y,HBC:Rasoi:BIB,Case,Ltr,16.71,BP,MT,1114.21,10,yes,JAR
9408,400000449,Rasoi 15 kg Jar (Gold),Rasoi,,,0,Y,N,HBC:Rasoi:BIB,Case,Ltr,16.71,BP,MT,1114.21,10,yes,JAR
9408,400000521,Rasoi No-1 15 ltr Jar,Rasoi,,,0,Y,N,HBC:Rasoi:BIB,Case,Ltr,15,BP,MT,1114.21,10,yes,JAR
9408,400000523,Rasoi No 1 15 kg Jar,Rasoi,,,0,Y,N,HBC:Rasoi:BIB,Case,Ltr,16.71,BP,MT,1114.21,10,yes,JAR
9408,400000589,Rasoi No 1 - 1 ltr Pouch,Rasoi,,,0,Y,N,HBC:Rasoi:BIB,Case,Ltr,16,CP,MT,1114.21,5,yes,Pouch
9408,400000595,Rasoi No 1 15 kg Tin,Rasoi,,,0,Y,N,HBC:Rasoi:BIB,Case,Ltr,16.71,BP,MT,1114.21,10,yes,TIN
9408,400000716,Sunflower 15 ltr Tin (LD),Sunflower,,,0,Y,N,HBC:Rasoi:BIB,Case,Ltr,15,BP,MT,1098.9,10,no,TIN
9408,400000562,Soyabean 1 ltr Bottle - Sidel,Soyabean,,,0,Y,N,HBC:Rasoi:BIB,Case,Ltr,12,CP,MT,1098.9,5,no,Pet
9408,400000564,Soyabean 500 ml Bottle - Sidel,Soyabean,,,0,Y,N,HBC:Rasoi:BIB,Case,Ltr,12,CP,MT,1098.9,5,no,Pet
9408,400000635,Rasoi No 1 15 ltr Tin,Rasoi,,,0,Y,N,HBC:Rasoi:BIB,Case,Ltr,15,BP,MT,1114.21,10,yes,TIN
9408,400000636,Rasoi No 1 - 200ml Pouch,Rasoi,,,0,N,Y,HBC:Rasoi:BIB,Case,Ltr,16,BP,MT,1114.21,10,yes,Pouch
9408,400000594,Rasoi No 1 - 500ml Pouch,Rasoi,,,0,Y,N,HBC:Rasoi:BIB,Case,Ltr,16,CP,MT,1114.21,5,yes,Pouch
9408,400000566,Soyabean 200 ml Bottle - Sidel,Soyabean,,,0,Y,N,HBC:Rasoi:BIB,Case,Ltr,12,CP,MT,1098.9,5,no,Pet
9408,400000637,Sunflower 1 ltr Pouch (12pc),Sunflower,,,0,Y,N,HBC:Rasoi:BIB,Case,Ltr,12,CP,MT,1098.9,5,no,Pouch
9408,400000692,Palm 15 kg Tin (New),Palm,,,0,Y,N,HBC:Rasoi:BIB,Case,Ltr,16.67,BP,MT,1111.11,10,no,TIN
9408,400000691,Palm 15 ltr Tin (New),Palm,,,0,Y,N,HBC:Rasoi:BIB,Case,Ltr,15,BP,MT,1111.11,10,no,TIN
9408,400000693,Soyabean 15 kg Tin (New),Soyabean,,,0,Y,N,HBC:Rasoi:BIB,Case,Ltr,16.48,BP,MT,1098.9,10,no,TIN
9119,400000611,Bake Magic,Bake Magic,,,0,Y,N,HBC:Rasoi:BIB,Case,Ltr,16.67,BP,MT,1111.11,10,no,BAKERY
9119,400000396,Palm  15 ltr Jar,Palm,,,0,N,Y,HBC:Rasoi:BIB,Case,Ltr,15,BP,MT,1111.11,10,no,JAR
9119,400000141,Palm 1 ltr Pouch (10pc),Palm,,,0,Y,N,HBC:Rasoi:BIB,Case,Ltr,10,CP,MT,1111.11,5,no,Pouch
9119,400000151,Palm 15 kg Tin,Palm,,,0,N,Y,HBC:Rasoi:BIB,Case,Ltr,16.67,BP,MT,1111.11,10,no,TIN
9119,400000152,Palm 15 ltr Tin,Palm,,,0,N,Y,HBC:Rasoi:BIB,Case,Ltr,15,BP,MT,1111.11,10,no,TIN
9119,400000128,Palm 500 ml Pouch,Palm,,,0,Y,N,HBC:Rasoi:BIB,Case,Ltr,10,CP,MT,1111.11,5,no,Pouch
9119,400000140,Soyabean 1 ltr Pouch,Soyabean,,,0,Y,N,HBC:Rasoi:BIB,Case,Ltr,12,CP,MT,1098.9,5,no,Pouch
9119,400000154,Soyabean 15 kg Tin,Soyabean,,,0,N,Y,HBC:Rasoi:BIB,Case,Ltr,16.48,BP,MT,1098.9,10,no,TIN
9119,400000397,Soyabean 15 ltr Jar,Soyabean,,,0,Y,N,HBC:Rasoi:BIB,Case,Ltr,15,BP,MT,1098.9,10,no,JAR
9119,400000153,Soyabean 15 ltr Tin,Soyabean,,,0,N,Y,HBC:Rasoi:BIB,Case,Ltr,15,BP,MT,1098.9,10,no,TIN
9119,400000255,Soyabean 5 ltr Jar,Soyabean,,,0,Y,N,HBC:Rasoi:BIB,Case,Ltr,20,CP,MT,1098.9,5,no,JAR
9119,400000170,Soyabean 500 ml Pouch,Soyabean,,,0,Y,N,HBC:Rasoi:BIB,Case,Ltr,12,CP,MT,1098.9,5,no,Pouch
9119,400000530,Soyabean LUP Rs 10/- (90ml),Soyabean,,,0,N,Y,HBC:Rasoi:BIB,Case,Ltr,10.8,CP,MT,1098.9,5,no,
9119,400000273,Sunflower 15 kg Tin,Sunflower,,,0,N,Y,HBC:Rasoi:BIB,Case,Ltr,16.48,BP,MT,1098.9,10,no,TIN
9119,400000259,Sunflower 500 ml Pouch,Sunflower,,,0,N,Y,HBC:Rasoi:BIB,Case,Ltr,10,CP,MT,1098.9,5,no,Pouch
9119,400000457,Rasoi  200 ml Pouch,Rasoi,,,0,N,Y,HBC:Rasoi:BIB,Case,Ltr,16,CP,MT,1114.21,5,yes,Pouch
9119,400000523,Rasoi No 1 15 kg Jar,Rasoi,,,0,Y,N,HBC:Rasoi:BIB,Case,Ltr,16.71,BP,MT,1114.21,10,yes,JAR
9119,400000521,Rasoi No-1 15 ltr Jar,Rasoi,,,0,Y,N,HBC:Rasoi:BIB,Case,Ltr,15,BP,MT,1114.21,10,yes,JAR
9119,400000589,Rasoi No 1 - 1 ltr Pouch,Rasoi,,,0,Y,N,HBC:Rasoi:BIB,Case,Ltr,16,CP,MT,1114.21,5,yes,Pouch
9119,400000595,Rasoi No 1 15 kg Tin,Rasoi,,,0,Y,N,HBC:Rasoi:BIB,Case,Ltr,16.71,BP,MT,1114.21,10,yes,TIN
9119,400000716,Sunflower 15 ltr Tin (LD),Sunflower,,,0,Y,N,HBC:Rasoi:BIB,Case,Ltr,15,BP,MT,1098.9,10,no,TIN
9119,400000594,Rasoi No 1 - 500ml Pouch,Rasoi,,,0,Y,N,HBC:Rasoi:BIB,Case,Ltr,16,CP,MT,1114.21,5,yes,Pouch
9119,400000562,Soyabean 1 ltr Bottle - Sidel,Soyabean,,,0,Y,N,HBC:Rasoi:BIB,Case,Ltr,12,CP,MT,1098.9,5,no,Pet
9119,400000564,Soyabean 500 ml Bottle - Sidel,Soyabean,,,0,Y,N,HBC:Rasoi:BIB,Case,Ltr,12,CP,MT,1098.9,5,no,Pet
9119,400000635,Rasoi No 1 15 ltr Tin,Rasoi,,,0,Y,N,HBC:Rasoi:BIB,Case,Ltr,15,BP,MT,1114.21,10,yes,TIN
9119,400000636,Rasoi No 1 - 200ml Pouch,Rasoi,,,0,N,Y,HBC:Rasoi:BIB,Case,Ltr,16,BP,MT,1114.21,10,yes,Pouch
9119,400000566,Soyabean 200 ml Bottle - Sidel,Soyabean,,,0,Y,N,HBC:Rasoi:BIB,Case,Ltr,12,CP,MT,1098.9,5,no,Pet
9119,400000637,Sunflower 1 ltr Pouch (12pc),Sunflower,,,0,Y,N,HBC:Rasoi:BIB,Case,Ltr,12,CP,MT,1098.9,5,no,Pouch
9119,400000551,Blend HBC plus 1 ltr Pouch,Blend Plus,,,0,N,Y,HBC:Rasoi:BIB,Case,Ltr,12,CP,MT,1098.9,0,no,Pouch
9119,400000556,Blend HBC plus 500 ml Pouch,Blend Plus,,,0,N,Y,HBC:Rasoi:BIB,Case,Ltr,12,CP,MT,1098.9,0,no,Pouch
9119,400000557,Blend HBC plus 1 ltr Bottle,Blend Plus,,,0,N,Y,HBC:Rasoi:BIB,Case,Ltr,12,CP,MT,1098.9,0,no,Pet
9119,400000558,Blend HBC plus 500 ml Bottle,Blend Plus,,,0,N,Y,HBC:Rasoi:BIB,Case,Ltr,12,CP,MT,1098.9,0,no,Pet
9119,400000559,Blend HBC plus 5 ltr Jar,Blend Plus,,,0,N,Y,HBC:Rasoi:BIB,Case,Ltr,20,CP,MT,1098.9,0,no,JAR
9119,400000560,Blend HBC plus 15 ltr Jar,Blend Plus,,,0,N,Y,HBC:Rasoi:BIB,Case,Ltr,15,BP,MT,1098.9,0,no,JAR
9119,400000561,Blend HBC plus 15 ltr Tin,Blend Plus,,,0,N,Y,HBC:Rasoi:BIB,Case,Ltr,15,BP,MT,1098.9,0,no,TIN
9119,400000678,Soyabean 15 ltr Tin (New),Soyabean,,,0,Y,N,HBC:Rasoi:BIB,Case,Ltr,15,BP,MT,1098.9,10,no,TIN
9119,400000692,Palm 15 kg Tin (New),Palm,,,0,Y,N,HBC:Rasoi:BIB,Case,Ltr,16.67,BP,MT,1111.11,10,no,TIN
9119,400000691,Palm 15 ltr Tin (New),Palm,,,0,Y,N,HBC:Rasoi:BIB,Case,Ltr,15,BP,MT,1111.11,10,no,TIN
9119,400000693,Soyabean 15 kg Tin (New),Soyabean,,,0,Y,N,HBC:Rasoi:BIB,Case,Ltr,16.48,BP,MT,1098.9,10,no,TIN
9109,410000003,Soyabean 1 ltr Pouch (H&T),Soyabean,,,0,N,Y,HBC:Rasoi:BIB,Case,Ltr,12,CP,MT,1098.9,5,no,Pouch
9110,400000692,Palm 15 kg Tin (New),Palm,,,0,Y,N,HBC:Rasoi:BIB,Case,Ltr,16.67,BP,MT,1111.11,10,no,TIN
9110,400000691,Palm 15 ltr Tin (New),Palm,,,0,Y,N,HBC:Rasoi:BIB,Case,Ltr,15,BP,MT,1111.11,10,no,TIN
9110,400000693,Soyabean 15 kg Tin (New),Soyabean,,,0,Y,N,HBC:Rasoi:BIB,Case,Ltr,16.48,BP,MT,1098.9,10,no,TIN
9110,400000678,Soyabean 15 ltr Tin (New),Soyabean,,,0,Y,N,HBC:Rasoi:BIB,Case,Ltr,15,BP,MT,1098.9,10,no,TIN
9417,400000128,Palm 500 ml Pouch,Palm,,,0,Y,N,HBC:Rasoi:BIB,Case,Ltr,10,CP,MT,1111.11,5,no,Pouch
9417,400000140,Soyabean 1 ltr Pouch,Soyabean,,,0,Y,N,HBC:Rasoi:BIB,Case,Ltr,12,CP,MT,1098.9,5,no,Pouch
9417,400000141,Palm 1 ltr Pouch (10pc),Palm,,,0,Y,N,HBC:Rasoi:BIB,Case,Ltr,10,CP,MT,1111.11,5,no,Pouch
9417,400000170,Soyabean 500 ml Pouch,Soyabean,,,0,Y,N,HBC:Rasoi:BIB,Case,Ltr,12,CP,MT,1098.9,5,no,Pouch
9417,400000255,Soyabean 5 ltr Jar,Soyabean,,,0,Y,N,HBC:Rasoi:BIB,Case,Ltr,20,CP,MT,1098.9,5,no,JAR
9417,400000259,Sunflower 500 ml Pouch,Sunflower,,,0,N,Y,HBC:Rasoi:BIB,Case,Ltr,10,CP,MT,1098.9,5,no,Pouch
9417,400000397,Soyabean 15 ltr Jar,Soyabean,,,0,Y,N,HBC:Rasoi:BIB,Case,Ltr,15,BP,MT,1098.9,10,no,JAR
9417,400000396,Palm  15 ltr Jar,Palm,,,0,N,Y,HBC:Rasoi:BIB,Case,Ltr,15,BP,MT,1111.11,10,no,JAR
9417,400000611,Bake Magic,Bake Magic,,,0,Y,N,HBC:Rasoi:BIB,Case,Ltr,16.67,BP,MT,1111.11,10,no,BAKERY
9417,400000716,Sunflower 15 ltr Tin (LD),Sunflower,,,0,Y,N,HBC:Rasoi:BIB,Case,Ltr,15,BP,MT,1098.9,10,no,TIN
9417,400000562,Soyabean 1 ltr Bottle - Sidel,Soyabean,,,0,Y,N,HBC:Rasoi:BIB,Case,Ltr,12,CP,MT,1098.9,5,no,Pet
9417,400000564,Soyabean 500 ml Bottle - Sidel,Soyabean,,,0,Y,N,HBC:Rasoi:BIB,Case,Ltr,12,CP,MT,1098.9,5,no,Pet
9417,400000566,Soyabean 200 ml Bottle - Sidel,Soyabean,,,0,Y,N,HBC:Rasoi:BIB,Case,Ltr,12,CP,MT,1098.9,5,no,Pet
9417,400000637,Sunflower 1 ltr Pouch (12pc),Sunflower,,,0,Y,N,HBC:Rasoi:BIB,Case,Ltr,12,CP,MT,1098.9,5,no,Pouch
9417,400000692,Palm 15 kg Tin (New),Palm,,,0,Y,N,HBC:Rasoi:BIB,Case,Ltr,16.67,BP,MT,1111.11,10,no,TIN
9417,400000691,Palm 15 ltr Tin (New),Palm,,,0,Y,N,HBC:Rasoi:BIB,Case,Ltr,15,BP,MT,1111.11,10,no,TIN
9417,400000693,Soyabean 15 kg Tin (New),Soyabean,,,0,Y,N,HBC:Rasoi:BIB,Case,Ltr,16.48,BP,MT,1098.9,10,no,TIN
9417,400000678,Soyabean 15 ltr Tin (New),Soyabean,,,0,Y,N,HBC:Rasoi:BIB,Case,Ltr,15,BP,MT,1098.9,10,no,TIN
9409,400000128,Palm 500 ml Pouch,Palm,,,0,Y,N,HBC:Rasoi:BIB,Case,Ltr,10,CP,MT,1111.11,5,no,Pouch
9409,400000140,Soyabean 1 ltr Pouch,Soyabean,,,0,Y,N,HBC:Rasoi:BIB,Case,Ltr,12,CP,MT,1098.9,5,no,Pouch
9409,400000141,Palm 1 ltr Pouch (10pc),Palm,,,0,Y,N,HBC:Rasoi:BIB,Case,Ltr,10,CP,MT,1111.11,5,no,Pouch
9409,400000170,Soyabean 500 ml Pouch,Soyabean,,,0,Y,N,HBC:Rasoi:BIB,Case,Ltr,12,CP,MT,1098.9,5,no,Pouch
9409,400000255,Soyabean 5 ltr Jar,Soyabean,,,0,Y,N,HBC:Rasoi:BIB,Case,Ltr,20,CP,MT,1098.9,5,no,JAR
9409,400000259,Sunflower 500 ml Pouch,Sunflower,,,0,N,Y,HBC:Rasoi:BIB,Case,Ltr,10,CP,MT,1098.9,5,no,Pouch
9409,400000397,Soyabean 15 ltr Jar,Soyabean,,,0,Y,N,HBC:Rasoi:BIB,Case,Ltr,15,BP,MT,1098.9,10,no,JAR
9409,400000396,Palm  15 ltr Jar,Palm,,,0,N,Y,HBC:Rasoi:BIB,Case,Ltr,15,BP,MT,1111.11,10,no,JAR
9409,400000611,Bake Magic,Bake Magic,,,0,Y,N,HBC:Rasoi:BIB,Case,Ltr,16.67,BP,MT,1111.11,10,no,BAKERY
9409,400000716,Sunflower 15 ltr Tin (LD),Sunflower,,,0,Y,N,HBC:Rasoi:BIB,Case,Ltr,15,BP,MT,1098.9,10,no,TIN
9409,400000562,Soyabean 1 ltr Bottle - Sidel,Soyabean,,,0,Y,N,HBC:Rasoi:BIB,Case,Ltr,12,CP,MT,1098.9,5,no,Pet
9409,400000564,Soyabean 500 ml Bottle - Sidel,Soyabean,,,0,Y,N,HBC:Rasoi:BIB,Case,Ltr,12,CP,MT,1098.9,5,no,Pet
9409,400000566,Soyabean 200 ml Bottle - Sidel,Soyabean,,,0,Y,N,HBC:Rasoi:BIB,Case,Ltr,12,CP,MT,1098.9,5,no,Pet
9409,400000637,Sunflower 1 ltr Pouch (12pc),Sunflower,,,0,Y,N,HBC:Rasoi:BIB,Case,Ltr,12,CP,MT,1098.9,5,no,Pouch
9409,400000692,Palm 15 kg Tin (New),Palm,,,0,Y,N,HBC:Rasoi:BIB,Case,Ltr,16.67,BP,MT,1111.11,10,no,TIN
9409,400000691,Palm 15 ltr Tin (New),Palm,,,0,Y,N,HBC:Rasoi:BIB,Case,Ltr,15,BP,MT,1111.11,10,no,TIN
9409,400000693,Soyabean 15 kg Tin (New),Soyabean,,,0,Y,N,HBC:Rasoi:BIB,Case,Ltr,16.48,BP,MT,1098.9,10,no,TIN
9409,400000678,Soyabean 15 ltr Tin (New),Soyabean,,,0,Y,N,HBC:Rasoi:BIB,Case,Ltr,15,BP,MT,1098.9,10,no,TIN
9302,400000128,Palm 500 ml Pouch,Palm,,,0,Y,N,HBC:Rasoi:BIB,Case,Ltr,10,CP,MT,1111.11,5,no,Pouch
9302,400000140,Soyabean 1 ltr Pouch,Soyabean,,,0,Y,N,HBC:Rasoi:BIB,Case,Ltr,12,CP,MT,1098.9,5,no,Pouch
9302,400000141,Palm 1 ltr Pouch (10pc),Palm,,,0,Y,N,HBC:Rasoi:BIB,Case,Ltr,10,CP,MT,1111.11,5,no,Pouch
9302,400000170,Soyabean 500 ml Pouch,Soyabean,,,0,Y,N,HBC:Rasoi:BIB,Case,Ltr,12,CP,MT,1098.9,5,no,Pouch
9302,400000255,Soyabean 5 ltr Jar,Soyabean,,,0,Y,N,HBC:Rasoi:BIB,Case,Ltr,20,CP,MT,1098.9,5,no,JAR
9302,400000259,Sunflower 500 ml Pouch,Sunflower,,,0,N,Y,HBC:Rasoi:BIB,Case,Ltr,10,CP,MT,1098.9,5,no,Pouch
9302,400000397,Soyabean 15 ltr Jar,Soyabean,,,0,Y,N,HBC:Rasoi:BIB,Case,Ltr,15,BP,MT,1098.9,10,no,JAR
9302,400000396,Palm  15 ltr Jar,Palm,,,0,N,Y,HBC:Rasoi:BIB,Case,Ltr,15,BP,MT,1111.11,10,no,JAR
9302,400000611,Bake Magic,Bake Magic,,,0,Y,N,HBC:Rasoi:BIB,Case,Ltr,16.67,BP,MT,1111.11,10,no,BAKERY
9302,400000716,Sunflower 15 ltr Tin (LD),Sunflower,,,0,Y,N,HBC:Rasoi:BIB,Case,Ltr,15,BP,MT,1098.9,10,no,TIN
9302,400000562,Soyabean 1 ltr Bottle - Sidel,Soyabean,,,0,Y,N,HBC:Rasoi:BIB,Case,Ltr,12,CP,MT,1098.9,5,no,Pet
9302,400000564,Soyabean 500 ml Bottle - Sidel,Soyabean,,,0,Y,N,HBC:Rasoi:BIB,Case,Ltr,12,CP,MT,1098.9,5,no,Pet
9302,400000566,Soyabean 200 ml Bottle - Sidel,Soyabean,,,0,Y,N,HBC:Rasoi:BIB,Case,Ltr,12,CP,MT,1098.9,5,no,Pet
9302,400000637,Sunflower 1 ltr Pouch (12pc),Sunflower,,,0,Y,N,HBC:Rasoi:BIB,Case,Ltr,12,CP,MT,1098.9,5,no,Pouch
9302,400000692,Palm 15 kg Tin (New),Palm,,,0,Y,N,HBC:Rasoi:BIB,Case,Ltr,16.67,BP,MT,1111.11,10,no,TIN
9302,400000691,Palm 15 ltr Tin (New),Palm,,,0,Y,N,HBC:Rasoi:BIB,Case,Ltr,15,BP,MT,1111.11,10,no,TIN
9302,400000693,Soyabean 15 kg Tin (New),Soyabean,,,0,Y,N,HBC:Rasoi:BIB,Case,Ltr,16.48,BP,MT,1098.9,10,no,TIN
9302,400000678,Soyabean 15 ltr Tin (New),Soyabean,,,0,Y,N,HBC:Rasoi:BIB,Case,Ltr,15,BP,MT,1098.9,10,no,TIN
9411,400000128,Palm 500 ml Pouch,Palm,,,0,Y,N,HBC:Rasoi:BIB,Case,Ltr,10,CP,MT,1111.11,5,no,Pouch
9411,400000140,Soyabean 1 ltr Pouch,Soyabean,,,0,Y,N,HBC:Rasoi:BIB,Case,Ltr,12,CP,MT,1098.9,5,no,Pouch
9411,400000141,Palm 1 ltr Pouch (10pc),Palm,,,0,Y,N,HBC:Rasoi:BIB,Case,Ltr,10,CP,MT,1111.11,5,no,Pouch
9411,400000170,Soyabean 500 ml Pouch,Soyabean,,,0,Y,N,HBC:Rasoi:BIB,Case,Ltr,12,CP,MT,1098.9,5,no,Pouch
9411,400000255,Soyabean 5 ltr Jar,Soyabean,,,0,Y,N,HBC:Rasoi:BIB,Case,Ltr,20,CP,MT,1098.9,5,no,JAR
9411,400000259,Sunflower 500 ml Pouch,Sunflower,,,0,N,Y,HBC:Rasoi:BIB,Case,Ltr,10,CP,MT,1098.9,5,no,Pouch
9411,400000397,Soyabean 15 ltr Jar,Soyabean,,,0,Y,N,HBC:Rasoi:BIB,Case,Ltr,15,BP,MT,1098.9,10,no,JAR
9411,400000396,Palm  15 ltr Jar,Palm,,,0,N,Y,HBC:Rasoi:BIB,Case,Ltr,15,BP,MT,1111.11,10,no,JAR
9411,400000611,Bake Magic,Bake Magic,,,0,Y,N,HBC:Rasoi:BIB,Case,Ltr,16.67,BP,MT,1111.11,10,no,BAKERY
9411,400000716,Sunflower 15 ltr Tin (LD),Sunflower,,,0,Y,N,HBC:Rasoi:BIB,Case,Ltr,15,BP,MT,1098.9,10,no,TIN
9411,400000562,Soyabean 1 ltr Bottle - Sidel,Soyabean,,,0,Y,N,HBC:Rasoi:BIB,Case,Ltr,12,CP,MT,1098.9,5,no,Pet
9411,400000564,Soyabean 500 ml Bottle - Sidel,Soyabean,,,0,Y,N,HBC:Rasoi:BIB,Case,Ltr,12,CP,MT,1098.9,5,no,Pet
9411,400000566,Soyabean 200 ml Bottle - Sidel,Soyabean,,,0,Y,N,HBC:Rasoi:BIB,Case,Ltr,12,CP,MT,1098.9,5,no,Pet
9411,400000637,Sunflower 1 ltr Pouch (12pc),Sunflower,,,0,Y,N,HBC:Rasoi:BIB,Case,Ltr,12,CP,MT,1098.9,5,no,Pouch
9411,400000692,Palm 15 kg Tin (New),Palm,,,0,Y,N,HBC:Rasoi:BIB,Case,Ltr,16.67,BP,MT,1111.11,10,no,TIN
9411,400000691,Palm 15 ltr Tin (New),Palm,,,0,Y,N,HBC:Rasoi:BIB,Case,Ltr,15,BP,MT,1111.11,10,no,TIN
9411,400000693,Soyabean 15 kg Tin (New),Soyabean,,,0,Y,N,HBC:Rasoi:BIB,Case,Ltr,16.48,BP,MT,1098.9,10,no,TIN
9411,400000678,Soyabean 15 ltr Tin (New),Soyabean,,,0,Y,N,HBC:Rasoi:BIB,Case,Ltr,15,BP,MT,1098.9,10,no,TIN
9403,400000128,Palm 500 ml Pouch,Palm,,,0,Y,N,HBC:Rasoi:BIB,Case,Ltr,10,CP,MT,1111.11,5,no,Pouch
9403,400000140,Soyabean 1 ltr Pouch,Soyabean,,,0,Y,N,HBC:Rasoi:BIB,Case,Ltr,12,CP,MT,1098.9,5,no,Pouch
9403,400000141,Palm 1 ltr Pouch (10pc),Palm,,,0,Y,N,HBC:Rasoi:BIB,Case,Ltr,10,CP,MT,1111.11,5,no,Pouch
9403,400000170,Soyabean 500 ml Pouch,Soyabean,,,0,Y,N,HBC:Rasoi:BIB,Case,Ltr,12,CP,MT,1098.9,5,no,Pouch
9403,400000255,Soyabean 5 ltr Jar,Soyabean,,,0,Y,N,HBC:Rasoi:BIB,Case,Ltr,20,CP,MT,1098.9,5,no,JAR
9403,400000259,Sunflower 500 ml Pouch,Sunflower,,,0,N,Y,HBC:Rasoi:BIB,Case,Ltr,10,CP,MT,1098.9,5,no,Pouch
9403,400000397,Soyabean 15 ltr Jar,Soyabean,,,0,Y,N,HBC:Rasoi:BIB,Case,Ltr,15,BP,MT,1098.9,10,no,JAR
9403,400000396,Palm  15 ltr Jar,Palm,,,0,N,Y,HBC:Rasoi:BIB,Case,Ltr,15,BP,MT,1111.11,10,no,JAR
9403,400000611,Bake Magic,Bake Magic,,,0,Y,N,HBC:Rasoi:BIB,Case,Ltr,16.67,BP,MT,1111.11,10,no,BAKERY
9403,400000716,Sunflower 15 ltr Tin (LD),Sunflower,,,0,Y,N,HBC:Rasoi:BIB,Case,Ltr,15,BP,MT,1098.9,10,no,TIN
9403,400000562,Soyabean 1 ltr Bottle - Sidel,Soyabean,,,0,Y,N,HBC:Rasoi:BIB,Case,Ltr,12,CP,MT,1098.9,5,no,Pet
9403,400000564,Soyabean 500 ml Bottle - Sidel,Soyabean,,,0,Y,N,HBC:Rasoi:BIB,Case,Ltr,12,CP,MT,1098.9,5,no,Pet
9403,400000566,Soyabean 200 ml Bottle - Sidel,Soyabean,,,0,Y,N,HBC:Rasoi:BIB,Case,Ltr,12,CP,MT,1098.9,5,no,Pet
9403,400000637,Sunflower 1 ltr Pouch (12pc),Sunflower,,,0,Y,N,HBC:Rasoi:BIB,Case,Ltr,12,CP,MT,1098.9,5,no,Pouch
9403,400000692,Palm 15 kg Tin (New),Palm,,,0,Y,N,HBC:Rasoi:BIB,Case,Ltr,16.67,BP,MT,1111.11,10,no,TIN
9403,400000691,Palm 15 ltr Tin (New),Palm,,,0,Y,N,HBC:Rasoi:BIB,Case,Ltr,15,BP,MT,1111.11,10,no,TIN
9403,400000693,Soyabean 15 kg Tin (New),Soyabean,,,0,Y,N,HBC:Rasoi:BIB,Case,Ltr,16.48,BP,MT,1098.9,10,no,TIN
9403,400000678,Soyabean 15 ltr Tin (New),Soyabean,,,0,Y,N,HBC:Rasoi:BIB,Case,Ltr,15,BP,MT,1098.9,10,no,TIN
9307,400000128,Palm 500 ml Pouch,Palm,,,0,Y,N,HBC:Rasoi:BIB,Case,Ltr,10,CP,MT,1111.11,5,no,Pouch
9307,400000140,Soyabean 1 ltr Pouch,Soyabean,,,0,Y,N,HBC:Rasoi:BIB,Case,Ltr,12,CP,MT,1098.9,5,no,Pouch
9307,400000141,Palm 1 ltr Pouch (10pc),Palm,,,0,Y,N,HBC:Rasoi:BIB,Case,Ltr,10,CP,MT,1111.11,5,no,Pouch
9307,400000170,Soyabean 500 ml Pouch,Soyabean,,,0,Y,N,HBC:Rasoi:BIB,Case,Ltr,12,CP,MT,1098.9,5,no,Pouch
9307,400000255,Soyabean 5 ltr Jar,Soyabean,,,0,Y,N,HBC:Rasoi:BIB,Case,Ltr,20,CP,MT,1098.9,5,no,JAR
9307,400000259,Sunflower 500 ml Pouch,Sunflower,,,0,N,Y,HBC:Rasoi:BIB,Case,Ltr,10,CP,MT,1098.9,5,no,Pouch
9307,400000397,Soyabean 15 ltr Jar,Soyabean,,,0,Y,N,HBC:Rasoi:BIB,Case,Ltr,15,BP,MT,1098.9,10,no,JAR
9307,400000396,Palm  15 ltr Jar,Palm,,,0,N,Y,HBC:Rasoi:BIB,Case,Ltr,15,BP,MT,1111.11,10,no,JAR
9307,400000611,Bake Magic,Bake Magic,,,0,Y,N,HBC:Rasoi:BIB,Case,Ltr,16.67,BP,MT,1111.11,10,no,BAKERY
9307,400000716,Sunflower 15 ltr Tin (LD),Sunflower,,,0,Y,N,HBC:Rasoi:BIB,Case,Ltr,15,BP,MT,1098.9,10,no,TIN
9307,400000562,Soyabean 1 ltr Bottle - Sidel,Soyabean,,,0,Y,N,HBC:Rasoi:BIB,Case,Ltr,12,CP,MT,1098.9,5,no,Pet
9307,400000564,Soyabean 500 ml Bottle - Sidel,Soyabean,,,0,Y,N,HBC:Rasoi:BIB,Case,Ltr,12,CP,MT,1098.9,5,no,Pet
9307,400000566,Soyabean 200 ml Bottle - Sidel,Soyabean,,,0,Y,N,HBC:Rasoi:BIB,Case,Ltr,12,CP,MT,1098.9,5,no,Pet
9307,400000637,Sunflower 1 ltr Pouch (12pc),Sunflower,,,0,Y,N,HBC:Rasoi:BIB,Case,Ltr,12,CP,MT,1098.9,5,no,Pouch
9307,400000692,Palm 15 kg Tin (New),Palm,,,0,Y,N,HBC:Rasoi:BIB,Case,Ltr,16.67,BP,MT,1111.11,10,no,TIN
9307,400000691,Palm 15 ltr Tin (New),Palm,,,0,Y,N,HBC:Rasoi:BIB,Case,Ltr,15,BP,MT,1111.11,10,no,TIN
9307,400000693,Soyabean 15 kg Tin (New),Soyabean,,,0,Y,N,HBC:Rasoi:BIB,Case,Ltr,16.48,BP,MT,1098.9,10,no,TIN
9307,400000678,Soyabean 15 ltr Tin (New),Soyabean,,,0,Y,N,HBC:Rasoi:BIB,Case,Ltr,15,BP,MT,1098.9,10,no,TIN
9405,400000128,Palm 500 ml Pouch,Palm,,,0,Y,N,HBC:Rasoi:BIB,Case,Ltr,10,CP,MT,1111.11,5,no,Pouch
9405,400000140,Soyabean 1 ltr Pouch,Soyabean,,,0,Y,N,HBC:Rasoi:BIB,Case,Ltr,12,CP,MT,1098.9,5,no,Pouch
9405,400000141,Palm 1 ltr Pouch (10pc),Palm,,,0,Y,N,HBC:Rasoi:BIB,Case,Ltr,10,CP,MT,1111.11,5,no,Pouch
9405,400000170,Soyabean 500 ml Pouch,Soyabean,,,0,Y,N,HBC:Rasoi:BIB,Case,Ltr,12,CP,MT,1098.9,5,no,Pouch
9405,400000255,Soyabean 5 ltr Jar,Soyabean,,,0,Y,N,HBC:Rasoi:BIB,Case,Ltr,20,CP,MT,1098.9,5,no,JAR
9405,400000259,Sunflower 500 ml Pouch,Sunflower,,,0,N,Y,HBC:Rasoi:BIB,Case,Ltr,10,CP,MT,1098.9,5,no,Pouch
9405,400000397,Soyabean 15 ltr Jar,Soyabean,,,0,Y,N,HBC:Rasoi:BIB,Case,Ltr,15,BP,MT,1098.9,10,no,JAR
9405,400000396,Palm  15 ltr Jar,Palm,,,0,N,Y,HBC:Rasoi:BIB,Case,Ltr,15,BP,MT,1111.11,10,no,JAR
9405,400000611,Bake Magic,Bake Magic,,,0,Y,N,HBC:Rasoi:BIB,Case,Ltr,16.67,BP,MT,1111.11,10,no,BAKERY
9405,400000716,Sunflower 15 ltr Tin (LD),Sunflower,,,0,Y,N,HBC:Rasoi:BIB,Case,Ltr,15,BP,MT,1098.9,10,no,TIN
9405,400000562,Soyabean 1 ltr Bottle - Sidel,Soyabean,,,0,Y,N,HBC:Rasoi:BIB,Case,Ltr,12,CP,MT,1098.9,5,no,Pet
9405,400000564,Soyabean 500 ml Bottle - Sidel,Soyabean,,,0,Y,N,HBC:Rasoi:BIB,Case,Ltr,12,CP,MT,1098.9,5,no,Pet
9405,400000566,Soyabean 200 ml Bottle - Sidel,Soyabean,,,0,Y,N,HBC:Rasoi:BIB,Case,Ltr,12,CP,MT,1098.9,5,no,Pet
9405,400000637,Sunflower 1 ltr Pouch (12pc),Sunflower,,,0,Y,N,HBC:Rasoi:BIB,Case,Ltr,12,CP,MT,1098.9,5,no,Pouch
9405,400000692,Palm 15 kg Tin (New),Palm,,,0,Y,N,HBC:Rasoi:BIB,Case,Ltr,16.67,BP,MT,1111.11,10,no,TIN
9405,400000691,Palm 15 ltr Tin (New),Palm,,,0,Y,N,HBC:Rasoi:BIB,Case,Ltr,15,BP,MT,1111.11,10,no,TIN
9405,400000693,Soyabean 15 kg Tin (New),Soyabean,,,0,Y,N,HBC:Rasoi:BIB,Case,Ltr,16.48,BP,MT,1098.9,10,no,TIN
9405,400000678,Soyabean 15 ltr Tin (New),Soyabean,,,0,Y,N,HBC:Rasoi:BIB,Case,Ltr,15,BP,MT,1098.9,10,no,TIN
9302KP,400000128,Palm 500 ml Pouch,Palm,,,0,Y,N,HBC:Rasoi:BIB,Case,Ltr,10,CP,MT,1111.11,5,no,Pouch
9302KP,400000141,Palm 1 ltr Pouch (10pc),Palm,,,0,Y,N,HBC:Rasoi:BIB,Case,Ltr,10,CP,MT,1111.11,5,no,Pouch
9302KP,400000259,Sunflower 500 ml Pouch,Sunflower,,,0,N,Y,HBC:Rasoi:BIB,Case,Ltr,10,CP,MT,1098.9,5,no,Pouch
9302KP,400000396,Palm  15 ltr Jar,Palm,,,0,N,Y,HBC:Rasoi:BIB,Case,Ltr,15,BP,MT,1111.11,10,no,JAR
9302KP,400000716,Sunflower 15 ltr Tin (LD),Sunflower,,,0,Y,N,HBC:Rasoi:BIB,Case,Ltr,15,BP,MT,1098.9,10,no,TIN
9302KP,400000637,Sunflower 1 ltr Pouch (12pc),Sunflower,,,0,Y,N,HBC:Rasoi:BIB,Case,Ltr,12,CP,MT,1098.9,5,no,Pouch
9302KP,400000692,Palm 15 kg Tin (New),Palm,,,0,Y,N,HBC:Rasoi:BIB,Case,Ltr,16.67,BP,MT,1111.11,10,no,TIN
9302KP,400000691,Palm 15 ltr Tin (New),Palm,,,0,Y,N,HBC:Rasoi:BIB,Case,Ltr,15,BP,MT,1111.11,10,no,TIN
9307KP,400000128,Palm 500 ml Pouch,Palm,,,0,Y,N,HBC:Rasoi:BIB,Case,Ltr,10,CP,MT,1111.11,5,no,Pouch
9307KP,400000141,Palm 1 ltr Pouch (10pc),Palm,,,0,Y,N,HBC:Rasoi:BIB,Case,Ltr,10,CP,MT,1111.11,5,no,Pouch
9307KP,400000259,Sunflower 500 ml Pouch,Sunflower,,,0,N,Y,HBC:Rasoi:BIB,Case,Ltr,10,CP,MT,1098.9,5,no,Pouch
9307KP,400000396,Palm  15 ltr Jar,Palm,,,0,N,Y,HBC:Rasoi:BIB,Case,Ltr,15,BP,MT,1111.11,10,no,JAR
9307KP,400000716,Sunflower 15 ltr Tin (LD),Sunflower,,,0,Y,N,HBC:Rasoi:BIB,Case,Ltr,15,BP,MT,1098.9,10,no,TIN
9307KP,400000637,Sunflower 1 ltr Pouch (12pc),Sunflower,,,0,Y,N,HBC:Rasoi:BIB,Case,Ltr,12,CP,MT,1098.9,5,no,Pouch
9307KP,400000692,Palm 15 kg Tin (New),Palm,,,0,Y,N,HBC:Rasoi:BIB,Case,Ltr,16.67,BP,MT,1111.11,10,no,TIN
9307KP,400000691,Palm 15 ltr Tin (New),Palm,,,0,Y,N,HBC:Rasoi:BIB,Case,Ltr,15,BP,MT,1111.11,10,no,TIN
9201,400000717,Gold n Lite 15 kg Tin (LD),Super Olien,,,0,N,Y,HBC:Rasoi:BIB,Case,Ltr,16.67,BP,MT,1111.11,0,no,TIN
9306,400000693,Soyabean 15 kg Tin (New),Soyabean,,,0,Y,N,HBC:Rasoi:BIB,Case,Ltr,16.48,BP,MT,1098.9,10,no,TIN
9306,400000691,Palm 15 ltr Tin (New),Palm,,,0,Y,N,HBC:Rasoi:BIB,Case,Ltr,15,BP,MT,1111.11,10,no,TIN
9306,400000692,Palm 15 kg Tin (New),Palm,,,0,Y,N,HBC:Rasoi:BIB,Case,Ltr,16.67,BP,MT,1111.11,10,no,TIN
1000D,400000707,Blend HBC plus 15 Kg Tin,Blend Plus,,,0,N,Y,HBC:Rasoi:BIB,Case,Ltr,16.48,BP,MT,1098.9,0,no,TIN
9110,400000707,Blend HBC plus 15 Kg Tin,Blend Plus,,,0,N,Y,HBC:Rasoi:BIB,Case,Ltr,16.48,BP,MT,1098.9,0,no,TIN
9108,400000551,Blend HBC plus 1 ltr Pouch,Blend Plus,,,0,N,Y,HBC:Rasoi:BIB,Case,Ltr,12,CP,MT,1098.9,0,no,Pouch
9101,400000594,Rasoi No 1 - 500ml Pouch,Rasoi,,,0,Y,N,HBC:Rasoi:BIB,Case,Ltr,16,CP,MT,1114.21,5,yes,Pouch
9101,400000589,Rasoi No 1 - 1 ltr Pouch,Rasoi,,,0,Y,N,HBC:Rasoi:BIB,Case,Ltr,16,CP,MT,1114.21,5,yes,Pouch
9108,400000556,Blend HBC plus 500 ml Pouch,Blend Plus,,,0,N,Y,HBC:Rasoi:BIB,Case,Ltr,12,CP,MT,1098.9,0,no,Pouch
9108,400000557,Blend HBC plus 1 ltr Bottle,Blend Plus,,,0,N,Y,HBC:Rasoi:BIB,Case,Ltr,12,CP,MT,1098.9,0,no,Pet
9108,400000558,Blend HBC plus 500 ml Bottle,Blend Plus,,,0,N,Y,HBC:Rasoi:BIB,Case,Ltr,12,CP,MT,1098.9,0,no,Pet
9108,400000559,Blend HBC plus 5 ltr Jar,Blend Plus,,,0,N,Y,HBC:Rasoi:BIB,Case,Ltr,20,CP,MT,1098.9,0,no,JAR
9108,400000560,Blend HBC plus 15 ltr Jar,Blend Plus,,,0,N,Y,HBC:Rasoi:BIB,Case,Ltr,15,BP,MT,1098.9,0,no,JAR
9108,400000561,Blend HBC plus 15 ltr Tin,Blend Plus,,,0,N,Y,HBC:Rasoi:BIB,Case,Ltr,15,BP,MT,1098.9,0,no,TIN
9108,400000698,Blend HBC plus 200 ml Bottle,Blend Plus,,,0,N,Y,HBC:Rasoi:BIB,Case,Ltr,12,CP,MT,1098.9,0,no,Pet
9108,400000707,Blend HBC plus 15 Kg Tin,Blend Plus,,,0,N,Y,HBC:Rasoi:BIB,Case,Ltr,16.48,BP,MT,1098.9,0,no,TIN
9306,400000678,Soyabean 15 ltr Tin (New),Soyabean,,,0,Y,N,HBC:Rasoi:BIB,Case,Ltr,15,BP,MT,1098.9,10,no,TIN
9306KP,400000692,Palm 15 kg Tin (New),Palm,,,0,Y,N,HBC:Rasoi:BIB,Case,Ltr,16.67,BP,MT,1111.11,10,no,TIN
9306KP,400000691,Palm 15 ltr Tin (New),Palm,,,0,Y,N,HBC:Rasoi:BIB,Case,Ltr,15,BP,MT,1111.11,10,no,TIN
9308,400000692,Palm 15 kg Tin (New),Palm,,,0,Y,N,HBC:Rasoi:BIB,Case,Ltr,16.67,BP,MT,1111.11,10,no,TIN
9308,400000691,Palm 15 ltr Tin (New),Palm,,,0,Y,N,HBC:Rasoi:BIB,Case,Ltr,15,BP,MT,1111.11,10,no,TIN
9308,400000693,Soyabean 15 kg Tin (New),Soyabean,,,0,Y,N,HBC:Rasoi:BIB,Case,Ltr,16.48,BP,MT,1098.9,10,no,TIN
9308,400000678,Soyabean 15 ltr Tin (New),Soyabean,,,0,Y,N,HBC:Rasoi:BIB,Case,Ltr,15,BP,MT,1098.9,10,no,TIN
9308KP,400000692,Palm 15 kg Tin (New),Palm,,,0,Y,N,HBC:Rasoi:BIB,Case,Ltr,16.67,BP,MT,1111.11,10,no,TIN
9308KP,400000691,Palm 15 ltr Tin (New),Palm,,,0,Y,N,HBC:Rasoi:BIB,Case,Ltr,15,BP,MT,1111.11,10,no,TIN
9201,400000692,Palm 15 kg Tin (New),Palm,,,0,Y,N,HBC:Rasoi:BIB,Case,Ltr,16.67,BP,MT,1111.11,10,no,TIN
9201,400000691,Palm 15 ltr Tin (New),Palm,,,0,Y,N,HBC:Rasoi:BIB,Case,Ltr,15,BP,MT,1111.11,10,no,TIN
9207,400000692,Palm 15 kg Tin (New),Palm,,,0,Y,N,HBC:Rasoi:BIB,Case,Ltr,16.67,BP,MT,1111.11,10,no,TIN
9207,400000691,Palm 15 ltr Tin (New),Palm,,,0,Y,N,HBC:Rasoi:BIB,Case,Ltr,15,BP,MT,1111.11,10,no,TIN
9111,400000692,Palm 15 kg Tin (New),Palm,,,0,Y,N,HBC:Rasoi:BIB,Case,Ltr,16.67,BP,MT,1111.11,10,no,TIN
9111,400000691,Palm 15 ltr Tin (New),Palm,,,0,Y,N,HBC:Rasoi:BIB,Case,Ltr,15,BP,MT,1111.11,10,no,TIN
9111,400000693,Soyabean 15 kg Tin (New),Soyabean,,,0,Y,N,HBC:Rasoi:BIB,Case,Ltr,16.48,BP,MT,1098.9,10,no,TIN
9111,400000678,Soyabean 15 ltr Tin (New),Soyabean,,,0,Y,N,HBC:Rasoi:BIB,Case,Ltr,15,BP,MT,1098.9,10,no,TIN
9208,400000692,Palm 15 kg Tin (New),Palm,,,0,Y,N,HBC:Rasoi:BIB,Case,Ltr,16.67,BP,MT,1111.11,10,no,TIN
9208,400000691,Palm 15 ltr Tin (New),Palm,,,0,Y,N,HBC:Rasoi:BIB,Case,Ltr,15,BP,MT,1111.11,10,no,TIN
9112,400000692,Palm 15 kg Tin (New),Palm,,,0,Y,N,HBC:Rasoi:BIB,Case,Ltr,16.67,BP,MT,1111.11,10,no,TIN
9112,400000691,Palm 15 ltr Tin (New),Palm,,,0,Y,N,HBC:Rasoi:BIB,Case,Ltr,15,BP,MT,1111.11,10,no,TIN
9112,400000693,Soyabean 15 kg Tin (New),Soyabean,,,0,Y,N,HBC:Rasoi:BIB,Case,Ltr,16.48,BP,MT,1098.9,10,no,TIN
9112,400000678,Soyabean 15 ltr Tin (New),Soyabean,,,0,Y,N,HBC:Rasoi:BIB,Case,Ltr,15,BP,MT,1098.9,10,no,TIN
9117,400000692,Palm 15 kg Tin (New),Palm,,,0,Y,N,HBC:Rasoi:BIB,Case,Ltr,16.67,BP,MT,1111.11,10,no,TIN
9117,400000691,Palm 15 ltr Tin (New),Palm,,,0,Y,N,HBC:Rasoi:BIB,Case,Ltr,15,BP,MT,1111.11,10,no,TIN
9117,400000693,Soyabean 15 kg Tin (New),Soyabean,,,0,Y,N,HBC:Rasoi:BIB,Case,Ltr,16.48,BP,MT,1098.9,10,no,TIN
9117,400000678,Soyabean 15 ltr Tin (New),Soyabean,,,0,Y,N,HBC:Rasoi:BIB,Case,Ltr,15,BP,MT,1098.9,10,no,TIN
9105,400000692,Palm 15 kg Tin (New),Palm,,,0,Y,N,HBC:Rasoi:BIB,Case,Ltr,16.67,BP,MT,1111.11,10,no,TIN
9105,400000691,Palm 15 ltr Tin (New),Palm,,,0,Y,N,HBC:Rasoi:BIB,Case,Ltr,15,BP,MT,1111.11,10,no,TIN
9105,400000693,Soyabean 15 kg Tin (New),Soyabean,,,0,Y,N,HBC:Rasoi:BIB,Case,Ltr,16.48,BP,MT,1098.9,10,no,TIN
9105,400000678,Soyabean 15 ltr Tin (New),Soyabean,,,0,Y,N,HBC:Rasoi:BIB,Case,Ltr,15,BP,MT,1098.9,10,no,TIN
9105KP,400000692,Palm 15 kg Tin (New),Palm,,,0,Y,N,HBC:Rasoi:BIB,Case,Ltr,16.67,BP,MT,1111.11,10,no,TIN
9105KP,400000691,Palm 15 ltr Tin (New),Palm,,,0,Y,N,HBC:Rasoi:BIB,Case,Ltr,15,BP,MT,1111.11,10,no,TIN
9103,400000692,Palm 15 kg Tin (New),Palm,,,0,Y,N,HBC:Rasoi:BIB,Case,Ltr,16.67,BP,MT,1111.11,10,no,TIN
9103,400000691,Palm 15 ltr Tin (New),Palm,,,0,Y,N,HBC:Rasoi:BIB,Case,Ltr,15,BP,MT,1111.11,10,no,TIN
9103,400000693,Soyabean 15 kg Tin (New),Soyabean,,,0,Y,N,HBC:Rasoi:BIB,Case,Ltr,16.48,BP,MT,1098.9,10,no,TIN
9103,400000678,Soyabean 15 ltr Tin (New),Soyabean,,,0,Y,N,HBC:Rasoi:BIB,Case,Ltr,15,BP,MT,1098.9,10,no,TIN
9407DD,400000692,Palm 15 kg Tin (New),Palm,,,0,Y,N,HBC:Rasoi:BIB,Case,Ltr,16.67,BP,MT,1111.11,10,no,TIN
9407DD,400000691,Palm 15 ltr Tin (New),Palm,,,0,Y,N,HBC:Rasoi:BIB,Case,Ltr,15,BP,MT,1111.11,10,no,TIN
4000D,400000692,Palm 15 kg Tin (New),Palm,,,0,Y,N,HBC:Rasoi:BIB,Case,Ltr,16.67,BP,MT,1111.11,10,no,TIN
4000D,400000691,Palm 15 ltr Tin (New),Palm,,,0,Y,N,HBC:Rasoi:BIB,Case,Ltr,15,BP,MT,1111.11,10,no,TIN
9114,400000692,Palm 15 kg Tin (New),Palm,,,0,Y,N,HBC:Rasoi:BIB,Case,Ltr,16.67,BP,MT,1111.11,10,no,TIN
9114,400000691,Palm 15 ltr Tin (New),Palm,,,0,Y,N,HBC:Rasoi:BIB,Case,Ltr,15,BP,MT,1111.11,10,no,TIN
9114,400000693,Soyabean 15 kg Tin (New),Soyabean,,,0,Y,N,HBC:Rasoi:BIB,Case,Ltr,16.48,BP,MT,1098.9,10,no,TIN
9114,400000678,Soyabean 15 ltr Tin (New),Soyabean,,,0,Y,N,HBC:Rasoi:BIB,Case,Ltr,15,BP,MT,1098.9,10,no,TIN
9114KP,400000692,Palm 15 kg Tin (New),Palm,,,0,Y,N,HBC:Rasoi:BIB,Case,Ltr,16.67,BP,MT,1111.11,10,no,TIN
9114KP,400000691,Palm 15 ltr Tin (New),Palm,,,0,Y,N,HBC:Rasoi:BIB,Case,Ltr,15,BP,MT,1111.11,10,no,TIN
9213,400000692,Palm 15 kg Tin (New),Palm,,,0,Y,N,HBC:Rasoi:BIB,Case,Ltr,16.67,BP,MT,1111.11,10,no,TIN
9213,400000691,Palm 15 ltr Tin (New),Palm,,,0,Y,N,HBC:Rasoi:BIB,Case,Ltr,15,BP,MT,1111.11,10,no,TIN
9205,400000692,Palm 15 kg Tin (New),Palm,,,0,Y,N,HBC:Rasoi:BIB,Case,Ltr,16.67,BP,MT,1111.11,10,no,TIN
9205,400000691,Palm 15 ltr Tin (New),Palm,,,0,Y,N,HBC:Rasoi:BIB,Case,Ltr,15,BP,MT,1111.11,10,no,TIN
9106,400000692,Palm 15 kg Tin (New),Palm,,,0,Y,N,HBC:Rasoi:BIB,Case,Ltr,16.67,BP,MT,1111.11,10,no,TIN
9106,400000691,Palm 15 ltr Tin (New),Palm,,,0,Y,N,HBC:Rasoi:BIB,Case,Ltr,15,BP,MT,1111.11,10,no,TIN
9106,400000693,Soyabean 15 kg Tin (New),Soyabean,,,0,Y,N,HBC:Rasoi:BIB,Case,Ltr,16.48,BP,MT,1098.9,10,no,TIN
9106,400000678,Soyabean 15 ltr Tin (New),Soyabean,,,0,Y,N,HBC:Rasoi:BIB,Case,Ltr,15,BP,MT,1098.9,10,no,TIN
9407B,400000692,Palm 15 kg Tin (New),Palm,,,0,Y,N,HBC:Rasoi:BIB,Case,Ltr,16.67,BP,MT,1111.11,10,no,TIN
9407B,400000691,Palm 15 ltr Tin (New),Palm,,,0,Y,N,HBC:Rasoi:BIB,Case,Ltr,15,BP,MT,1111.11,10,no,TIN
9118,400000692,Palm 15 kg Tin (New),Palm,,,0,Y,N,HBC:Rasoi:BIB,Case,Ltr,16.67,BP,MT,1111.11,10,no,TIN
9118,400000691,Palm 15 ltr Tin (New),Palm,,,0,Y,N,HBC:Rasoi:BIB,Case,Ltr,15,BP,MT,1111.11,10,no,TIN
9118,400000693,Soyabean 15 kg Tin (New),Soyabean,,,0,Y,N,HBC:Rasoi:BIB,Case,Ltr,16.48,BP,MT,1098.9,10,no,TIN
9118,400000678,Soyabean 15 ltr Tin (New),Soyabean,,,0,Y,N,HBC:Rasoi:BIB,Case,Ltr,15,BP,MT,1098.9,10,no,TIN
9113,400000692,Palm 15 kg Tin (New),Palm,,,0,N,Y,HBC:Rasoi:BIB,Case,Ltr,16.67,BP,MT,1111.11,10,no,TIN
9113,400000691,Palm 15 ltr Tin (New),Palm,,,0,N,Y,HBC:Rasoi:BIB,Case,Ltr,15,BP,MT,1111.11,10,no,TIN
9113,400000693,Soyabean 15 kg Tin (New),Soyabean,,,0,N,Y,HBC:Rasoi:BIB,Case,Ltr,16.48,BP,MT,1098.9,10,no,TIN
9113,400000678,Soyabean 15 ltr Tin (New),Soyabean,,,0,N,Y,HBC:Rasoi:BIB,Case,Ltr,15,BP,MT,1098.9,10,no,TIN
9201,400000589,Rasoi No 1 - 1 ltr Pouch,Rasoi,,,0,Y,N,HBC:Rasoi:BIB,Case,Ltr,16,CP,MT,1114.21,5,yes,Pouch
9201,400000595,Rasoi No 1 15 kg Tin,Rasoi,,,0,Y,N,HBC:Rasoi:BIB,Case,Ltr,16.71,BP,MT,1114.21,10,yes,TIN
9201,400000594,Rasoi No 1 - 500ml Pouch,Rasoi,,,0,Y,N,HBC:Rasoi:BIB,Case,Ltr,16,CP,MT,1114.21,5,yes,Pouch
9213,400000589,Rasoi No 1 - 1 ltr Pouch,Rasoi,,,0,Y,N,HBC:Rasoi:BIB,Case,Ltr,16,CP,MT,1114.21,5,yes,Pouch
9213,400000595,Rasoi No 1 15 kg Tin,Rasoi,,,0,Y,N,HBC:Rasoi:BIB,Case,Ltr,16.71,BP,MT,1114.21,10,yes,TIN
9213,400000594,Rasoi No 1 - 500ml Pouch,Rasoi,,,0,Y,N,HBC:Rasoi:BIB,Case,Ltr,16,CP,MT,1114.21,5,yes,Pouch
9208,400000589,Rasoi No 1 - 1 ltr Pouch,Rasoi,,,0,Y,N,HBC:Rasoi:BIB,Case,Ltr,16,CP,MT,1114.21,5,yes,Pouch
9208,400000595,Rasoi No 1 15 kg Tin,Rasoi,,,0,Y,N,HBC:Rasoi:BIB,Case,Ltr,16.71,BP,MT,1114.21,10,yes,TIN
9208,400000594,Rasoi No 1 - 500ml Pouch,Rasoi,,,0,Y,N,HBC:Rasoi:BIB,Case,Ltr,16,CP,MT,1114.21,5,yes,Pouch
9215,400000589,Rasoi No 1 - 1 ltr Pouch,Rasoi,,,0,Y,N,HBC:Rasoi:BIB,Case,Ltr,16,CP,MT,1114.21,5,yes,Pouch
9215,400000595,Rasoi No 1 15 kg Tin,Rasoi,,,0,Y,N,HBC:Rasoi:BIB,Case,Ltr,16.71,BP,MT,1114.21,10,yes,TIN
9215,400000594,Rasoi No 1 - 500ml Pouch,Rasoi,,,0,Y,N,HBC:Rasoi:BIB,Case,Ltr,16,CP,MT,1114.21,5,yes,Pouch
9207,400000589,Rasoi No 1 - 1 ltr Pouch,Rasoi,,,0,Y,N,HBC:Rasoi:BIB,Case,Ltr,16,CP,MT,1114.21,5,yes,Pouch
9207,400000595,Rasoi No 1 15 kg Tin,Rasoi,,,0,Y,N,HBC:Rasoi:BIB,Case,Ltr,16.71,BP,MT,1114.21,10,yes,TIN
9207,400000594,Rasoi No 1 - 500ml Pouch,Rasoi,,,0,Y,N,HBC:Rasoi:BIB,Case,Ltr,16,CP,MT,1114.21,5,yes,Pouch
4000D,400000589,Rasoi No 1 - 1 ltr Pouch,Rasoi,,,0,Y,N,HBC:Rasoi:BIB,Case,Ltr,16,CP,MT,1114.21,5,yes,Pouch
4000D,400000595,Rasoi No 1 15 kg Tin,Rasoi,,,0,Y,N,HBC:Rasoi:BIB,Case,Ltr,16.71,BP,MT,1114.21,10,yes,TIN
4000D,400000594,Rasoi No 1 - 500ml Pouch,Rasoi,,,0,Y,N,HBC:Rasoi:BIB,Case,Ltr,16,CP,MT,1114.21,5,yes,Pouch
9307KP,400000589,Rasoi No 1 - 1 ltr Pouch,Rasoi,,,0,Y,N,HBC:Rasoi:BIB,Case,Ltr,16,CP,MT,1114.21,5,yes,Pouch
9307KP,400000595,Rasoi No 1 15 kg Tin,Rasoi,,,0,Y,N,HBC:Rasoi:BIB,Case,Ltr,16.71,BP,MT,1114.21,10,yes,TIN
9307KP,400000594,Rasoi No 1 - 500ml Pouch,Rasoi,,,0,Y,N,HBC:Rasoi:BIB,Case,Ltr,16,CP,MT,1114.21,5,yes,Pouch
9302KP,400000589,Rasoi No 1 - 1 ltr Pouch,Rasoi,,,0,Y,N,HBC:Rasoi:BIB,Case,Ltr,16,CP,MT,1114.21,5,yes,Pouch
9302KP,400000595,Rasoi No 1 15 kg Tin,Rasoi,,,0,Y,N,HBC:Rasoi:BIB,Case,Ltr,16.71,BP,MT,1114.21,10,yes,TIN
9302KP,400000594,Rasoi No 1 - 500ml Pouch,Rasoi,,,0,Y,N,HBC:Rasoi:BIB,Case,Ltr,16,CP,MT,1114.21,5,yes,Pouch
9306KP,400000589,Rasoi No 1 - 1 ltr Pouch,Rasoi,,,0,Y,N,HBC:Rasoi:BIB,Case,Ltr,16,CP,MT,1114.21,5,yes,Pouch
9306KP,400000595,Rasoi No 1 15 kg Tin,Rasoi,,,0,Y,N,HBC:Rasoi:BIB,Case,Ltr,16.71,BP,MT,1114.21,10,yes,TIN
9306KP,400000594,Rasoi No 1 - 500ml Pouch,Rasoi,,,0,Y,N,HBC:Rasoi:BIB,Case,Ltr,16,CP,MT,1114.21,5,yes,Pouch
9308KP,400000589,Rasoi No 1 - 1 ltr Pouch,Rasoi,,,0,Y,N,HBC:Rasoi:BIB,Case,Ltr,16,CP,MT,1114.21,5,yes,Pouch
9308KP,400000595,Rasoi No 1 15 kg Tin,Rasoi,,,0,Y,N,HBC:Rasoi:BIB,Case,Ltr,16.71,BP,MT,1114.21,10,yes,TIN
9308KP,400000594,Rasoi No 1 - 500ml Pouch,Rasoi,,,0,Y,N,HBC:Rasoi:BIB,Case,Ltr,16,CP,MT,1114.21,5,yes,Pouch
9110,400000712,Sunflower 5 ltr Jar,Sunflower,,,0,Y,N,HBC:Rasoi:BIB,Case,Ltr,20,CP,MT,1098.9,5,no,JAR
9117,400000712,Sunflower 5 ltr Jar,Sunflower,,,0,Y,N,HBC:Rasoi:BIB,Case,Ltr,20,CP,MT,1098.9,5,no,JAR
1000D,400000712,Sunflower 5 ltr Jar,Sunflower,,,0,Y,N,HBC:Rasoi:BIB,Case,Ltr,20,CP,MT,1098.9,5,no,JAR
9108,400000712,Sunflower 5 ltr Jar,Sunflower,,,0,Y,N,HBC:Rasoi:BIB,Case,Ltr,20,CP,MT,1098.9,5,no,JAR
9408,400000712,Sunflower 5 ltr Jar,Sunflower,,,0,Y,N,HBC:Rasoi:BIB,Case,Ltr,20,CP,MT,1098.9,5,no,JAR
9215,400000712,Sunflower 5 ltr Jar,Sunflower,,,0,Y,N,HBC:Rasoi:BIB,Case,Ltr,20,CP,MT,1098.9,5,no,JAR
4000D,400000712,Sunflower 5 ltr Jar,Sunflower,,,0,Y,N,HBC:Rasoi:BIB,Case,Ltr,20,CP,MT,1098.9,5,no,JAR
9105,400000712,Sunflower 5 ltr Jar,Sunflower,,,0,Y,N,HBC:Rasoi:BIB,Case,Ltr,20,CP,MT,1098.9,5,no,JAR
9114,400000712,Sunflower 5 ltr Jar,Sunflower,,,0,Y,N,HBC:Rasoi:BIB,Case,Ltr,20,CP,MT,1098.9,5,no,JAR
9101,400000712,Sunflower 5 ltr Jar,Sunflower,,,0,Y,N,HBC:Rasoi:BIB,Case,Ltr,20,CP,MT,1098.9,5,no,JAR
9120,400000712,Sunflower 5 ltr Jar,Sunflower,,,0,Y,N,HBC:Rasoi:BIB,Case,Ltr,20,CP,MT,1098.9,5,no,JAR
9412,400000712,Sunflower 5 ltr Jar,Sunflower,,,0,Y,N,HBC:Rasoi:BIB,Case,Ltr,20,CP,MT,1098.9,5,no,JAR
9201,400000712,Sunflower 5 ltr Jar,Sunflower,,,0,Y,N,HBC:Rasoi:BIB,Case,Ltr,20,CP,MT,1098.9,5,no,JAR
9207,400000712,Sunflower 5 ltr Jar,Sunflower,,,0,Y,N,HBC:Rasoi:BIB,Case,Ltr,20,CP,MT,1098.9,5,no,JAR
9111,400000712,Sunflower 5 ltr Jar,Sunflower,,,0,Y,N,HBC:Rasoi:BIB,Case,Ltr,20,CP,MT,1098.9,5,no,JAR
9208,400000712,Sunflower 5 ltr Jar,Sunflower,,,0,Y,N,HBC:Rasoi:BIB,Case,Ltr,20,CP,MT,1098.9,5,no,JAR
9112,400000712,Sunflower 5 ltr Jar,Sunflower,,,0,Y,N,HBC:Rasoi:BIB,Case,Ltr,20,CP,MT,1098.9,5,no,JAR
9103,400000712,Sunflower 5 ltr Jar,Sunflower,,,0,Y,N,HBC:Rasoi:BIB,Case,Ltr,20,CP,MT,1098.9,5,no,JAR
9407DD,400000712,Sunflower 5 ltr Jar,Sunflower,,,0,Y,N,HBC:Rasoi:BIB,Case,Ltr,20,CP,MT,1098.9,5,no,JAR
9213,400000712,Sunflower 5 ltr Jar,Sunflower,,,0,Y,N,HBC:Rasoi:BIB,Case,Ltr,20,CP,MT,1098.9,5,no,JAR
9205,400000712,Sunflower 5 ltr Jar,Sunflower,,,0,Y,N,HBC:Rasoi:BIB,Case,Ltr,20,CP,MT,1098.9,5,no,JAR
9106,400000712,Sunflower 5 ltr Jar,Sunflower,,,0,Y,N,HBC:Rasoi:BIB,Case,Ltr,20,CP,MT,1098.9,5,no,JAR
9407B,400000712,Sunflower 5 ltr Jar,Sunflower,,,0,Y,N,HBC:Rasoi:BIB,Case,Ltr,20,CP,MT,1098.9,5,no,JAR
9118,400000712,Sunflower 5 ltr Jar,Sunflower,,,0,Y,N,HBC:Rasoi:BIB,Case,Ltr,20,CP,MT,1098.9,5,no,JAR
9105KP,400000712,Sunflower 5 ltr Jar,Sunflower,,,0,Y,N,HBC:Rasoi:BIB,Case,Ltr,20,CP,MT,1098.9,5,no,JAR
9114KP,400000712,Sunflower 5 ltr Jar,Sunflower,,,0,Y,N,HBC:Rasoi:BIB,Case,Ltr,20,CP,MT,1098.9,5,no,JAR
9306KP,400000712,Sunflower 5 ltr Jar,Sunflower,,,0,Y,N,HBC:Rasoi:BIB,Case,Ltr,20,CP,MT,1098.9,5,no,JAR
9116,400000712,Sunflower 5 ltr Jar,Sunflower,,,0,Y,N,HBC:Rasoi:BIB,Case,Ltr,20,CP,MT,1098.9,5,no,JAR
9109,400000712,Sunflower 5 ltr Jar,Sunflower,,,0,Y,N,HBC:Rasoi:BIB,Case,Ltr,20,CP,MT,1098.9,5,no,JAR
9119,400000712,Sunflower 5 ltr Jar,Sunflower,,,0,Y,N,HBC:Rasoi:BIB,Case,Ltr,20,CP,MT,1098.9,5,no,JAR
9417,400000712,Sunflower 5 ltr Jar,Sunflower,,,0,Y,N,HBC:Rasoi:BIB,Case,Ltr,20,CP,MT,1098.9,5,no,JAR
9409,400000712,Sunflower 5 ltr Jar,Sunflower,,,0,Y,N,HBC:Rasoi:BIB,Case,Ltr,20,CP,MT,1098.9,5,no,JAR
9302,400000712,Sunflower 5 ltr Jar,Sunflower,,,0,Y,N,HBC:Rasoi:BIB,Case,Ltr,20,CP,MT,1098.9,5,no,JAR
9411,400000712,Sunflower 5 ltr Jar,Sunflower,,,0,Y,N,HBC:Rasoi:BIB,Case,Ltr,20,CP,MT,1098.9,5,no,JAR
9403,400000712,Sunflower 5 ltr Jar,Sunflower,,,0,Y,N,HBC:Rasoi:BIB,Case,Ltr,20,CP,MT,1098.9,5,no,JAR
9307,400000712,Sunflower 5 ltr Jar,Sunflower,,,0,Y,N,HBC:Rasoi:BIB,Case,Ltr,20,CP,MT,1098.9,5,no,JAR
9405,400000712,Sunflower 5 ltr Jar,Sunflower,,,0,Y,N,HBC:Rasoi:BIB,Case,Ltr,20,CP,MT,1098.9,5,no,JAR
9302KP,400000712,Sunflower 5 ltr Jar,Sunflower,,,0,Y,N,HBC:Rasoi:BIB,Case,Ltr,20,CP,MT,1098.9,5,no,JAR
9307KP,400000712,Sunflower 5 ltr Jar,Sunflower,,,0,Y,N,HBC:Rasoi:BIB,Case,Ltr,20,CP,MT,1098.9,5,no,JAR
9201,400000611,Bake Magic,Bake Magic,,,0,Y,N,HBC:Rasoi:BIB,Case,Ltr,16.67,BP,MT,1111.11,10,no,BAKERY
9203,400000611,Bake Magic,Bake Magic,,,0,Y,N,HBC:Rasoi:BIB,Case,Ltr,16.67,BP,MT,1111.11,10,no,BAKERY
9308KP,400000712,Sunflower 5 ltr Jar,Sunflower,,,0,Y,N,HBC:Rasoi:BIB,Case,Ltr,20,CP,MT,1098.9,5,no,JAR
9308,400000712,Sunflower 5 ltr Jar,Sunflower,,,0,Y,N,HBC:Rasoi:BIB,Case,Ltr,20,CP,MT,1098.9,5,no,JAR
9306,400000712,Sunflower 5 ltr Jar,Sunflower,,,0,Y,N,HBC:Rasoi:BIB,Case,Ltr,20,CP,MT,1098.9,5,no,JAR
9205,400000611,Bake Magic,Bake Magic,,,0,Y,N,HBC:Rasoi:BIB,Case,Ltr,16.67,BP,MT,1111.11,10,no,BAKERY
9207,400000611,Bake Magic,Bake Magic,,,0,Y,N,HBC:Rasoi:BIB,Case,Ltr,16.67,BP,MT,1111.11,10,no,BAKERY
9208,400000611,Bake Magic,Bake Magic,,,0,Y,N,HBC:Rasoi:BIB,Case,Ltr,16.67,BP,MT,1111.11,10,no,BAKERY
9211,400000611,Bake Magic,Bake Magic,,,0,Y,N,HBC:Rasoi:BIB,Case,Ltr,16.67,BP,MT,1111.11,10,no,BAKERY
9213,400000611,Bake Magic,Bake Magic,,,0,Y,N,HBC:Rasoi:BIB,Case,Ltr,16.67,BP,MT,1111.11,10,no,BAKERY
9302KP,400000611,Bake Magic,Bake Magic,,,0,Y,N,HBC:Rasoi:BIB,Case,Ltr,16.67,BP,MT,1111.11,10,no,BAKERY
9307KP,400000611,Bake Magic,Bake Magic,,,0,Y,N,HBC:Rasoi:BIB,Case,Ltr,16.67,BP,MT,1111.11,10,no,BAKERY
9201,400000717,Gold n Lite 15 kg Tin (LD),Palm,,,0,N,Y,HBC:Rasoi:BIB,Case,Ltr,16.67,BP,MT,1111.11,10,no,TIN
4000D,400000717,Gold n Lite 15 kg Tin (LD),Palm,,,0,N,Y,HBC:Rasoi:BIB,Case,Ltr,16.67,BP,MT,1111.11,10,no,TIN
9207,400000717,Gold n Lite 15 kg Tin (LD),Palm,,,0,N,Y,HBC:Rasoi:BIB,Case,Ltr,16.67,BP,MT,1111.11,10,no,TIN
9208,400000717,Gold n Lite 15 kg Tin (LD),Palm,,,0,N,Y,HBC:Rasoi:BIB,Case,Ltr,16.67,BP,MT,1111.11,10,no,TIN
9407DD,400000717,Gold n Lite 15 kg Tin (LD),Palm,,,0,Y,N,HBC:Rasoi:BIB,Case,Ltr,16.67,BP,MT,1111.11,10,no,TIN
9213,400000717,Gold n Lite 15 kg Tin (LD),Palm,,,0,N,Y,HBC:Rasoi:BIB,Case,Ltr,16.67,BP,MT,1111.11,10,no,TIN
9205,400000717,Gold n Lite 15 kg Tin (LD),Palm,,,0,N,Y,HBC:Rasoi:BIB,Case,Ltr,16.67,BP,MT,1111.11,10,no,TIN
9407B,400000717,Gold n Lite 15 kg Tin (LD),Palm,,,0,Y,N,HBC:Rasoi:BIB,Case,Ltr,16.67,BP,MT,1111.11,10,no,TIN
4000D,400000718,Gold n Lite 15 ltr Tin (LD),Palm,,,0,N,Y,HBC:Rasoi:BIB,Case,Ltr,16.67,BP,MT,1111.11,10,no,TIN
9201,400000718,Gold n Lite 15 ltr Tin (LD),Palm,,,0,N,Y,HBC:Rasoi:BIB,Case,Ltr,16.67,BP,MT,1111.11,10,no,TIN
9207,400000718,Gold n Lite 15 ltr Tin (LD),Palm,,,0,N,Y,HBC:Rasoi:BIB,Case,Ltr,16.67,BP,MT,1111.11,10,no,TIN
9208,400000718,Gold n Lite 15 ltr Tin (LD),Palm,,,0,N,Y,HBC:Rasoi:BIB,Case,Ltr,16.67,BP,MT,1111.11,10,no,TIN
9407DD,400000718,Gold n Lite 15 ltr Tin (LD),Palm,,,0,Y,N,HBC:Rasoi:BIB,Case,Ltr,16.67,BP,MT,1111.11,10,no,TIN
9213,400000718,Gold n Lite 15 ltr Tin (LD),Palm,,,0,N,Y,HBC:Rasoi:BIB,Case,Ltr,16.67,BP,MT,1111.11,10,no,TIN
9205,400000718,Gold n Lite 15 ltr Tin (LD),Palm,,,0,N,Y,HBC:Rasoi:BIB,Case,Ltr,16.67,BP,MT,1111.11,10,no,TIN
9407B,400000718,Gold n Lite 15 ltr Tin (LD),Palm,,,0,Y,N,HBC:Rasoi:BIB,Case,Ltr,16.67,BP,MT,1111.11,10,no,TIN
9110,400000715,Sunflower 15 kg Tin (LD),Sunflower,,,0,Y,N,HBC:Rasoi:BIB,Case,Ltr,16.48,BP,MT,1098.9,10,no,TIN
9117,400000715,Sunflower 15 kg Tin (LD),Sunflower,,,0,Y,N,HBC:Rasoi:BIB,Case,Ltr,16.48,BP,MT,1098.9,10,no,TIN
1000D,400000715,Sunflower 15 kg Tin (LD),Sunflower,,,0,Y,N,HBC:Rasoi:BIB,Case,Ltr,16.48,BP,MT,1098.9,10,no,TIN
9108,400000715,Sunflower 15 kg Tin (LD),Sunflower,,,0,Y,N,HBC:Rasoi:BIB,Case,Ltr,16.48,BP,MT,1098.9,10,no,TIN
9306,400000715,Sunflower 15 kg Tin (LD),Sunflower,,,0,Y,N,HBC:Rasoi:BIB,Case,Ltr,16.48,BP,MT,1098.9,10,no,TIN
9308,400000715,Sunflower 15 kg Tin (LD),Sunflower,,,0,Y,N,HBC:Rasoi:BIB,Case,Ltr,16.48,BP,MT,1098.9,10,no,TIN
4000D,400000715,Sunflower 15 kg Tin (LD),Sunflower,,,0,Y,N,HBC:Rasoi:BIB,Case,Ltr,16.48,BP,MT,1098.9,10,no,TIN
9105,400000715,Sunflower 15 kg Tin (LD),Sunflower,,,0,Y,N,HBC:Rasoi:BIB,Case,Ltr,16.48,BP,MT,1098.9,10,no,TIN
9412,400000715,Sunflower 15 kg Tin (LD),Sunflower,,,0,Y,N,HBC:Rasoi:BIB,Case,Ltr,16.48,BP,MT,1098.9,10,no,TIN
9201,400000715,Sunflower 15 kg Tin (LD),Sunflower,,,0,Y,N,HBC:Rasoi:BIB,Case,Ltr,16.48,BP,MT,1098.9,10,no,TIN
9207,400000715,Sunflower 15 kg Tin (LD),Sunflower,,,0,Y,N,HBC:Rasoi:BIB,Case,Ltr,16.48,BP,MT,1098.9,10,no,TIN
9111,400000715,Sunflower 15 kg Tin (LD),Sunflower,,,0,Y,N,HBC:Rasoi:BIB,Case,Ltr,16.48,BP,MT,1098.9,10,no,TIN
9208,400000715,Sunflower 15 kg Tin (LD),Sunflower,,,0,Y,N,HBC:Rasoi:BIB,Case,Ltr,16.48,BP,MT,1098.9,10,no,TIN
9112,400000715,Sunflower 15 kg Tin (LD),Sunflower,,,0,Y,N,HBC:Rasoi:BIB,Case,Ltr,16.48,BP,MT,1098.9,10,no,TIN
9103,400000715,Sunflower 15 kg Tin (LD),Sunflower,,,0,Y,N,HBC:Rasoi:BIB,Case,Ltr,16.48,BP,MT,1098.9,10,no,TIN
9213,400000715,Sunflower 15 kg Tin (LD),Sunflower,,,0,Y,N,HBC:Rasoi:BIB,Case,Ltr,16.48,BP,MT,1098.9,10,no,TIN
9205,400000715,Sunflower 15 kg Tin (LD),Sunflower,,,0,Y,N,HBC:Rasoi:BIB,Case,Ltr,16.48,BP,MT,1098.9,10,no,TIN
9106,400000715,Sunflower 15 kg Tin (LD),Sunflower,,,0,Y,N,HBC:Rasoi:BIB,Case,Ltr,16.48,BP,MT,1098.9,10,no,TIN
9118,400000715,Sunflower 15 kg Tin (LD),Sunflower,,,0,Y,N,HBC:Rasoi:BIB,Case,Ltr,16.48,BP,MT,1098.9,10,no,TIN
9113,400000715,Sunflower 15 kg Tin (LD),Sunflower,,,0,N,Y,HBC:Rasoi:BIB,Case,Ltr,16.48,BP,MT,1098.9,10,no,TIN
9308KP,400000715,Sunflower 15 kg Tin (LD),Sunflower,,,0,Y,N,HBC:Rasoi:BIB,Case,Ltr,16.48,BP,MT,1098.9,10,no,TIN
9105KP,400000715,Sunflower 15 kg Tin (LD),Sunflower,,,0,Y,N,HBC:Rasoi:BIB,Case,Ltr,16.48,BP,MT,1098.9,10,no,TIN
9306KP,400000715,Sunflower 15 kg Tin (LD),Sunflower,,,0,Y,N,HBC:Rasoi:BIB,Case,Ltr,16.48,BP,MT,1098.9,10,no,TIN
9116,400000715,Sunflower 15 kg Tin (LD),Sunflower,,,0,Y,N,HBC:Rasoi:BIB,Case,Ltr,16.48,BP,MT,1098.9,10,no,TIN
9408,400000715,Sunflower 15 kg Tin (LD),Sunflower,,,0,Y,N,HBC:Rasoi:BIB,Case,Ltr,16.48,BP,MT,1098.9,10,no,TIN
9119,400000715,Sunflower 15 kg Tin (LD),Sunflower,,,0,Y,N,HBC:Rasoi:BIB,Case,Ltr,16.48,BP,MT,1098.9,10,no,TIN
9203,400000715,Sunflower 15 kg Tin (LD),Sunflower,,,0,Y,N,HBC:Rasoi:BIB,Case,Ltr,16.48,BP,MT,1098.9,10,no,TIN
9417,400000715,Sunflower 15 kg Tin (LD),Sunflower,,,0,Y,N,HBC:Rasoi:BIB,Case,Ltr,16.48,BP,MT,1098.9,10,no,TIN
9409,400000715,Sunflower 15 kg Tin (LD),Sunflower,,,0,Y,N,HBC:Rasoi:BIB,Case,Ltr,16.48,BP,MT,1098.9,10,no,TIN
9302,400000715,Sunflower 15 kg Tin (LD),Sunflower,,,0,Y,N,HBC:Rasoi:BIB,Case,Ltr,16.48,BP,MT,1098.9,10,no,TIN
9411,400000715,Sunflower 15 kg Tin (LD),Sunflower,,,0,Y,N,HBC:Rasoi:BIB,Case,Ltr,16.48,BP,MT,1098.9,10,no,TIN
9307,400000715,Sunflower 15 kg Tin (LD),Sunflower,,,0,Y,N,HBC:Rasoi:BIB,Case,Ltr,16.48,BP,MT,1098.9,10,no,TIN
9405,400000715,Sunflower 15 kg Tin (LD),Sunflower,,,0,Y,N,HBC:Rasoi:BIB,Case,Ltr,16.48,BP,MT,1098.9,10,no,TIN
9302KP,400000715,Sunflower 15 kg Tin (LD),Sunflower,,,0,Y,N,HBC:Rasoi:BIB,Case,Ltr,16.48,BP,MT,1098.9,10,no,TIN
9307KP,400000715,Sunflower 15 kg Tin (LD),Sunflower,,,0,Y,N,HBC:Rasoi:BIB,Case,Ltr,16.48,BP,MT,1098.9,10,no,TIN
4000D,400000717,Gold n Lite 15 kg Tin (LD),Super Olien,,,0,Y,N,HBC:Rasoi:BIB,Case,Ltr,16.67,BP,MT,1111.11,0,no,TIN
4000D,400000718,Gold n Lite 15 ltr Tin (LD),Super Olien,,,0,Y,N,HBC:Rasoi:BIB,Case,Ltr,15,BP,MT,1111.11,0,no,TIN
9405,400000441,Rasoi 15 kg Jar (Blue),Rasoi,,,0,N,Y,HBC:Rasoi:BIB,Case,Ltr,16.71,BP,MT,1114.21,10,yes,JAR
9405,400000449,Rasoi 15 kg Jar (Gold),Rasoi,,,0,Y,N,HBC:Rasoi:BIB,Case,Ltr,16.71,BP,MT,1114.21,10,yes,JAR
9405,400000521,Rasoi No-1 15 ltr Jar,Rasoi,,,0,Y,N,HBC:Rasoi:BIB,Case,Ltr,15,BP,MT,1114.21,10,yes,JAR
9405,400000523,Rasoi No 1 15 kg Jar,Rasoi,,,0,Y,N,HBC:Rasoi:BIB,Case,Ltr,16.71,BP,MT,1114.21,10,yes,JAR
9405,400000589,Rasoi No 1 - 1 ltr Pouch,Rasoi,,,0,Y,N,HBC:Rasoi:BIB,Case,Ltr,16,CP,MT,1114.21,5,yes,Pouch
9405,400000595,Rasoi No 1 15 kg Tin,Rasoi,,,0,Y,N,HBC:Rasoi:BIB,Case,Ltr,16.71,BP,MT,1114.21,10,yes,TIN
9405,400000594,Rasoi No 1 - 500ml Pouch,Rasoi,,,0,Y,N,HBC:Rasoi:BIB,Case,Ltr,16,CP,MT,1114.21,5,yes,Pouch
9405,400000635,Rasoi No 1 15 ltr Tin,Rasoi,,,0,Y,N,HBC:Rasoi:BIB,Case,Ltr,15,BP,MT,1114.21,10,yes,TIN
9405,400000636,Rasoi No 1 - 200ml Pouch,Rasoi,,,0,N,Y,HBC:Rasoi:BIB,Case,Ltr,16,BP,MT,1114.21,10,yes,Pouch
9409,400000441,Rasoi 15 kg Jar (Blue),Rasoi,,,0,N,Y,HBC:Rasoi:BIB,Case,Ltr,16.71,BP,MT,1114.21,10,yes,JAR
9409,400000449,Rasoi 15 kg Jar (Gold),Rasoi,,,0,Y,N,HBC:Rasoi:BIB,Case,Ltr,16.71,BP,MT,1114.21,10,yes,JAR
9409,400000521,Rasoi No-1 15 ltr Jar,Rasoi,,,0,Y,N,HBC:Rasoi:BIB,Case,Ltr,15,BP,MT,1114.21,10,yes,JAR
9409,400000523,Rasoi No 1 15 kg Jar,Rasoi,,,0,Y,N,HBC:Rasoi:BIB,Case,Ltr,16.71,BP,MT,1114.21,10,yes,JAR
9409,400000589,Rasoi No 1 - 1 ltr Pouch,Rasoi,,,0,Y,N,HBC:Rasoi:BIB,Case,Ltr,16,CP,MT,1114.21,5,yes,Pouch
9409,400000595,Rasoi No 1 15 kg Tin,Rasoi,,,0,Y,N,HBC:Rasoi:BIB,Case,Ltr,16.71,BP,MT,1114.21,10,yes,TIN
9409,400000594,Rasoi No 1 - 500ml Pouch,Rasoi,,,0,Y,N,HBC:Rasoi:BIB,Case,Ltr,16,CP,MT,1114.21,5,yes,Pouch
9409,400000635,Rasoi No 1 15 ltr Tin,Rasoi,,,0,Y,N,HBC:Rasoi:BIB,Case,Ltr,15,BP,MT,1114.21,10,yes,TIN
9409,400000636,Rasoi No 1 - 200ml Pouch,Rasoi,,,0,N,Y,HBC:Rasoi:BIB,Case,Ltr,16,BP,MT,1114.21,10,yes,Pouch
9417,400000441,Rasoi 15 kg Jar (Blue),Rasoi,,,0,N,Y,HBC:Rasoi:BIB,Case,Ltr,16.71,BP,MT,1114.21,10,yes,JAR
9417,400000449,Rasoi 15 kg Jar (Gold),Rasoi,,,0,Y,N,HBC:Rasoi:BIB,Case,Ltr,16.71,BP,MT,1114.21,10,yes,JAR
9417,400000521,Rasoi No-1 15 ltr Jar,Rasoi,,,0,Y,N,HBC:Rasoi:BIB,Case,Ltr,15,BP,MT,1114.21,10,yes,JAR
9417,400000523,Rasoi No 1 15 kg Jar,Rasoi,,,0,Y,N,HBC:Rasoi:BIB,Case,Ltr,16.71,BP,MT,1114.21,10,yes,JAR
9417,400000589,Rasoi No 1 - 1 ltr Pouch,Rasoi,,,0,Y,N,HBC:Rasoi:BIB,Case,Ltr,16,CP,MT,1114.21,5,yes,Pouch
9417,400000595,Rasoi No 1 15 kg Tin,Rasoi,,,0,Y,N,HBC:Rasoi:BIB,Case,Ltr,16.71,BP,MT,1114.21,10,yes,TIN
9417,400000594,Rasoi No 1 - 500ml Pouch,Rasoi,,,0,Y,N,HBC:Rasoi:BIB,Case,Ltr,16,CP,MT,1114.21,5,yes,Pouch
9417,400000635,Rasoi No 1 15 ltr Tin,Rasoi,,,0,Y,N,HBC:Rasoi:BIB,Case,Ltr,15,BP,MT,1114.21,10,yes,TIN
9417,400000636,Rasoi No 1 - 200ml Pouch,Rasoi,,,0,N,Y,HBC:Rasoi:BIB,Case,Ltr,16,BP,MT,1114.21,10,yes,Pouch
9412,400000731,Rasoi 15 kg Jar (Blue-North),Rasoi,,,0,Y,N,HBC:Rasoi:BIB,Case,Ltr,16.71,BP,MT,1114.21,10,yes,JAR
9408,400000731,Rasoi 15 kg Jar (Blue-North),Rasoi,,,0,Y,N,HBC:Rasoi:BIB,Case,Ltr,16.71,BP,MT,1114.21,10,yes,JAR
9405,400000731,Rasoi 15 kg Jar (Blue-North),Rasoi,,,0,Y,N,HBC:Rasoi:BIB,Case,Ltr,16.71,BP,MT,1114.21,10,yes,JAR
9409,400000731,Rasoi 15 kg Jar (Blue-North),Rasoi,,,0,Y,N,HBC:Rasoi:BIB,Case,Ltr,16.71,BP,MT,1114.21,10,yes,JAR
9417,400000731,Rasoi 15 kg Jar (Blue-North),Rasoi,,,0,Y,N,HBC:Rasoi:BIB,Case,Ltr,16.71,BP,MT,1114.21,10,yes,JAR
9411,400000731,Rasoi 15 kg Jar (Blue-North),Rasoi,,,0,Y,N,HBC:Rasoi:BIB,Case,Ltr,16.71,BP,MT,1114.21,10,yes,JAR
9412,400000730,Rasoi 15 kg Tin (Blue-North),Rasoi,,,0,Y,N,HBC:Rasoi:BIB,Case,Ltr,16.71,BP,MT,1114.21,10,yes,TIN
9408,400000730,Rasoi 15 kg Tin (Blue-North),Rasoi,,,0,Y,N,HBC:Rasoi:BIB,Case,Ltr,16.71,BP,MT,1114.21,10,yes,TIN
9405,400000730,Rasoi 15 kg Tin (Blue-North),Rasoi,,,0,Y,N,HBC:Rasoi:BIB,Case,Ltr,16.71,BP,MT,1114.21,10,yes,TIN
9409,400000730,Rasoi 15 kg Tin (Blue-North),Rasoi,,,0,Y,N,HBC:Rasoi:BIB,Case,Ltr,16.71,BP,MT,1114.21,10,yes,TIN
9417,400000730,Rasoi 15 kg Tin (Blue-North),Rasoi,,,0,Y,N,HBC:Rasoi:BIB,Case,Ltr,16.71,BP,MT,1114.21,10,yes,TIN
9411,400000730,Rasoi 15 kg Tin (Blue-North),Rasoi,,,0,Y,N,HBC:Rasoi:BIB,Case,Ltr,16.71,BP,MT,1114.21,10,yes,TIN
9411,400000449,Rasoi 15 kg Jar (Gold),Rasoi,,,0,Y,N,HBC:Rasoi:BIB,Case,Ltr,16.71,BP,MT,1114.21,10,yes,JAR
9411,400000521,Rasoi No-1 15 ltr Jar,Rasoi,,,0,Y,N,HBC:Rasoi:BIB,Case,Ltr,15,BP,MT,1114.21,10,yes,JAR
9411,400000523,Rasoi No 1 15 kg Jar,Rasoi,,,0,Y,N,HBC:Rasoi:BIB,Case,Ltr,16.71,BP,MT,1114.21,10,yes,JAR
9411,400000589,Rasoi No 1 - 1 ltr Pouch,Rasoi,,,0,Y,N,HBC:Rasoi:BIB,Case,Ltr,16,CP,MT,1114.21,5,yes,Pouch
9411,400000595,Rasoi No 1 15 kg Tin,Rasoi,,,0,Y,N,HBC:Rasoi:BIB,Case,Ltr,16.71,BP,MT,1114.21,10,yes,TIN
9411,400000594,Rasoi No 1 - 500ml Pouch,Rasoi,,,0,Y,N,HBC:Rasoi:BIB,Case,Ltr,16,CP,MT,1114.21,5,yes,Pouch
9411,400000635,Rasoi No 1 15 ltr Tin,Rasoi,,,0,Y,N,HBC:Rasoi:BIB,Case,Ltr,15,BP,MT,1114.21,10,yes,TIN
9411,400000636,Rasoi No 1 - 200ml Pouch,Rasoi,,,0,N,Y,HBC:Rasoi:BIB,Case,Ltr,16,BP,MT,1114.21,10,yes,Pouch
9201,400000718,Gold n Lite 15 ltr Tin (LD),Super Olien,,,0,N,Y,HBC:Rasoi:BIB,Case,Ltr,16.67,BP,MT,1111.11,0,no,TIN
9207,400000717,Gold n Lite 15 kg Tin (LD),Super Olien,,,0,N,Y,HBC:Rasoi:BIB,Case,Ltr,16.67,BP,MT,1111.11,0,no,TIN
9207,400000718,Gold n Lite 15 ltr Tin (LD),Super Olien,,,0,N,Y,HBC:Rasoi:BIB,Case,Ltr,16.67,BP,MT,1111.11,0,no,TIN
9208,400000717,Gold n Lite 15 kg Tin (LD),Super Olien,,,0,N,Y,HBC:Rasoi:BIB,Case,Ltr,16.67,BP,MT,1111.11,0,no,TIN
9208,400000718,Gold n Lite 15 ltr Tin (LD),Super Olien,,,0,N,Y,HBC:Rasoi:BIB,Case,Ltr,16.67,BP,MT,1111.11,0,no,TIN
9213,400000717,Gold n Lite 15 kg Tin (LD),Super Olien,,,0,N,Y,HBC:Rasoi:BIB,Case,Ltr,16.67,BP,MT,1111.11,0,no,TIN
9213,400000718,Gold n Lite 15 ltr Tin (LD),Super Olien,,,0,N,Y,HBC:Rasoi:BIB,Case,Ltr,16.67,BP,MT,1111.11,0,no,TIN
9205,400000717,Gold n Lite 15 kg Tin (LD),Super Olien,,,0,N,Y,HBC:Rasoi:BIB,Case,Ltr,16.67,BP,MT,1111.11,0,no,TIN
9205,400000718,Gold n Lite 15 ltr Tin (LD),Super Olien,,,0,N,Y,HBC:Rasoi:BIB,Case,Ltr,16.67,BP,MT,1111.11,0,no,TIN
9110,400000776,Soyabean 1 ltr Bottle - Boroplus,Soyabean,,,0,N,Y,HBC:Rasoi:BIB,Case,Ltr,12,CP,MT,1098.9,5,no,Pet
9117,400000776,Soyabean 1 ltr Bottle - Boroplus,Soyabean,,,0,N,Y,HBC:Rasoi:BIB,Case,Ltr,12,CP,MT,1098.9,5,no,Pet
1000D,400000776,Soyabean 1 ltr Bottle - Boroplus,Soyabean,,,0,N,Y,HBC:Rasoi:BIB,Case,Ltr,12,CP,MT,1098.9,5,no,Pet
9412,400000776,Soyabean 1 ltr Bottle - Boroplus,Soyabean,,,0,N,Y,HBC:Rasoi:BIB,Case,Ltr,12,CP,MT,1098.9,5,no,Pet
9111,400000776,Soyabean 1 ltr Bottle - Boroplus,Soyabean,,,0,N,Y,HBC:Rasoi:BIB,Case,Ltr,12,CP,MT,1098.9,5,no,Pet
9112,400000776,Soyabean 1 ltr Bottle - Boroplus,Soyabean,,,0,N,Y,HBC:Rasoi:BIB,Case,Ltr,12,CP,MT,1098.9,5,no,Pet
9103,400000776,Soyabean 1 ltr Bottle - Boroplus,Soyabean,,,0,N,Y,HBC:Rasoi:BIB,Case,Ltr,12,CP,MT,1098.9,5,no,Pet
9106,400000776,Soyabean 1 ltr Bottle - Boroplus,Soyabean,,,0,N,Y,HBC:Rasoi:BIB,Case,Ltr,12,CP,MT,1098.9,5,no,Pet
9118,400000776,Soyabean 1 ltr Bottle - Boroplus,Soyabean,,,0,N,Y,HBC:Rasoi:BIB,Case,Ltr,12,CP,MT,1098.9,5,no,Pet
9408,400000776,Soyabean 1 ltr Bottle - Boroplus,Soyabean,,,0,N,Y,HBC:Rasoi:BIB,Case,Ltr,12,CP,MT,1098.9,5,no,Pet
9405,400000776,Soyabean 1 ltr Bottle - Boroplus,Soyabean,,,0,N,Y,HBC:Rasoi:BIB,Case,Ltr,12,CP,MT,1098.9,5,no,Pet
9412KA,400000691,Palm 15 ltr Tin (New),Palm,,,0,Y,N,HBC:Rasoi:BIB,Case,Ltr,15,BP,MT,1111.11,10,no,TIN
9412KA,400000714,Palm 1 ltr Pouch (10pc),Palm,,,0,N,Y,HBC:Rasoi:BIB,Case,Ltr,10,CP,MT,1111.11,5,no,Pouch
9412KA,400000713,Palm 15 kg Tin (New),Palm,,,0,N,Y,HBC:Rasoi:BIB,Case,Ltr,16.67,BP,MT,1111.11,10,no,TIN
9412KA,400000693,Soyabean 15 kg Tin (New),Soyabean,,,0,Y,N,HBC:Rasoi:BIB,Case,Ltr,16.48,BP,MT,1098.9,10,no,TIN
9412KA,400000678,Soyabean 15 ltr Tin (New),Soyabean,,,0,Y,N,HBC:Rasoi:BIB,Case,Ltr,15,BP,MT,1098.9,10,no,TIN
9412KA,400000397,Soyabean 15 ltr Jar,Soyabean,,,0,Y,N,HBC:Rasoi:BIB,Case,Ltr,15,BP,MT,1098.9,10,no,JAR
9412KA,400000140,Soyabean 1 ltr Pouch,Soyabean,,,0,Y,N,HBC:Rasoi:BIB,Case,Ltr,12,CP,MT,1098.9,5,no,Pouch
9412KA,400000255,Soyabean 5 ltr Jar,Soyabean,,,0,Y,N,HBC:Rasoi:BIB,Case,Ltr,20,CP,MT,1098.9,5,no,JAR
9408KA,400000691,Palm 15 ltr Tin (New),Palm,,,0,Y,N,HBC:Rasoi:BIB,Case,Ltr,15,BP,MT,1111.11,10,no,TIN
9408KA,400000714,Palm 1 ltr Pouch (10pc),Palm,,,0,N,Y,HBC:Rasoi:BIB,Case,Ltr,10,CP,MT,1111.11,5,no,Pouch
9408KA,400000713,Palm 15 kg Tin (New),Palm,,,0,N,Y,HBC:Rasoi:BIB,Case,Ltr,16.67,BP,MT,1111.11,10,no,TIN
9408KA,400000693,Soyabean 15 kg Tin (New),Soyabean,,,0,Y,N,HBC:Rasoi:BIB,Case,Ltr,16.48,BP,MT,1098.9,10,no,TIN
9408KA,400000678,Soyabean 15 ltr Tin (New),Soyabean,,,0,Y,N,HBC:Rasoi:BIB,Case,Ltr,15,BP,MT,1098.9,10,no,TIN
9408KA,400000397,Soyabean 15 ltr Jar,Soyabean,,,0,Y,N,HBC:Rasoi:BIB,Case,Ltr,15,BP,MT,1098.9,10,no,JAR
9408KA,400000140,Soyabean 1 ltr Pouch,Soyabean,,,0,Y,N,HBC:Rasoi:BIB,Case,Ltr,12,CP,MT,1098.9,5,no,Pouch
9408KA,400000255,Soyabean 5 ltr Jar,Soyabean,,,0,Y,N,HBC:Rasoi:BIB,Case,Ltr,20,CP,MT,1098.9,5,no,JAR
9417KA,400000691,Palm 15 ltr Tin (New),Palm,,,0,Y,N,HBC:Rasoi:BIB,Case,Ltr,15,BP,MT,1111.11,10,no,TIN
9417KA,400000714,Palm 1 ltr Pouch (10pc),Palm,,,0,N,Y,HBC:Rasoi:BIB,Case,Ltr,10,CP,MT,1111.11,5,no,Pouch
9417KA,400000713,Palm 15 kg Tin (New),Palm,,,0,N,Y,HBC:Rasoi:BIB,Case,Ltr,16.67,BP,MT,1111.11,10,no,TIN
9417KA,400000693,Soyabean 15 kg Tin (New),Soyabean,,,0,Y,N,HBC:Rasoi:BIB,Case,Ltr,16.48,BP,MT,1098.9,10,no,TIN
9417KA,400000678,Soyabean 15 ltr Tin (New),Soyabean,,,0,Y,N,HBC:Rasoi:BIB,Case,Ltr,15,BP,MT,1098.9,10,no,TIN
9417KA,400000397,Soyabean 15 ltr Jar,Soyabean,,,0,Y,N,HBC:Rasoi:BIB,Case,Ltr,15,BP,MT,1098.9,10,no,JAR
9417KA,400000140,Soyabean 1 ltr Pouch,Soyabean,,,0,Y,N,HBC:Rasoi:BIB,Case,Ltr,12,CP,MT,1098.9,5,no,Pouch
9417KA,400000255,Soyabean 5 ltr Jar,Soyabean,,,0,Y,N,HBC:Rasoi:BIB,Case,Ltr,20,CP,MT,1098.9,5,no,JAR
9409KA,400000691,Palm 15 ltr Tin (New),Palm,,,0,Y,N,HBC:Rasoi:BIB,Case,Ltr,15,BP,MT,1111.11,10,no,TIN
9409KA,400000714,Palm 1 ltr Pouch (10pc),Palm,,,0,N,Y,HBC:Rasoi:BIB,Case,Ltr,10,CP,MT,1111.11,5,no,Pouch
9409KA,400000713,Palm 15 kg Tin (New),Palm,,,0,N,Y,HBC:Rasoi:BIB,Case,Ltr,16.67,BP,MT,1111.11,10,no,TIN
9409KA,400000693,Soyabean 15 kg Tin (New),Soyabean,,,0,Y,N,HBC:Rasoi:BIB,Case,Ltr,16.48,BP,MT,1098.9,10,no,TIN
9409KA,400000678,Soyabean 15 ltr Tin (New),Soyabean,,,0,Y,N,HBC:Rasoi:BIB,Case,Ltr,15,BP,MT,1098.9,10,no,TIN
9409KA,400000397,Soyabean 15 ltr Jar,Soyabean,,,0,Y,N,HBC:Rasoi:BIB,Case,Ltr,15,BP,MT,1098.9,10,no,JAR
9409KA,400000140,Soyabean 1 ltr Pouch,Soyabean,,,0,Y,N,HBC:Rasoi:BIB,Case,Ltr,12,CP,MT,1098.9,5,no,Pouch
9409KA,400000255,Soyabean 5 ltr Jar,Soyabean,,,0,Y,N,HBC:Rasoi:BIB,Case,Ltr,20,CP,MT,1098.9,5,no,JAR
9411KA,400000691,Palm 15 ltr Tin (New),Palm,,,0,Y,N,HBC:Rasoi:BIB,Case,Ltr,15,BP,MT,1111.11,10,no,TIN
9411KA,400000714,Palm 1 ltr Pouch (10pc),Palm,,,0,N,Y,HBC:Rasoi:BIB,Case,Ltr,10,CP,MT,1111.11,5,no,Pouch
9411KA,400000713,Palm 15 kg Tin (New),Palm,,,0,N,Y,HBC:Rasoi:BIB,Case,Ltr,16.67,BP,MT,1111.11,10,no,TIN
9411KA,400000693,Soyabean 15 kg Tin (New),Soyabean,,,0,Y,N,HBC:Rasoi:BIB,Case,Ltr,16.48,BP,MT,1098.9,10,no,TIN
9411KA,400000678,Soyabean 15 ltr Tin (New),Soyabean,,,0,Y,N,HBC:Rasoi:BIB,Case,Ltr,15,BP,MT,1098.9,10,no,TIN
9411KA,400000397,Soyabean 15 ltr Jar,Soyabean,,,0,Y,N,HBC:Rasoi:BIB,Case,Ltr,15,BP,MT,1098.9,10,no,JAR
9411KA,400000140,Soyabean 1 ltr Pouch,Soyabean,,,0,Y,N,HBC:Rasoi:BIB,Case,Ltr,12,CP,MT,1098.9,5,no,Pouch
9411KA,400000255,Soyabean 5 ltr Jar,Soyabean,,,0,Y,N,HBC:Rasoi:BIB,Case,Ltr,20,CP,MT,1098.9,5,no,JAR
9405KA,400000691,Palm 15 ltr Tin (New),Palm,,,0,Y,N,HBC:Rasoi:BIB,Case,Ltr,15,BP,MT,1111.11,10,no,TIN
9405KA,400000714,Palm 1 ltr Pouch (10pc),Palm,,,0,N,Y,HBC:Rasoi:BIB,Case,Ltr,10,CP,MT,1111.11,5,no,Pouch
9405KA,400000713,Palm 15 kg Tin (New),Palm,,,0,N,Y,HBC:Rasoi:BIB,Case,Ltr,16.67,BP,MT,1111.11,10,no,TIN
9405KA,400000693,Soyabean 15 kg Tin (New),Soyabean,,,0,Y,N,HBC:Rasoi:BIB,Case,Ltr,16.48,BP,MT,1098.9,10,no,TIN
9405KA,400000678,Soyabean 15 ltr Tin (New),Soyabean,,,0,Y,N,HBC:Rasoi:BIB,Case,Ltr,15,BP,MT,1098.9,10,no,TIN
9405KA,400000397,Soyabean 15 ltr Jar,Soyabean,,,0,Y,N,HBC:Rasoi:BIB,Case,Ltr,15,BP,MT,1098.9,10,no,JAR
9405KA,400000140,Soyabean 1 ltr Pouch,Soyabean,,,0,Y,N,HBC:Rasoi:BIB,Case,Ltr,12,CP,MT,1098.9,5,no,Pouch
9405KA,400000255,Soyabean 5 ltr Jar,Soyabean,,,0,Y,N,HBC:Rasoi:BIB,Case,Ltr,20,CP,MT,1098.9,5,no,JAR
5000D,400000691,Palm 15 ltr Tin (New),Palm,,,0,Y,N,HBC:Rasoi:BIB,Case,Ltr,15,BP,MT,1111.11,10,no,TIN
5000D,400000714,Palm 1 ltr Pouch (10pc),Palm,,,0,N,Y,HBC:Rasoi:BIB,Case,Ltr,10,CP,MT,1111.11,5,no,Pouch
5000D,400000713,Palm 15 kg Tin (New),Palm,,,0,N,Y,HBC:Rasoi:BIB,Case,Ltr,16.67,BP,MT,1111.11,10,no,TIN
5000D,400000693,Soyabean 15 kg Tin (New),Soyabean,,,0,Y,N,HBC:Rasoi:BIB,Case,Ltr,16.48,BP,MT,1098.9,10,no,TIN
5000D,400000678,Soyabean 15 ltr Tin (New),Soyabean,,,0,Y,N,HBC:Rasoi:BIB,Case,Ltr,15,BP,MT,1098.9,10,no,TIN
5000D,400000397,Soyabean 15 ltr Jar,Soyabean,,,0,Y,N,HBC:Rasoi:BIB,Case,Ltr,15,BP,MT,1098.9,10,no,JAR
5000D,400000140,Soyabean 1 ltr Pouch,Soyabean,,,0,Y,N,HBC:Rasoi:BIB,Case,Ltr,12,CP,MT,1098.9,5,no,Pouch
5000D,400000255,Soyabean 5 ltr Jar,Soyabean,,,0,Y,N,HBC:Rasoi:BIB,Case,Ltr,20,CP,MT,1098.9,5,no,JAR
1000D,400000731,Rasoi 15 kg Jar (Blue-North),Rasoi,,,0,Y,N,HBC:Rasoi:BIB,Case,Ltr,16.71,BP,MT,1114.21,10,yes,JAR
1000D,400000730,Rasoi 15 kg Tin (Blue-North),Rasoi,,,0,Y,N,HBC:Rasoi:BIB,Case,Ltr,16.71,BP,MT,1114.21,10,yes,TIN
7000D,400000141,Palm 1 ltr Pouch (10pc),Palm,,,0,Y,N,HBC:Rasoi:BIB,Case,Ltr,10,CP,MT,1111.11,5,no,Pouch
7000D,400000692,Palm 15 kg Tin (New),Palm,,,0,Y,N,HBC:Rasoi:BIB,Case,Ltr,16.67,BP,MT,1111.11,10,no,TIN
7000D,400000691,Palm 15 ltr Tin (New),Palm,,,0,Y,N,HBC:Rasoi:BIB,Case,Ltr,15,BP,MT,1111.11,10,no,TIN
7000D,400000693,Soyabean 15 kg Tin (New),Soyabean,,,0,Y,N,HBC:Rasoi:BIB,Case,Ltr,16.48,BP,MT,1098.9,10,no,TIN
7000D,400000397,Soyabean 15 ltr Jar,Soyabean,,,0,Y,N,HBC:Rasoi:BIB,Case,Ltr,15,BP,MT,1098.9,10,no,JAR
7000D,400000255,Soyabean 5 ltr Jar,Soyabean,,,0,Y,N,HBC:Rasoi:BIB,Case,Ltr,20,CP,MT,1098.9,5,no,JAR
7000D,400000170,Soyabean 500 ml Pouch,Soyabean,,,0,Y,N,HBC:Rasoi:BIB,Case,Ltr,12,CP,MT,1098.9,5,no,Pouch
7000D,400000140,Soyabean 1 ltr Pouch,Soyabean,,,0,Y,N,HBC:Rasoi:BIB,Case,Ltr,12,CP,MT,1098.9,5,no,Pouch
9306TA,400000141,Palm 1 ltr Pouch (10pc),Palm,,,0,Y,N,HBC:Rasoi:BIB,Case,Ltr,10,CP,MT,1111.11,5,no,Pouch
9306TA,400000692,Palm 15 kg Tin (New),Palm,,,0,Y,N,HBC:Rasoi:BIB,Case,Ltr,16.67,BP,MT,1111.11,10,no,TIN
9306TA,400000691,Palm 15 ltr Tin (New),Palm,,,0,Y,N,HBC:Rasoi:BIB,Case,Ltr,15,BP,MT,1111.11,10,no,TIN
9306TA,400000693,Soyabean 15 kg Tin (New),Soyabean,,,0,Y,N,HBC:Rasoi:BIB,Case,Ltr,16.48,BP,MT,1098.9,10,no,TIN
9306TA,400000397,Soyabean 15 ltr Jar,Soyabean,,,0,Y,N,HBC:Rasoi:BIB,Case,Ltr,15,BP,MT,1098.9,10,no,JAR
9306TA,400000255,Soyabean 5 ltr Jar,Soyabean,,,0,Y,N,HBC:Rasoi:BIB,Case,Ltr,20,CP,MT,1098.9,5,no,JAR
9306TA,400000170,Soyabean 500 ml Pouch,Soyabean,,,0,Y,N,HBC:Rasoi:BIB,Case,Ltr,12,CP,MT,1098.9,5,no,Pouch
9306TA,400000140,Soyabean 1 ltr Pouch,Soyabean,,,0,Y,N,HBC:Rasoi:BIB,Case,Ltr,12,CP,MT,1098.9,5,no,Pouch
9302TA,400000141,Palm 1 ltr Pouch (10pc),Palm,,,0,Y,N,HBC:Rasoi:BIB,Case,Ltr,10,CP,MT,1111.11,5,no,Pouch
9302TA,400000692,Palm 15 kg Tin (New),Palm,,,0,Y,N,HBC:Rasoi:BIB,Case,Ltr,16.67,BP,MT,1111.11,10,no,TIN
9302TA,400000691,Palm 15 ltr Tin (New),Palm,,,0,Y,N,HBC:Rasoi:BIB,Case,Ltr,15,BP,MT,1111.11,10,no,TIN
9302TA,400000693,Soyabean 15 kg Tin (New),Soyabean,,,0,Y,N,HBC:Rasoi:BIB,Case,Ltr,16.48,BP,MT,1098.9,10,no,TIN
9302TA,400000397,Soyabean 15 ltr Jar,Soyabean,,,0,Y,N,HBC:Rasoi:BIB,Case,Ltr,15,BP,MT,1098.9,10,no,JAR
9302TA,400000255,Soyabean 5 ltr Jar,Soyabean,,,0,Y,N,HBC:Rasoi:BIB,Case,Ltr,20,CP,MT,1098.9,5,no,JAR
9302TA,400000170,Soyabean 500 ml Pouch,Soyabean,,,0,Y,N,HBC:Rasoi:BIB,Case,Ltr,12,CP,MT,1098.9,5,no,Pouch
9302TA,400000140,Soyabean 1 ltr Pouch,Soyabean,,,0,Y,N,HBC:Rasoi:BIB,Case,Ltr,12,CP,MT,1098.9,5,no,Pouch
9307TA,400000141,Palm 1 ltr Pouch (10pc),Palm,,,0,Y,N,HBC:Rasoi:BIB,Case,Ltr,10,CP,MT,1111.11,5,no,Pouch
9307TA,400000692,Palm 15 kg Tin (New),Palm,,,0,Y,N,HBC:Rasoi:BIB,Case,Ltr,16.67,BP,MT,1111.11,10,no,TIN
9307TA,400000691,Palm 15 ltr Tin (New),Palm,,,0,Y,N,HBC:Rasoi:BIB,Case,Ltr,15,BP,MT,1111.11,10,no,TIN
9307TA,400000693,Soyabean 15 kg Tin (New),Soyabean,,,0,Y,N,HBC:Rasoi:BIB,Case,Ltr,16.48,BP,MT,1098.9,10,no,TIN
9307TA,400000397,Soyabean 15 ltr Jar,Soyabean,,,0,Y,N,HBC:Rasoi:BIB,Case,Ltr,15,BP,MT,1098.9,10,no,JAR
9307TA,400000255,Soyabean 5 ltr Jar,Soyabean,,,0,Y,N,HBC:Rasoi:BIB,Case,Ltr,20,CP,MT,1098.9,5,no,JAR
9307TA,400000170,Soyabean 500 ml Pouch,Soyabean,,,0,Y,N,HBC:Rasoi:BIB,Case,Ltr,12,CP,MT,1098.9,5,no,Pouch
9307TA,400000140,Soyabean 1 ltr Pouch,Soyabean,,,0,Y,N,HBC:Rasoi:BIB,Case,Ltr,12,CP,MT,1098.9,5,no,Pouch
9307,400000636,Rasoi No 1 - 200ml Pouch,Rasoi,,,0,N,Y,HBC:Rasoi:BIB,Case,Ltr,16,CP,MT,1114.21,5,yes,Pouch
9307,400000523,Rasoi No 1 15 kg Jar,Rasoi,,,0,Y,N,HBC:Rasoi:BIB,Case,Ltr,16.71,BP,MT,1114.21,10,yes,JAR
5000D,400000170,Soyabean 500 ml Pouch,Soyabean,,,0,Y,N,HBC:Rasoi:BIB,Case,Ltr,12,CP,MT,1098.9,5,no,Pouch
4000D,400000782,Sunflower 500 ml Pouch,Sunflower,,,0,Y,N,HBC:Rasoi:BIB,Case,Ltr,12,CP,MT,1098.9,5,no,Pouch
9201,400000782,Sunflower 500 ml Pouch,Sunflower,,,0,Y,N,HBC:Rasoi:BIB,Case,Ltr,12,CP,MT,1098.9,5,no,Pouch
9207,400000782,Sunflower 500 ml Pouch,Sunflower,,,0,Y,N,HBC:Rasoi:BIB,Case,Ltr,12,CP,MT,1098.9,5,no,Pouch
9208,400000782,Sunflower 500 ml Pouch,Sunflower,,,0,Y,N,HBC:Rasoi:BIB,Case,Ltr,12,CP,MT,1098.9,5,no,Pouch
9407DD,400000782,Sunflower 500 ml Pouch,Sunflower,,,0,Y,N,HBC:Rasoi:BIB,Case,Ltr,12,CP,MT,1098.9,5,no,Pouch
9213,400000782,Sunflower 500 ml Pouch,Sunflower,,,0,Y,N,HBC:Rasoi:BIB,Case,Ltr,12,CP,MT,1098.9,5,no,Pouch
9205,400000782,Sunflower 500 ml Pouch,Sunflower,,,0,Y,N,HBC:Rasoi:BIB,Case,Ltr,12,CP,MT,1098.9,5,no,Pouch
9407B,400000782,Sunflower 500 ml Pouch,Sunflower,,,0,Y,N,HBC:Rasoi:BIB,Case,Ltr,12,CP,MT,1098.9,5,no,Pouch
9308KP,400000782,Sunflower 500 ml Pouch,Sunflower,,,0,Y,N,HBC:Rasoi:BIB,Case,Ltr,12,CP,MT,1098.9,5,no,Pouch
9105KP,400000782,Sunflower 500 ml Pouch,Sunflower,,,0,Y,N,HBC:Rasoi:BIB,Case,Ltr,12,CP,MT,1098.9,5,no,Pouch
9114KP,400000782,Sunflower 500 ml Pouch,Sunflower,,,0,Y,N,HBC:Rasoi:BIB,Case,Ltr,12,CP,MT,1098.9,5,no,Pouch
9306KP,400000782,Sunflower 500 ml Pouch,Sunflower,,,0,Y,N,HBC:Rasoi:BIB,Case,Ltr,12,CP,MT,1098.9,5,no,Pouch
9302KP,400000782,Sunflower 500 ml Pouch,Sunflower,,,0,Y,N,HBC:Rasoi:BIB,Case,Ltr,12,CP,MT,1098.9,5,no,Pouch
9307KP,400000782,Sunflower 500 ml Pouch,Sunflower,,,0,Y,N,HBC:Rasoi:BIB,Case,Ltr,12,CP,MT,1098.9,5,no,Pouch
9114,400000782,Sunflower 500 ml Pouch,Sunflower,,,0,Y,N,HBC:Rasoi:BIB,Case,Ltr,12,CP,MT,1098.9,5,no,Pouch
9105,400000782,Sunflower 500 ml Pouch,Sunflower,,,0,Y,N,HBC:Rasoi:BIB,Case,Ltr,12,CP,MT,1098.9,5,no,Pouch
9308,400000782,Sunflower 500 ml Pouch,Sunflower,,,0,Y,N,HBC:Rasoi:BIB,Case,Ltr,12,CP,MT,1098.9,5,no,Pouch
9112,400000782,Sunflower 500 ml Pouch,Sunflower,,,0,Y,N,HBC:Rasoi:BIB,Case,Ltr,12,CP,MT,1098.9,5,no,Pouch
9101,400000782,Sunflower 500 ml Pouch,Sunflower,,,0,Y,N,HBC:Rasoi:BIB,Case,Ltr,12,CP,MT,1098.9,5,no,Pouch
9111,400000782,Sunflower 500 ml Pouch,Sunflower,,,0,Y,N,HBC:Rasoi:BIB,Case,Ltr,12,CP,MT,1098.9,5,no,Pouch
1000D,400000782,Sunflower 500 ml Pouch,Sunflower,,,0,Y,N,HBC:Rasoi:BIB,Case,Ltr,12,CP,MT,1098.9,5,no,Pouch
9118,400000782,Sunflower 500 ml Pouch,Sunflower,,,0,Y,N,HBC:Rasoi:BIB,Case,Ltr,12,CP,MT,1098.9,5,no,Pouch
9106,400000782,Sunflower 500 ml Pouch,Sunflower,,,0,Y,N,HBC:Rasoi:BIB,Case,Ltr,12,CP,MT,1098.9,5,no,Pouch
9103,400000782,Sunflower 500 ml Pouch,Sunflower,,,0,Y,N,HBC:Rasoi:BIB,Case,Ltr,12,CP,MT,1098.9,5,no,Pouch
9306,400000782,Sunflower 500 ml Pouch,Sunflower,,,0,Y,N,HBC:Rasoi:BIB,Case,Ltr,12,CP,MT,1098.9,5,no,Pouch
9117,400000782,Sunflower 500 ml Pouch,Sunflower,,,0,Y,N,HBC:Rasoi:BIB,Case,Ltr,12,CP,MT,1098.9,5,no,Pouch
9110,400000782,Sunflower 500 ml Pouch,Sunflower,,,0,Y,N,HBC:Rasoi:BIB,Case,Ltr,12,CP,MT,1098.9,5,no,Pouch
9412,400000782,Sunflower 500 ml Pouch,Sunflower,,,0,Y,N,HBC:Rasoi:BIB,Case,Ltr,12,CP,MT,1098.9,5,no,Pouch
9120,400000782,Sunflower 500 ml Pouch,Sunflower,,,0,Y,N,HBC:Rasoi:BIB,Case,Ltr,12,CP,MT,1098.9,5,no,Pouch
9108,400000782,Sunflower 500 ml Pouch,Sunflower,,,0,Y,N,HBC:Rasoi:BIB,Case,Ltr,12,CP,MT,1098.9,5,no,Pouch
9116,400000782,Sunflower 500 ml Pouch,Sunflower,,,0,Y,N,HBC:Rasoi:BIB,Case,Ltr,12,CP,MT,1098.9,5,no,Pouch
9109,400000782,Sunflower 500 ml Pouch,Sunflower,,,0,Y,N,HBC:Rasoi:BIB,Case,Ltr,12,CP,MT,1098.9,5,no,Pouch
9408,400000782,Sunflower 500 ml Pouch,Sunflower,,,0,Y,N,HBC:Rasoi:BIB,Case,Ltr,12,CP,MT,1098.9,5,no,Pouch
9119,400000782,Sunflower 500 ml Pouch,Sunflower,,,0,Y,N,HBC:Rasoi:BIB,Case,Ltr,12,CP,MT,1098.9,5,no,Pouch
9417,400000782,Sunflower 500 ml Pouch,Sunflower,,,0,Y,N,HBC:Rasoi:BIB,Case,Ltr,12,CP,MT,1098.9,5,no,Pouch
9409,400000782,Sunflower 500 ml Pouch,Sunflower,,,0,Y,N,HBC:Rasoi:BIB,Case,Ltr,12,CP,MT,1098.9,5,no,Pouch
9302,400000782,Sunflower 500 ml Pouch,Sunflower,,,0,Y,N,HBC:Rasoi:BIB,Case,Ltr,12,CP,MT,1098.9,5,no,Pouch
9411,400000782,Sunflower 500 ml Pouch,Sunflower,,,0,Y,N,HBC:Rasoi:BIB,Case,Ltr,12,CP,MT,1098.9,5,no,Pouch
9403,400000782,Sunflower 500 ml Pouch,Sunflower,,,0,Y,N,HBC:Rasoi:BIB,Case,Ltr,12,CP,MT,1098.9,5,no,Pouch
9307,400000782,Sunflower 500 ml Pouch,Sunflower,,,0,Y,N,HBC:Rasoi:BIB,Case,Ltr,12,CP,MT,1098.9,5,no,Pouch
9405,400000782,Sunflower 500 ml Pouch,Sunflower,,,0,Y,N,HBC:Rasoi:BIB,Case,Ltr,12,CP,MT,1098.9,5,no,Pouch
9108KP,400000450,Palm 1 ltr Pouch (16pc),Palm,,,0,Y,N,HBC:Rasoi:BIB,Case,Ltr,16,CP,MT,1111.11,5,no,Pouch
9108KP,400000128,Palm 500 ml Pouch,Palm,,,0,Y,N,HBC:Rasoi:BIB,Case,Ltr,10,CP,MT,1111.11,5,no,Pouch
9108KP,400000141,Palm 1 ltr Pouch (10pc),Palm,,,0,Y,N,HBC:Rasoi:BIB,Case,Ltr,10,CP,MT,1111.11,5,no,Pouch
9108KP,400000260,Sunflower 1 ltr Pouch (16pc),Sunflower,,,0,Y,N,HBC:Rasoi:BIB,Case,Ltr,16,CP,MT,1098.9,5,no,Pouch
9108KP,400000396,Palm  15 ltr Jar,Palm,,,0,N,Y,HBC:Rasoi:BIB,Case,Ltr,15,BP,MT,1111.11,10,no,JAR
9307TA,400000678,Soyabean 15 ltr Tin (New),Soyabean,,,0,Y,N,HBC:Rasoi:BIB,Case,Ltr,15,BP,MT,1098.9,10,no,TIN
7000D,400000678,Soyabean 15 ltr Tin (New),Soyabean,,,0,Y,N,HBC:Rasoi:BIB,Case,Ltr,15,BP,MT,1098.9,10,no,TIN
9108KP,400000716,Sunflower 15 ltr Tin (LD),Sunflower,,,0,Y,N,HBC:Rasoi:BIB,Case,Ltr,15,BP,MT,1098.9,10,no,TIN
9108KP,400000637,Sunflower 1 ltr Pouch (12pc),Sunflower,,,0,Y,N,HBC:Rasoi:BIB,Case,Ltr,12,CP,MT,1098.9,5,no,Pouch
9302TA,400000678,Soyabean 15 ltr Tin (New),Soyabean,,,0,Y,N,HBC:Rasoi:BIB,Case,Ltr,15,BP,MT,1098.9,10,no,TIN
9306TA,400000678,Soyabean 15 ltr Tin (New),Soyabean,,,0,Y,N,HBC:Rasoi:BIB,Case,Ltr,15,BP,MT,1098.9,10,no,TIN
9108KP,400000692,Palm 15 kg Tin (New),Palm,,,0,Y,N,HBC:Rasoi:BIB,Case,Ltr,16.67,BP,MT,1111.11,10,no,TIN
9108KP,400000691,Palm 15 ltr Tin (New),Palm,,,0,Y,N,HBC:Rasoi:BIB,Case,Ltr,15,BP,MT,1111.11,10,no,TIN
9108KP,400000712,Sunflower 5 ltr Jar,Sunflower,,,0,Y,N,HBC:Rasoi:BIB,Case,Ltr,20,CP,MT,1098.9,5,no,JAR
9108KP,400000715,Sunflower 15 kg Tin (LD),Sunflower,,,0,Y,N,HBC:Rasoi:BIB,Case,Ltr,16.48,BP,MT,1098.9,10,no,TIN
9108KP,400000782,Sunflower 500 ml Pouch,Sunflower,,,0,Y,N,HBC:Rasoi:BIB,Case,Ltr,12,CP,MT,1098.9,5,no,Pouch
9116KP,400000128,Palm 500 ml Pouch,Palm,,,0,Y,N,HBC:Rasoi:BIB,Case,Ltr,10,CP,MT,1111.11,5,no,Pouch
9116KP,400000141,Palm 1 ltr Pouch (10pc),Palm,,,0,Y,N,HBC:Rasoi:BIB,Case,Ltr,10,CP,MT,1111.11,5,no,Pouch
9116KP,400000260,Sunflower 1 ltr Pouch (16pc),Sunflower,,,0,Y,N,HBC:Rasoi:BIB,Case,Ltr,16,CP,MT,1098.9,5,no,Pouch
9116KP,400000396,Palm  15 ltr Jar,Palm,,,0,N,Y,HBC:Rasoi:BIB,Case,Ltr,15,BP,MT,1111.11,10,no,JAR
9116KP,400000450,Palm 1 ltr Pouch (16pc),Palm,,,0,Y,N,HBC:Rasoi:BIB,Case,Ltr,16,CP,MT,1111.11,5,no,Pouch
9116KP,400000716,Sunflower 15 ltr Tin (LD),Sunflower,,,0,Y,N,HBC:Rasoi:BIB,Case,Ltr,15,BP,MT,1098.9,10,no,TIN
9116KP,400000637,Sunflower 1 ltr Pouch (12pc),Sunflower,,,0,Y,N,HBC:Rasoi:BIB,Case,Ltr,12,CP,MT,1098.9,5,no,Pouch
9116KP,400000692,Palm 15 kg Tin (New),Palm,,,0,Y,N,HBC:Rasoi:BIB,Case,Ltr,16.67,BP,MT,1111.11,10,no,TIN
9116KP,400000691,Palm 15 ltr Tin (New),Palm,,,0,Y,N,HBC:Rasoi:BIB,Case,Ltr,15,BP,MT,1111.11,10,no,TIN
9116KP,400000712,Sunflower 5 ltr Jar,Sunflower,,,0,Y,N,HBC:Rasoi:BIB,Case,Ltr,20,CP,MT,1098.9,5,no,JAR
9116KP,400000715,Sunflower 15 kg Tin (LD),Sunflower,,,0,Y,N,HBC:Rasoi:BIB,Case,Ltr,16.48,BP,MT,1098.9,10,no,TIN
9116KP,400000782,Sunflower 500 ml Pouch,Sunflower,,,0,Y,N,HBC:Rasoi:BIB,Case,Ltr,12,CP,MT,1098.9,5,no,Pouch
9117,400000594,Rasoi No 1 - 500ml Pouch,Rasoi,,,0,Y,N,HBC:Rasoi:BIB,Case,Ltr,16,CP,MT,1114.21,5,yes,Pouch
9415,400000128,Palm 500 ml Pouch,Palm,,,0,Y,N,HBC:Rasoi:BIB,Case,Ltr,10,CP,MT,1111.11,5,no,Pouch
9415,400000140,Soyabean 1 ltr Pouch,Soyabean,,,0,Y,N,HBC:Rasoi:BIB,Case,Ltr,12,CP,MT,1098.9,5,no,Pouch
9415,400000141,Palm 1 ltr Pouch (10pc),Palm,,,0,Y,N,HBC:Rasoi:BIB,Case,Ltr,10,CP,MT,1111.11,5,no,Pouch
9415,400000170,Soyabean 500 ml Pouch,Soyabean,,,0,Y,N,HBC:Rasoi:BIB,Case,Ltr,12,CP,MT,1098.9,5,no,Pouch
9415,400000255,Soyabean 5 ltr Jar,Soyabean,,,0,Y,N,HBC:Rasoi:BIB,Case,Ltr,20,CP,MT,1098.9,5,no,JAR
9415,400000397,Soyabean 15 ltr Jar,Soyabean,,,0,Y,N,HBC:Rasoi:BIB,Case,Ltr,15,BP,MT,1098.9,10,no,JAR
9415,400000396,Palm  15 ltr Jar,Palm,,,0,N,Y,HBC:Rasoi:BIB,Case,Ltr,15,BP,MT,1111.11,10,no,JAR
9415,400000611,Bake Magic,Bake Magic,,,0,Y,N,HBC:Rasoi:BIB,Case,Ltr,16.67,BP,MT,1111.11,10,no,BAKERY
9415,400000716,Sunflower 15 ltr Tin (LD),Sunflower,,,0,Y,N,HBC:Rasoi:BIB,Case,Ltr,15,BP,MT,1098.9,10,no,TIN
9415,400000562,Soyabean 1 ltr Bottle - Sidel,Soyabean,,,0,Y,N,HBC:Rasoi:BIB,Case,Ltr,12,CP,MT,1098.9,5,no,Pet
9415,400000564,Soyabean 500 ml Bottle - Sidel,Soyabean,,,0,Y,N,HBC:Rasoi:BIB,Case,Ltr,12,CP,MT,1098.9,5,no,Pet
9415,400000566,Soyabean 200 ml Bottle - Sidel,Soyabean,,,0,Y,N,HBC:Rasoi:BIB,Case,Ltr,12,CP,MT,1098.9,5,no,Pet
9415,400000637,Sunflower 1 ltr Pouch (12pc),Sunflower,,,0,Y,N,HBC:Rasoi:BIB,Case,Ltr,12,CP,MT,1098.9,5,no,Pouch
9415,400000692,Palm 15 kg Tin (New),Palm,,,0,Y,N,HBC:Rasoi:BIB,Case,Ltr,16.67,BP,MT,1111.11,10,no,TIN
9415,400000691,Palm 15 ltr Tin (New),Palm,,,0,Y,N,HBC:Rasoi:BIB,Case,Ltr,15,BP,MT,1111.11,10,no,TIN
9415,400000693,Soyabean 15 kg Tin (New),Soyabean,,,0,Y,N,HBC:Rasoi:BIB,Case,Ltr,16.48,BP,MT,1098.9,10,no,TIN
9415,400000678,Soyabean 15 ltr Tin (New),Soyabean,,,0,Y,N,HBC:Rasoi:BIB,Case,Ltr,15,BP,MT,1098.9,10,no,TIN
9415,400000712,Sunflower 5 ltr Jar,Sunflower,,,0,Y,N,HBC:Rasoi:BIB,Case,Ltr,20,CP,MT,1098.9,5,no,JAR
9415,400000715,Sunflower 15 kg Tin (LD),Sunflower,,,0,Y,N,HBC:Rasoi:BIB,Case,Ltr,16.48,BP,MT,1098.9,10,no,TIN
9415,400000449,Rasoi 15 kg Jar (Gold),Rasoi,,,0,Y,N,HBC:Rasoi:BIB,Case,Ltr,16.71,BP,MT,1114.21,10,yes,JAR
9415,400000521,Rasoi No-1 15 ltr Jar,Rasoi,,,0,Y,N,HBC:Rasoi:BIB,Case,Ltr,15,BP,MT,1114.21,10,yes,JAR
9415,400000523,Rasoi No 1 15 kg Jar,Rasoi,,,0,Y,N,HBC:Rasoi:BIB,Case,Ltr,16.71,BP,MT,1114.21,10,yes,JAR
9415,400000589,Rasoi No 1 - 1 ltr Pouch,Rasoi,,,0,Y,N,HBC:Rasoi:BIB,Case,Ltr,16,CP,MT,1114.21,5,yes,Pouch
9415,400000595,Rasoi No 1 15 kg Tin,Rasoi,,,0,Y,N,HBC:Rasoi:BIB,Case,Ltr,16.71,BP,MT,1114.21,10,yes,TIN
9415,400000594,Rasoi No 1 - 500ml Pouch,Rasoi,,,0,Y,N,HBC:Rasoi:BIB,Case,Ltr,16,CP,MT,1114.21,5,yes,Pouch
9415,400000635,Rasoi No 1 15 ltr Tin,Rasoi,,,0,Y,N,HBC:Rasoi:BIB,Case,Ltr,15,BP,MT,1114.21,10,yes,TIN
9415,400000636,Rasoi No 1 - 200ml Pouch,Rasoi,,,0,N,Y,HBC:Rasoi:BIB,Case,Ltr,16,BP,MT,1114.21,10,yes,Pouch
9415,400000731,Rasoi 15 kg Jar (Blue-North),Rasoi,,,0,Y,N,HBC:Rasoi:BIB,Case,Ltr,16.71,BP,MT,1114.21,10,yes,JAR
9415,400000730,Rasoi 15 kg Tin (Blue-North),Rasoi,,,0,Y,N,HBC:Rasoi:BIB,Case,Ltr,16.71,BP,MT,1114.21,10,yes,TIN
9415,400000776,Soyabean 1 ltr Bottle - Boroplus,Soyabean,,,0,N,Y,HBC:Rasoi:BIB,Case,Ltr,12,CP,MT,1098.9,5,no,Pet
9415KA,400000691,Palm 15 ltr Tin (New),Palm,,,0,Y,N,HBC:Rasoi:BIB,Case,Ltr,15,BP,MT,1111.11,10,no,TIN
9415KA,400000714,Palm 1 ltr Pouch (10pc),Palm,,,0,N,Y,HBC:Rasoi:BIB,Case,Ltr,10,CP,MT,1111.11,5,no,Pouch
9415KA,400000713,Palm 15 kg Tin (New),Palm,,,0,N,Y,HBC:Rasoi:BIB,Case,Ltr,16.67,BP,MT,1111.11,10,no,TIN
9415KA,400000693,Soyabean 15 kg Tin (New),Soyabean,,,0,Y,N,HBC:Rasoi:BIB,Case,Ltr,16.48,BP,MT,1098.9,10,no,TIN
9415KA,400000678,Soyabean 15 ltr Tin (New),Soyabean,,,0,Y,N,HBC:Rasoi:BIB,Case,Ltr,15,BP,MT,1098.9,10,no,TIN
9415KA,400000397,Soyabean 15 ltr Jar,Soyabean,,,0,Y,N,HBC:Rasoi:BIB,Case,Ltr,15,BP,MT,1098.9,10,no,JAR
9415KA,400000140,Soyabean 1 ltr Pouch,Soyabean,,,0,Y,N,HBC:Rasoi:BIB,Case,Ltr,12,CP,MT,1098.9,5,no,Pouch
9415KA,400000255,Soyabean 5 ltr Jar,Soyabean,,,0,Y,N,HBC:Rasoi:BIB,Case,Ltr,20,CP,MT,1098.9,5,no,JAR
9415,400000782,Sunflower 500 ml Pouch,Sunflower,,,0,Y,N,HBC:Rasoi:BIB,Case,Ltr,12,CP,MT,1098.9,5,no,Pouch
4000D,400000710,Sunflower 15 ltr Jar (LD),Sunflower,,,0,Y,N,HBC:Rasoi:BIB,Case,Ltr,15,BP,MT,1098.9,10,no,JAR
9201,400000710,Sunflower 15 ltr Jar (LD),Sunflower,,,0,Y,N,HBC:Rasoi:BIB,Case,Ltr,15,BP,MT,1098.9,10,no,JAR
9207,400000710,Sunflower 15 ltr Jar (LD),Sunflower,,,0,Y,N,HBC:Rasoi:BIB,Case,Ltr,15,BP,MT,1098.9,10,no,JAR
9203,400000710,Sunflower 15 ltr Jar (LD),Sunflower,,,0,Y,N,HBC:Rasoi:BIB,Case,Ltr,15,BP,MT,1098.9,10,no,JAR
9208,400000710,Sunflower 15 ltr Jar (LD),Sunflower,,,0,Y,N,HBC:Rasoi:BIB,Case,Ltr,15,BP,MT,1098.9,10,no,JAR
9213,400000710,Sunflower 15 ltr Jar (LD),Sunflower,,,0,Y,N,HBC:Rasoi:BIB,Case,Ltr,15,BP,MT,1098.9,10,no,JAR
9205,400000710,Sunflower 15 ltr Jar (LD),Sunflower,,,0,Y,N,HBC:Rasoi:BIB,Case,Ltr,15,BP,MT,1098.9,10,no,JAR
9308KP,400000710,Sunflower 15 ltr Jar (LD),Sunflower,,,0,Y,N,HBC:Rasoi:BIB,Case,Ltr,15,BP,MT,1098.9,10,no,JAR
9105KP,400000710,Sunflower 15 ltr Jar (LD),Sunflower,,,0,Y,N,HBC:Rasoi:BIB,Case,Ltr,15,BP,MT,1098.9,10,no,JAR
9306KP,400000710,Sunflower 15 ltr Jar (LD),Sunflower,,,0,Y,N,HBC:Rasoi:BIB,Case,Ltr,15,BP,MT,1098.9,10,no,JAR
9302KP,400000710,Sunflower 15 ltr Jar (LD),Sunflower,,,0,Y,N,HBC:Rasoi:BIB,Case,Ltr,15,BP,MT,1098.9,10,no,JAR
9307KP,400000710,Sunflower 15 ltr Jar (LD),Sunflower,,,0,Y,N,HBC:Rasoi:BIB,Case,Ltr,15,BP,MT,1098.9,10,no,JAR
9108KP,400000710,Sunflower 15 ltr Jar (LD),Sunflower,,,0,Y,N,HBC:Rasoi:BIB,Case,Ltr,15,BP,MT,1098.9,10,no,JAR
9116KP,400000710,Sunflower 15 ltr Jar (LD),Sunflower,,,0,Y,N,HBC:Rasoi:BIB,Case,Ltr,15,BP,MT,1098.9,10,no,JAR
9412,400000714,Palm 1 ltr Pouch (North),Palm,,,0,N,Y,HBC:Rasoi:BIB,Case,Ltr,10,CP,MT,1111.11,5,no,Pouch
9412,400000713,Palm 15 kg Tin (North),Palm,,,0,N,Y,HBC:Rasoi:BIB,Case,Ltr,16.67,BP,MT,1111.11,10,no,TIN
9408,400000714,Palm 1 ltr Pouch (North),Palm,,,0,N,Y,HBC:Rasoi:BIB,Case,Ltr,10,CP,MT,1111.11,5,no,Pouch
9408,400000713,Palm 15 kg Tin (North),Palm,,,0,N,Y,HBC:Rasoi:BIB,Case,Ltr,16.67,BP,MT,1111.11,10,no,TIN
9417,400000714,Palm 1 ltr Pouch (North),Palm,,,0,N,Y,HBC:Rasoi:BIB,Case,Ltr,10,CP,MT,1111.11,5,no,Pouch
9417,400000713,Palm 15 kg Tin (North),Palm,,,0,N,Y,HBC:Rasoi:BIB,Case,Ltr,16.67,BP,MT,1111.11,10,no,TIN
9409,400000714,Palm 1 ltr Pouch (North),Palm,,,0,N,Y,HBC:Rasoi:BIB,Case,Ltr,10,CP,MT,1111.11,5,no,Pouch
9409,400000713,Palm 15 kg Tin (North),Palm,,,0,N,Y,HBC:Rasoi:BIB,Case,Ltr,16.67,BP,MT,1111.11,10,no,TIN
9411,400000714,Palm 1 ltr Pouch (North),Palm,,,0,N,Y,HBC:Rasoi:BIB,Case,Ltr,10,CP,MT,1111.11,5,no,Pouch
9411,400000713,Palm 15 kg Tin (North),Palm,,,0,N,Y,HBC:Rasoi:BIB,Case,Ltr,16.67,BP,MT,1111.11,10,no,TIN
9405,400000714,Palm 1 ltr Pouch (North),Palm,,,0,N,Y,HBC:Rasoi:BIB,Case,Ltr,10,CP,MT,1111.11,5,no,Pouch
9405,400000713,Palm 15 kg Tin (North),Palm,,,0,N,Y,HBC:Rasoi:BIB,Case,Ltr,16.67,BP,MT,1111.11,10,no,TIN
9415,400000714,Palm 1 ltr Pouch (North),Palm,,,0,N,Y,HBC:Rasoi:BIB,Case,Ltr,10,CP,MT,1111.11,5,no,Pouch
9415,400000713,Palm 15 kg Tin (North),Palm,,,0,N,Y,HBC:Rasoi:BIB,Case,Ltr,16.67,BP,MT,1111.11,10,no,TIN
1000D,400000714,Palm 1 ltr Pouch (North),Palm,,,0,N,Y,HBC:Rasoi:BIB,Case,Ltr,10,CP,MT,1111.11,5,no,Pouch
1000D,400000713,Palm 15 kg Tin (North),Palm,,,0,N,Y,HBC:Rasoi:BIB,Case,Ltr,16.67,BP,MT,1111.11,10,no,TIN
9417KA,400000141,Palm 1 ltr Pouch (10pc),Palm,,,0,Y,N,HBC:Rasoi:BIB,Case,Ltr,10,CP,MT,1111.11,5,no,Pouch
7000D,400000260,Sunflower 1 ltr Pouch (16pc),Sunflower,,,0,N,Y,HBC:Rasoi:BIB,Case,Ltr,16,CP,MT,1098.9,5,no,Pouch
7000D,400000716,Sunflower 15 ltr Tin (LD),Sunflower,,,0,N,Y,HBC:Rasoi:BIB,Case,Ltr,15,BP,MT,1098.9,10,no,TIN
7000D,400000637,Sunflower 1 ltr Pouch (12pc),Sunflower,,,0,N,Y,HBC:Rasoi:BIB,Case,Ltr,12,CP,MT,1098.9,5,no,Pouch
7000D,400000595,Rasoi No 1 15 kg Tin,Rasoi,,,0,N,Y,HBC:Rasoi:BIB,Case,Ltr,16.71,BP,MT,1114.21,10,yes,TIN
7000D,400000594,Rasoi No 1 - 500ml Pouch,Rasoi,,,0,N,Y,HBC:Rasoi:BIB,Case,Ltr,16,CP,MT,1114.21,5,yes,Pouch
7000D,400000712,Sunflower 5 ltr Jar,Sunflower,,,0,N,Y,HBC:Rasoi:BIB,Case,Ltr,20,CP,MT,1098.9,5,no,JAR
7000D,400000715,Sunflower 15 kg Tin (LD),Sunflower,,,0,N,Y,HBC:Rasoi:BIB,Case,Ltr,16.48,BP,MT,1098.9,10,no,TIN
7000D,400000589,Rasoi No 1 - 1 ltr Pouch,Rasoi,,,0,N,Y,HBC:Rasoi:BIB,Case,Ltr,16,CP,MT,1114.21,5,yes,Pouch
7000D,400000782,Sunflower 500 ml Pouch,Sunflower,,,0,N,Y,HBC:Rasoi:BIB,Case,Ltr,12,CP,MT,1098.9,5,no,Pouch
7000D,400000710,Sunflower 15 ltr Jar (LD),Sunflower,,,0,N,Y,HBC:Rasoi:BIB,Case,Ltr,15,BP,MT,1098.9,10,no,JAR
7000DE,400000260,Sunflower 1 ltr Pouch (16pc),Sunflower,,,0,Y,N,HBC:Rasoi:BIB,Case,Ltr,16,CP,MT,1098.9,5,no,Pouch
7000DE,400000716,Sunflower 15 ltr Tin (LD),Sunflower,,,0,Y,N,HBC:Rasoi:BIB,Case,Ltr,15,BP,MT,1098.9,10,no,TIN
7000DE,400000637,Sunflower 1 ltr Pouch (12pc),Sunflower,,,0,Y,N,HBC:Rasoi:BIB,Case,Ltr,12,CP,MT,1098.9,5,no,Pouch
7000DE,400000595,Rasoi No 1 15 kg Tin,Rasoi,,,0,Y,N,HBC:Rasoi:BIB,Case,Ltr,16.71,BP,MT,1114.21,10,yes,TIN
7000DE,400000594,Rasoi No 1 - 500ml Pouch,Rasoi,,,0,Y,N,HBC:Rasoi:BIB,Case,Ltr,16,CP,MT,1114.21,5,yes,Pouch
7000DE,400000712,Sunflower 5 ltr Jar,Sunflower,,,0,Y,N,HBC:Rasoi:BIB,Case,Ltr,20,CP,MT,1098.9,5,no,JAR
7000DE,400000715,Sunflower 15 kg Tin (LD),Sunflower,,,0,Y,N,HBC:Rasoi:BIB,Case,Ltr,16.48,BP,MT,1098.9,10,no,TIN
7000DE,400000589,Rasoi No 1 - 1 ltr Pouch,Rasoi,,,0,Y,N,HBC:Rasoi:BIB,Case,Ltr,16,CP,MT,1114.21,5,yes,Pouch
7000DE,400000782,Sunflower 500 ml Pouch,Sunflower,,,0,Y,N,HBC:Rasoi:BIB,Case,Ltr,12,CP,MT,1098.9,5,no,Pouch
7000DE,400000710,Sunflower 15 ltr Jar (LD),Sunflower,,,0,Y,N,HBC:Rasoi:BIB,Case,Ltr,15,BP,MT,1098.9,10,no,JAR
9108RP,400000128,Palm 500 ml Pouch,Palm,,,0,Y,N,HBC:Rasoi:BIB,Case,Ltr,10,CP,MT,1111.11,5,no,Pouch
9108RP,400000140,Soyabean 1 ltr Pouch,Soyabean,,,0,Y,N,HBC:Rasoi:BIB,Case,Ltr,12,CP,MT,1098.9,5,no,Pouch
9108RP,400000141,Palm 1 ltr Pouch (10pc),Palm,,,0,Y,N,HBC:Rasoi:BIB,Case,Ltr,10,CP,MT,1111.11,5,no,Pouch
9108RP,400000170,Soyabean 500 ml Pouch,Soyabean,,,0,Y,N,HBC:Rasoi:BIB,Case,Ltr,12,CP,MT,1098.9,5,no,Pouch
9108RP,400000255,Soyabean 5 ltr Jar,Soyabean,,,0,Y,N,HBC:Rasoi:BIB,Case,Ltr,20,CP,MT,1098.9,5,no,JAR
9108RP,400000397,Soyabean 15 ltr Jar,Soyabean,,,0,Y,N,HBC:Rasoi:BIB,Case,Ltr,15,BP,MT,1098.9,10,no,JAR
9108RP,400000396,Palm  15 ltr Jar,Palm,,,0,N,Y,HBC:Rasoi:BIB,Case,Ltr,15,BP,MT,1111.11,10,no,JAR
9108RP,400000441,Rasoi 15 kg Jar (Blue),Rasoi,,,0,Y,N,HBC:Rasoi:BIB,Case,Ltr,16.71,BP,MT,1114.21,10,yes,JAR
9108RP,400000521,Rasoi No-1 15 ltr Jar,Rasoi,,,0,Y,N,HBC:Rasoi:BIB,Case,Ltr,15,BP,MT,1114.21,10,yes,JAR
9108RP,400000523,Rasoi No 1 15 kg Jar,Rasoi,,,0,Y,N,HBC:Rasoi:BIB,Case,Ltr,16.71,BP,MT,1114.21,10,yes,JAR
9108RP,400000589,Rasoi No 1 - 1 ltr Pouch,Rasoi,,,0,Y,N,HBC:Rasoi:BIB,Case,Ltr,16,CP,MT,1114.21,5,yes,Pouch
9108RP,400000595,Rasoi No 1 15 kg Tin,Rasoi,,,0,Y,N,HBC:Rasoi:BIB,Case,Ltr,16.71,BP,MT,1114.21,10,yes,TIN
9108RP,400000716,Sunflower 15 ltr Tin (LD),Sunflower,,,0,Y,N,HBC:Rasoi:BIB,Case,Ltr,15,BP,MT,1098.9,10,no,TIN
9108RP,400000594,Rasoi No 1 - 500ml Pouch,Rasoi,,,0,Y,N,HBC:Rasoi:BIB,Case,Ltr,16,CP,MT,1114.21,5,yes,Pouch
9108RP,400000562,Soyabean 1 ltr Bottle - Sidel,Soyabean,,,0,Y,N,HBC:Rasoi:BIB,Case,Ltr,12,CP,MT,1098.9,5,no,Pet
9108RP,400000564,Soyabean 500 ml Bottle - Sidel,Soyabean,,,0,Y,N,HBC:Rasoi:BIB,Case,Ltr,12,CP,MT,1098.9,5,no,Pet
9108RP,400000611,Bake Magic,Bake Magic,,,0,Y,N,HBC:Rasoi:BIB,Case,Ltr,16.67,BP,MT,1111.11,10,no,BAKERY
9108RP,400000635,Rasoi No 1 15 ltr Tin,Rasoi,,,0,Y,N,HBC:Rasoi:BIB,Case,Ltr,15,BP,MT,1114.21,10,yes,TIN
9108RP,400000636,Rasoi No 1 - 200ml Pouch,Rasoi,,,0,N,Y,HBC:Rasoi:BIB,Case,Ltr,16,BP,MT,1114.21,10,yes,Pouch
9108RP,400000566,Soyabean 200 ml Bottle - Sidel,Soyabean,,,0,Y,N,HBC:Rasoi:BIB,Case,Ltr,12,CP,MT,1098.9,5,no,Pet
9108RP,400000637,Sunflower 1 ltr Pouch (12pc),Sunflower,,,0,Y,N,HBC:Rasoi:BIB,Case,Ltr,12,CP,MT,1098.9,5,no,Pouch
9108RP,400000678,Soyabean 15 ltr Tin (New),Soyabean,,,0,Y,N,HBC:Rasoi:BIB,Case,Ltr,15,BP,MT,1098.9,10,no,TIN
9108RP,400000692,Palm 15 kg Tin (New),Palm,,,0,Y,N,HBC:Rasoi:BIB,Case,Ltr,16.67,BP,MT,1111.11,10,no,TIN
9108RP,400000691,Palm 15 ltr Tin (New),Palm,,,0,Y,N,HBC:Rasoi:BIB,Case,Ltr,15,BP,MT,1111.11,10,no,TIN
9108RP,400000693,Soyabean 15 kg Tin (New),Soyabean,,,0,Y,N,HBC:Rasoi:BIB,Case,Ltr,16.48,BP,MT,1098.9,10,no,TIN
9108RP,400000712,Sunflower 5 ltr Jar,Sunflower,,,0,Y,N,HBC:Rasoi:BIB,Case,Ltr,20,CP,MT,1098.9,5,no,JAR
9108RP,400000715,Sunflower 15 kg Tin (LD),Sunflower,,,0,Y,N,HBC:Rasoi:BIB,Case,Ltr,16.48,BP,MT,1098.9,10,no,TIN
9108RP,400000782,Sunflower 500 ml Pouch,Sunflower,,,0,Y,N,HBC:Rasoi:BIB,Case,Ltr,12,CP,MT,1098.9,5,no,Pouch
9116RP,400000128,Palm 500 ml Pouch,Palm,,,0,Y,N,HBC:Rasoi:BIB,Case,Ltr,10,CP,MT,1111.11,5,no,Pouch
9116RP,400000140,Soyabean 1 ltr Pouch,Soyabean,,,0,Y,N,HBC:Rasoi:BIB,Case,Ltr,12,CP,MT,1098.9,5,no,Pouch
9116RP,400000141,Palm 1 ltr Pouch (10pc),Palm,,,0,Y,N,HBC:Rasoi:BIB,Case,Ltr,10,CP,MT,1111.11,5,no,Pouch
9116RP,400000170,Soyabean 500 ml Pouch,Soyabean,,,0,Y,N,HBC:Rasoi:BIB,Case,Ltr,12,CP,MT,1098.9,5,no,Pouch
9116RP,400000255,Soyabean 5 ltr Jar,Soyabean,,,0,Y,N,HBC:Rasoi:BIB,Case,Ltr,20,CP,MT,1098.9,5,no,JAR
9116RP,400000397,Soyabean 15 ltr Jar,Soyabean,,,0,Y,N,HBC:Rasoi:BIB,Case,Ltr,15,BP,MT,1098.9,10,no,JAR
9116RP,400000396,Palm  15 ltr Jar,Palm,,,0,N,Y,HBC:Rasoi:BIB,Case,Ltr,15,BP,MT,1111.11,10,no,JAR
9116RP,400000441,Rasoi 15 kg Jar (Blue),Rasoi,,,0,Y,N,HBC:Rasoi:BIB,Case,Ltr,16.71,BP,MT,1114.21,10,yes,JAR
9116RP,400000521,Rasoi No-1 15 ltr Jar,Rasoi,,,0,Y,N,HBC:Rasoi:BIB,Case,Ltr,15,BP,MT,1114.21,10,yes,JAR
9116RP,400000523,Rasoi No 1 15 kg Jar,Rasoi,,,0,Y,N,HBC:Rasoi:BIB,Case,Ltr,16.71,BP,MT,1114.21,10,yes,JAR
9116RP,400000589,Rasoi No 1 - 1 ltr Pouch,Rasoi,,,0,Y,N,HBC:Rasoi:BIB,Case,Ltr,16,CP,MT,1114.21,5,yes,Pouch
9116RP,400000595,Rasoi No 1 15 kg Tin,Rasoi,,,0,Y,N,HBC:Rasoi:BIB,Case,Ltr,16.71,BP,MT,1114.21,10,yes,TIN
9116RP,400000716,Sunflower 15 ltr Tin (LD),Sunflower,,,0,Y,N,HBC:Rasoi:BIB,Case,Ltr,15,BP,MT,1098.9,10,no,TIN
9116RP,400000594,Rasoi No 1 - 500ml Pouch,Rasoi,,,0,Y,N,HBC:Rasoi:BIB,Case,Ltr,16,CP,MT,1114.21,5,yes,Pouch
9116RP,400000562,Soyabean 1 ltr Bottle - Sidel,Soyabean,,,0,Y,N,HBC:Rasoi:BIB,Case,Ltr,12,CP,MT,1098.9,5,no,Pet
9116RP,400000564,Soyabean 500 ml Bottle - Sidel,Soyabean,,,0,Y,N,HBC:Rasoi:BIB,Case,Ltr,12,CP,MT,1098.9,5,no,Pet
9116RP,400000611,Bake Magic,Bake Magic,,,0,Y,N,HBC:Rasoi:BIB,Case,Ltr,16.67,BP,MT,1111.11,10,no,BAKERY
9116RP,400000635,Rasoi No 1 15 ltr Tin,Rasoi,,,0,Y,N,HBC:Rasoi:BIB,Case,Ltr,15,BP,MT,1114.21,10,yes,TIN
9116RP,400000636,Rasoi No 1 - 200ml Pouch,Rasoi,,,0,N,Y,HBC:Rasoi:BIB,Case,Ltr,16,BP,MT,1114.21,10,yes,Pouch
9116RP,400000566,Soyabean 200 ml Bottle - Sidel,Soyabean,,,0,Y,N,HBC:Rasoi:BIB,Case,Ltr,12,CP,MT,1098.9,5,no,Pet
9116RP,400000637,Sunflower 1 ltr Pouch (12pc),Sunflower,,,0,Y,N,HBC:Rasoi:BIB,Case,Ltr,12,CP,MT,1098.9,5,no,Pouch
9116RP,400000678,Soyabean 15 ltr Tin (New),Soyabean,,,0,Y,N,HBC:Rasoi:BIB,Case,Ltr,15,BP,MT,1098.9,10,no,TIN
9116RP,400000692,Palm 15 kg Tin (New),Palm,,,0,Y,N,HBC:Rasoi:BIB,Case,Ltr,16.67,BP,MT,1111.11,10,no,TIN
9116RP,400000691,Palm 15 ltr Tin (New),Palm,,,0,Y,N,HBC:Rasoi:BIB,Case,Ltr,15,BP,MT,1111.11,10,no,TIN
9116RP,400000693,Soyabean 15 kg Tin (New),Soyabean,,,0,Y,N,HBC:Rasoi:BIB,Case,Ltr,16.48,BP,MT,1098.9,10,no,TIN
9116RP,400000712,Sunflower 5 ltr Jar,Sunflower,,,0,Y,N,HBC:Rasoi:BIB,Case,Ltr,20,CP,MT,1098.9,5,no,JAR
9116RP,400000715,Sunflower 15 kg Tin (LD),Sunflower,,,0,Y,N,HBC:Rasoi:BIB,Case,Ltr,16.48,BP,MT,1098.9,10,no,TIN
9116RP,400000782,Sunflower 500 ml Pouch,Sunflower,,,0,Y,N,HBC:Rasoi:BIB,Case,Ltr,12,CP,MT,1098.9,5,no,Pouch
9117,400000589,Rasoi No 1 - 1 ltr Pouch,Rasoi,,,0,Y,N,HBC:Rasoi:BIB,Case,Ltr,16,CP,MT,1114.21,5,yes,Pouch
9412KA,400000141,Palm 1 ltr Pouch (10pc),Palm,,,0,Y,N,HBC:Rasoi:BIB,Case,Ltr,10,CP,MT,1111.11,5,no,Pouch
9412KA,400000692,Palm 15 kg Tin (New),Palm,,,0,Y,N,HBC:Rasoi:BIB,Case,Ltr,16.67,BP,MT,1111.11,10,no,TIN
9408KA,400000141,Palm 1 ltr Pouch (10pc),Palm,,,0,Y,N,HBC:Rasoi:BIB,Case,Ltr,10,CP,MT,1111.11,5,no,Pouch
9408KA,400000692,Palm 15 kg Tin (New),Palm,,,0,Y,N,HBC:Rasoi:BIB,Case,Ltr,16.67,BP,MT,1111.11,10,no,TIN
9409KA,400000141,Palm 1 ltr Pouch (10pc),Palm,,,0,Y,N,HBC:Rasoi:BIB,Case,Ltr,10,CP,MT,1111.11,5,no,Pouch
9409KA,400000692,Palm 15 kg Tin (New),Palm,,,0,Y,N,HBC:Rasoi:BIB,Case,Ltr,16.67,BP,MT,1111.11,10,no,TIN
9411KA,400000141,Palm 1 ltr Pouch (10pc),Palm,,,0,Y,N,HBC:Rasoi:BIB,Case,Ltr,10,CP,MT,1111.11,5,no,Pouch
9411KA,400000692,Palm 15 kg Tin (New),Palm,,,0,Y,N,HBC:Rasoi:BIB,Case,Ltr,16.67,BP,MT,1111.11,10,no,TIN
9405KA,400000141,Palm 1 ltr Pouch (10pc),Palm,,,0,Y,N,HBC:Rasoi:BIB,Case,Ltr,10,CP,MT,1111.11,5,no,Pouch
9405KA,400000692,Palm 15 kg Tin (New),Palm,,,0,Y,N,HBC:Rasoi:BIB,Case,Ltr,16.67,BP,MT,1111.11,10,no,TIN
5000D,400000141,Palm 1 ltr Pouch (10pc),Palm,,,0,Y,N,HBC:Rasoi:BIB,Case,Ltr,10,CP,MT,1111.11,5,no,Pouch
5000D,400000692,Palm 15 kg Tin (New),Palm,,,0,Y,N,HBC:Rasoi:BIB,Case,Ltr,16.67,BP,MT,1111.11,10,no,TIN
9415KA,400000141,Palm 1 ltr Pouch (10pc),Palm,,,0,Y,N,HBC:Rasoi:BIB,Case,Ltr,10,CP,MT,1111.11,5,no,Pouch
9415KA,400000692,Palm 15 kg Tin (New),Palm,,,0,Y,N,HBC:Rasoi:BIB,Case,Ltr,16.67,BP,MT,1111.11,10,no,TIN
9417KA,400000692,Palm 15 kg Tin (New),Palm,,,0,Y,N,HBC:Rasoi:BIB,Case,Ltr,16.67,BP,MT,1111.11,10,no,TIN
9119RP,400000128,Palm 500 ml Pouch,Palm,,,0,Y,N,HBC:Rasoi:BIB,Case,Ltr,10,CP,MT,1111.11,5,no,Pouch
9119RP,400000140,Soyabean 1 ltr Pouch,Soyabean,,,0,Y,N,HBC:Rasoi:BIB,Case,Ltr,12,CP,MT,1098.9,5,no,Pouch
9119RP,400000141,Palm 1 ltr Pouch (10pc),Palm,,,0,Y,N,HBC:Rasoi:BIB,Case,Ltr,10,CP,MT,1111.11,5,no,Pouch
9119RP,400000170,Soyabean 500 ml Pouch,Soyabean,,,0,Y,N,HBC:Rasoi:BIB,Case,Ltr,12,CP,MT,1098.9,5,no,Pouch
9119RP,400000255,Soyabean 5 ltr Jar,Soyabean,,,0,Y,N,HBC:Rasoi:BIB,Case,Ltr,20,CP,MT,1098.9,5,no,JAR
9119RP,400000397,Soyabean 15 ltr Jar,Soyabean,,,0,Y,N,HBC:Rasoi:BIB,Case,Ltr,15,BP,MT,1098.9,10,no,JAR
9119RP,400000396,Palm  15 ltr Jar,Palm,,,0,N,Y,HBC:Rasoi:BIB,Case,Ltr,15,BP,MT,1111.11,10,no,JAR
9119RP,400000441,Rasoi 15 kg Jar (Blue),Rasoi,,,0,Y,N,HBC:Rasoi:BIB,Case,Ltr,16.71,BP,MT,1114.21,10,yes,JAR
9119RP,400000521,Rasoi No-1 15 ltr Jar,Rasoi,,,0,Y,N,HBC:Rasoi:BIB,Case,Ltr,15,BP,MT,1114.21,10,yes,JAR
9119RP,400000523,Rasoi No 1 15 kg Jar,Rasoi,,,0,Y,N,HBC:Rasoi:BIB,Case,Ltr,16.72,BP,MT,1114.83,10,yes,JAR
9119RP,400000589,Rasoi No 1 - 1 ltr Pouch,Rasoi,,,0,Y,N,HBC:Rasoi:BIB,Case,Ltr,16,CP,MT,1114.21,5,yes,Pouch
9119RP,400000595,Rasoi No 1 15 kg Tin,Rasoi,,,0,Y,N,HBC:Rasoi:BIB,Case,Ltr,16.72,BP,MT,1114.83,10,yes,TIN
9119RP,400000716,Sunflower 15 ltr Tin (LD),Sunflower,,,0,Y,N,HBC:Rasoi:BIB,Case,Ltr,15,BP,MT,1098.9,10,no,TIN
9119RP,400000594,Rasoi No 1 - 500ml Pouch,Rasoi,,,0,Y,N,HBC:Rasoi:BIB,Case,Ltr,16,CP,MT,1114.21,5,yes,Pouch
9119RP,400000562,Soyabean 1 ltr Bottle - Sidel,Soyabean,,,0,Y,N,HBC:Rasoi:BIB,Case,Ltr,12,CP,MT,1098.9,5,no,Pet
9119RP,400000564,Soyabean 500 ml Bottle - Sidel,Soyabean,,,0,Y,N,HBC:Rasoi:BIB,Case,Ltr,12,CP,MT,1098.9,5,no,Pet
9119RP,400000611,Bake Magic,Bake Magic,,,0,Y,N,HBC:Rasoi:BIB,Case,Ltr,16.67,BP,MT,1111.11,10,no,BAKERY
9119RP,400000635,Rasoi No 1 15 ltr Tin,Rasoi,,,0,Y,N,HBC:Rasoi:BIB,Case,Ltr,15,BP,MT,1114.21,10,yes,TIN
9119RP,400000636,Rasoi No 1 - 200ml Pouch,Rasoi,,,0,N,Y,HBC:Rasoi:BIB,Case,Ltr,16,BP,MT,1114.21,10,yes,Pouch
9119RP,400000566,Soyabean 200 ml Bottle - Sidel,Soyabean,,,0,Y,N,HBC:Rasoi:BIB,Case,Ltr,12,CP,MT,1098.9,5,no,Pet
9119RP,400000637,Sunflower 1 ltr Pouch (12pc),Sunflower,,,0,Y,N,HBC:Rasoi:BIB,Case,Ltr,12,CP,MT,1098.9,5,no,Pouch
9119RP,400000678,Soyabean 15 ltr Tin (New),Soyabean,,,0,Y,N,HBC:Rasoi:BIB,Case,Ltr,15,BP,MT,1098.9,10,no,TIN
9119RP,400000692,Palm 15 kg Tin (New),Palm,,,0,Y,N,HBC:Rasoi:BIB,Case,Ltr,16.67,BP,MT,1111.11,10,no,TIN
9119RP,400000691,Palm 15 ltr Tin (New),Palm,,,0,Y,N,HBC:Rasoi:BIB,Case,Ltr,15,BP,MT,1111.11,10,no,TIN
9119RP,400000693,Soyabean 15 kg Tin (New),Soyabean,,,0,Y,N,HBC:Rasoi:BIB,Case,Ltr,16.48,BP,MT,1098.9,10,no,TIN
9119RP,400000712,Sunflower 5 ltr Jar,Sunflower,,,0,Y,N,HBC:Rasoi:BIB,Case,Ltr,20,CP,MT,1098.9,5,no,JAR
9119RP,400000715,Sunflower 15 kg Tin (LD),Sunflower,,,0,Y,N,HBC:Rasoi:BIB,Case,Ltr,16.48,BP,MT,1098.9,10,no,TIN
9119RP,400000782,Sunflower 500 ml Pouch,Sunflower,,,0,Y,N,HBC:Rasoi:BIB,Case,Ltr,12,CP,MT,1098.9,5,no,Pouch
9119RP,400000450,Palm 1 ltr Pouch (16pc),Palm,,,0,Y,N,HBC:Rasoi:BIB,Case,Ltr,16,CP,MT,1111.11,5,no,Pouch
9119RP,400000260,Sunflower 1 ltr Pouch (16pc),Sunflower,,,0,Y,N,HBC:Rasoi:BIB,Case,Ltr,16,CP,MT,1098.9,5,no,Pouch
9119RP,400000710,Sunflower 15 ltr Jar (LD),Sunflower,,,0,Y,N,HBC:Rasoi:BIB,Case,Ltr,15,BP,MT,1098.9,10,no,JAR
9111,400000873,Soyabean 1 ltr Pouch (1*10),Soyabean,,,0,Y,N,HBC:Rasoi:BIB,Case,Ltr,10,CP,MT,1098.9,5,no,Pouch
9103,400000873,Soyabean 1 ltr Pouch (1*10),Soyabean,,,0,Y,N,HBC:Rasoi:BIB,Case,Ltr,10,CP,MT,1098.9,5,no,Pouch
9118,400000873,Soyabean 1 ltr Pouch (1*10),Soyabean,,,0,Y,N,HBC:Rasoi:BIB,Case,Ltr,10,CP,MT,1098.9,5,no,Pouch
1000D,400000873,Soyabean 1 ltr Pouch (1*10),Soyabean,,,0,Y,N,HBC:Rasoi:BIB,Case,Ltr,10,CP,MT,1098.9,5,no,Pouch
9117,400000873,Soyabean 1 ltr Pouch (1*10),Soyabean,,,0,Y,N,HBC:Rasoi:BIB,Case,Ltr,10,CP,MT,1098.9,5,no,Pouch
