customer_code(fk)/customer_name,emp_code/emp_name,Invoice Id,Invoice Date,Invoice amount,Due amount
A010,1100302,IGFX/15923/20-EX,19-08-2019,141780,141780
A010,1100302,IGFX/15879/20-EX,19-08-2019,125100,125100
A010,1100302,IGFX/15882/20-EX,19-08-2019,125100,125100
A010,1100302,IGFX/15893/20-EX,19-08-2019,125100,125100
A010,1100302,IGLE/03586/20-EX,19-08-2019,62550,62550
A010,1100302,IGLE/03571/20-EX,18-08-2019,62550,62550
A010,1100302,IGLE/03584/20-EX,18-08-2019,62550,62550
A010,1100302,IGLE/03585/20-EX,18-08-2019,62550,62550
A010,1100302,IGFX/15766/20-EX,18-08-2019,141780,141780
A010,1100302,IGFX/15767/20-EX,18-08-2019,133440,133440
A010,1100302,IGFX/15804/20-EX,18-08-2019,141780,141780
A010,1100302,IGFX/15825/20-EX,18-08-2019,125100,125100
A010,1100302,IGFX/15864/20-EX,18-08-2019,125100,125100
A010,1100302,IGFX/15848/20-EX,18-08-2019,58380,58380
A010,1100302,IGFX/15847/20-EX,18-08-2019,83400,83400
A010,1100302,IGFX/15795/20-EX,18-08-2019,141780,141780
A010,1100302,IGLE/03573/20-EX,18-08-2019,62550,62550
A010,1100302,IGFX/15615/20-EX,17-08-2019,125100,125100
A010,1100302,IGFX/15616/20-EX,17-08-2019,125100,125100
A010,1100302,IGFX/15650/20-EX,17-08-2019,125100,125100
A010,1100302,IGFX/15651/20-EX,17-08-2019,41700,41700
A010,1100302,IGLE/03553/20-EX,17-08-2019,62550,62550
A010,1100302,IGLE/03554/20-EX,17-08-2019,62550,62550
A010,1100302,IGLE/03549/20-EX,16-08-2019,62550,62550
A010,1100302,IGLE/03550/20-EX,16-08-2019,62550,62550
A010,1100302,IGFX/15436/20-EX,15-08-2019,150120,150120
A010,1100302,IGFX/15519/20-EX,15-08-2019,100080,100080
A010,1100302,IGFX/15520/20-EX,15-08-2019,25020,25020
A010,1100302,IGFX/15466/20-EX,15-08-2019,125100,125100
A010,1100302,IGFX/15446/20-EX,15-08-2019,125100,125100
A010,1100302,IGFX/15445/20-EX,15-08-2019,125100,125100
A010,1100302,IGLE/03545/20-EX,14-08-2019,62550,62550
A010,1100302,IGLE/03535/20-EX,13-08-2019,62550,62550
A010,1100302,IGLE/03528/20-EX,11-08-2019,62550,62550
A010,1100302,IGLE/03529/20-EX,11-08-2019,62550,62550
A010,1100302,IGFX/14999/20-EX,10-08-2019,125100,125100
A010,1100302,IGFX/15022/20-EX,10-08-2019,125100,125100
A010,1100302,IGFX/15025/20-EX,10-08-2019,125100,125100
A010,1100302,IGFX/15117/20-EX,10-08-2019,125100,125100
A010,1100302,IGFX/15118/20-EX,10-08-2019,125100,125100
A010,1100302,IGLE/03527/20-EX,10-08-2019,62550,62550
A010,1100302,IGLE/03523/20-EX,10-08-2019,62550,62550
A010,1100302,IGLE/03518/20-EX,09-08-2019,62550,62550
A010,1100302,IGLE/03510/20-EX,09-08-2019,62550,62550
A010,1100302,IGFX/14902/20-EX,09-08-2019,125100,125100
A010,1100302,IGFX/14940/20-EX,09-08-2019,125100,125100
A010,1100302,IGFX/14742/20-EX,08-08-2019,125100,125100
A010,1100302,IGFX/14757/20-EX,08-08-2019,125100,125100
A010,1100302,IGFX/14758/20-EX,08-08-2019,125100,125100
A010,1100302,IGFX/14759/20-EX,08-08-2019,125100,125100
A010,1100302,IGFX/14869/20-EX,08-08-2019,125100,125100
A010,1100302,IGLE/03501/20-EX,08-08-2019,62550,62550
A010,1100302,IGLE/03500/20-EX,08-08-2019,62550,62550
B021,1100435,ILSL/03723/19-20,28-08-2019,21500,21500
B021,1100435,ILSL/03727/19-20,28-08-2019,47300,47300
B021,1100435,ILSL/03728/19-20,28-08-2019,43500,43500
B021,1100435,ILSL/03729/19-20,28-08-2019,43500,43500
B021,1100435,ILSL/03737/19-20,28-08-2019,47300,47300
B021,1100435,ILSL/03724/19-20,28-08-2019,21500,21500
B021,1100435,ILSL/03730/19-20,28-08-2019,21500,21500
B021,1100435,ILSL/03731/19-20,28-08-2019,43500,43500
B021,1100435,ILSL/03732/19-20,28-08-2019,43500,43500
B021,1100435,ILSL/03735/19-20,28-08-2019,43000,43000
B021,1100435,ILSL/03741/19-20,28-08-2019,21500,21500
B021,1100435,ILSL/03743/19-20,28-08-2019,21500,21500
B021,1100435,ILKL/01066/19-20,28-08-2019,178350,178350
B021,1100435,ILSL/03714/19-20,28-08-2019,21750,21750
B021,1100435,ILSL/03716/19-20,28-08-2019,43000,43000
B021,1100435,ILSL/03717/19-20,28-08-2019,43000,43000
B021,1100435,ILSL/03718/19-20,28-08-2019,21500,21500
B021,1100435,ILSL/03721/19-20,28-08-2019,43000,43000
B021,1100435,ILSL/03684/19-20,27-08-2019,47300,47300
B021,1100435,ILSL/03694/19-20,27-08-2019,21500,21500
B021,1100435,ILSL/03701/19-20,27-08-2019,21750,21750
B021,1100435,ILSL/03702/19-20,27-08-2019,21500,21500
B021,1100435,ILSL/03705/19-20,27-08-2019,21500,21500
B021,1100435,ILSL/03687/19-20,27-08-2019,30450,30450
B021,1100435,ILSL/03688/19-20,27-08-2019,26100,26100
B021,1100435,ILSL/03689/19-20,27-08-2019,21500,21500
B021,1100435,ILSL/03690/19-20,27-08-2019,21500,21500
B021,1100435,ILSL/03692/19-20,27-08-2019,21500,21500
B021,1100435,ILSL/03693/19-20,27-08-2019,21500,21500
B021,1100435,ILSL/03707/19-20,27-08-2019,21500,21500
B021,1100435,ILBD/02200/19-20,27-08-2019,43500,43500
B021,1100435,ILSL/03656/19-20,26-08-2019,43500,43500
B021,1100435,ILSL/03661/19-20,26-08-2019,21500,21500
B021,1100435,ILSL/03662/19-20,26-08-2019,43000,43000
B021,1100435,ILSL/03665/19-20,26-08-2019,12900,12900
B021,1100435,ILSL/03669/19-20,26-08-2019,43000,43000
B021,1100435,ILSL/03670/19-20,26-08-2019,21750,21750
B021,1100435,ILSL/03671/19-20,26-08-2019,21750,21750
B021,1100435,ILSL/03673/19-20,26-08-2019,21500,21500
B021,1100435,ILSL/03675/19-20,26-08-2019,21500,21500
B021,1100435,ILSL/03636/19-20,25-08-2019,43500,43500
B021,1100435,ILSL/03641/19-20,25-08-2019,21500,21500
B021,1100435,ILSL/03642/19-20,25-08-2019,21500,21500
B021,1100435,ILSL/03644/19-20,25-08-2019,17200,17200
B021,1100435,ILSL/03645/19-20,25-08-2019,21500,21500
B021,1100435,ILSL/03647/19-20,25-08-2019,21500,21500
B021,1100435,ILSL/03648/19-20,25-08-2019,43500,43500
B021,1100435,ILSL/03649/19-20,25-08-2019,43000,43000
B021,1100435,ILSL/03650/19-20,25-08-2019,43500,43500
B021,1100435,ILSL/03651/19-20,25-08-2019,21500,21500
A184,AEMP000799000100,IGFB/01073/19-20,26-08-2019,7500,7500
A184,AEMP000799000100,IGFB/01076/19-20,26-08-2019,7500,7500
A184,AEMP000799000100,ISFB/00443/19-20,26-08-2019,7500,7500
A184,AEMP000799000100,IGFB/01052/19-20,22-08-2019,7500,7500
A184,AEMP000799000100,IGFB/01056/19-20,22-08-2019,22500,22500
A184,AEMP000799000100,IGSL/03708/19-20,21-08-2019,192500,192500
A184,AEMP000799000100,IGSL/03709/19-20,21-08-2019,115500,102125
M181,AEMP000799000100,ISS2/00548/19-20,09-08-2019,52500,52500
M181,AEMP000799000100,ISS2/00551/19-20,09-08-2019,22500,22500
M181,AEMP000799000100,IGSL/03376/19-20,09-08-2019,15000,15000
M181,AEMP000799000100,IGSL/03347/19-20,08-08-2019,11250,11250
M181,AEMP000799000100,ISS2/00516/19-20,08-08-2019,45000,45000
M181,AEMP000799000100,ISS2/00523/19-20,08-08-2019,15000,15000
M181,AEMP000799000100,IGSL/03312/19-20,07-08-2019,33750,33750
M181,AEMP000799000100,IGS2/02507/19-20,07-08-2019,18750,18750
M181,AEMP000799000100,IGS2/02509/19-20,07-08-2019,45000,45000
M181,AEMP000799000100,IGS2/02476/19-20,06-08-2019,41250,41250
M181,AEMP000799000100,IGS2/02485/19-20,06-08-2019,45000,45000
M181,AEMP000799000100,IGSL/03260/19-20,06-08-2019,22500,22500
M181,AEMP000799000100,IGSL/03234/19-20,05-08-2019,45000,45000
M181,AEMP000799000100,IGSL/03236/19-20,05-08-2019,15000,15000
M181,AEMP000799000100,IGSL/03249/19-20,05-08-2019,26250,26250
M181,AEMP000799000100,IGS2/02460/19-20,05-08-2019,30000,30000
M181,AEMP000799000100,IGS2/02424/19-20,03-08-2019,22500,22500
M181,AEMP000799000100,IGS2/02425/19-20,03-08-2019,45000,45000
M181,AEMP000799000100,IGSL/03195/19-20,03-08-2019,7500,7500
M181,AEMP000799000100,IGSL/03163/19-20,02-08-2019,30000,30000
M181,AEMP000799000100,IGS2/02411/19-20,02-08-2019,22500,22500
M181,AEMP000799000100,IGS2/02369/19-20,01-08-2019,45000,45000
M181,AEMP000799000100,IGSL/03123/19-20,01-08-2019,52500,52500
M181,AEMP000799000100,IGSL/03124/19-20,01-08-2019,41250,41250
M181,AEMP000799000100,IGSL/03059/19-20,31-07-2019,37500,37500
M181,AEMP000799000100,IGSL/03073/19-20,31-07-2019,37500,37500
M181,AEMP000799000100,IGS2/02358/19-20,31-07-2019,18750,18750
M181,AEMP000799000100,IGS2/02309/19-20,30-07-2019,18750,18750
M181,AEMP000799000100,IGS2/02327/19-20,30-07-2019,22500,22500
M181,AEMP000799000100,IGS2/02329/19-20,30-07-2019,37500,37500
M181,AEMP000799000100,IGS2/02342/19-20,30-07-2019,20625,20625
M181,AEMP000799000100,IGSL/03022/19-20,30-07-2019,20625,20625
M181,AEMP000799000100,IGSL/02958/19-20,29-07-2019,15000,15000
M181,AEMP000799000100,IGSL/02972/19-20,29-07-2019,30000,30000
M181,AEMP000799000100,IGSL/02978/19-20,29-07-2019,22500,22500
M181,AEMP000799000100,IGSL/02986/19-20,29-07-2019,30000,7300
M181,AEMP000799000100,ISS2/00743/19-20,29-08-2019,45000,45000
M181,AEMP000799000100,ISS2/00726/19-20,28-08-2019,22500,22500
M181,AEMP000799000100,IGSL/04016/19-20,28-08-2019,30000,30000
M181,AEMP000799000100,ISS2/00664/19-20,27-08-2019,22500,22500
M181,AEMP000799000100,ISS2/00672/19-20,27-08-2019,45000,45000
G035,1100504,IGFX/17434/20-EX,29-08-2019,174400,174400
G035,1100504,IGFX/16416/20-EX,22-08-2019,174400,174400
G035,1100504,IGFX/15343/20-EX,14-08-2019,174400,174400
G035,1100504,IGFX/14920/20-EX,09-08-2019,174400,174400
G035,1100504,IGFX/14140/20-EX,03-08-2019,174400,174400
G035,1100504,IGFX/14018/20-EX,02-08-2019,174400,27538
P147,CMCL_117,ISDS/01525/19-20,27-08-2019,130900,130900
P147,CMCL_117,ISDS/01491/19-20,24-08-2019,130900,130900
P147,CMCL_117,ISDS/01492/19-20,24-08-2019,130900,130900
P147,CMCL_117,ISDS/01474/19-20,22-08-2019,130900,130900
P147,CMCL_117,ISDS/01468/19-20,21-08-2019,130900,130900
P147,CMCL_117,ISDS/01443/19-20,19-08-2019,130900,130900
P147,CMCL_117,IGBX/00454/19-20,18-08-2019,192500,192500
P147,CMCL_117,ISDS/01435/19-20,17-08-2019,154000,154000
P147,CMCL_117,ISDS/01418/19-20,16-08-2019,130900,130900
P147,CMCL_117,IGBX/00453/19-20,16-08-2019,192500,192500
P147,CMCL_117,ISDS/01414/19-20,14-08-2019,154000,154000
P147,CMCL_117,ISDS/01417/19-20,14-08-2019,130900,130900
P147,CMCL_117,ISDS/01396/19-20,10-08-2019,130900,130900
P147,CMCL_117,ISDS/01398/19-20,10-08-2019,130900,130900
P147,CMCL_117,ISDS/01401/19-20,10-08-2019,130900,130900
P147,CMCL_117,ISDS/01390/19-20,08-08-2019,130900,130900
P147,CMCL_117,ISDS/01391/19-20,08-08-2019,130900,130900
P147,CMCL_117,IGBX/00448/19-20,06-08-2019,200200,200200
P147,CMCL_117,IGBX/00447/19-20,05-08-2019,231000,231000
P147,CMCL_117,ISDS/01379/19-20,05-08-2019,130900,9735
R114,CMCL_205,IGBX/00482/19-20,29-08-2019,192500,192500
R114,CMCL_205,ISFB/00472/19-20,29-08-2019,22500,22500
R114,CMCL_205,ISFB/00475/19-20,29-08-2019,18750,18750
R114,CMCL_205,ISFB/00476/19-20,29-08-2019,3750,3750
R114,CMCL_205,ISFB/00477/19-20,29-08-2019,22500,22500
R114,CMCL_205,IGSL/04010/19-20,28-08-2019,22500,22500
R114,CMCL_205,ISFB/00459/19-20,28-08-2019,22500,22500
R114,CMCL_205,ISFB/00460/19-20,28-08-2019,15000,15000
R114,CMCL_205,ISFB/00464/19-20,28-08-2019,22500,22500
R114,CMCL_205,ISS2/00708/19-20,28-08-2019,15000,15000
R114,CMCL_205,ISS2/00727/19-20,28-08-2019,45000,45000
R114,CMCL_205,IGBX/00472/19-20,27-08-2019,165550,165550
R114,CMCL_205,IGFB/01085/19-20,27-08-2019,22500,22500
R114,CMCL_205,ISFB/00448/19-20,27-08-2019,22500,22500
R114,CMCL_205,ISS2/00663/19-20,27-08-2019,18750,18750
R114,CMCL_205,ISS2/00680/19-20,27-08-2019,46875,46875
R114,CMCL_205,IGFB/01080/19-20,26-08-2019,22500,22500
R114,CMCL_205,IGSL/03887/19-20,26-08-2019,45000,45000
R114,CMCL_205,IGS2/02756/19-20,24-08-2019,37500,37500
R114,CMCL_205,IGSL/03872/19-20,24-08-2019,169400,169400
R114,CMCL_205,IGFB/01068/19-20,24-08-2019,11250,11250
R114,CMCL_205,ISFB/00442/19-20,24-08-2019,11250,11250
R114,CMCL_205,IGSL/03796/19-20,23-08-2019,154000,154000
R114,CMCL_205,IGSL/03804/19-20,23-08-2019,154000,154000
R114,CMCL_205,IGSL/03809/19-20,23-08-2019,154000,154000
A010,1100302,IGFX/14602/20-EX,07-08-2019,125100,125100
A010,1100302,IGLE/03470/20-EX,07-08-2019,62550,62550
A010,1100302,IGLE/03469/20-EX,07-08-2019,62550,62550
A010,1100302,IGFX/14576/20-EX,07-08-2019,125100,125100
NEA245,1101045,IGFX/15789/20-EX,18-08-2019,191840,191840
A010,1100302,IGFX/14400/20-EX,06-08-2019,125100,125100
A010,1100302,IGFX/14544/20-EX,06-08-2019,125100,125100
A010,1100302,IGFX/14546/20-EX,06-08-2019,125100,125100
A010,1100302,IGLE/03447/20-EX,06-08-2019,62550,62550
A010,1100302,IGLE/03438/20-EX,06-08-2019,62550,62550
A010,1100302,IGLE/03413/20-EX,05-08-2019,62550,62550
A010,1100302,IGFX/17371/20-EX,29-08-2019,125100,125100
A010,1100302,IGLE/03821/20-EX,29-08-2019,62550,62550
A010,1100302,IGLE/03829/20-EX,29-08-2019,62550,62550
A010,1100302,IGLE/03815/20-EX,29-08-2019,62550,62550
A010,1100302,IGFX/17396/20-EX,29-08-2019,125100,125100
A010,1100302,IGFX/17258/20-EX,28-08-2019,125100,125100
A010,1100302,IGLE/03797/20-EX,28-08-2019,62550,62550
A010,1100302,IGLE/03812/20-EX,28-08-2019,62550,62550
A010,1100302,IGFX/17228/20-EX,28-08-2019,125100,125100
A010,1100302,IGFX/17229/20-EX,28-08-2019,125100,125100
A010,1100302,IGFX/17235/20-EX,28-08-2019,125100,125100
A010,1100302,IGFX/17269/20-EX,28-08-2019,125100,125100
A010,1100302,IGFX/17337/20-EX,28-08-2019,125100,125100
A010,1100302,IGLE/03778/20-EX,27-08-2019,62550,62550
A010,1100302,IGFX/17054/20-EX,27-08-2019,125100,125100
A010,1100302,IGFX/17071/20-EX,27-08-2019,25020,25020
A010,1100302,IGFX/17072/20-EX,27-08-2019,100080,100080
A010,1100302,IGFX/17073/20-EX,27-08-2019,125100,125100
A010,1100302,IGFX/17126/20-EX,27-08-2019,125100,125100
A010,1100302,IGFX/17063/20-EX,27-08-2019,125100,125100
A010,1100302,IGLE/03771/20-EX,27-08-2019,62550,62550
A010,1100302,IGLE/03758/20-EX,26-08-2019,62550,62550
A010,1100302,IGLE/03748/20-EX,26-08-2019,62550,62550
A010,1100302,IGLE/03739/20-EX,26-08-2019,62550,62550
A010,1100302,IGLE/03737/20-EX,25-08-2019,62550,62550
A010,1100302,IGLE/03729/20-EX,25-08-2019,62550,62550
A010,1100302,IGFX/16645/20-EX,24-08-2019,125100,125100
A010,1100302,IGFX/16656/20-EX,24-08-2019,133440,133440
A010,1100302,IGFX/16669/20-EX,24-08-2019,150120,150120
A010,1100302,IGFX/16675/20-EX,24-08-2019,125100,125100
A010,1100302,IGLE/03714/20-EX,24-08-2019,62550,62550
A010,1100302,IGLE/03717/20-EX,24-08-2019,62550,62550
A010,1100302,IGLE/03693/20-EX,23-08-2019,62550,62550
A010,1100302,IGFX/16503/20-EX,23-08-2019,133440,133440
A010,1100302,IGFX/16507/20-EX,23-08-2019,125100,125100
A010,1100302,IGFX/16521/20-EX,23-08-2019,133440,133440
A010,1100302,IGFX/16522/20-EX,23-08-2019,141780,141780
A010,1100302,IGFX/16538/20-EX,23-08-2019,133440,133440
A010,1100302,IGFX/16539/20-EX,23-08-2019,150120,150120
M181,AEMP000799000100,ISS2/00686/19-20,27-08-2019,30000,30000
M181,AEMP000799000100,IGSL/03919/19-20,26-08-2019,28125,28125
M181,AEMP000799000100,IGSL/03920/19-20,26-08-2019,26250,26250
M181,AEMP000799000100,IGSL/03923/19-20,26-08-2019,11250,11250
C091,CMCL_129,ISDS/00575/17-18,12-09-2017,34700,34700
C091,CMCL_129,ISDS/00576/17-18,12-09-2017,90220,90220
C091,CMCL_129,ISDS/00528/17-18,09-09-2017,104100,104100
C091,CMCL_129,ISDS/00367/17-18,29-08-2017,104100,104100
C091,CMCL_129,ISDS/00371/17-18,29-08-2017,106500,106500
C091,CMCL_129,ISDL/00027/17-18,25-08-2017,34700,34700
C091,CMCL_129,IGDK/00027/17-18,25-08-2017,104100,104100
C091,CMCL_129,IGDK/00028/17-18,25-08-2017,69400,69400
C091,CMCL_129,ISDS/00200/17-18,29-07-2017,77440,77440
C091,CMCL_129,ISDS/00201/17-18,29-07-2017,70400,70400
C091,CMCL_129,ISDS/00206/17-18,29-07-2017,105600,105600
C091,CMCL_129,ISDS/00061/17-18,12-07-2017,105600,105600
C091,CMCL_129,IGDK/00006/17-18,12-07-2017,113100,113100
C091,CMCL_129,ISDS/00059/17-18,11-07-2017,105600,105600
C091,CMCL_129,ISDS/00060/17-18,11-07-2017,108000,108000
C091,CMCL_129,JDWK/00052/17-18,01-07-2017,50478,50478
C091,CMCL_129,JSWK/00045/17-18,01-07-2017,8944993,8944993
C091,CMCL_129,SAGDL/00308/2017-2018,30-06-2017,39800,39800
C091,CMCL_129,SAGDL/00309/2017-2018,30-06-2017,159200,10923.75
C091,CMCL_129,JGWK/00644/17-18,16-02-2018,8300,8300
C091,CMCL_129,JGWK/00590/17-18,31-01-2018,3500,3500
C091,CMCL_129,IGDK/00350/17-18,22-12-2017,101700,101700
C091,CMCL_129,IGDK/00343/17-18,19-12-2017,67800,67800
C091,CMCL_129,IGDK/00345/17-18,19-12-2017,103200,103200
C091,CMCL_129,IGDK/00332/17-18,14-12-2017,55040,55040
C091,CMCL_129,IGDK/00318/17-18,08-12-2017,96320,96320
C091,CMCL_129,IGDK/00319/17-18,08-12-2017,55040,55040
C091,CMCL_129,IGDK/00313/17-18,05-12-2017,55040,55040
C091,CMCL_129,IGDK/00301/17-18,28-11-2017,55840,55840
C091,CMCL_129,IGDK/00302/17-18,28-11-2017,55840,55840
C091,CMCL_129,IGDK/00303/17-18,28-11-2017,55840,55840
C091,CMCL_129,IGDK/00297/17-18,24-11-2017,55840,55840
C091,CMCL_129,IGDK/00293/17-18,23-11-2017,55840,55840
C091,CMCL_129,IGDK/00296/17-18,23-11-2017,55840,55840
C091,CMCL_129,IGDK/00265/17-18,13-11-2017,56640,56640
C091,CMCL_129,IGDK/00268/17-18,13-11-2017,56640,56640
C091,CMCL_129,IGDK/00269/17-18,13-11-2017,56640,56640
C091,CMCL_129,IGDK/00270/17-18,13-11-2017,56640,56640
C091,CMCL_129,IGDK/00271/17-18,13-11-2017,56640,56640
C091,CMCL_129,IGDK/00247/17-18,09-11-2017,49560,49560
C091,CMCL_129,IGDK/00248/17-18,09-11-2017,49560,49560
C091,CMCL_129,IGDK/00249/17-18,09-11-2017,49560,49560
C091,CMCL_129,IGDK/00251/17-18,09-11-2017,49560,49560
C091,CMCL_129,IGDK/00214/17-18,27-10-2017,70800,70800
C091,CMCL_129,IGDK/00208/17-18,26-10-2017,69800,69800
A010,1100302,IGFX/16602/20-EX,23-08-2019,125100,125100
A010,1100302,IGLE/03690/20-EX,23-08-2019,62550,62550
A010,1100302,IGLE/03684/20-EX,23-08-2019,62550,62550
A010,1100302,IGLE/03676/20-EX,23-08-2019,62550,62550
A010,1100302,IGFX/16598/20-EX,23-08-2019,166800,166800
A010,1100302,IGFX/16446/20-EX,22-08-2019,133440,133440
A010,1100302,IGLE/03669/20-EX,22-08-2019,62550,62550
A010,1100302,IGLE/03666/20-EX,22-08-2019,62550,62550
A010,1100302,IGLE/03632/20-EX,21-08-2019,62550,62550
A010,1100302,IGFX/16304/20-EX,21-08-2019,141780,141780
A010,1100302,IGFX/16303/20-EX,21-08-2019,33360,33360
A010,1100302,IGFX/16302/20-EX,21-08-2019,108420,108420
B011,1101245,IGFX/17398/20-EX,29-08-2019,167600,167600
B011,1101245,IGFX/17410/20-EX,29-08-2019,209500,209500
B011,1101245,IGFX/17239/20-EX,28-08-2019,125700,125700
B011,1101245,IGFX/17276/20-EX,28-08-2019,125700,125700
B011,1101245,IGFX/17335/20-EX,28-08-2019,167600,167600
B011,1101245,IGFX/17082/20-EX,27-08-2019,209500,209500
B011,1101245,IGFX/17199/20-EX,27-08-2019,125700,125700
B011,1101245,IGFX/17200/20-EX,27-08-2019,83800,83800
B011,1101245,IGFX/16995/20-EX,26-08-2019,167600,167600
B011,1101245,IGFX/16807/20-EX,25-08-2019,41900,41900
B011,1101245,IGFX/16808/20-EX,25-08-2019,167600,167600
B011,1101245,IGFX/16829/20-EX,25-08-2019,167600,167600
B011,1101245,IGFX/16831/20-EX,25-08-2019,167600,167600
B011,1101245,IGFX/16721/20-EX,24-08-2019,125700,125700
B011,1101245,IGFX/16658/20-EX,24-08-2019,167600,167600
B011,1101245,IGFX/16680/20-EX,24-08-2019,83800,83800
B011,1101245,IGFX/16681/20-EX,24-08-2019,125700,125700
B011,1101245,IGFX/16787/20-EX,24-08-2019,209500,209500
B011,1101245,IGFX/16474/20-EX,23-08-2019,125700,125700
B011,1101245,IGFX/16475/20-EX,23-08-2019,41900,41900
B011,1101245,IGFX/16508/20-EX,23-08-2019,167600,167600
B011,1101245,IGFX/16540/20-EX,23-08-2019,167600,167600
B011,1101245,IGFX/16551/20-EX,23-08-2019,167600,167600
B011,1101245,IGFX/16359/20-EX,22-08-2019,167600,167600
B011,1101245,IGFX/16433/20-EX,22-08-2019,125700,125700
B011,1101245,IGFX/16434/20-EX,22-08-2019,41900,41900
B011,1101245,IGFX/16203/20-EX,21-08-2019,125700,125700
B011,1101245,IGFX/16204/20-EX,21-08-2019,41900,41900
B011,1101245,IGFX/16305/20-EX,21-08-2019,167600,167600
B011,1101245,IGFX/16041/20-EX,20-08-2019,125700,125700
B011,1101245,IGFX/16046/20-EX,20-08-2019,167600,167600
B011,1101245,IGFX/16053/20-EX,20-08-2019,83800,83800
B011,1101245,IGFX/16054/20-EX,20-08-2019,83800,83800
B011,1101245,IGFX/15899/20-EX,19-08-2019,167600,167600
B011,1101245,IGFX/15770/20-EX,18-08-2019,167600,167600
B011,1101245,IGFX/15807/20-EX,18-08-2019,167600,167600
B011,1101245,IGFX/15620/20-EX,17-08-2019,125700,125700
B011,1101245,IGFX/15621/20-EX,17-08-2019,167600,167600
B011,1101245,IGFX/15632/20-EX,17-08-2019,125700,125700
B229,1101171,JGPK/00019/19-20,14-05-2019,2520,2520
B229,1101171,IGUV/00121/18-19,22-11-2018,80080,80080
B229,1101171,IGUV/00122/18-19,22-11-2018,78800,21290
BHJ006,1101171,IGUV/00132/19-20,26-08-2019,117900,117900
BHJ006,1101171,IGUV/00133/19-20,26-08-2019,50760,50053
BHP022,1101171,JGPK/00023/19-20,14-05-2019,1000,1000
BHP022,1101171,IGKS/02634/18-19,28-06-2018,129600,95000
A145,AEMP000799000100,ISS2/00642/19-20,26-08-2019,48750,48750
A145,AEMP000799000100,ISS2/00645/19-20,26-08-2019,11250,11250
A145,AEMP000799000100,ISS2/00654/19-20,26-08-2019,13125,13125
A145,AEMP000799000100,IGS2/02766/19-20,26-08-2019,7500,7500
A145,AEMP000799000100,IGS2/02749/19-20,24-08-2019,33750,33750
A145,AEMP000799000100,IGS2/02748/19-20,24-08-2019,45000,45000
A145,AEMP000799000100,IGS2/02745/19-20,24-08-2019,22500,22500
A145,AEMP000799000100,IGS2/02758/19-20,24-08-2019,30000,30000
A145,AEMP000799000100,IGS2/02727/19-20,23-08-2019,22500,22500
A145,AEMP000799000100,IGS2/02731/19-20,23-08-2019,37500,37500
A145,AEMP000799000100,IGS2/02722/19-20,23-08-2019,48750,48750
A145,AEMP000799000100,IGS2/02692/19-20,22-08-2019,37500,37500
A145,AEMP000799000100,IGS2/02701/19-20,22-08-2019,7500,7500
A145,AEMP000799000100,IGS2/02706/19-20,22-08-2019,26250,26250
A145,AEMP000799000100,IGS2/02660/19-20,21-08-2019,43125,43125
A145,AEMP000799000100,IGS2/02665/19-20,21-08-2019,18750,18750
A145,AEMP000799000100,IGS2/02628/19-20,20-08-2019,30000,30000
A145,AEMP000799000100,IGS2/02634/19-20,20-08-2019,22500,22500
A145,AEMP000799000100,IGS2/02654/19-20,20-08-2019,22500,22500
A145,AEMP000799000100,IGSL/03649/19-20,20-08-2019,33750,33750
A145,AEMP000799000100,IGS2/02622/19-20,19-08-2019,18750,18750
A145,AEMP000799000100,IGS2/02623/19-20,19-08-2019,37500,37500
A145,AEMP000799000100,IGS2/02619/19-20,19-08-2019,22500,22500
A145,AEMP000799000100,IGS2/02612/19-20,17-08-2019,37500,37500
A145,AEMP000799000100,IGS2/02611/19-20,17-08-2019,16875,16875
A145,AEMP000799000100,IGS2/02610/19-20,17-08-2019,37500,37500
A145,AEMP000799000100,IGSL/03577/19-20,17-08-2019,18750,18750
A145,AEMP000799000100,IGS2/02613/19-20,17-08-2019,37500,37500
A145,AEMP000799000100,IGS2/02604/19-20,16-08-2019,22500,22500
A145,AEMP000799000100,IGS2/02609/19-20,16-08-2019,33750,33750
A145,AEMP000799000100,IGSL/03516/19-20,16-08-2019,22500,22500
A145,AEMP000799000100,IGS2/02574/19-20,14-08-2019,18750,18750
A145,AEMP000799000100,IGS2/02589/19-20,14-08-2019,37500,37500
A145,AEMP000799000100,IGS2/02555/19-20,13-08-2019,26250,26250
A145,AEMP000799000100,IGS2/02562/19-20,13-08-2019,45000,45000
A145,AEMP000799000100,IGS2/02565/19-20,13-08-2019,41250,41250
A145,AEMP000799000100,IGS2/02569/19-20,13-08-2019,52500,52500
A145,AEMP000799000100,IGS2/02570/19-20,13-08-2019,11250,11250
A145,AEMP000799000100,IGS2/02571/19-20,13-08-2019,22500,22500
A145,AEMP000799000100,ISS2/00576/19-20,12-08-2019,15000,15000
A145,AEMP000799000100,ISS2/00577/19-20,12-08-2019,33750,33750
A145,AEMP000799000100,ISS2/00555/19-20,10-08-2019,43125,43125
A145,AEMP000799000100,ISS2/00560/19-20,10-08-2019,37500,37500
A145,AEMP000799000100,ISS2/00565/19-20,10-08-2019,26250,26250
A145,AEMP000799000100,ISS2/00573/19-20,10-08-2019,11250,11250
A145,AEMP000799000100,ISS2/00570/19-20,10-08-2019,26250,26250
BHB018,1101171,JGPK/00018/19-20,14-05-2019,5194,5194
BHB018,1101171,IGUV/00176/18-19,29-01-2019,193060,184999
NEA024,1100295,IGLL/00434/19-20,29-08-2019,45500,45500
NEA024,1100295,IGLL/00435/19-20,29-08-2019,45500,45500
NEA024,1100295,IGLL/00380/19-20,10-08-2019,91000,91000
WBA067,AEMP000799000020,IDJG/00004/19-20,30-06-2019,83055,83055
WBA067,AEMP000799000020,IDDS/00575/19-20,07-06-2019,89040,89040
WBA067,AEMP000799000020,IDDS/00576/19-20,07-06-2019,29680,29680
WBA067,AEMP000799000020,IDDS/00416/19-20,18-05-2019,60960,60960
WBA067,AEMP000799000020,IDDS/00417/19-20,18-05-2019,60960,46546.25
A048,1101116,IGDE/02236/20-EX,24-08-2019,22050,22050
A048,1101116,IGDE/02239/20-EX,24-08-2019,22050,22050
A048,1101116,IGDE/02240/20-EX,24-08-2019,22050,22050
A048,1101116,IGDE/02216/20-EX,23-08-2019,22050,22050
A048,1101116,IGDE/02220/20-EX,23-08-2019,22050,22050
A048,1101116,IGDE/02224/20-EX,23-08-2019,22050,22050
A048,1101116,IGDE/02226/20-EX,23-08-2019,22050,22050
A048,1101116,IGDE/02227/20-EX,23-08-2019,22050,22050
A048,1101116,IGFX/16336/20-EX,22-08-2019,356800,356800
A048,1101116,IGDE/02195/20-EX,22-08-2019,22050,22050
A048,1101116,IGDE/02197/20-EX,22-08-2019,22050,22050
A048,1101116,IGDE/02198/20-EX,22-08-2019,13230,13230
A048,1101116,IGDE/02201/20-EX,22-08-2019,13230,13230
A048,1101116,IGDE/02207/20-EX,22-08-2019,22050,22050
A048,1101116,IGDE/02208/20-EX,22-08-2019,22050,22050
A048,1101116,IGDE/02210/20-EX,22-08-2019,22050,22050
A048,1101116,IGDE/02211/20-EX,22-08-2019,22050,22050
A048,1101116,IGDE/02213/20-EX,22-08-2019,22050,22050
A048,1101116,IGDE/02170/20-EX,20-08-2019,22050,22050
A048,1101116,IGDE/02154/20-EX,17-08-2019,22050,22050
A048,1101116,IGFX/15694/20-EX,17-08-2019,133800,133800
A048,1101116,IGDE/02143/20-EX,16-08-2019,17640,17640
A048,1101116,IGDE/02145/20-EX,16-08-2019,22050,22050
A048,1101116,IGFX/15510/20-EX,15-08-2019,312200,312200
A048,1101116,IGDE/02139/20-EX,14-08-2019,13230,13230
A048,1101116,IGDE/02141/20-EX,14-08-2019,13230,13230
A048,1101116,IGDE/02135/20-EX,13-08-2019,22050,22050
A048,1101116,IGDE/02136/20-EX,13-08-2019,26460,26460
A048,1101116,IGDE/02110/20-EX,11-08-2019,22050,22050
A048,1101116,IGDE/02112/20-EX,11-08-2019,22050,22050
A048,1101116,IGDE/02115/20-EX,11-08-2019,22050,22050
A048,1101116,IGDE/02116/20-EX,11-08-2019,22050,22050
A048,1101116,IGDE/02117/20-EX,11-08-2019,22050,22050
A048,1101116,IGDE/02118/20-EX,11-08-2019,22050,22050
A048,1101116,IGFX/15168/20-EX,11-08-2019,178400,178400
A048,1101116,IGFX/15179/20-EX,11-08-2019,223000,223000
A048,1101116,IGDE/02092/20-EX,10-08-2019,22050,22050
A048,1101116,IGDE/02093/20-EX,10-08-2019,22050,22050
A048,1101116,IGDE/02098/20-EX,10-08-2019,22050,22050
A048,1101116,IGDE/02100/20-EX,10-08-2019,22050,22050
A048,1101116,IGDE/02107/20-EX,10-08-2019,22050,22050
A048,1101116,IGDE/02108/20-EX,10-08-2019,22050,22050
A048,1101116,IGDE/02085/20-EX,09-08-2019,22050,22050
A048,1101116,IGDE/02087/20-EX,09-08-2019,22050,22050
BHK027,1101171,JGPK/00021/19-20,14-05-2019,12780,12780
BHK027,1101171,JGPK/00354/18-19,31-03-2019,1200,1200
BHK027,1101171,IGUV/00139/18-19,03-12-2018,196000,60436
H012,1100504,IGFX/16272/20-EX,21-08-2019,174400,174400
NED094,1101045,BAGG/02923/19-20,26-04-2019,16987,16987
A006,1100435,ILBD/02159/19-20,24-08-2019,43500,43500
A006,1100435,ILBD/02161/19-20,24-08-2019,43500,33781
A006,1100435,ILBD/02224/19-20,29-08-2019,43500,43500
A006,1100435,ILBD/02228/19-20,29-08-2019,43500,43500
A006,1100435,ILBD/02230/19-20,29-08-2019,43500,43500
A006,1100435,ILBD/02209/19-20,28-08-2019,43500,43500
A006,1100435,ILBD/02211/19-20,28-08-2019,43500,43500
A006,1100435,ILBD/02201/19-20,27-08-2019,43500,43500
A006,1100435,ILSL/03699/19-20,27-08-2019,43500,43500
A006,1100435,ILBD/02184/19-20,26-08-2019,43500,43500
A006,1100435,ILBD/02174/19-20,25-08-2019,43500,43500
A006,1100435,ILBD/02178/19-20,25-08-2019,43500,43500
G017,1100435,ILSL/03752/19-20,29-08-2019,43500,43500
G017,1100435,ILSL/03738/19-20,28-08-2019,43500,43500
G017,1100435,ILBD/02205/19-20,27-08-2019,43500,43500
G017,1100435,ILKL/01054/19-20,27-08-2019,108750,108750
G017,1100435,ILSL/03676/19-20,26-08-2019,43500,43500
G017,1100435,ILSL/03679/19-20,26-08-2019,43500,43500
G017,1100435,ILSL/03680/19-20,26-08-2019,43500,43500
G017,1100435,ILSL/03625/19-20,24-08-2019,43500,43500
G017,1100435,ILSL/03608/19-20,23-08-2019,43500,43500
G017,1100435,ILSL/03595/19-20,22-08-2019,43500,43500
G017,1100435,ILKL/01026/19-20,21-08-2019,104400,104400
G017,1100435,ILKL/01017/19-20,20-08-2019,108750,108750
G017,1100435,ILSL/03541/19-20,20-08-2019,43500,43500
G017,1100435,ILSL/03552/19-20,20-08-2019,43500,43500
G017,1100435,ILSL/03512/19-20,19-08-2019,43500,43500
G017,1100435,ILSL/03489/19-20,17-08-2019,21750,21750
G017,1100435,ILSL/03444/19-20,16-08-2019,43500,43500
G017,1100435,ILSL/03456/19-20,16-08-2019,43500,43500
G017,1100435,ILSL/03465/19-20,16-08-2019,43500,43500
G017,1100435,ILSL/03472/19-20,16-08-2019,43500,43500
G017,1100435,ILSL/03415/19-20,14-08-2019,43500,43500
G017,1100435,ILSL/03408/19-20,13-08-2019,43500,43500
G017,1100435,ILSL/03409/19-20,13-08-2019,43500,43500
G017,1100435,ILSL/03412/19-20,13-08-2019,43500,43500
G017,1100435,ILSL/03394/19-20,11-08-2019,43500,43500
G017,1100435,ILSL/03401/19-20,11-08-2019,43500,43500
G017,1100435,ILSL/03404/19-20,11-08-2019,43500,43500
G017,1100435,ILSL/03382/19-20,10-08-2019,43500,43500
G017,1100435,ILSL/03388/19-20,10-08-2019,43500,43500
G017,1100435,ILSL/03368/19-20,09-08-2019,21750,21750
G017,1100435,ILSL/03287/19-20,07-08-2019,21750,21750
G017,1100435,ILSL/03288/19-20,07-08-2019,21750,21750
G017,1100435,ILSL/03290/19-20,07-08-2019,43500,43500
G017,1100435,ILSL/03293/19-20,07-08-2019,43500,43500
G017,1100435,ILSL/03305/19-20,07-08-2019,43500,43500
G017,1100435,ILKL/00960/19-20,07-08-2019,87000,87000
G017,1100435,ILKL/00951/19-20,06-08-2019,108750,108750
A012,11001360,IGFX/16840/20-EX,25-08-2019,209500,209500
A012,11001360,IGFX/16844/20-EX,25-08-2019,209500,209500
A012,11001360,IGFX/16864/20-EX,25-08-2019,209500,209500
A012,11001360,IGFX/16894/20-EX,25-08-2019,184360,184360
A012,11001360,IGFX/16665/20-EX,24-08-2019,209500,209500
A012,11001360,IGFX/16708/20-EX,24-08-2019,209500,209500
A012,11001360,IGFX/16733/20-EX,24-08-2019,209500,209500
A012,11001360,IGFX/16556/20-EX,23-08-2019,209500,209500
A012,11001360,IGFX/16586/20-EX,23-08-2019,209500,209500
A012,11001360,IGFX/16587/20-EX,23-08-2019,184360,184360
A012,11001360,IGFX/16609/20-EX,23-08-2019,209500,209500
A012,11001360,IGFX/16323/20-EX,22-08-2019,209500,209500
A012,11001360,IGFX/16349/20-EX,22-08-2019,180170,180170
A012,11001360,IGFX/16432/20-EX,22-08-2019,209500,209500
A012,11001360,IGFX/16175/20-EX,21-08-2019,209500,209500
A012,11001360,IGFX/16176/20-EX,21-08-2019,209500,209500
A012,11001360,IGFX/16177/20-EX,21-08-2019,184360,184360
A012,11001360,IGFX/16191/20-EX,21-08-2019,209500,209500
A012,11001360,IGFX/16192/20-EX,21-08-2019,209500,209500
A012,11001360,IGFX/16210/20-EX,21-08-2019,209500,209500
A012,11001360,IGFX/16219/20-EX,21-08-2019,209500,209500
A012,11001360,IGFX/16299/20-EX,21-08-2019,209500,209500
A012,11001360,IGFX/16318/20-EX,21-08-2019,209500,209500
A012,11001360,IGFX/16070/20-EX,20-08-2019,209500,209500
A012,11001360,IGFX/15921/20-EX,19-08-2019,209500,209500
A012,11001360,IGFX/15937/20-EX,19-08-2019,209500,209500
A012,11001360,IGFX/15978/20-EX,19-08-2019,209500,209500
A012,11001360,IGFX/15757/20-EX,18-08-2019,209500,4259
A012,11001360,IGFX/17393/20-EX,29-08-2019,209500,209500
A012,11001360,IGFX/17422/20-EX,29-08-2019,192740,192740
A012,11001360,IGFX/17500/20-EX,29-08-2019,209500,209500
A012,11001360,IGFX/17501/20-EX,29-08-2019,209500,209500
A012,11001360,IGFX/17517/20-EX,29-08-2019,209500,209500
A012,11001360,IGFX/17246/20-EX,28-08-2019,209500,209500
A012,11001360,IGFX/17261/20-EX,28-08-2019,209500,209500
A012,11001360,IGFX/17311/20-EX,28-08-2019,209500,209500
A012,11001360,IGFX/17360/20-EX,28-08-2019,209500,209500
A012,11001360,IGFX/17093/20-EX,27-08-2019,209500,209500
A012,11001360,IGFX/17136/20-EX,27-08-2019,209500,209500
A012,11001360,IGFX/16909/20-EX,26-08-2019,209500,209500
A012,11001360,IGFX/16919/20-EX,26-08-2019,209500,209500
B191,CMCL_129,ISDS/01245/19-20,04-07-2019,115500,115500
B191,CMCL_129,JSWK/00103/19-20,30-06-2019,223800,165633
M158,1101255,IGFX/11088/20-EX,02-07-2019,167600,146781
NEK128,1100145,IGFX/17388/20-EX,29-08-2019,209500,207300
NES112,1101255,IGFX/12490/20-EX,19-07-2019,167600,167600
NES112,1101255,IGFX/09738/20-EX,20-06-2019,167600,167600
NES112,1101255,IGFX/09739/20-EX,20-06-2019,167600,118505
P037,1100145,IGFX/16766/20-EX,24-08-2019,209500,209500
P037,1100145,IGFX/16775/20-EX,24-08-2019,184360,184360
P037,1100145,IGFX/16583/20-EX,23-08-2019,209500,209500
J133,1101171,IGUV/00082/19-20,28-06-2019,171780,164994
NEL057,1100504,IGFX/17419/20-EX,29-08-2019,174400,174400
NEL057,1100504,IGFX/17187/20-EX,27-08-2019,104640,104204
WBS014,CMCL_199,PCGW/05743/18-19,20-11-2018,953336,953336
BHR063,1101055,JGPK/00031/19-20,31-05-2019,8400,8400
BHR063,1101055,JGPK/00024/19-20,14-05-2019,5040,5040
BHR063,1101055,IDGV/00027/19-20,08-05-2019,171360,110964
I026,1100387,IGBG/00293/17-18,26-03-2018,22440,22440
I026,1100387,IGBG/00289/17-18,25-03-2018,33660,33660
I026,1100387,ISKS/01636/17-18,25-03-2018,113280,113280
I026,1100387,ISKS/01627/17-18,24-03-2018,148680,148680
I026,1100387,IDBG/00034/17-18,21-03-2018,32760,32760
I026,1100387,IGBG/00279/17-18,21-03-2018,41140,41140
I026,1100387,IGBG/00280/17-18,21-03-2018,13960,13960
I026,1100387,IGBG/00283/17-18,21-03-2018,52350,52350
I026,1100387,IGBG/00273/17-18,17-03-2018,11220,11220
I026,1100387,IGBG/00274/17-18,17-03-2018,44880,44880
I026,1100387,IGBG/00272/17-18,16-03-2018,56100,56100
I026,1100387,IGBG/00268/17-18,14-03-2018,52350,52350
I026,1100387,IGBG/00248/17-18,27-02-2018,52350,52350
I026,1100387,IGBG/00249/17-18,27-02-2018,52350,52350
I026,1100387,IGBG/00251/17-18,27-02-2018,52350,52350
I026,1100387,ISKS/01305/17-18,25-02-2018,148680,148680
I026,1100387,ISKS/01284/17-18,24-02-2018,148680,148680
I026,1100387,ISBG/00036/17-18,22-02-2018,41880,41880
I026,1100387,IGBG/00240/17-18,22-02-2018,10470,10470
I026,1100387,ISKS/01214/17-18,17-02-2018,148680,148680
I026,1100387,JGPK/00231/17-18,16-02-2018,1200,1200
I026,1100387,ISKS/01178/17-18,15-02-2018,148680,148680
I026,1100387,IGKS/02266/17-18,08-02-2018,159744,159744
I026,1100387,ISBG/00027/17-18,05-02-2018,52350,52350
I026,1100387,ISBG/00028/17-18,05-02-2018,52350,52350
I026,1100387,ISBG/00029/17-18,05-02-2018,52350,52350
I026,1100387,ISBG/00030/17-18,05-02-2018,52350,52350
I026,1100387,IGKS/01868/17-18,02-01-2018,159600,159600
I026,1100387,JGPK/00186/17-18,31-12-2017,32100,32100
I026,1100387,IGBG/00228/17-18,30-12-2017,18700,18700
I026,1100387,ISBG/00012/17-18,30-12-2017,17450,17450
I026,1100387,ISBG/00013/17-18,30-12-2017,48860,48860
I026,1100387,ISBG/00007/17-18,29-12-2017,52350,52350
I026,1100387,ISBG/00008/17-18,29-12-2017,52350,52350
I026,1100387,ISBG/00010/17-18,29-12-2017,69800,69800
I026,1100387,ISBG/00011/17-18,29-12-2017,52350,52350
I026,1100387,IGBG/00227/17-18,29-12-2017,55840,22522
NEO010,1100795,IGSB/00398/20-EX,29-08-2019,34880,34880
NEO010,1100795,IGSB/00397/20-EX,28-08-2019,13080,13080
NEO010,1100795,IGSB/00395/20-EX,27-08-2019,43600,43600
NEO010,1100795,IGSB/00391/20-EX,26-08-2019,13080,13080
S186,1101045,IGFX/17513/20-EX,29-08-2019,305200,305200
S186,1101045,IGFX/16833/20-EX,25-08-2019,87200,87200
S186,1101045,IGFX/16729/20-EX,24-08-2019,114000,114000
S186,1101045,IGFX/16730/20-EX,24-08-2019,65400,65400
S186,1101045,IGFX/16501/20-EX,23-08-2019,174400,18993
R079,1100564,IGBD/00551/19-20,28-08-2019,360000,360000
R079,1100564,IGBD/00553/19-20,28-08-2019,360000,148000
BHG005,1101152,IGKV/00691/19-20,24-08-2019,153200,151605.5
BHK003,1101152,IGKV/00458/19-20,27-06-2019,119700,119700
BHK003,1101152,IGKV/00459/19-20,27-06-2019,42900,36855
S474,1100480,JDWK/00383/17-18,21-02-2018,115650,115650
S474,1100480,PCGB/01545/17-18,30-11-2017,388945,164350
WBT034,CMCL_199,JDWK/00384/17-18,21-02-2018,475608,447890
BHS141,1101152,IGKV/00603/19-20,02-08-2019,46680,43199
BHB015,1100480,JGWP/00040/19-20,21-08-2019,130000,130000
BHB015,1100480,JDWK/00377/17-18,21-02-2018,209548,82967
BHC003,1100480,JGPK/00019/19-20,14-05-2019,4365,4365
BHC003,1100480,IGFW/00323/18-19,13-03-2019,72000,72000
BHC003,1100480,IGFW/00306/18-19,12-02-2019,54000,32384
BHN011,1100480,JGPK/00023/19-20,14-05-2019,3206,3206
BHN011,1100480,IDJB/00021/18-19,28-02-2019,1875,1875
BHN011,1100480,IDJB/00015/18-19,31-12-2018,37710,37710
BHN011,1100480,IGFW/00268/18-19,31-12-2018,36000,36000
BHN011,1100480,IDFT/00021/18-19,17-12-2018,37500,23163
N163,1100480,IGFW/00055/19-20,31-07-2019,42500,30083
WBP065,CMCL_088,IDDS/01354/19-20,24-08-2019,107840,107840
WBP065,CMCL_088,IDDS/01279/19-20,16-08-2019,107840,107840
WBP065,CMCL_088,IDDS/01237/19-20,09-08-2019,112640,112640
WBP065,CMCL_088,IDDS/01223/19-20,07-08-2019,112640,112640
WBP065,CMCL_088,IDDS/01212/19-20,06-08-2019,112640,28057
R039,1101146,IGFX/17465/20-EX,29-08-2019,312200,310450
A030,1101332,ILAT/05632/19-20,29-08-2019,64480,64480
A030,1101332,ILAT/05635/19-20,29-08-2019,80600,80600
A030,1101332,ILAT/05586/19-20,28-08-2019,56420,56420
A030,1101332,ILAT/05594/19-20,28-08-2019,72540,72540
A030,1101332,ILAT/05595/19-20,28-08-2019,29260,29260
A030,1101332,ILAT/05597/19-20,28-08-2019,24180,24180
A030,1101332,ILTM/01111/19-20,28-08-2019,84400,84400
A030,1101332,ILAT/05537/19-20,27-08-2019,33440,33440
A030,1101332,ILAT/05538/19-20,27-08-2019,32240,32240
A030,1101332,ILAT/05545/19-20,27-08-2019,56420,56420
A030,1101332,ILAT/05549/19-20,27-08-2019,64480,64480
A030,1101332,ILAT/05563/19-20,27-08-2019,88660,88660
A030,1101332,ILAT/05506/19-20,26-08-2019,60450,60450
A030,1101332,ILAT/05509/19-20,26-08-2019,56420,56420
A030,1101332,ILAT/05518/19-20,26-08-2019,80600,80600
A030,1101332,ILAT/05519/19-20,26-08-2019,60450,60450
A030,1101332,ILAT/05486/19-20,25-08-2019,64480,64480
A030,1101332,ILAT/05488/19-20,25-08-2019,88660,88660
A030,1101332,ILAT/05438/19-20,24-08-2019,60450,60450
A030,1101332,ILAT/05454/19-20,24-08-2019,64480,64480
A030,1101332,ILAT/05393/19-20,23-08-2019,62700,62700
A030,1101332,ILAT/05406/19-20,23-08-2019,92690,92690
A030,1101332,ILAT/05420/19-20,23-08-2019,64480,64480
A030,1101332,ILAT/05312/19-20,21-08-2019,88660,88660
A030,1101332,ILAT/05319/19-20,21-08-2019,169260,169260
A030,1101332,ILAT/05259/19-20,20-08-2019,64480,64480
A030,1101332,ILAT/05269/19-20,20-08-2019,64480,64480
A030,1101332,ILAT/05273/19-20,20-08-2019,64480,64480
A030,1101332,ILAT/05236/19-20,19-08-2019,80600,80600
A030,1101332,ILAT/05239/19-20,19-08-2019,16720,16720
A030,1101332,ILAT/05240/19-20,19-08-2019,44330,44330
A030,1101332,ILAT/05208/19-20,18-08-2019,66880,66880
A030,1101332,ILTM/01025/19-20,18-08-2019,211000,211000
A030,1101332,ILTM/01021/19-20,17-08-2019,168800,168800
B011,1101245,IGFX/15633/20-EX,17-08-2019,41900,41900
B011,1101245,IGFX/15736/20-EX,17-08-2019,41900,41900
B011,1101245,IGFX/15737/20-EX,17-08-2019,83800,83800
B011,1101245,IGFX/15448/20-EX,15-08-2019,83800,83800
B011,1101245,IGFX/15449/20-EX,15-08-2019,83800,83800
B011,1101245,IGFX/15460/20-EX,15-08-2019,167600,167600
B011,1101245,IGFX/15527/20-EX,15-08-2019,167600,167600
B011,1101245,IGFX/15347/20-EX,14-08-2019,167600,167600
B011,1101245,IGFX/15257/20-EX,13-08-2019,167600,167600
B011,1101245,IGFX/15261/20-EX,13-08-2019,41900,41900
B011,1101245,IGFX/15262/20-EX,13-08-2019,83800,83800
B011,1101245,IGFX/15152/20-EX,11-08-2019,209500,165553
NEA118,1200125,IGFX/16387/20-EX,22-08-2019,260400,115927
NEN090,1100145,IGFX/12093/20-EX,11-07-2019,184360,151995
NES285,1100145,IGFX/17522/20-EX,29-08-2019,125700,125700
BHJ028,1100480,IGFW/00031/19-20,18-05-2019,37350,37350
BHJ028,1100480,IGFW/00032/19-20,18-05-2019,49800,49800
BHJ028,1100480,JGPK/00020/19-20,14-05-2019,12524,4657.5
BHM060,1100480,PCGB/02897/18-19,14-08-2018,475596,450596
WBS007,CMCL_199,PCGW/05119/18-19,15-10-2018,505228,484201
A010,1100302,IGFX/16237/20-EX,21-08-2019,141780,141780
A010,1100302,IGFX/16207/20-EX,21-08-2019,58380,58380
A010,1100302,IGFX/16206/20-EX,21-08-2019,91740,91740
A010,1100302,IGFX/16171/20-EX,21-08-2019,125100,125100
A010,1100302,IGLE/03406/20-EX,05-08-2019,62550,62550
A010,1100302,IGFX/14323/20-EX,05-08-2019,125100,125100
A010,1100302,IGFX/14321/20-EX,05-08-2019,125100,125100
A010,1100302,IGFX/14308/20-EX,05-08-2019,125100,125100
A010,1100302,IGFX/14305/20-EX,05-08-2019,125100,125100
A010,1100302,IGFX/14297/20-EX,05-08-2019,125100,125100
A010,1100302,IGFX/14332/20-EX,05-08-2019,125100,125100
A010,1100302,IGLE/03387/20-EX,04-08-2019,62550,13798.08
A010,1100302,IGFX/16196/20-EX,21-08-2019,125100,125100
A010,1100302,IGFX/16273/20-EX,21-08-2019,133440,133440
A010,1100302,IGLE/03656/20-EX,21-08-2019,62550,62550
A010,1100302,IGLE/03657/20-EX,21-08-2019,62550,62550
A010,1100302,IGLE/03608/20-EX,20-08-2019,62550,62550
A010,1100302,IGLE/03629/20-EX,20-08-2019,62550,62550
A010,1100302,IGFX/15988/20-EX,20-08-2019,91740,91740
A010,1100302,IGFX/16052/20-EX,20-08-2019,125100,125100
A010,1100302,IGFX/16068/20-EX,20-08-2019,141780,141780
A010,1100302,IGFX/16073/20-EX,20-08-2019,125100,125100
A010,1100302,IGFX/16074/20-EX,20-08-2019,125100,125100
A010,1100302,IGFX/16082/20-EX,20-08-2019,141780,141780
A010,1100302,IGFX/15987/20-EX,20-08-2019,33360,33360
A010,1100302,IGFX/16069/20-EX,20-08-2019,125100,125100
A010,1100302,IGLE/03622/20-EX,20-08-2019,62550,62550
A010,1100302,IGLE/03605/20-EX,19-08-2019,62550,62550
A010,1100302,IGLE/03597/20-EX,19-08-2019,62550,62550
A010,1100302,IGLE/03595/20-EX,19-08-2019,62550,62550
A010,1100302,IGFX/15970/20-EX,19-08-2019,125100,125100
R114,CMCL_205,IGSL/03824/19-20,23-08-2019,123200,123200
R114,CMCL_205,IGS2/02738/19-20,23-08-2019,16500,16500
R114,CMCL_205,IGS2/02684/19-20,22-08-2019,46875,46875
R114,CMCL_205,IGS2/02698/19-20,22-08-2019,18750,18750
R114,CMCL_205,IGSL/03741/19-20,22-08-2019,45000,45000
R114,CMCL_205,IGSL/03752/19-20,22-08-2019,77000,77000
R114,CMCL_205,IGSL/03754/19-20,22-08-2019,154000,154000
R114,CMCL_205,IGSL/03755/19-20,22-08-2019,154000,154000
R114,CMCL_205,IGS2/02443/19-20,05-08-2019,15000,15000
R114,CMCL_205,IGSL/03244/19-20,05-08-2019,161700,161700
NEA072,1100564,IGBD/00552/19-20,28-08-2019,180000,23428
BHJ033,1101152,IGKV/00692/19-20,24-08-2019,76600,69139
K183,1100480,JDWK/00379/17-18,21-02-2018,60700,60700
K183,1100480,PCGB/01547/17-18,30-11-2017,386147,325446.5
M426,1100480,JDWK/00380/17-18,21-02-2018,95028,95028
M426,1100480,PCGB/01553/17-18,30-11-2017,148171,51643
WBN065,CMCL_088,IDDS/01229/19-20,08-08-2019,112640,112640
WBN065,CMCL_088,JGWK/00324/19-20,31-07-2019,14720,14720
WBN065,CMCL_088,IDDS/00996/19-20,17-07-2019,114240,99317
BHK030,1101055,JDWK/00378/17-18,21-02-2018,239689,239689
BHK030,1101055,JSWK/00045/17-18,01-07-2017,59209,59209
BHK030,1101055,JBWK/00011/17-18,01-07-2017,239689,1560
R114,CMCL_205,IGS2/02428/19-20,03-08-2019,18750,18750
R114,CMCL_205,IGFB/00935/19-20,03-08-2019,15000,15000
R114,CMCL_205,IGS2/02400/19-20,02-08-2019,16875,16875
R114,CMCL_205,IGSL/03144/19-20,01-08-2019,20625,20625
R114,CMCL_205,IGFB/00916/19-20,01-08-2019,15000,15000
R114,CMCL_205,IGFB/00919/19-20,01-08-2019,15000,15000
R114,CMCL_205,IGFB/00920/19-20,01-08-2019,22500,22500
R114,CMCL_205,IGSL/03064/19-20,31-07-2019,123200,123200
R114,CMCL_205,IGSL/03065/19-20,31-07-2019,154000,154000
R114,CMCL_205,IGSL/03066/19-20,31-07-2019,45000,45000
R114,CMCL_205,IGSL/03091/19-20,31-07-2019,154000,154000
R114,CMCL_205,IGSL/03093/19-20,31-07-2019,77000,77000
R114,CMCL_205,IGSL/03109/19-20,31-07-2019,77000,77000
R114,CMCL_205,IGSL/03110/19-20,31-07-2019,77000,77000
R114,CMCL_205,IGS2/02351/19-20,31-07-2019,52500,52500
R114,CMCL_205,IGS2/02363/19-20,31-07-2019,43125,43125
R114,CMCL_205,ISFB/00373/19-20,31-07-2019,22500,22500
R114,CMCL_205,ISFB/00375/19-20,31-07-2019,22500,22500
R114,CMCL_205,ISFB/00376/19-20,31-07-2019,22500,22500
R114,CMCL_205,IGS2/02322/19-20,30-07-2019,48750,48750
R114,CMCL_205,IGS2/02326/19-20,30-07-2019,12000,12000
R114,CMCL_205,IGS2/02335/19-20,30-07-2019,18750,18750
R114,CMCL_205,IGSL/02991/19-20,30-07-2019,45000,45000
R114,CMCL_205,IGSL/02997/19-20,30-07-2019,22500,22500
R114,CMCL_205,IGSL/03007/19-20,30-07-2019,22500,22500
R114,CMCL_205,IGSL/03013/19-20,30-07-2019,77000,77000
R114,CMCL_205,IGSL/03017/19-20,30-07-2019,154000,154000
NEA196,1100295,IGDS/01353/19-20,27-08-2019,318500,318500
NEA196,1100295,IGDS/01214/19-20,16-08-2019,318500,275100
WBM076,AEMP000799000020,IDDS/01259/19-20,14-08-2019,68400,68400
WBM076,AEMP000799000020,IDDS/01260/19-20,14-08-2019,41040,41040
WBM076,AEMP000799000020,IDDS/01193/19-20,03-08-2019,57120,57120
WBM076,AEMP000799000020,IDDS/01194/19-20,03-08-2019,57120,57120
WBM076,AEMP000799000020,IDDS/01077/19-20,24-07-2019,114240,114240
WBM076,AEMP000799000020,IDDS/00956/19-20,15-07-2019,73400,421.5
BHM114,1101152,IGM2/00050/19-20,26-08-2019,18800,16210
BHM051,1101055,IGGV/00097/19-20,08-08-2019,175350,175350
BHM051,1101055,JGPK/00083/19-20,31-07-2019,70800,63798
BHM012,1101128,IGKI/00315/19-20,27-08-2019,81200,81200
BHM012,1101128,IGKI/00308/19-20,26-08-2019,75200,75200
BHM012,1101128,IGKI/00310/19-20,26-08-2019,16240,16240
BHM012,1101128,IGKI/00276/19-20,10-08-2019,76200,76200
BHM012,1101128,IGKI/00273/19-20,09-08-2019,38100,38100
BHM012,1101128,IGKI/00274/19-20,09-08-2019,24660,24660
BHM012,1101128,IGKI/00253/19-20,30-07-2019,82200,82200
BHM012,1101128,IGKI/00242/19-20,27-07-2019,82200,7748
G083,1101128,IGKV/00681/19-20,21-08-2019,173040,173040
G083,1101128,ISKV/00395/19-20,07-08-2019,162540,162540
G083,1101128,IGKV/00611/19-20,05-08-2019,175140,175140
G083,1101128,ISKV/00356/19-20,31-07-2019,162540,85532
A178,1101127,ISKS/00099/19-20,29-08-2019,75200,75200
A178,1101127,ISKV/00504/19-20,29-08-2019,190500,190500
A178,1101127,ISKS/00092/19-20,28-08-2019,37600,37600
A178,1101127,ISKS/00085/19-20,28-08-2019,75200,75200
A178,1101127,ISKS/00089/19-20,28-08-2019,26320,26320
A178,1101127,IGKS/00297/19-20,28-08-2019,52780,52780
A178,1101127,IGKS/00298/19-20,28-08-2019,40600,40600
A178,1101127,ISKS/00083/19-20,27-08-2019,75200,75200
A178,1101127,ISKS/00080/19-20,27-08-2019,75200,75200
A178,1101127,ISKS/00075/19-20,26-08-2019,75200,75200
A178,1101127,ISKS/00076/19-20,26-08-2019,75200,75194
BHM058,1101127,ISKS/00096/19-20,29-08-2019,75200,75200
BHM058,1101127,ISKS/00097/19-20,29-08-2019,75200,75200
BHM058,1101127,ISKS/00098/19-20,29-08-2019,75200,75200
BHM058,1101127,ISKS/00100/19-20,29-08-2019,75200,75200
BHM058,1101127,ISKV/00505/19-20,29-08-2019,191000,191000
BHM058,1101127,ISKV/00506/19-20,29-08-2019,191000,191000
BHM058,1101127,ISKS/00084/19-20,28-08-2019,75200,75200
BHM058,1101127,ISKS/00086/19-20,28-08-2019,75200,75200
BHM058,1101127,ISKS/00088/19-20,28-08-2019,56400,56400
C091,CMCL_129,IGDK/00209/17-18,26-10-2017,69800,69800
C091,CMCL_129,IGDK/00204/17-18,25-10-2017,69400,69400
C091,CMCL_129,IGDK/00205/17-18,25-10-2017,138800,138800
C091,CMCL_129,IGDK/00206/17-18,25-10-2017,104100,104100
C091,CMCL_129,IGDK/00187/17-18,19-10-2017,69400,69400
C091,CMCL_129,IGDK/00188/17-18,19-10-2017,69400,69400
C091,CMCL_129,IGDK/00179/17-18,18-10-2017,69400,69400
C091,CMCL_129,IGDK/00145/17-18,06-10-2017,52050,52050
NEY008,1100295,IGLL/00367/19-20,05-08-2019,148680,43415
WBK053,AEMP000799000020,JGWK/00637/18-19,31-10-2018,3840,3840
WBK053,AEMP000799000020,IDDS/01575/18-19,08-10-2018,101760,101760
WBK053,AEMP000799000020,IDDS/01532/18-19,03-10-2018,101760,5240
WBL024,AEMP000799000020,JGWK/01203/18-19,31-03-2019,1200,1200
WBL024,AEMP000799000020,JGWK/00888/18-19,10-01-2019,1100,1100
WBL024,AEMP000799000020,IDDS/02180/18-19,28-12-2018,37560,37560
WBL024,AEMP000799000020,IDDS/02181/18-19,28-12-2018,31300,31300
WBL024,AEMP000799000020,JGWK/00781/18-19,30-11-2018,1600,1600
WBL024,AEMP000799000020,IDDS/01901/18-19,21-11-2018,63600,63600
WBL024,AEMP000799000020,IDDS/01902/18-19,21-11-2018,38160,38160
WBL024,AEMP000799000020,IDDS/01724/18-19,31-10-2018,64600,50514
WBN062,AEMP000799000020,IDJG/00005/19-20,30-06-2019,2000,2000
WBN062,AEMP000799000020,IDDS/00533/19-20,31-05-2019,89520,89520
WBN062,AEMP000799000020,IDDS/00534/19-20,31-05-2019,29840,29840
WBN062,AEMP000799000020,IDDS/00291/19-20,02-05-2019,111360,2640
BHS170,1101152,IGKV/00703/19-20,28-08-2019,116100,116100
BHS170,1101152,IGKV/00704/19-20,28-08-2019,83400,81950
BHK021,1100480,JGPK/00020/19-20,14-05-2019,4388,4388
BHK021,1100480,IDJB/00026/18-19,31-03-2019,4763,4763
BHK021,1100480,IDJB/00005/18-19,31-08-2018,37050,37050
BHK021,1100480,IGFW/00167/18-19,19-08-2018,64800,57461
BHY005,1101055,JGPK/00084/19-20,31-07-2019,87600,87600
BHY005,1101055,IDGV/00091/19-20,31-07-2019,167160,73536.5
NEB095,1101268,IGFX/17157/20-EX,27-08-2019,168000,168000
NEB095,1101268,IGFX/15940/20-EX,19-08-2019,168000,41463
S365,AEMP000799000367,JGWK/00644/17-18,16-02-2018,7200,7200
S365,AEMP000799000367,JGWK/00590/17-18,31-01-2018,7000,7000
S365,AEMP000799000367,IGML/00244/17-18,06-01-2018,94920,94920
S365,AEMP000799000367,ISDS/01640/17-18,05-01-2018,108800,108800
S365,AEMP000799000367,IGML/00217/17-18,19-12-2017,84750,84750
S365,AEMP000799000367,ISDS/01210/17-18,24-11-2017,142000,142000
S365,AEMP000799000367,ISML/00092/17-18,18-11-2017,55040,55040
S365,AEMP000799000367,ISML/00090/17-18,17-11-2017,34400,34400
S365,AEMP000799000367,ISML/00072/17-18,31-10-2017,139600,139600
S365,AEMP000799000367,ISML/00073/17-18,31-10-2017,139600,139600
S365,AEMP000799000367,ISML/00074/17-18,31-10-2017,34900,34900
S365,AEMP000799000367,ISML/00075/17-18,31-10-2017,34900,34900
S365,AEMP000799000367,ISDS/01016/17-18,28-10-2017,151200,151200
S365,AEMP000799000367,ISML/00058/17-18,17-10-2017,68400,68400
S365,AEMP000799000367,IGML/00157/17-18,17-10-2017,70400,70400
S365,AEMP000799000367,IGML/00158/17-18,17-10-2017,111936,111936
S365,AEMP000799000367,IGML/00159/17-18,17-10-2017,36700,36700
NEO010,1100795,IGSB/00389/20-EX,24-08-2019,27360,27360
NEO010,1100795,IGSB/00386/20-EX,22-08-2019,13080,13080
NEO010,1100795,IGSB/00388/20-EX,22-08-2019,30520,30520
NEO010,1100795,IGSB/00384/20-EX,21-08-2019,34880,34880
NEO010,1100795,IGSB/00378/20-EX,19-08-2019,13080,13080
NEO010,1100795,IGSB/00376/20-EX,18-08-2019,13680,13680
NEO010,1100795,IGSB/00373/20-EX,17-08-2019,30520,30520
NEO010,1100795,IGSB/00374/20-EX,17-08-2019,31920,31920
NEO010,1100795,IGSB/00375/20-EX,17-08-2019,26160,26160
NEO010,1100795,IGSB/00370/20-EX,14-08-2019,13080,13080
NEO010,1100795,IGSB/00365/20-EX,13-08-2019,43600,43600
NEO010,1100795,IGSB/00363/20-EX,11-08-2019,27360,27360
NEO010,1100795,IGSB/00361/20-EX,10-08-2019,26160,26160
NEO010,1100795,IGSB/00358/20-EX,09-08-2019,18240,18240
NEM178,1100202,IGLE/03635/20-EX,21-08-2019,40900,40900
NEM178,1100202,IGLE/03640/20-EX,21-08-2019,20450,20450
NEM178,1100202,IGLE/03647/20-EX,21-08-2019,24540,24540
NEM178,1100202,IGLE/03652/20-EX,21-08-2019,40900,40900
NEM178,1100202,ILLK/00243/19-20,20-08-2019,42400,42400
NEM178,1100202,ILLK/00244/19-20,20-08-2019,21200,21200
NEM178,1100202,ILLK/00245/19-20,20-08-2019,21200,21200
NEM178,1100202,IGLE/03588/20-EX,19-08-2019,28630,28630
NEM178,1100202,IGLE/03589/20-EX,19-08-2019,40900,40900
NEM178,1100202,IGLE/03600/20-EX,19-08-2019,24540,24540
NEM178,1100202,ILLK/00240/19-20,18-08-2019,63600,47072
NEM178,1100202,IGLE/03817/20-EX,29-08-2019,32720,32720
NEM178,1100202,IGLE/03808/20-EX,28-08-2019,24540,24540
NEM178,1100202,IGLE/03765/20-EX,27-08-2019,32720,32720
NEM178,1100202,IGLE/03766/20-EX,27-08-2019,32720,32720
NEM178,1100202,IGLE/03749/20-EX,26-08-2019,36810,36810
NEM178,1100202,IGLE/03760/20-EX,26-08-2019,28630,28630
NEM178,1100202,IGLE/03763/20-EX,26-08-2019,40900,40900
NEM178,1100202,IGLE/03730/20-EX,25-08-2019,32720,32720
NEM178,1100202,IGLE/03698/20-EX,24-08-2019,24540,24540
NEM178,1100202,IGLE/03710/20-EX,24-08-2019,72080,72080
NEM178,1100202,IGLE/03713/20-EX,24-08-2019,28630,28630
NEM178,1100202,IGLE/03677/20-EX,23-08-2019,28630,28630
NER084,1100205,IGLE/03813/20-EX,29-08-2019,125100,125100
NER084,1100205,IGLE/03788/20-EX,28-08-2019,125100,125100
NER084,1100205,IGLE/03764/20-EX,27-08-2019,125100,125100
NER084,1100205,IGLE/03738/20-EX,26-08-2019,125100,125100
NER084,1100205,IGLE/03723/20-EX,25-08-2019,125100,125100
NER084,1100205,IGLE/03733/20-EX,25-08-2019,125100,125100
N135,CMCL_162,IDDS/01358/19-20,24-08-2019,54720,54720
D011,1100766,IGFX/14944/20-EX,09-08-2019,156100,155404
NEB167,1101146,IGFX/06890/20-EX,24-05-2019,178400,100000
A278,1101232,IGSM/00040/18-19,28-11-2018,34900,34900
A278,1101232,IGSM/00039/18-19,21-11-2018,34900,34900
A278,1101232,IGSM/00038/18-19,09-11-2018,34900,34900
A278,1101232,IGSM/00037/18-19,30-10-2018,35598,35598
A278,1101232,IGSM/00036/18-19,25-10-2018,34900,34900
A278,1101232,IGSM/00035/18-19,20-10-2018,37900,37900
A278,1101232,IGSM/00033/18-19,03-10-2018,16752,16752
A278,1101232,IGSM/00032/18-19,03-10-2018,11370,11370
A278,1101232,IGSM/00031/18-19,27-09-2018,26530,26530
A278,1101232,IGSM/00030/18-19,14-09-2018,34900,34900
A278,1101232,IGSM/00029/18-19,06-09-2018,35500,35500
A278,1101232,IGSM/00025/18-19,21-08-2018,34790,34790
A278,1101232,IGSM/00021/18-19,31-07-2018,35500,35500
A278,1101232,IGSM/00019/18-19,11-07-2018,36000,36000
A278,1101232,IGSM/00011/18-19,27-06-2018,34300,2585
A278,1101232,JGPK/00018/19-20,14-05-2019,10116,10116
A278,1101232,JGPK/00354/18-19,31-03-2019,2400,2400
A278,1101232,IGSM/00050/18-19,27-03-2019,34900,34900
A278,1101232,IGSM/00047/18-19,15-03-2019,34900,34900
A278,1101232,IGSM/00046/18-19,27-02-2019,34900,34900
A278,1101232,IGSM/00045/18-19,15-02-2019,34900,34900
A278,1101232,IGSM/00044/18-19,31-01-2019,34900,34900
A278,1101232,IGSM/00043/18-19,24-01-2019,34900,34900
A278,1101232,IGSM/00042/18-19,28-12-2018,34900,34900
A278,1101232,IGSM/00041/18-19,11-12-2018,34900,34900
J082,1100210,IGFX/17443/20-EX,29-08-2019,174400,174400
J082,1100210,IGFX/17278/20-EX,28-08-2019,174400,174400
J082,1100210,IGFX/17201/20-EX,27-08-2019,174400,174400
J082,1100210,IGFX/17010/20-EX,26-08-2019,174400,174400
J082,1100210,IGFX/16709/20-EX,24-08-2019,174400,174400
NED139,1100504,IGFX/17188/20-EX,27-08-2019,87200,87200
NED139,1100504,IGFX/15336/20-EX,13-08-2019,91200,91200
NED139,1100504,IGFX/14878/20-EX,09-08-2019,174400,105050
BHM013,1101152,JGWP/00036/19-20,09-08-2019,96344.5,80800
BHS043,1101152,IGKV/00697/19-20,25-08-2019,122880,122880
BHS043,1101152,IGKV/00698/19-20,25-08-2019,41400,41400
BHS043,1101152,JGPK/00083/19-20,31-07-2019,8250,8250
BHS043,1101152,IGKV/00588/19-20,29-07-2019,38900,14166
WBM217,CMCL_088,IDDS/01203/19-20,05-08-2019,77440,77440
WBM217,CMCL_088,IDDS/01198/19-20,03-08-2019,112640,112640
WBM217,CMCL_088,JGWK/00323/19-20,31-07-2019,22080,22080
WBM217,CMCL_088,IDDS/01083/19-20,24-07-2019,112640,112640
WBM217,CMCL_088,IDDS/01050/19-20,22-07-2019,112640,112640
WBM217,CMCL_088,IDDS/01054/19-20,22-07-2019,112640,76330
BHB007,1101127,ISKS/00087/19-20,28-08-2019,76200,76200
BHB007,1101127,IGKS/00290/19-20,26-08-2019,76200,76200
BHB007,1101127,IGKS/00271/19-20,22-08-2019,76200,76200
BHB007,1101127,ISKV/00447/19-20,18-08-2019,160440,160440
BHB007,1101127,ISKV/00448/19-20,18-08-2019,160440,160440
BHB007,1101127,IGKS/00223/19-20,17-08-2019,38100,38100
BHB007,1101127,IGKS/00224/19-20,17-08-2019,76200,73210
M399,1101171,JGPK/00021/19-20,14-05-2019,3600,3600
M399,1101171,IGUV/00022/19-20,16-04-2019,157600,157600
M399,1101171,IGUV/00023/19-20,16-04-2019,42400,19402
Y003,1101127,SDBIG/00015/2017-2018,04-04-2017,100,100
Y003,1101127,CMPTU/00010/2017-2018,04-04-2017,16787,16687
D106,CMCL_129,ISDS/01489/19-20,24-08-2019,144000,144000
D106,CMCL_129,ISDS/01377/19-20,05-08-2019,150000,150000
D106,CMCL_129,ISDS/01381/19-20,05-08-2019,150000,150000
D106,CMCL_129,ISDS/01327/19-20,26-07-2019,120000,91215
R212,AEMP000799000098,PCGW/03093/19-20,16-07-2019,217168.75,120168.75
WBP063,AEMP000799000098,IDJG/00028/18-19,28-02-2019,152488,152488
WBP063,AEMP000799000098,IDJG/00008/18-19,30-09-2018,13200,13200
WBP063,AEMP000799000098,JGWK/00574/18-19,30-09-2018,1040,1040
WBP063,AEMP000799000098,IGCS/00212/18-19,05-09-2018,26800,26800
WBP063,AEMP000799000098,JGWK/00361/18-19,31-07-2018,15200,15200
WBP063,AEMP000799000098,JGWK/00396/18-19,31-07-2018,398305,26903
M024,1100739,IGFX/17090/20-EX,27-08-2019,170800,170800
M024,1100739,IGFX/16574/20-EX,23-08-2019,128100,128100
M024,1100739,IGFX/16190/20-EX,21-08-2019,169200,169200
M024,1100739,IGFX/16261/20-EX,21-08-2019,170800,127329
G097,1100504,IGFX/17408/20-EX,29-08-2019,174400,173200
NEH002,1100295,IGLL/00429/19-20,28-08-2019,113960,66045
NEI024,1100295,IGLL/00437/19-20,29-08-2019,145880,57970
A274,CMCL_199,JDWK/00377/17-18,21-02-2018,8319537,8319537
A274,CMCL_199,PCGW/00144/17-18,10-07-2017,8319537,500
BHC007,1100480,IGFW/00064/19-20,26-08-2019,39000,35850
BHL001,1101055,IDGV/00096/19-20,28-08-2019,167160,167160
BHL001,1101055,IGGV/00104/19-20,23-08-2019,146490,132150
BHM116,1101055,IGKV/00684/19-20,24-08-2019,124500,119700
BHS126,1101055,IDBH/00136/19-20,29-08-2019,37900,37900
BHS126,1101055,IGBP/00113/19-20,28-08-2019,40900,40900
BHS126,1101055,IGBP/00110/19-20,26-08-2019,40900,40900
BHS126,1101055,IDBH/00131/19-20,21-08-2019,37900,37900
BHS126,1101055,IGBP/00102/19-20,19-08-2019,40900,40900
BHS126,1101055,IDBH/00127/19-20,13-08-2019,38400,31735
D012,1100766,IGFX/17128/20-EX,27-08-2019,356800,356800
D012,1100766,ITGE/00122/20-EX,27-08-2019,22050,22050
D012,1100766,IGFX/16934/20-EX,26-08-2019,356800,356800
D012,1100766,ITGE/00121/20-EX,26-08-2019,97020,97020
D012,1100766,IGFX/16814/20-EX,25-08-2019,356800,356800
D012,1100766,IGFX/16828/20-EX,25-08-2019,356800,356800
D012,1100766,IGFX/16763/20-EX,24-08-2019,356800,356800
D012,1100766,IGFX/16789/20-EX,24-08-2019,356800,356800
D012,1100766,ITGE/00118/20-EX,23-08-2019,22050,22050
D012,1100766,ITGE/00119/20-EX,23-08-2019,35280,35280
D012,1100766,IGFX/16174/20-EX,21-08-2019,356800,356800
D012,1100766,ITGE/00115/20-EX,21-08-2019,13230,13230
D012,1100766,ITGE/00116/20-EX,21-08-2019,88200,88200
D012,1100766,ITGE/00117/20-EX,21-08-2019,88200,88200
D012,1100766,ITGE/00114/20-EX,20-08-2019,35280,35280
D012,1100766,IGFX/15951/20-EX,19-08-2019,356800,344350
NER096,1101146,IGFX/16985/20-EX,26-08-2019,178400,174400
NEV019,1100766,JGAG/00396/19-20,31-05-2019,7000,7000
NEV019,1100766,IGFX/05347/20-EX,11-05-2019,133800,106704
BHD002,1101128,IGKI/00321/19-20,29-08-2019,81200,81200
BHD002,1101128,IGKI/00319/19-20,28-08-2019,75200,75200
BHD002,1101128,IGKI/00305/19-20,26-08-2019,40600,40600
BHD002,1101128,IGKI/00306/19-20,26-08-2019,37600,37600
BHD002,1101128,IGKI/00297/19-20,21-08-2019,75200,75200
BHD002,1101128,IGKI/00294/19-20,19-08-2019,81200,6214.5
R214,1101127,IGKS/00300/19-20,28-08-2019,75400,75400
R214,1101127,ISKS/00079/19-20,27-08-2019,75400,75400
R214,1101127,ISKV/00465/19-20,21-08-2019,160860,160860
R214,1101127,IGKS/00269/19-20,21-08-2019,37700,37700
R214,1101127,IGKS/00251/19-20,20-08-2019,75400,75400
R214,1101127,ISKV/00455/19-20,20-08-2019,160860,160860
R214,1101127,IGKS/00234/19-20,17-08-2019,37700,37700
R214,1101127,ISKV/00436/19-20,16-08-2019,191500,191500
R214,1101127,ISKV/00429/19-20,14-08-2019,160860,160860
R214,1101127,ISKV/00430/19-20,14-08-2019,160860,44300
K075,1100504,IGFX/16824/20-EX,25-08-2019,348800,348800
K075,1100504,IGFX/15758/20-EX,18-08-2019,348800,348800
K075,1100504,IGFX/15430/20-EX,14-08-2019,174400,174400
K075,1100504,IGFX/14413/20-EX,06-08-2019,174400,69560
NED092,1100295,IGLL/00431/19-20,28-08-2019,145880,145880
NED092,1100295,IGLL/00392/19-20,16-08-2019,159380,159380
NED092,1100295,IGLL/00386/19-20,12-08-2019,135460,134913
NEK007,1100295,IGLL/00412/19-20,24-08-2019,145880,13629
BHL014,1101152,IGKV/00701/19-20,28-08-2019,38400,38400
BHL014,1101152,IGKV/00667/19-20,19-08-2019,82800,82800
BHL014,1101152,IGKV/00668/19-20,19-08-2019,115200,39595
BHR054,1100480,PCGB/01584/17-18,01-12-2017,140600,140600
BHS009,1100480,PCGB/02721/18-19,02-08-2018,175456,175456
WBA041,CMCL_088,IDDS/01384/19-20,28-08-2019,107840,107840
WBA041,CMCL_088,IDDS/01347/19-20,23-08-2019,40440,40440
WBA041,CMCL_088,IDDS/01204/19-20,05-08-2019,35200,34240
BHS175,1101232,IGUV/00112/19-20,25-07-2019,164640,137300
K176,1101171,JGPK/00021/19-20,14-05-2019,5670,5670
K176,1101171,JVIB/00003/2018-2019,31-08-2018,9000,9000
K176,1101171,IGKS/02478/18-19,25-06-2018,158760,141990
WBM128,1100616,IDKH/00272/19-20,05-08-2019,68000,68000
WBM128,1100616,IDKH/00273/19-20,05-08-2019,40800,40800
WBM128,1100616,IDKH/00257/19-20,31-07-2019,68000,68000
WBM128,1100616,IDKH/00258/19-20,31-07-2019,40800,21602
A195,1100791,IDDS/01348/19-20,24-08-2019,109760,109760
A195,1100791,IDRG/00606/19-20,24-08-2019,33500,33500
A195,1100791,IDRG/00607/19-20,24-08-2019,20100,20100
A195,1100791,IDDS/01330/19-20,22-08-2019,109760,109760
A195,1100791,IDRG/00590/19-20,20-08-2019,46900,46900
A195,1100791,IDDS/01297/19-20,19-08-2019,102900,102900
A195,1100791,IDDS/01298/19-20,19-08-2019,41160,41160
A195,1100791,IDRG/00582/19-20,19-08-2019,26800,26800
A195,1100791,IDRG/00583/19-20,19-08-2019,20100,20100
A195,1100791,IDDS/01273/19-20,16-08-2019,54880,54880
A195,1100791,IDDS/01274/19-20,16-08-2019,54880,9672
A195,1100791,IDRG/00617/19-20,28-08-2019,33500,33500
A195,1100791,IDRG/00618/19-20,28-08-2019,6700,6700
A195,1100791,IDRG/00613/19-20,27-08-2019,33500,33500
A195,1100791,IDRG/00614/19-20,27-08-2019,20100,20100
A195,1100791,IDRG/00615/19-20,27-08-2019,40200,40200
D120,CMCL_129,IGDK/00111/19-20,29-08-2019,62400,62400
D120,CMCL_129,ISDL/00252/19-20,29-08-2019,58400,58400
D120,CMCL_129,ISDL/00256/19-20,29-08-2019,73000,73000
D120,CMCL_129,ISDL/00246/19-20,28-08-2019,73000,73000
NEH020,1100504,IGFX/17270/20-EX,28-08-2019,174400,174400
NEH020,1100504,IGFX/16544/20-EX,23-08-2019,174400,168400
NEL030,1100295,IGLL/00416/19-20,24-08-2019,122540,122540
NEL030,1100295,IGLL/00363/19-20,05-08-2019,155960,124271
NEL047,1100564,IGBD/00413/19-20,23-07-2019,135000,46917
NEM017,1100295,IGLL/00436/19-20,29-08-2019,145880,145880
NEM017,1100295,IGLL/00424/19-20,27-08-2019,145880,145880
NEM017,1100295,IGLL/00418/19-20,25-08-2019,130250,130250
NEM017,1100295,IGLL/00420/19-20,25-08-2019,145880,145880
NEM017,1100295,IGLL/00408/19-20,23-08-2019,130250,130250
NEM017,1100295,IGLL/00410/19-20,23-08-2019,145880,145880
NEM017,1100295,IGLL/00407/19-20,22-08-2019,145880,145880
NEM017,1100295,IGLL/00404/19-20,21-08-2019,145880,145880
NEM017,1100295,IGLL/00399/19-20,20-08-2019,145880,145880
NEM017,1100295,IGLL/00393/19-20,17-08-2019,145880,145880
NEM017,1100295,IGLL/00394/19-20,17-08-2019,145880,145880
NEM017,1100295,IGLL/00396/19-20,17-08-2019,145880,145880
NEM017,1100295,IGLL/00381/19-20,11-08-2019,145880,145880
NEM017,1100295,IGLL/00382/19-20,11-08-2019,145880,145880
NEM017,1100295,IGLL/00383/19-20,11-08-2019,145880,49211
BHM083,1100480,JGPK/00022/19-20,14-05-2019,4910,4910
BHM083,1100480,IDJB/00026/18-19,31-03-2019,14256,14256
BHM083,1100480,JGPK/00355/18-19,31-03-2019,6000,6000
BHM083,1100480,IGFW/00285/18-19,21-01-2019,11700,11700
BHM083,1100480,IDJB/00015/18-19,31-12-2018,30300,30300
BHM083,1100480,IGFW/00262/18-19,25-12-2018,89700,69037.5
NEB114,1100766,ITGE/00120/20-EX,26-08-2019,13230,13230
NEB114,1100766,IGFX/16768/20-EX,24-08-2019,312200,296332
NEC079,1100766,IGFX/16984/20-EX,26-08-2019,133800,129900
S363,1101128,IGKI/00320/19-20,28-08-2019,37400,36844.5
BHK041,1101127,ISKV/00500/19-20,29-08-2019,191000,191000
BHK041,1101127,ISKV/00493/19-20,28-08-2019,160440,160440
BHK041,1101127,ISKV/00470/19-20,21-08-2019,160440,90610
BHS172,1101127,ISKV/00487/19-20,27-08-2019,191000,173849
D160,1101171,IGUV/00093/19-20,08-07-2019,139060,6643
S443,1101127,ISKV/00449/19-20,18-08-2019,161280,161280
S443,1101127,ISKV/00372/19-20,03-08-2019,163380,30040
M358,1100791,IDRG/00604/19-20,24-08-2019,46900,46900
M358,1100791,IDRG/00602/19-20,23-08-2019,46900,46900
M358,1100791,IDRG/00595/19-20,22-08-2019,46900,46900
M358,1100791,IDDS/01318/19-20,20-08-2019,109760,109760
M358,1100791,IDRG/00581/19-20,19-08-2019,46900,46900
M358,1100791,IDRG/00584/19-20,19-08-2019,46900,46900
M358,1100791,IDRG/00580/19-20,17-08-2019,46900,46900
M358,1100791,IDRG/00566/19-20,08-08-2019,40800,40800
M358,1100791,IDRG/00563/19-20,07-08-2019,47600,47600
M358,1100791,JGWK/00323/19-20,31-07-2019,47610,47610
M358,1100791,IGRG/00050/19-20,29-07-2019,43800,43800
M358,1100791,IDDS/01104/19-20,26-07-2019,111360,63634.75
WBA101,AEMP000799000020,IDDS/01374/19-20,27-08-2019,41040,41040
WBA101,AEMP000799000020,IDDS/01375/19-20,27-08-2019,68400,68400
WBA101,AEMP000799000020,IDDS/01316/19-20,20-08-2019,68400,68400
WBA101,AEMP000799000020,IDDS/01317/19-20,20-08-2019,41040,41040
WBA101,AEMP000799000020,IDDS/01251/19-20,13-08-2019,114240,560
WBS157,AEMP000799000020,IDDS/00876/19-20,06-07-2019,115840,109440
BHS006,1101152,JGWP/00037/19-20,09-08-2019,100320,58200
BHK039,1100480,JGPK/00021/19-20,14-05-2019,2140,2140
BHK039,1100480,IGFW/00294/18-19,30-01-2019,66300,62877
WBG041,CMCL_088,IDDS/01346/19-20,23-08-2019,67400,67400
WBG041,CMCL_088,IDDS/01268/19-20,15-08-2019,111040,111040
WBG041,CMCL_088,IDDS/01255/19-20,13-08-2019,112640,112640
WBG041,CMCL_088,JGWK/00322/19-20,31-07-2019,38400,38400
WBG041,CMCL_088,IDDS/01105/19-20,26-07-2019,112640,112640
WBG041,CMCL_088,IDDS/01106/19-20,26-07-2019,112640,112640
WBG041,CMCL_088,IDDS/01107/19-20,26-07-2019,112640,112640
WBG041,CMCL_088,IDDS/01108/19-20,26-07-2019,112640,66275
WBT035,CMCL_199,PCGW/05029/18-19,16-10-2018,279745,179745
A192,1100167,IGFW/00065/19-20,28-08-2019,80000,74774.5
BHA016,1101055,IGBP/00114/19-20,28-08-2019,81000,81000
BHA016,1101055,IDBH/00135/19-20,28-08-2019,75000,75000
BHA016,1101055,IDBH/00134/19-20,27-08-2019,91875,91875
BHA016,1101055,IGBP/00111/19-20,27-08-2019,2025,2025
BHA016,1101055,IGBP/00109/19-20,24-08-2019,12150,12150
BHA016,1101055,IDBH/00133/19-20,24-08-2019,63750,63750
BHA016,1101055,IDBH/00132/19-20,23-08-2019,56250,56250
BHA016,1101055,IGBP/00108/19-20,23-08-2019,20250,20250
BHA016,1101055,IGBP/00104/19-20,22-08-2019,52650,52650
BHA016,1101055,IGBP/00105/19-20,22-08-2019,48600,48600
BHA016,1101055,IGBP/00106/19-20,22-08-2019,81000,81000
BHA016,1101055,IGBP/00103/19-20,21-08-2019,40500,40500
BHA016,1101055,IDBH/00129/19-20,21-08-2019,37500,6250
BHB064,1101055,JGPK/00083/19-20,31-07-2019,20400,20400
BHB064,1101055,IGBP/00096/19-20,31-07-2019,65600,32400
NEM171,1101146,IGFX/17423/20-EX,29-08-2019,356800,356800
NEM171,1101146,IGFX/16791/20-EX,24-08-2019,356800,356800
NEM171,1101146,IGFX/16375/20-EX,22-08-2019,356800,337650
BHL007,1101171,IGUV/00135/19-20,29-08-2019,165480,165062
K014,1101047,ILCB/00617/19-20,29-08-2019,84000,82388
BHS008,1101171,JGPK/00024/19-20,14-05-2019,3400,3400
BHS008,1101171,IGUV/00142/18-19,09-12-2018,152040,145692
NEM061,1100564,IGBD/00550/19-20,27-08-2019,144000,144000
NEM061,1100564,IGBD/00516/19-20,21-08-2019,144000,87200
NEM172,1100564,IGBD/00546/19-20,27-08-2019,40500,33023
WBN011,CMCL_199,JDWK/00696/18-19,31-03-2019,4130,4130
WBN011,CMCL_199,PCGW/07449/18-19,28-01-2019,111935,102805
BHS110,1101055,BGPK/00068/19-20,17-05-2019,50000,50000
BHS110,1101055,BGPK/00066/19-20,17-05-2019,50000,50000
BHS110,1101055,BGPK/00598/18-19,05-02-2019,298997,58997
D080,1101146,IGFX/17385/20-EX,29-08-2019,89200,89200
D080,1101146,IGFX/14931/20-EX,09-08-2019,44600,44600
D080,1101146,IGFX/14832/20-EX,08-08-2019,89200,89189
WBS235,1101157,IDDS/01349/19-20,24-08-2019,107840,103295
BHB062,1101127,ISKV/00495/19-20,28-08-2019,168080,157113
WBM176,1100616,IDKH/00286/19-20,14-08-2019,26000,26000
WBM176,1100616,IDKH/00283/19-20,13-08-2019,74800,72815.5
B235,1100791,IDRG/00589/19-20,20-08-2019,20100,20100
B235,1100791,IDRG/00591/19-20,20-08-2019,33500,33500
B235,1100791,IDRG/00592/19-20,20-08-2019,13400,13400
B235,1100791,IDDS/01303/19-20,19-08-2019,109760,109760
B235,1100791,IDRG/00585/19-20,19-08-2019,26800,26800
B235,1100791,IDRG/00586/19-20,19-08-2019,20100,20100
B235,1100791,IDRG/00587/19-20,19-08-2019,40200,40200
B235,1100791,IDRG/00564/19-20,08-08-2019,40800,40800
B235,1100791,IDRG/00565/19-20,08-08-2019,40800,40800
B235,1100791,IDRG/00568/19-20,08-08-2019,13600,13600
B235,1100791,IDRG/00569/19-20,08-08-2019,27200,27200
B235,1100791,IDRG/00570/19-20,08-08-2019,13600,5372.25
B235,1100791,IDRG/00619/19-20,29-08-2019,20100,20100
B235,1100791,IDRG/00620/19-20,29-08-2019,20100,20100
B235,1100791,IDRG/00608/19-20,24-08-2019,20100,20100
B235,1100791,IDRG/00609/19-20,24-08-2019,20100,20100
B235,1100791,IDRG/00594/19-20,21-08-2019,26800,26800
B235,1100791,IDRG/00588/19-20,20-08-2019,20100,20100
WBH034,AEMP000799000098,IDDS/01368/19-20,27-08-2019,143640,143640
WBH034,AEMP000799000098,IDDS/01371/19-20,27-08-2019,109440,109440
WBH034,AEMP000799000098,IDDS/01285/19-20,17-08-2019,68400,68400
WBH034,AEMP000799000098,IDDS/01286/19-20,17-08-2019,41040,41040
WBH034,AEMP000799000098,IDDS/01172/19-20,31-07-2019,111040,110075
WBI015,CMCL_129,ISDS/01548/19-20,29-08-2019,146000,146000
WBI015,CMCL_129,ISDL/00239/19-20,27-08-2019,73000,73000
WBI015,CMCL_129,ISDL/00240/19-20,27-08-2019,73000,73000
WBI015,CMCL_129,ISDS/01486/19-20,23-08-2019,146000,4960
WBM159,CMCL_129,ISDL/00137/19-20,07-08-2019,76000,71335
S191,1100564,IGBD/00526/19-20,22-08-2019,180000,149949
WBP005,AEMP000799000020,IDJG/00005/19-20,30-06-2019,148528.5,68091
BHK017,1100480,IGFV/00010/19-20,03-07-2019,219750,94235
BHS032,1100167,JGPK/00025/19-20,14-05-2019,3010,3010
BHS032,1100167,IDJB/00015/18-19,31-12-2018,40000,40000
BHS032,1100167,JGPK/00139/18-19,31-07-2018,355456,213441
NEL036,1100766,IGFX/15932/20-EX,19-08-2019,178400,162137
NEP175,1101146,ITGE/00076/20-EX,27-06-2019,13230,13230
NEP175,1101146,ITGE/00074/20-EX,25-06-2019,13230,13230
NEP175,1101146,ITGE/00068/20-EX,21-06-2019,13230,13230
NEP175,1101146,ITGE/00070/20-EX,21-06-2019,13230,13230
NEP175,1101146,ITGE/00061/20-EX,12-06-2019,13230,13230
NEP175,1101146,ITGE/00057/20-EX,11-06-2019,13230,13230
NEP175,1101146,ITGE/00055/20-EX,10-06-2019,13230,13230
NEP175,1101146,ITGE/00051/20-EX,07-06-2019,13230,13230
NEP175,1101146,ITGE/00052/20-EX,07-06-2019,13230,13230
NEP175,1101146,ITGE/00053/20-EX,07-06-2019,13230,13230
NEP175,1101146,ITGE/00045/20-EX,04-06-2019,44100,580
P212,1101171,JGPK/00023/19-20,14-05-2019,1000,1000
P212,1101171,JGPK/00356/18-19,31-03-2019,1200,200
WBN032,1100616,IDKH/00289/19-20,17-08-2019,71500,71500
WBN032,1100616,IDKH/00279/19-20,09-08-2019,40800,40800
WBN032,1100616,IDKH/00280/19-20,09-08-2019,20400,20400
WBN032,1100616,IDKH/00277/19-20,08-08-2019,68000,68000
WBN032,1100616,IDKH/00278/19-20,08-08-2019,68000,68000
WBN032,1100616,IDKH/00265/19-20,02-08-2019,88400,88400
WBN032,1100616,IDKH/00266/19-20,02-08-2019,47600,47600
WBN032,1100616,JGWK/00324/19-20,31-07-2019,27600,27600
WBN032,1100616,IDKH/00243/19-20,24-07-2019,68000,68000
WBN032,1100616,IDKH/00244/19-20,24-07-2019,68000,68000
WBN032,1100616,IDKH/00235/19-20,23-07-2019,68000,1400
A255,1100791,PCGW/05445/18-19,05-11-2018,765071,765071
J136,1100791,PCGW/05446/18-19,05-11-2018,296646,296646
K158,1101047,ILCB/00604/19-20,27-08-2019,161500,161319
NEA045,1101047,ILCB/00612/19-20,29-08-2019,210000,210000
NEA045,1101047,ILCB/00613/19-20,29-08-2019,210000,210000
NEA045,1101047,ILCB/00609/19-20,28-08-2019,210000,210000
NEA045,1101047,ILCB/00605/19-20,27-08-2019,201600,201600
NEA045,1101047,ILCB/00608/19-20,27-08-2019,50400,50400
NEA045,1101047,ILCB/00600/19-20,26-08-2019,201600,201600
NEA045,1101047,ILCB/00592/19-20,24-08-2019,210000,210000
NEA045,1101047,ILCB/00594/19-20,24-08-2019,105000,105000
NEA045,1101047,ILCB/00589/19-20,23-08-2019,176400,176400
NEA045,1101047,ILCB/00586/19-20,22-08-2019,193200,193200
NEA242,1100504,IGFX/13744/20-EX,31-07-2019,122080,122080
NEA242,1100504,IGFX/12074/20-EX,11-07-2019,87200,87200
NEA242,1100504,IGFX/11065/20-EX,01-07-2019,87200,76800
NER144,1101045,IGFX/15771/20-EX,18-08-2019,87200,87200
NER144,1101045,IGFX/15164/20-EX,11-08-2019,87200,87200
NER144,1101045,IGFX/14292/20-EX,04-08-2019,87200,3400
S045,1100564,JMHG/00001/17-18,31-07-2017,13756266,11404238
BHA069,1101152,IGKV/00685/19-20,24-08-2019,115200,99472
WBD017,CMCL_088,IDJG/00006/19-20,30-06-2019,1928,1928
WBD017,CMCL_088,JGWK/00238/19-20,30-06-2019,6400,6400
WBD017,CMCL_088,IDDS/00591/19-20,10-06-2019,120640,78934
WBJ044,CMCL_199,IDJG/00006/19-20,30-06-2019,5760,5760
WBJ044,CMCL_199,JGWK/00637/18-19,31-10-2018,2940,2940
WBJ044,CMCL_199,IDDS/01700/18-19,29-10-2018,136500,112860
BHS033,1101128,ISKV/00501/19-20,29-08-2019,160020,160020
BHS033,1101128,ISKV/00485/19-20,27-08-2019,160020,160020
BHS033,1101128,ISKV/00484/19-20,26-08-2019,160020,160020
BHS033,1101128,ISKV/00469/19-20,21-08-2019,160020,160020
BHS033,1101128,ISKV/00453/19-20,20-08-2019,160020,160020
BHS033,1101128,ISKV/00454/19-20,20-08-2019,160020,160020
BHS033,1101128,ISKV/00414/19-20,11-08-2019,162120,162120
BHS033,1101128,ISKV/00402/19-20,09-08-2019,162120,162120
BHS033,1101128,ISKV/00400/19-20,08-08-2019,162120,162120
BHS033,1101128,ISKV/00376/19-20,04-08-2019,162120,162120
BHS033,1101128,ISKV/00377/19-20,04-08-2019,162120,12202.45
U025,1101128,IGKI/00263/19-20,04-08-2019,54864,54864
U025,1101128,IGKI/00226/19-20,18-07-2019,28425,28425
U025,1101128,IGKI/00213/19-20,16-07-2019,19050,19050
U025,1101128,IGKI/00212/19-20,15-07-2019,76200,76200
U025,1101128,IGKI/00201/19-20,06-07-2019,78200,54430
BHK044,1101127,IGKV/00677/19-20,21-08-2019,84260,84260
BHK044,1101127,IGKV/00678/19-20,21-08-2019,82600,81740
A127,1101047,ILCB/00596/19-20,25-08-2019,50400,50400
A127,1101047,ILCB/00561/19-20,13-08-2019,58800,58800
A127,1101047,ILCB/00519/19-20,03-08-2019,84000,23369
NEG009,1101047,ILCB/00602/19-20,26-08-2019,100800,100800
NEG009,1101047,ILCB/00562/19-20,13-08-2019,50400,50400
NEG015,1101045,IGFX/17275/20-EX,28-08-2019,174400,168400
NES319,1100504,IGFX/10981/20-EX,01-07-2019,305200,270628
M375,AEMP000799000020,PCGW/03306/19-20,24-07-2019,45785,45785
NEO020,1100295,IGDS/01278/19-20,21-08-2019,348840,870
WBM237,AEMP000799000020,IDJG/00005/19-20,30-06-2019,74320,34399
WBS223,AEMP000799000020,IDDS/01361/19-20,26-08-2019,75240,75240
WBS223,AEMP000799000020,IDDS/01362/19-20,26-08-2019,34200,30920
BHA064,1100480,PCGB/02890/18-19,14-08-2018,89652,89652
WBD031,CMCL_088,IDJG/00006/19-20,30-06-2019,302833,244039
WBS006,CMCL_199,PCGW/07576/18-19,31-01-2019,646042,646042
S483,1101055,JGPK/00084/19-20,31-07-2019,45000,45000
S483,1101055,IGGV/00091/19-20,28-07-2019,155000,155000
S483,1101055,IGGV/00092/19-20,28-07-2019,41750,41750
S483,1101055,IGGV/00065/19-20,06-07-2019,159000,155935
NES073,1100766,IGFX/04567/20-EX,05-05-2019,166440,166440
NES073,1100766,IGFX/02957/20-EX,23-04-2019,175200,33550
BHS176,1101128,ISKV/00443/19-20,17-08-2019,160020,160020
BHS176,1101128,IGKI/00270/19-20,08-08-2019,68220,21320
A267,CMCL_162,IDDS/01394/19-20,29-08-2019,41040,41040
A267,CMCL_162,IDDS/01395/19-20,29-08-2019,68400,68400
A267,CMCL_162,IDDS/01328/19-20,22-08-2019,54720,54720
A267,CMCL_162,IDDS/01329/19-20,22-08-2019,54720,49856
NES381,1101295,IGFX/15068/20-EX,10-08-2019,84800,84800
NES381,1101295,IGFX/14698/20-EX,07-08-2019,84800,84800
NES381,1101295,IGFX/13046/20-EX,24-07-2019,84800,74000
NET012,AEMP000592000336,ILBJ/01207/19-20,12-08-2019,204480,204480
NET012,AEMP000592000336,ILBJ/01208/19-20,12-08-2019,199800,199800
NET012,AEMP000592000336,ILBJ/01173/19-20,11-08-2019,212800,212800
NET012,AEMP000592000336,ILBJ/01174/19-20,11-08-2019,201600,201600
NET012,AEMP000592000336,ILBJ/01175/19-20,11-08-2019,201600,201600
NET012,AEMP000592000336,ILBJ/01176/19-20,11-08-2019,201600,201600
NET012,AEMP000592000336,ILBJ/01177/19-20,11-08-2019,201600,201600
NET012,AEMP000592000336,ILBJ/01178/19-20,11-08-2019,199800,199800
NET012,AEMP000592000336,ILBJ/01183/19-20,11-08-2019,244200,244200
NET012,AEMP000592000336,ILBJ/01184/19-20,11-08-2019,188700,188700
NET012,AEMP000592000336,ILBJ/01189/19-20,11-08-2019,244200,244200
NET012,AEMP000592000336,ILBJ/01467/19-20,29-08-2019,202680,202680
NET012,AEMP000592000336,ILBJ/01468/19-20,29-08-2019,191420,191420
NET012,AEMP000592000336,ILBJ/01469/19-20,29-08-2019,197050,197050
NET012,AEMP000592000336,ILBJ/01470/19-20,29-08-2019,197050,197050
NET012,AEMP000592000336,ILBJ/01471/19-20,29-08-2019,210900,210900
NET012,AEMP000592000336,ILBJ/01472/19-20,29-08-2019,199800,199800
S365,AEMP000799000367,ISDS/00854/17-18,14-10-2017,144060,144060
S365,AEMP000799000367,ISML/00029/17-18,05-10-2017,34200,34200
S365,AEMP000799000367,ISML/00030/17-18,05-10-2017,34200,34200
S365,AEMP000799000367,ISML/00031/17-18,05-10-2017,34200,34200
S365,AEMP000799000367,ISML/00032/17-18,05-10-2017,34200,34200
S365,AEMP000799000367,ISML/00033/17-18,05-10-2017,68400,68400
S365,AEMP000799000367,ISML/00034/17-18,05-10-2017,47880,47880
S365,AEMP000799000367,ISML/00035/17-18,05-10-2017,34200,34200
S365,AEMP000799000367,ISML/00036/17-18,05-10-2017,82080,82080
S365,AEMP000799000367,ISML/00037/17-18,05-10-2017,34200,34200
S365,AEMP000799000367,ISML/00038/17-18,05-10-2017,82080,82080
S365,AEMP000799000367,ISML/00039/17-18,05-10-2017,61560,61560
S365,AEMP000799000367,ISML/00011/17-18,26-09-2017,68400,68400
S365,AEMP000799000367,ISML/00012/17-18,26-09-2017,34200,34200
S365,AEMP000799000367,ISML/00013/17-18,26-09-2017,75240,75240
S365,AEMP000799000367,ISML/00014/17-18,26-09-2017,34200,34200
S365,AEMP000799000367,ISML/00015/17-18,26-09-2017,61560,61560
S365,AEMP000799000367,ISML/00016/17-18,26-09-2017,47880,47880
S365,AEMP000799000367,ISML/00017/17-18,26-09-2017,47880,47880
S365,AEMP000799000367,ISML/00018/17-18,26-09-2017,41040,41040
S365,AEMP000799000367,ISML/00019/17-18,26-09-2017,34200,34200
S365,AEMP000799000367,ISML/00020/17-18,26-09-2017,34200,34200
S365,AEMP000799000367,ISDS/00646/17-18,20-09-2017,109760,109760
S365,AEMP000799000367,ISDS/00584/17-18,13-09-2017,112960,112960
S365,AEMP000799000367,ISDS/00506/17-18,08-09-2017,68600,68600
S365,AEMP000799000367,ISDS/00507/17-18,08-09-2017,41160,41160
S365,AEMP000799000367,IGML/00130/17-18,08-09-2017,109440,109440
S365,AEMP000799000367,IGML/00131/17-18,08-09-2017,68400,68400
S365,AEMP000799000367,IGML/00127/17-18,05-09-2017,102600,102600
S365,AEMP000799000367,IGML/00091/17-18,09-08-2017,111600,111600
S365,AEMP000799000367,IGML/00092/17-18,09-08-2017,99324,99324
S365,AEMP000799000367,IGML/00093/17-18,09-08-2017,3570,3570
S365,AEMP000799000367,IGML/00094/17-18,09-08-2017,138800,138800
S365,AEMP000799000367,IGML/00095/17-18,09-08-2017,138800,138800
S365,AEMP000799000367,IGML/00096/17-18,09-08-2017,138800,138800
S365,AEMP000799000367,IGML/00054/17-18,26-07-2017,138800,138800
S365,AEMP000799000367,IGML/00055/17-18,26-07-2017,138800,138800
S365,AEMP000799000367,IGML/00056/17-18,26-07-2017,185645,185645
S365,AEMP000799000367,IGML/00057/17-18,26-07-2017,163680,163680
S365,AEMP000799000367,IGML/00058/17-18,26-07-2017,104100,104100
S365,AEMP000799000367,IGML/00059/17-18,26-07-2017,138800,138800
S365,AEMP000799000367,IGML/00060/17-18,26-07-2017,138800,138800
BHK007,1101055,PCGB/06517D/18-19,27-03-2019,1009794,1009794
S321,CMCL_117,ISDS/01545/19-20,29-08-2019,130900,130900
S321,CMCL_117,ISDS/01501/19-20,25-08-2019,130900,130900
S321,CMCL_117,ISDS/01461/19-20,21-08-2019,130900,18000
S340,AEMP000799000100,IGSL/03996/19-20,28-08-2019,22500,22500
S340,AEMP000799000100,IGSL/04008/19-20,28-08-2019,22500,22500
S340,AEMP000799000100,IGSL/04014/19-20,28-08-2019,22500,22500
R114,CMCL_205,IGSL/03023/19-20,30-07-2019,192500,192500
R114,CMCL_205,IGSL/03043/19-20,30-07-2019,18750,18750
R114,CMCL_205,IGFB/00890/19-20,30-07-2019,15000,15000
R114,CMCL_205,IGFB/00892/19-20,30-07-2019,22500,22500
R114,CMCL_205,IGFB/00894/19-20,30-07-2019,22500,22500
R114,CMCL_205,IGFB/00906/19-20,30-07-2019,22500,22500
R114,CMCL_205,IGFB/00910/19-20,30-07-2019,22500,22500
R114,CMCL_205,IGBX/00440/19-20,30-07-2019,192500,192500
R114,CMCL_205,IGFB/00886/19-20,29-07-2019,22500,22500
R114,CMCL_205,IGSL/02956/19-20,29-07-2019,115500,115500
R114,CMCL_205,IGSL/02970/19-20,29-07-2019,154000,154000
R114,CMCL_205,IGSL/02988/19-20,29-07-2019,154000,154000
R114,CMCL_205,IGSL/02918/19-20,27-07-2019,154000,154000
R114,CMCL_205,IGSL/02925/19-20,27-07-2019,11250,11250
R114,CMCL_205,IGSL/02934/19-20,27-07-2019,192500,192500
R114,CMCL_205,IGSL/02939/19-20,27-07-2019,75000,75000
R114,CMCL_205,IGSL/02942/19-20,27-07-2019,154000,154000
R114,CMCL_205,IGFB/00862/19-20,27-07-2019,22500,22500
R114,CMCL_205,IGFB/00867/19-20,27-07-2019,26250,26250
R114,CMCL_205,IGSL/02889/19-20,26-07-2019,123200,28198.5
R114,CMCL_205,IGFB/00952/19-20,06-08-2019,15000,15000
R114,CMCL_205,IGFB/00942/19-20,05-08-2019,15000,15000
R114,CMCL_205,IGSL/03756/19-20,22-08-2019,154000,154000
R114,CMCL_205,IGSL/03761/19-20,22-08-2019,154000,154000
R114,CMCL_205,IGFB/01054/19-20,22-08-2019,7500,7500
R114,CMCL_205,IGFB/01055/19-20,22-08-2019,15000,15000
R114,CMCL_205,IGSL/03734/19-20,21-08-2019,123200,123200
WBM071,1100616,IDJG/00006/19-20,30-06-2019,4365,4365
WBM071,1100616,IDKH/00839/18-19,28-11-2018,43960,43960
WBM071,1100616,IDKH/00756/18-19,06-11-2018,81640,81640
WBM071,1100616,IDJG/00002/18-19,31-08-2018,219080,33730
R128,CMCL_129,ISDS/01484/19-20,23-08-2019,116800,116800
WBM041,CMCL_129,ISDL/00041/19-20,09-07-2019,78000,72796
WBN082,AEMP000799000098,IDDS/01388/19-20,29-08-2019,109120,109120
WBN082,AEMP000799000098,IDDS/01338/19-20,23-08-2019,109120,109120
WBN082,AEMP000799000098,IDDS/01311/19-20,20-08-2019,109120,109120
WBN082,AEMP000799000098,IDDS/01290/19-20,18-08-2019,109120,109120
WBN082,AEMP000799000098,IDDS/01271/19-20,16-08-2019,75020,70472
WBS229,CMCL_129,ISDL/00253/19-20,29-08-2019,73000,73000
WBS229,CMCL_129,ISDL/00254/19-20,29-08-2019,73000,73000
WBS229,CMCL_129,ISDS/01546/19-20,29-08-2019,131400,131400
WBS229,CMCL_129,ISDL/00247/19-20,28-08-2019,73000,73000
WBS229,CMCL_129,ISDL/00249/19-20,28-08-2019,73000,73000
WBS229,CMCL_129,ISDL/00233/19-20,26-08-2019,65700,4297
NEN043,1101332,ILTM/01062/19-20,22-08-2019,208000,74304
S451,1101332,ILTM/01087/19-20,26-08-2019,208000,189896
BHG030,1100387,IGKV/00615/19-20,06-08-2019,117150,117150
BHG030,1100387,IGKV/00616/19-20,06-08-2019,84100,84100
BHG030,1100387,IGKV/00536/19-20,17-07-2019,78100,78100
BHG030,1100387,IGKV/00537/19-20,17-07-2019,126150,53634
B233,1101171,JGPK/00019/19-20,14-05-2019,18630,230
BHA008,1101171,IGWR/00015/19-20,31-07-2019,76140,72680
BHK005,1101171,IGWR/00016/19-20,28-08-2019,66880,66880
BHK005,1101171,IGWR/00014/19-20,31-07-2019,50760,42336.1
BHS048,1101171,IGWR/00012/19-20,18-07-2019,42500,39433
K150,1100564,IGBD/00537/19-20,26-08-2019,157500,152230
BHA058,1101152,IGKV/00553/19-20,22-07-2019,77800,77800
BHA058,1101152,IGKV/00555/19-20,22-07-2019,41900,41900
BHA058,1101152,IGKV/00491/19-20,04-07-2019,87780,56764
BHR079,1101152,IGKV/00702/19-20,28-08-2019,153600,146760
A218,1100480,JDWK/00377/17-18,21-02-2018,218607,218607
A218,1100480,PCGB/01554/17-18,30-11-2017,504475,173118
BHM067,1100480,IDJB/00026/18-19,31-03-2019,10720,10720
BHM067,1100480,JDWK/00380/17-18,21-02-2018,75750,54310
C128,CMCL_199,JGWK/00286/19-20,26-07-2019,10000,10000
C128,CMCL_199,PCGW/05025/18-19,16-10-2018,1176401,562731
WBN002,CMCL_199,PCGW/05023/18-19,16-10-2018,615051,615051
WBN081,CMCL_199,IDJG/00006/19-20,30-06-2019,5230,5230
WBN081,CMCL_199,JGWK/01204/18-19,31-03-2019,2400,2400
WBN081,CMCL_199,JGWK/01078/18-19,28-02-2019,11900,11900
WBN081,CMCL_199,IDDS/02765/18-19,27-02-2019,137340,137340
WBN081,CMCL_199,IDDS/02766/18-19,27-02-2019,103360,103360
WBN081,CMCL_199,IDDS/02767/18-19,27-02-2019,103360,60082
WBS112,CMCL_088,IDJG/00006/19-20,30-06-2019,3080,3080
WBS112,CMCL_088,JGWK/01183/18-19,31-03-2019,6460,6460
WBS112,CMCL_088,IDDS/03151/18-19,31-03-2019,103360,82480
BHB063,1101055,JGPK/00083/19-20,31-07-2019,15000,15000
BHB063,1101055,IDGV/00088/19-20,27-07-2019,100000,100000
BHB063,1101055,IDGV/00089/19-20,27-07-2019,97500,82499
BHA024,AEMP000799000122,PCGB/05653/18-19,07-02-2019,265685,265685
NEM050,1101311,ILAI/00288/19-20,22-08-2019,18280,18280
NEM050,1101311,ILAI/00289/19-20,22-08-2019,20565,20565
NEM050,1101311,ILAI/00290/19-20,22-08-2019,6855,6855
NEM050,1101311,ILAI/00291/19-20,22-08-2019,13710,13710
NEM050,1101311,ILAI/00264/19-20,19-08-2019,18280,18280
NEM050,1101311,ILAI/00266/19-20,19-08-2019,22850,22850
NEM050,1101311,ILAI/00267/19-20,19-08-2019,18280,11085
WBD057,AEMP000799000100,ISFB/00467/19-20,29-08-2019,22500,22500
WBD057,AEMP000799000100,ISFB/00468/19-20,29-08-2019,22500,22500
WBD057,AEMP000799000100,ISFB/00470/19-20,29-08-2019,22500,22500
WBD057,AEMP000799000100,ISFB/00471/19-20,29-08-2019,22500,22500
WBD057,AEMP000799000100,ISFB/00473/19-20,29-08-2019,22500,22500
WBD057,AEMP000799000100,ISS2/00740/19-20,29-08-2019,15750,15750
WBD057,AEMP000799000100,ISS2/00741/19-20,29-08-2019,38250,38250
WBD057,AEMP000799000100,ISS2/00748/19-20,29-08-2019,18750,18750
WBD057,AEMP000799000100,ISS2/00751/19-20,29-08-2019,16875,16875
WBD057,AEMP000799000100,ISS2/00753/19-20,29-08-2019,13125,13125
WBD057,AEMP000799000100,ISS2/00754/19-20,29-08-2019,13125,13125
A277,1101171,JGPK/00018/19-20,14-05-2019,9270,9270
A277,1101171,IGUV/00118/18-19,20-11-2018,181500,167910
WBM249,AEMP000799000020,IDDS/01387/19-20,29-08-2019,109440,109440
WBM249,AEMP000799000020,IDDS/01269/19-20,16-08-2019,68400,68400
WBM249,AEMP000799000020,IDDS/01270/19-20,16-08-2019,41040,34440
D122,1100167,IGFW/00042/19-20,16-06-2019,82800,79744
M350,1101171,IGUV/00051/19-20,02-06-2019,8160,8160
M350,1101171,JGPK/00022/19-20,14-05-2019,5740,5740
M350,1101171,JGPK/00356/18-19,31-03-2019,1200,925
T046,1101047,ILCB/00611/19-20,28-08-2019,215000,210270
WBB081,1100791,IDRG/00593/19-20,21-08-2019,40200,40200
WBB081,1100791,IDDS/01309/19-20,20-08-2019,144060,144060
WBB081,1100791,IDDS/01183/19-20,01-08-2019,41760,36745.44
WBM005,AEMP000799000098,IDJG/00004/19-20,30-06-2019,15000,15000
WBM005,AEMP000799000098,IDJG/00036/18-19,31-03-2019,2900,2900
WBM005,AEMP000799000098,JGWK/01203/18-19,31-03-2019,7100,7100
WBM005,AEMP000799000098,IDJG/00028/18-19,28-02-2019,139587,135878
WBN039,CMCL_129,ISDL/00251/19-20,28-08-2019,73000,73000
WBN039,CMCL_129,ISDS/01526/19-20,27-08-2019,146000,146000
WBN039,CMCL_129,ISDL/00238/19-20,26-08-2019,73000,73000
WBN039,CMCL_129,ISDL/00225/19-20,23-08-2019,73000,73000
WBN039,CMCL_129,ISDL/00223/19-20,22-08-2019,73000,73000
WBN039,CMCL_129,ISDS/01454/19-20,20-08-2019,131400,51793
NEB163,1100790,IGFX/16936/20-EX,26-08-2019,126900,126900
NEB163,1100790,IGFX/16184/20-EX,21-08-2019,169200,44504
NED102,1101332,ILTM/01096/19-20,27-08-2019,41300,41300
NED102,1101332,ILTM/01058/19-20,22-08-2019,41300,41300
BHM054,1100387,IGUV/00080/19-20,28-06-2019,201000,77545.5
NEG041,1100795,IGFX/16268/20-EX,21-08-2019,132300,132300
NEG041,1100795,IGFX/14786/20-EX,08-08-2019,132300,8754
WBK057,CMCL_241,IGCB/03779/19-20,28-08-2019,77000,77000
WBK057,CMCL_241,IGCB/03783/19-20,28-08-2019,77000,77000
WBK057,CMCL_241,IGCB/03784/19-20,28-08-2019,77000,77000
WBK057,CMCL_241,IGCB/03798/19-20,28-08-2019,77000,77000
WBK057,CMCL_241,IGCB/03671/19-20,23-08-2019,115500,115500
WBK057,CMCL_241,IGCB/03676/19-20,23-08-2019,77000,77000
WBK057,CMCL_241,IGCB/03622/19-20,22-08-2019,115500,115500
WBK057,CMCL_241,IGCB/03604/19-20,21-08-2019,77000,77000
WBK057,CMCL_241,IGCB/03612/19-20,21-08-2019,77000,23467
WBU002,CMCL_192,IDDS/01391/19-20,29-08-2019,107840,107840
WBU002,CMCL_192,IDDS/01392/19-20,29-08-2019,107840,107840
BHP011,1101055,JGPK/00138/18-19,31-07-2018,101589,101589
BHP011,1101055,JDWK/00381/17-18,21-02-2018,274350,71172
S596,AEMP000799000100,IGSL/04003/19-20,28-08-2019,35625,35625
S596,AEMP000799000100,IGSL/04005/19-20,28-08-2019,36000,36000
S596,AEMP000799000100,IGSL/04009/19-20,28-08-2019,18750,18750
S596,AEMP000799000100,IGSL/03942/19-20,27-08-2019,22500,22500
J085,1101045,IGFX/14629/20-EX,07-08-2019,174400,174400
NEG063,1100504,IGFX/16832/20-EX,25-08-2019,91200,91200
NEG063,1100504,IGFX/15890/20-EX,19-08-2019,174400,173400
BHN032,1101152,IGM2/00034/19-20,18-07-2019,31040,31040
BHN032,1101152,IGM2/00030/19-20,04-07-2019,53332,53332
BHN032,1101152,IGM2/00028/19-20,01-07-2019,10348,10348
BHN032,1101152,IGM2/00029/19-20,01-07-2019,49352,42862
BHT007,1100480,JGPK/00026/19-20,14-05-2019,4073,4073
BHT007,1100480,IGFW/00001/19-20,05-04-2019,34200,34200
BHT007,1100480,IGFW/00002/19-20,05-04-2019,28800,28800
BHT007,1100480,IGFW/00332/18-19,26-03-2019,19500,19500
BHT007,1100480,IGFV/00010/18-19,25-03-2019,39450,14502
S604,CMCL_088,JGWK/00399/18-19,31-07-2018,3600,3600
S604,CMCL_088,PCGW/01722/18-19,08-06-2018,787354,783754
WBG076,CMCL_199,JGWK/00238/19-20,30-06-2019,6400,6400
WBG076,CMCL_199,IDDS/00677/19-20,17-06-2019,43920,43920
WBG076,CMCL_199,IDDS/00678/19-20,17-06-2019,73200,66800
WBS233,CMCL_199,IDDS/01345/19-20,23-08-2019,107840,107840
WBS233,CMCL_199,IDDS/01312/19-20,20-08-2019,53920,53920
WBS233,CMCL_199,IDDS/01313/19-20,20-08-2019,53920,53920
WBS233,CMCL_199,IDDS/01218/19-20,07-08-2019,112640,112640
WBS233,CMCL_199,IDDS/01189/19-20,02-08-2019,112640,112640
WBS233,CMCL_199,IDDS/01161/19-20,31-07-2019,28160,28160
WBS233,CMCL_199,IDDS/01162/19-20,31-07-2019,84480,84480
WBS233,CMCL_199,IDDS/01163/19-20,31-07-2019,77440,77440
WBS233,CMCL_199,IDDS/01164/19-20,31-07-2019,70400,70400
WBS233,CMCL_199,IDDS/01169/19-20,31-07-2019,112640,112640
WBS233,CMCL_199,IDDS/01078/19-20,24-07-2019,112640,112240
BHM041,1101055,IGGV/00108/19-20,29-08-2019,121920,121920
BHM041,1101055,IGGV/00109/19-20,29-08-2019,41100,29461.5
BHR077,1101055,IGGV/00106/19-20,26-08-2019,153600,142366
J026,1101146,IGFX/17384/20-EX,29-08-2019,267600,267600
J026,1101146,IGFX/14831/20-EX,08-08-2019,267600,200000
BHC014,1101128,IGKI/00311/19-20,27-08-2019,37400,37400
NEK093,1101102,ITGE/00112/20-EX,18-08-2019,92800,62256
A077,1101047,ILCB/00616/19-20,29-08-2019,215000,215000
A077,1101047,ILCB/00587/19-20,23-08-2019,215000,215000
A077,1101047,ILCB/00583/19-20,22-08-2019,215000,215000
A077,1101047,ILCB/00542/19-20,09-08-2019,206400,125152
WBM250,CMCL_129,ISDS/01507/19-20,26-08-2019,144000,144000
WBM250,CMCL_129,ISDS/01428/19-20,16-08-2019,144000,41500
WBR006,1100791,JDWK/00381/17-18,21-02-2018,216780,216780
WBR006,1100791,JSWK/00045/17-18,01-07-2017,71280,71280
WBR006,1100791,JBWK/00011/17-18,01-07-2017,216780,153913
WBS165,CMCL_129,PCGW/03019/19-20,12-07-2019,147061,147061
NEB164,1100790,IGFX/17095/20-EX,27-08-2019,169200,153555
NER081,1100739,IGFX/17394/20-EX,29-08-2019,126900,126900
NER081,1100739,IGFX/16486/20-EX,23-08-2019,126900,100380
J082,1100210,IGFX/16738/20-EX,24-08-2019,174400,174400
J082,1100210,IGFX/16537/20-EX,23-08-2019,174400,174400
J082,1100210,IGFX/16390/20-EX,22-08-2019,174400,174400
J082,1100210,IGFX/16391/20-EX,22-08-2019,174400,174400
J082,1100210,IGFX/16122/20-EX,20-08-2019,174400,174400
J082,1100210,IGFX/15723/20-EX,17-08-2019,174400,174400
J082,1100210,IGFX/15568/20-EX,16-08-2019,174400,174400
J082,1100210,IGFX/15385/20-EX,14-08-2019,174400,174400
J082,1100210,IGFX/15302/20-EX,13-08-2019,174400,174400
J082,1100210,IGFX/15006/20-EX,10-08-2019,174400,174400
J082,1100210,IGFX/14807/20-EX,08-08-2019,174400,140047
M185,1100321,IGFX/16926/20-EX,26-08-2019,334400,334400
M185,1100321,IGFX/16596/20-EX,23-08-2019,176000,176000
M185,1100321,IGFX/16597/20-EX,23-08-2019,176000,176000
M185,1100321,IGFX/15420/20-EX,14-08-2019,89000,89000
M185,1100321,IGFX/15421/20-EX,14-08-2019,220000,220000
M185,1100321,IGFX/15220/20-EX,12-08-2019,352000,243753
NEB020,1101175,IGFX/16251/20-EX,21-08-2019,174400,172400
NEG010,AEMP000592000337,IGDN/01806/19-20,14-08-2019,307300,307300
NEG010,AEMP000592000337,IGDN/01807/19-20,14-08-2019,307300,307300
NEG010,AEMP000592000337,IGDN/01808/19-20,14-08-2019,307300,307300
NEG010,AEMP000592000337,IGDN/01813/19-20,14-08-2019,307300,307300
NEG010,AEMP000592000337,IGDN/01783/19-20,13-08-2019,307300,307300
NEG010,AEMP000592000337,IGDN/01711/19-20,06-08-2019,307300,307300
NEG010,AEMP000592000337,IGDN/01712/19-20,06-08-2019,307300,307300
NEG010,AEMP000592000337,IGDN/01713/19-20,06-08-2019,307300,307300
NEG010,AEMP000592000337,IGDN/01714/19-20,06-08-2019,395100,395100
NEG067,1101102,IGDS/01302/19-20,23-08-2019,364000,2047
WBN010,1101157,JDWK/00284/18-19,31-08-2018,2414,2414
WBN010,1101157,JBWK/00281/17-18,19-02-2018,2414,2414
WBN010,1101157,JVKS/01602/2016-2017,31-07-2016,3446,3446
WBN010,1101157,SAGR1/00213/2016-2017,23-07-2016,35000,35000
WBN010,1101157,SAGR1/00097/2016-2017,17-06-2016,32500,32500
WBN010,1101157,SDWEG/00613/2015-2016,30-03-2016,2400,2400
WBN010,1101157,SAGR1/00402/2015-2016,15-02-2016,66000,66000
WBN010,1101157,JVKS/03598/2015-2016,31-01-2016,780.5,780.5
WBN010,1101157,SAGR1/00394/2015-2016,30-01-2016,35360,35360
WBN010,1101157,SAGR1/00395/2015-2016,30-01-2016,40460,40460
WBN010,1101157,SDWEG/00544/2015-2016,01-01-2016,500,105
NEG010,AEMP000592000337,IGDN/01716/19-20,06-08-2019,307300,307300
NEG010,AEMP000592000337,IGDN/01700/19-20,05-08-2019,307300,307300
NEG010,AEMP000592000337,IGDN/01701/19-20,05-08-2019,307300,307300
NEG010,AEMP000592000337,IGDN/01702/19-20,05-08-2019,307300,307300
NEG010,AEMP000592000337,IGDN/01703/19-20,05-08-2019,307300,307300
NEG010,AEMP000592000337,IGDN/01704/19-20,05-08-2019,219500,219500
NEG010,AEMP000592000337,IGDN/01705/19-20,05-08-2019,87800,87800
NEG010,AEMP000592000337,IGDN/01706/19-20,05-08-2019,307300,307300
NEG010,AEMP000592000337,IGDN/01707/19-20,05-08-2019,307300,307300
NEG010,AEMP000592000337,IGDN/01912/19-20,23-08-2019,307300,307300
NEG010,AEMP000592000337,IGDN/01913/19-20,23-08-2019,307300,307300
NET012,AEMP000592000336,ILBJ/01473/19-20,29-08-2019,188700,188700
NET012,AEMP000592000336,ILBJ/01474/19-20,29-08-2019,199800,199800
NET012,AEMP000592000336,ILBJ/01479/19-20,29-08-2019,188700,188700
NET012,AEMP000592000336,ILBJ/01480/19-20,29-08-2019,188700,188700
NET012,AEMP000592000336,ILBJ/01481/19-20,29-08-2019,188700,188700
NET012,AEMP000592000336,ILBJ/01444/19-20,28-08-2019,177600,177600
NET012,AEMP000592000336,ILBJ/01445/19-20,28-08-2019,177600,177600
NET012,AEMP000592000336,ILBJ/01446/19-20,28-08-2019,136320,136320
NET012,AEMP000592000336,ILBJ/01455/19-20,28-08-2019,227200,227200
NET012,AEMP000592000336,ILBJ/01460/19-20,28-08-2019,193120,193120
NET012,AEMP000592000336,ILBJ/01461/19-20,28-08-2019,204480,204480
NET012,AEMP000592000336,ILBJ/01462/19-20,28-08-2019,204480,204480
NET012,AEMP000592000336,ILBJ/01463/19-20,28-08-2019,204480,204480
NET012,AEMP000592000336,ILBJ/01436/19-20,27-08-2019,193120,193120
NET012,AEMP000592000336,ILBJ/01437/19-20,27-08-2019,204480,204480
NET012,AEMP000592000336,ILBJ/01438/19-20,27-08-2019,204480,204480
NET012,AEMP000592000336,ILBJ/01439/19-20,27-08-2019,198800,198800
NET012,AEMP000592000336,ILBJ/01440/19-20,27-08-2019,188700,188700
NET012,AEMP000592000336,ILBJ/01441/19-20,27-08-2019,177600,177600
NET012,AEMP000592000336,ILBJ/01442/19-20,27-08-2019,199800,199800
NET012,AEMP000592000336,ILBJ/01443/19-20,27-08-2019,188700,188700
NET012,AEMP000592000336,ILBJ/01429/19-20,26-08-2019,77700,77700
NET012,AEMP000592000336,ILBJ/01422/19-20,25-08-2019,204480,204480
NET012,AEMP000592000336,ILBJ/01423/19-20,25-08-2019,188700,188700
NET012,AEMP000592000336,ILBJ/01424/19-20,25-08-2019,188700,188700
NET012,AEMP000592000336,ILBJ/01298/19-20,18-08-2019,144300,144300
A247,1101171,IGUV/00048/19-20,30-05-2019,223500,211505
BHS038,1101127,ISKV/00502/19-20,29-08-2019,191000,191000
BHS038,1101127,ISKV/00497/19-20,28-08-2019,168080,168080
BHS038,1101127,ISKV/00498/19-20,28-08-2019,191000,191000
BHS038,1101127,ISKS/00081/19-20,27-08-2019,37600,37600
BHS038,1101127,ISKS/00082/19-20,27-08-2019,75200,75200
BHS038,1101127,ISKV/00489/19-20,27-08-2019,191000,191000
BHS038,1101127,IGKS/00282/19-20,24-08-2019,57150,57150
BHS038,1101127,ISKV/00471/19-20,21-08-2019,191000,191000
BHS038,1101127,IGKS/00250/19-20,20-08-2019,19050,19050
BHS038,1101127,IGKS/00252/19-20,20-08-2019,75200,75200
BHS038,1101127,IGKS/00253/19-20,20-08-2019,75200,75200
BHS038,1101127,IGKS/00238/19-20,19-08-2019,76200,76200
BHS038,1101127,ISKV/00452/19-20,18-08-2019,160440,160440
BHS038,1101127,ISKV/00446/19-20,17-08-2019,168080,168080
BHS038,1101127,IGKS/00230/19-20,17-08-2019,75200,75200
BHS038,1101127,IGKS/00205/19-20,14-08-2019,56400,56400
BHS038,1101127,IGKS/00202/19-20,10-08-2019,76200,76200
BHS038,1101127,ISKV/00409/19-20,10-08-2019,162540,162540
BHS038,1101127,IGKS/00195/19-20,09-08-2019,38100,38100
BHS038,1101127,IGKS/00196/19-20,09-08-2019,19050,19050
BHS038,1101127,IGKS/00197/19-20,09-08-2019,61650,61650
BHS038,1101127,IGKS/00187/19-20,08-08-2019,76200,76200
BHS038,1101127,IGKS/00177/19-20,07-08-2019,76200,76200
BHS038,1101127,ISKV/00382/19-20,06-08-2019,162540,145333.5
S596,AEMP000799000100,IGSL/03949/19-20,27-08-2019,18750,18750
S596,AEMP000799000100,IGSL/03950/19-20,27-08-2019,11250,11250
S596,AEMP000799000100,IGSL/03951/19-20,27-08-2019,19500,19500
S596,AEMP000799000100,IGSL/03957/19-20,27-08-2019,24375,24375
S596,AEMP000799000100,IGSL/03960/19-20,27-08-2019,34500,34500
S596,AEMP000799000100,IGSL/03884/19-20,26-08-2019,11250,11250
S596,AEMP000799000100,IGSL/03885/19-20,26-08-2019,30000,30000
S596,AEMP000799000100,IGSL/03888/19-20,26-08-2019,22500,22500
S596,AEMP000799000100,IGSL/03896/19-20,26-08-2019,112500,112500
S596,AEMP000799000100,IGSL/03901/19-20,26-08-2019,22500,22500
S596,AEMP000799000100,IGSL/03902/19-20,26-08-2019,37500,37500
S596,AEMP000799000100,IGSL/03903/19-20,26-08-2019,22500,22500
S596,AEMP000799000100,IGSL/03937/19-20,26-08-2019,18750,18750
S596,AEMP000799000100,IGSL/03825/19-20,24-08-2019,22500,22500
S596,AEMP000799000100,IGSL/03830/19-20,24-08-2019,33000,33000
S596,AEMP000799000100,IGSL/03841/19-20,24-08-2019,33750,33750
S596,AEMP000799000100,IGSL/03845/19-20,24-08-2019,30000,30000
S596,AEMP000799000100,IGSL/03781/19-20,23-08-2019,13125,13125
S596,AEMP000799000100,IGSL/03782/19-20,23-08-2019,20625,20625
S596,AEMP000799000100,IGSL/03784/19-20,23-08-2019,16500,16500
S596,AEMP000799000100,IGSL/03786/19-20,23-08-2019,8000,8000
S596,AEMP000799000100,IGSL/03787/19-20,23-08-2019,5625,5625
S596,AEMP000799000100,IGSL/03790/19-20,23-08-2019,18750,18750
S596,AEMP000799000100,IGSL/03793/19-20,23-08-2019,39000,39000
S596,AEMP000799000100,IGSL/03794/19-20,23-08-2019,39000,39000
S596,AEMP000799000100,IGSL/03797/19-20,23-08-2019,71250,71250
S596,AEMP000799000100,IGSL/03736/19-20,22-08-2019,22500,22500
S596,AEMP000799000100,IGSL/03737/19-20,22-08-2019,13125,13125
S596,AEMP000799000100,IGSL/03740/19-20,22-08-2019,13125,13125
S596,AEMP000799000100,IGSL/03745/19-20,22-08-2019,39000,39000
S596,AEMP000799000100,IGSL/03780/19-20,22-08-2019,16000,16000
S596,AEMP000799000100,IGSL/03696/19-20,21-08-2019,18750,18750
S596,AEMP000799000100,IGSL/03702/19-20,21-08-2019,13125,13125
S596,AEMP000799000100,IGSL/03704/19-20,21-08-2019,25125,25125
S596,AEMP000799000100,IGSL/03707/19-20,21-08-2019,15000,15000
S596,AEMP000799000100,IGSL/03717/19-20,21-08-2019,18750,18750
S596,AEMP000799000100,IGSL/03728/19-20,21-08-2019,112500,112500
S596,AEMP000799000100,IGSL/03643/19-20,20-08-2019,75000,75000
S596,AEMP000799000100,IGSL/03655/19-20,20-08-2019,27000,27000
S596,AEMP000799000100,IGSL/03658/19-20,20-08-2019,33750,33750
S596,AEMP000799000100,IGSL/03663/19-20,20-08-2019,7500,7500
S596,AEMP000799000100,IGSL/03664/19-20,20-08-2019,11250,11250
S596,AEMP000799000100,IGSL/03668/19-20,20-08-2019,11250,11250
S596,AEMP000799000100,IGSL/03675/19-20,20-08-2019,11250,11250
S596,AEMP000799000100,IGSL/03681/19-20,20-08-2019,18750,18750
S596,AEMP000799000100,IGSL/03589/19-20,19-08-2019,112500,112500
S596,AEMP000799000100,IGSL/03598/19-20,19-08-2019,75000,75000
S596,AEMP000799000100,IGSL/03621/19-20,19-08-2019,39000,39000
S596,AEMP000799000100,IGSL/03623/19-20,19-08-2019,41250,41250
S596,AEMP000799000100,IGSL/03634/19-20,19-08-2019,26250,26250
S596,AEMP000799000100,IGSL/03561/19-20,17-08-2019,18750,18750
BHG031,AEMP000799000122,IGKV/00695/19-20,25-08-2019,114600,114600
BHG031,AEMP000799000122,IGKV/00645/19-20,13-08-2019,208500,208500
S340,AEMP000799000100,IGSL/03882/19-20,26-08-2019,22500,22500
S340,AEMP000799000100,IGSL/03924/19-20,26-08-2019,22500,22500
S340,AEMP000799000100,IGSL/03789/19-20,23-08-2019,22500,22500
S340,AEMP000799000100,IGSL/03735/19-20,22-08-2019,22500,22500
S340,AEMP000799000100,IGSL/03747/19-20,22-08-2019,22500,22500
S340,AEMP000799000100,IGSL/03777/19-20,22-08-2019,22500,22500
S340,AEMP000799000100,IGSL/03703/19-20,21-08-2019,22500,22500
S340,AEMP000799000100,IGSL/03644/19-20,20-08-2019,22500,22500
S340,AEMP000799000100,IGSL/03651/19-20,20-08-2019,22500,22500
S340,AEMP000799000100,IGSL/03653/19-20,20-08-2019,22500,22500
S340,AEMP000799000100,IGSL/03635/19-20,19-08-2019,22500,22500
S340,AEMP000799000100,IGSL/03642/19-20,19-08-2019,22500,22500
S340,AEMP000799000100,IGSL/03360/19-20,09-08-2019,22500,22500
S340,AEMP000799000100,IGSL/03337/19-20,08-08-2019,22500,22500
S340,AEMP000799000100,IGSL/03350/19-20,08-08-2019,22500,22500
S340,AEMP000799000100,IGSL/03353/19-20,08-08-2019,22500,22500
S340,AEMP000799000100,IGSL/03294/19-20,07-08-2019,22500,22500
S340,AEMP000799000100,IGSL/03304/19-20,07-08-2019,22500,22500
S340,AEMP000799000100,IGSL/03272/19-20,06-08-2019,22500,22500
S340,AEMP000799000100,IGSL/03273/19-20,06-08-2019,22500,22500
S340,AEMP000799000100,IGSL/03279/19-20,06-08-2019,22500,22500
S340,AEMP000799000100,IGSL/03164/19-20,02-08-2019,24000,24000
S340,AEMP000799000100,IGSL/03077/19-20,31-07-2019,22500,22500
S340,AEMP000799000100,IGSL/03089/19-20,31-07-2019,22500,22500
S340,AEMP000799000100,IGSL/03096/19-20,31-07-2019,130900,130900
S340,AEMP000799000100,IGSL/03100/19-20,31-07-2019,22500,22500
S340,AEMP000799000100,IGSL/03012/19-20,30-07-2019,22500,22500
S340,AEMP000799000100,IGSL/03036/19-20,30-07-2019,20000,20000
S340,AEMP000799000100,IGSL/02954/19-20,29-07-2019,22500,22500
S340,AEMP000799000100,IGSL/02981/19-20,29-07-2019,22500,22500
S340,AEMP000799000100,IGSL/02908/19-20,27-07-2019,22500,22500
S340,AEMP000799000100,IGSL/02926/19-20,27-07-2019,22500,22500
S340,AEMP000799000100,IGSL/02941/19-20,27-07-2019,24000,24000
S340,AEMP000799000100,IGSL/02859/19-20,26-07-2019,12000,12000
S340,AEMP000799000100,IGSL/02861/19-20,26-07-2019,11250,11250
S340,AEMP000799000100,IGSL/02866/19-20,26-07-2019,22500,22500
S340,AEMP000799000100,IGSL/02884/19-20,26-07-2019,22500,22500
S340,AEMP000799000100,IGSL/02891/19-20,26-07-2019,22500,22500
S340,AEMP000799000100,IGSL/02903/19-20,26-07-2019,22500,22500
S340,AEMP000799000100,IGSL/02834/19-20,25-07-2019,22500,22500
S340,AEMP000799000100,IGSL/02843/19-20,25-07-2019,22500,22500
S340,AEMP000799000100,IGSL/02850/19-20,25-07-2019,24000,24000
B232,1101171,IGUV/00118/19-20,01-08-2019,179340,28028
BHS131,1101127,ISKV/00397/19-20,07-08-2019,172040,172040
C091,CMCL_129,IGDK/00146/17-18,06-10-2017,52050,52050
C091,CMCL_129,ISDS/00743/17-18,06-10-2017,76340,76340
C091,CMCL_129,ISDS/00744/17-18,06-10-2017,76340,76340
C091,CMCL_129,ISDL/00048/17-18,05-10-2017,34700,34700
C091,CMCL_129,ISDL/00049/17-18,05-10-2017,34700,34700
NEG010,AEMP000592000337,IGDN/01914/19-20,23-08-2019,307300,307300
NEG010,AEMP000592000337,IGDN/01708/19-20,05-08-2019,307300,307300
NEG010,AEMP000592000337,IGDN/01709/19-20,05-08-2019,307300,307300
NEG010,AEMP000592000337,IGDN/01710/19-20,05-08-2019,307300,307300
NEG010,AEMP000592000337,IGDN/01693/19-20,04-08-2019,307300,307300
NEG010,AEMP000592000337,IGDN/01694/19-20,04-08-2019,307300,307300
NEG010,AEMP000592000337,IGDN/01695/19-20,04-08-2019,307300,307300
NEG010,AEMP000592000337,IGDN/01696/19-20,04-08-2019,307300,307300
NEG010,AEMP000592000337,IGDN/01682/19-20,03-08-2019,307300,307300
NEG010,AEMP000592000337,IGDN/01683/19-20,03-08-2019,307300,307300
NEG010,AEMP000592000337,IGDN/01684/19-20,03-08-2019,307300,307300
NEG010,AEMP000592000337,IGDN/01685/19-20,03-08-2019,193160,193160
NEG010,AEMP000592000337,IGDN/01686/19-20,03-08-2019,307300,307300
NEG010,AEMP000592000337,IGDN/01687/19-20,03-08-2019,307300,307300
NEG010,AEMP000592000337,IGDN/01688/19-20,03-08-2019,307300,307300
NEG010,AEMP000592000337,IGDN/01689/19-20,03-08-2019,307300,307300
NEG010,AEMP000592000337,IGDN/01690/19-20,03-08-2019,307300,307300
NEG010,AEMP000592000337,IGDN/01666/19-20,02-08-2019,307300,307300
NEG010,AEMP000592000337,IGDN/01667/19-20,02-08-2019,307300,307300
NEG010,AEMP000592000337,IGDN/01673/19-20,02-08-2019,307300,307300
NEG010,AEMP000592000337,IGDN/01674/19-20,02-08-2019,193160,193160
NEG010,AEMP000592000337,IGDN/01675/19-20,02-08-2019,307300,307300
NEG010,AEMP000592000337,IGDN/01676/19-20,02-08-2019,324860,324860
NEG010,AEMP000592000337,IGDN/01677/19-20,02-08-2019,307300,307300
NEG010,AEMP000592000337,IGDN/01678/19-20,02-08-2019,307300,307300
NEG010,AEMP000592000337,IGDN/01651/19-20,01-08-2019,307300,307300
NEG010,AEMP000592000337,IGDN/01652/19-20,01-08-2019,307300,307300
NEG010,AEMP000592000337,IGDN/01653/19-20,01-08-2019,307300,307300
NEG010,AEMP000592000337,IGDN/01654/19-20,01-08-2019,193160,193160
NEG010,AEMP000592000337,IGDN/01656/19-20,01-08-2019,307300,307300
NEG010,AEMP000592000337,IGDN/01657/19-20,01-08-2019,307300,307300
NEG010,AEMP000592000337,IGDN/01658/19-20,01-08-2019,307300,307300
NEG010,AEMP000592000337,IGDN/01659/19-20,01-08-2019,307300,259953
NEG010,AEMP000592000337,IGDN/01973/19-20,29-08-2019,307300,307300
NEG010,AEMP000592000337,IGDN/01974/19-20,29-08-2019,307300,307300
NEG010,AEMP000592000337,IGDN/01975/19-20,29-08-2019,307300,307300
NEG010,AEMP000592000337,IGDN/01976/19-20,29-08-2019,307300,307300
NEG010,AEMP000592000337,IGDN/01977/19-20,29-08-2019,307300,307300
NEG010,AEMP000592000337,IGDN/01978/19-20,29-08-2019,307300,307300
NEG010,AEMP000592000337,IGDN/01979/19-20,29-08-2019,307300,307300
NEG010,AEMP000592000337,IGDN/01983/19-20,29-08-2019,307300,307300
NEG010,AEMP000592000337,IGDN/01984/19-20,29-08-2019,307300,307300
BHG001,1101171,JGPK/00020/19-20,14-05-2019,7240,7240
BHG001,1101171,JGPK/00354/18-19,31-03-2019,5900,5900
BHG001,1101171,IDJB/00003/18-19,31-08-2018,47065,47065
BHG001,1101171,IDJB/00005/18-19,31-08-2018,6935,6935
BHG001,1101171,JGPK/00137/18-19,31-07-2018,197065,197065
BHG001,1101171,IGBG/00147/18-19,05-07-2018,122060,122060
BHG001,1101171,IGKS/02575/18-19,27-06-2018,147840,66358
A030,1101332,ILAT/05158/19-20,17-08-2019,28210,28210
A030,1101332,ILAT/05186/19-20,17-08-2019,20150,20150
A030,1101332,ILAT/05187/19-20,17-08-2019,62700,62700
A030,1101332,ILAT/05125/19-20,16-08-2019,40300,40300
A030,1101332,ILAT/05130/19-20,16-08-2019,88660,88660
A030,1101332,ILAT/05131/19-20,16-08-2019,52390,52390
A030,1101332,ILAT/05137/19-20,16-08-2019,40300,40300
A030,1101332,ILAT/05139/19-20,16-08-2019,60450,29852
NEN005,1101332,ILAT/05435/19-20,24-08-2019,64480,64480
NEN005,1101332,ILTM/01056/19-20,22-08-2019,211000,211000
NEN005,1101332,ILAT/05203/19-20,18-08-2019,80600,80600
NEN005,1101332,ILAT/05114/19-20,16-08-2019,52390,52390
NEN005,1101332,ILAT/05021/19-20,12-08-2019,80600,13409
NER067,1100739,IGFX/17005/20-EX,26-08-2019,170800,170800
NER067,1100739,IGFX/16541/20-EX,23-08-2019,170800,169081
NET070,1101332,ILAT/05614/19-20,29-08-2019,80600,80600
NET070,1101332,ILAT/05636/19-20,29-08-2019,80600,80600
NET070,1101332,ILAT/05588/19-20,28-08-2019,80600,80600
NET070,1101332,ILAT/05521/19-20,27-08-2019,83600,83600
NET070,1101332,ILAT/05558/19-20,27-08-2019,83600,83600
NET070,1101332,ILAT/05490/19-20,25-08-2019,80600,80600
NET070,1101332,ILAT/05403/19-20,23-08-2019,80600,80600
NET070,1101332,ILAT/05308/19-20,21-08-2019,80600,80600
S281,1101102,IGDS/01075/19-20,31-07-2019,364000,346172
S369,1101128,IDJB/00001/19-20,30-06-2019,17600,17600
S369,1101128,IDJB/00003/19-20,30-06-2019,116363,65616.5
BHM084,1101127,ISKV/00490/19-20,27-08-2019,190500,190500
BHM084,1101127,ISKV/00475/19-20,22-08-2019,167640,97865
WBK040,1100616,IDDS/01377/19-20,27-08-2019,107840,107840
WBK040,1100616,IDKH/00291/19-20,24-08-2019,26000,26000
WBK040,1100616,IDKH/00292/19-20,24-08-2019,78000,78000
WBK040,1100616,IDKH/00287/19-20,14-08-2019,65000,65000
WBK040,1100616,IDKH/00288/19-20,14-08-2019,39000,39000
WBK040,1100616,IDKH/00276/19-20,07-08-2019,68000,68000
WBK040,1100616,IDKH/00274/19-20,06-08-2019,74800,74800
WBK040,1100616,IDKH/00275/19-20,06-08-2019,74800,74800
WBK040,1100616,IDKH/00254/19-20,31-07-2019,62900,62900
WBK040,1100616,IDKH/00259/19-20,31-07-2019,39100,39100
WBK040,1100616,IDKH/00260/19-20,31-07-2019,81600,18000
WBS083,1100616,IDKH/00294/19-20,26-08-2019,71500,71500
WBS083,1100616,IDKH/00293/19-20,24-08-2019,78000,66311
A048,1101116,IGDE/02067/20-EX,08-08-2019,22050,22050
A048,1101116,IGDE/02072/20-EX,08-08-2019,26460,26460
A048,1101116,IGDE/02074/20-EX,08-08-2019,13230,13230
A048,1101116,IGDE/02077/20-EX,08-08-2019,13230,13230
A048,1101116,IGDE/02056/20-EX,07-08-2019,22050,22050
A048,1101116,IGDE/02060/20-EX,07-08-2019,22050,22050
A048,1101116,IGDE/02065/20-EX,07-08-2019,26460,26460
A048,1101116,IGDE/02039/20-EX,06-08-2019,26460,26460
A048,1101116,IGDE/02040/20-EX,06-08-2019,22050,22050
A048,1101116,IGDE/02046/20-EX,06-08-2019,22050,22050
A048,1101116,IGDE/02050/20-EX,06-08-2019,22050,22050
A048,1101116,IGFX/14499/20-EX,06-08-2019,312200,308486.58
A048,1101116,IGDE/02307/20-EX,29-08-2019,22050,22050
A048,1101116,IGDE/02316/20-EX,29-08-2019,22050,22050
A048,1101116,IGFX/17483/20-EX,29-08-2019,356800,356800
BHJ018,1100480,IDJB/00002/19-20,30-06-2019,4199,4199
BHJ018,1100480,JGPK/00020/19-20,14-05-2019,2880,2880
BHJ018,1100480,IGFW/00035/18-19,09-05-2018,75600,29061
WBS178,CMCL_199,PCGW/08865/18-19,14-03-2019,40328,20328
WBS240,CMCL_088,IDDS/01179/19-20,01-08-2019,112640,112640
WBS240,CMCL_088,JGWK/00324/19-20,31-07-2019,6400,6400
WBS240,CMCL_088,IDDS/01150/19-20,30-07-2019,114240,102953
WBS261,CMCL_199,IDDS/01386/19-20,29-08-2019,107840,104640
A272,1101055,IDGV/00094/19-20,20-08-2019,165900,103047
BHB053,1100167,JGPK/00018/19-20,14-05-2019,7531,7531
BHB053,1100167,JGPK/00139/18-19,31-07-2018,37175.75,37175.75
BHB053,1100167,IGFW/00134/18-19,17-07-2018,43758,39911.25
BHM008,1100167,IGMV/00016/19-20,16-08-2019,79800,79800
BHM008,1100167,IGMV/00017/19-20,16-08-2019,85800,58800
BHS089,1100167,IGMV/00014/19-20,11-08-2019,101000,11117.5
BHB065,1101128,IGKI/00313/19-20,27-08-2019,18700,18700
BHB065,1101128,IGKI/00301/19-20,23-08-2019,67320,67320
BHB065,1101128,IGKI/00298/19-20,21-08-2019,37400,37400
BHB065,1101128,ISKT/00066/19-20,19-08-2019,14960,14960
BHB065,1101128,IGKI/00291/19-20,19-08-2019,40018,40018
BHB065,1101128,IGKI/00293/19-20,19-08-2019,66660,13679
WBS232,1101157,JGWK/01205/18-19,31-03-2019,3500,3500
WBS232,1101157,IDDS/01740/18-19,31-10-2018,102080,96160
BHM001,1101127,ISKV/00494/19-20,28-08-2019,160440,160440
BHM001,1101127,ISKV/00450/19-20,18-08-2019,160440,146557.5
R182,1101127,CMPTU/00007/2017-2018,03-04-2017,97440,97440
R182,1101127,SDBIG/00007/2017-2018,03-04-2017,500,500
H069,AEMP000799000098,IDJG/00004/19-20,30-06-2019,200000,200000
H069,AEMP000799000098,IDJG/00036/18-19,31-03-2019,84500,14395
M200,1101047,ILCB/00614/19-20,29-08-2019,215000,215000
M200,1101047,ILCB/00610/19-20,28-08-2019,215000,202696
NEB120,1101047,ILCB/00595/19-20,24-08-2019,105000,92185
WBH038,AEMP000799000098,IDJG/00028/18-19,28-02-2019,30000,30000
WBH038,AEMP000799000098,JGWK/00396/18-19,31-07-2018,53840,53840
WBH038,AEMP000799000098,JGWK/00957/17-18,31-03-2018,150380,30920
B021,1100435,ILSL/03655/19-20,25-08-2019,21500,21500
B021,1100435,ILSL/03616/19-20,24-08-2019,43500,43500
B021,1100435,ILSL/03618/19-20,24-08-2019,43500,43500
B021,1100435,ILSL/03620/19-20,24-08-2019,43500,43500
S531,1101171,IGUV/00116/19-20,28-07-2019,180180,178826.5
NEM187,1100295,IGLL/00430/19-20,28-08-2019,145880,145880
NEM187,1100295,IGLL/00409/19-20,23-08-2019,145880,2355
NES222,1100564,IGLL/00433/19-20,28-08-2019,118300,118300
NES222,1100564,IGBD/00547/19-20,27-08-2019,117000,488
BHS003,1101152,IGM2/00049/19-20,22-08-2019,13216,13216
BHS003,1101152,IGM2/00047/19-20,21-08-2019,60900,60900
BHS003,1101152,IGM2/00048/19-20,21-08-2019,38300,35853.5
A268,CMCL_199,JDWK/00377/17-18,21-02-2018,3456271,3456271
A268,CMCL_199,PCGW/00168/17-18,11-07-2017,3456271,500
BHK024,1100480,IGFW/00066/19-20,29-08-2019,39000,39000
BHK024,1100480,IGFW/00067/19-20,29-08-2019,29400,29400
BHK024,1100480,IGFW/00063/19-20,26-08-2019,42000,42000
BHK024,1100480,IGFW/00062/19-20,26-08-2019,39000,39000
BHK024,1100480,IGFW/00061/19-20,14-08-2019,84000,13925.5
BHS093,1100480,IGFW/00057/19-20,31-07-2019,50150,50150
BHS093,1100480,IGFW/00058/19-20,31-07-2019,24225,24225
BHS093,1100480,IGFW/00054/19-20,30-07-2019,59250,59250
BHS093,1100480,IGFW/00052/19-20,25-07-2019,39500,30801.5
WBB024,CMCL_088,JDWK/00284/18-19,31-08-2018,193132,193132
WBB024,CMCL_088,PCGW/01312/18-19,24-05-2018,205332,12200
BHS095,1101055,IDGV/00095/19-20,24-08-2019,162540,159930
D072,1100766,IGFX/15968/20-EX,19-08-2019,98120,98120
D072,1100766,JGAG/00902/19-20,31-07-2019,4000,4000
D072,1100766,IGFX/12809/20-EX,22-07-2019,178400,165392
BHM111,1101128,ISKV/00478/19-20,23-08-2019,160440,151311
WBK060,1101157,IDDS/01242/19-20,09-08-2019,56320,56320
WBK060,1101157,IDDS/01243/19-20,09-08-2019,56320,55760
BHA021,1101127,CMPTU/00009/2017-2018,04-04-2017,61951,61951
BHA021,1101127,SDBIG/00014/2017-2018,04-04-2017,500,500
M404,1101127,ISKV/00473/19-20,21-08-2019,191000,191000
M404,1101127,ISKV/00461/19-20,20-08-2019,160440,160440
M404,1101127,ISKV/00462/19-20,20-08-2019,160440,160440
M404,1101127,ISKV/00425/19-20,14-08-2019,190500,187125
A221,1100791,IDDS/01292/19-20,19-08-2019,68600,68600
A221,1100791,IDDS/01293/19-20,19-08-2019,41160,40627
NER060,1101047,ILAT/05310/19-20,21-08-2019,37620,34230
S500,1100791,PCGW/04218/18-19,12-09-2018,153169,153169
WBA055,1100791,IDRG/00603/19-20,24-08-2019,16750,16750
WBA055,1100791,IDRG/00605/19-20,24-08-2019,16750,16750
WBA055,1100791,IDRG/00596/19-20,23-08-2019,16750,16750
WBA055,1100791,IDRG/00597/19-20,23-08-2019,16750,16750
WBA055,1100791,IDRG/00598/19-20,23-08-2019,16750,16750
WBA055,1100791,IDRG/00601/19-20,23-08-2019,16750,16695.5
WBB102,1100791,IDDS/01360/19-20,26-08-2019,144060,144060
WBM184,CMCL_129,JDWK/00620/18-19,28-02-2019,346,346
WBM184,CMCL_129,ISDL/00996/18-19,06-02-2019,69200,69200
WBM184,CMCL_129,IGDK/01136/18-19,24-01-2019,69200,8794
NEG056,1100790,IGFX/17060/20-EX,27-08-2019,126900,126900
NEG056,1100790,IGFX/16193/20-EX,21-08-2019,126900,117289
NES322,AEMP000799000414,IGRR/00598/20-EX,02-08-2019,40900,40900
NES322,AEMP000799000414,IGRR/00487/20-EX,26-07-2019,49080,49080
NES322,AEMP000799000414,IGRR/00405/20-EX,21-07-2019,49080,49080
NES322,AEMP000799000414,IGRR/00328/20-EX,16-07-2019,49080,717
R013,1100205,IGFX/17329/20-EX,28-08-2019,125100,125100
R013,1100205,IGFX/17074/20-EX,27-08-2019,125100,125100
R013,1100205,IGFX/17221/20-EX,27-08-2019,125100,125100
R013,1100205,IGFX/17226/20-EX,27-08-2019,125100,125100
R013,1100205,IGFX/17049/20-EX,27-08-2019,125100,125100
R013,1100205,IGFX/16640/20-EX,24-08-2019,125100,125100
R013,1100205,IGFX/16458/20-EX,23-08-2019,125100,103048
S169,1100202,IGRR/00812/20-EX,23-08-2019,28630,28630
S169,1100202,IGRR/00815/20-EX,23-08-2019,40900,40900
S169,1100202,IGRR/00800/20-EX,22-08-2019,40900,40900
S169,1100202,IGRR/00806/20-EX,22-08-2019,32720,32720
S169,1100202,IGRR/00782/20-EX,21-08-2019,20450,20450
S169,1100202,IGRR/00783/20-EX,21-08-2019,20450,20450
S169,1100202,IGRR/00788/20-EX,21-08-2019,40900,40900
S169,1100202,IGRR/00777/20-EX,20-08-2019,40900,40900
S169,1100202,IGRR/00778/20-EX,20-08-2019,40900,40900
S169,1100202,IGRR/00759/20-EX,19-08-2019,20450,20450
S169,1100202,IGRR/00761/20-EX,19-08-2019,40900,40900
S169,1100202,IGRR/00762/20-EX,19-08-2019,20450,20450
S169,1100202,IGRR/00766/20-EX,19-08-2019,40900,40900
S169,1100202,IGRR/00755/20-EX,18-08-2019,40900,40900
S169,1100202,IGRR/00742/20-EX,17-08-2019,28630,28630
S169,1100202,IGRR/00743/20-EX,17-08-2019,28630,28630
S169,1100202,IGRR/00744/20-EX,17-08-2019,28630,28630
S169,1100202,IGRR/00745/20-EX,17-08-2019,28630,28630
S169,1100202,IGRR/00747/20-EX,17-08-2019,44990,44990
S169,1100202,IGRR/00748/20-EX,17-08-2019,40900,40900
S169,1100202,IGRR/00750/20-EX,17-08-2019,40900,40900
S169,1100202,IGRR/00736/20-EX,16-08-2019,24540,24540
S169,1100202,IGRR/00737/20-EX,16-08-2019,40900,40900
S169,1100202,IGRR/00740/20-EX,16-08-2019,40900,40900
S169,1100202,IGRR/00730/20-EX,14-08-2019,20450,20450
S169,1100202,IGRR/00732/20-EX,14-08-2019,40900,40900
S169,1100202,IGRR/00733/20-EX,14-08-2019,40900,40900
S169,1100202,IGRR/00734/20-EX,14-08-2019,24540,24540
S169,1100202,IGFX/15282/20-EX,13-08-2019,169600,169600
S169,1100202,IGRR/00715/20-EX,10-08-2019,40900,40900
S169,1100202,IGRR/00716/20-EX,10-08-2019,28630,28630
S169,1100202,IGRR/00717/20-EX,10-08-2019,20450,20450
S169,1100202,IGRR/00720/20-EX,10-08-2019,40900,40900
A161,1100790,IGFX/17368/20-EX,29-08-2019,126900,126900
A161,1100790,IGFX/17369/20-EX,29-08-2019,126900,126900
A161,1100790,IGFX/17503/20-EX,29-08-2019,126900,126900
A161,1100790,IGFX/17504/20-EX,29-08-2019,126900,126900
A161,1100790,IGFX/17232/20-EX,28-08-2019,126900,126900
A161,1100790,IGFX/17353/20-EX,28-08-2019,126900,126900
A161,1100790,IGFX/17028/20-EX,27-08-2019,88600,88600
A161,1100790,IGFX/17029/20-EX,27-08-2019,42300,42300
A161,1100790,IGFX/17044/20-EX,27-08-2019,126900,126900
A161,1100790,IGFX/17096/20-EX,27-08-2019,126900,126900
A161,1100790,IGFX/17208/20-EX,27-08-2019,126900,126900
A161,1100790,IGFX/17209/20-EX,27-08-2019,126900,126900
A161,1100790,IGFX/17210/20-EX,27-08-2019,126900,126900
A161,1100790,IGFX/16916/20-EX,26-08-2019,132900,132900
A161,1100790,IGFX/17019/20-EX,26-08-2019,126900,126900
A161,1100790,IGFX/17020/20-EX,26-08-2019,126900,126900
A161,1100790,IGFX/16803/20-EX,25-08-2019,126900,126900
A161,1100790,IGFX/16898/20-EX,25-08-2019,126900,126900
A161,1100790,IGFX/16629/20-EX,24-08-2019,126900,126900
A161,1100790,IGFX/16632/20-EX,24-08-2019,126900,126900
A161,1100790,IGFX/16635/20-EX,24-08-2019,126900,126900
A161,1100790,IGFX/16636/20-EX,24-08-2019,126900,126900
A161,1100790,IGFX/16771/20-EX,24-08-2019,126900,126900
A161,1100790,IGFX/16780/20-EX,24-08-2019,126900,126900
A161,1100790,IGFX/16799/20-EX,24-08-2019,126900,126900
A161,1100790,IGFX/16457/20-EX,23-08-2019,126900,126900
A161,1100790,IGFX/16462/20-EX,23-08-2019,126900,126900
A161,1100790,IGFX/16331/20-EX,22-08-2019,126900,126900
A161,1100790,IGFX/16443/20-EX,22-08-2019,126900,126900
A161,1100790,IGFX/16291/20-EX,21-08-2019,126900,126900
A161,1100790,IGFX/16296/20-EX,21-08-2019,126900,126900
A161,1100790,IGFX/16320/20-EX,21-08-2019,126900,126900
A161,1100790,IGFX/15993/20-EX,20-08-2019,126900,126900
A161,1100790,IGFX/16004/20-EX,20-08-2019,126900,126900
A161,1100790,IGFX/16005/20-EX,20-08-2019,126900,126900
A161,1100790,IGFX/16123/20-EX,20-08-2019,126900,126900
A161,1100790,IGFX/16132/20-EX,20-08-2019,126900,58129
BHJ009,1100387,PCGB/01582/17-18,01-12-2017,308113,131273.5
C120,1100387,IGKV/00689/19-20,24-08-2019,83100,83100
C120,1100387,IGKV/00690/19-20,24-08-2019,115650,110400
WBS153,CMCL_192,IDDS/01176/19-20,01-08-2019,112640,112640
WBS153,CMCL_192,JGWK/00325/19-20,31-07-2019,14720,14720
WBS153,CMCL_192,IDDS/01062/19-20,23-07-2019,112640,112640
WBS153,CMCL_192,IDB1/00122/19-20,03-07-2019,112000,93985.9
WBT054,CMCL_192,IDJG/00005/19-20,30-06-2019,145421,34919
C063,1101309,JLMG/00316/19-20,29-08-2019,200000,95590
K151,1101058,ILVG/00209/19-20,20-08-2019,186000,186000
K151,1101058,ILVG/00201/19-20,17-08-2019,186000,184200
WBN071,CMCL_088,IDDS/01334/19-20,22-08-2019,107840,107840
WBN071,CMCL_088,JGWK/00324/19-20,31-07-2019,14720,14720
WBN071,CMCL_088,IDDS/01115/19-20,26-07-2019,112640,97200
WBD057,AEMP000799000100,ISFB/00458/19-20,28-08-2019,22500,22500
WBD057,AEMP000799000100,ISFB/00461/19-20,28-08-2019,22500,22500
WBD057,AEMP000799000100,ISFB/00462/19-20,28-08-2019,37500,37500
WBD057,AEMP000799000100,ISS2/00691/19-20,28-08-2019,60000,60000
WBD057,AEMP000799000100,ISS2/00709/19-20,28-08-2019,26250,26250
WBD057,AEMP000799000100,ISS2/00716/19-20,28-08-2019,16875,16875
WBD057,AEMP000799000100,ISS2/00722/19-20,28-08-2019,22500,22500
WBD057,AEMP000799000100,ISS2/00723/19-20,28-08-2019,26250,26250
WBD057,AEMP000799000100,IGBX/00467/19-20,27-08-2019,231000,231000
WBD057,AEMP000799000100,IGFB/01083/19-20,27-08-2019,22500,22500
WBD057,AEMP000799000100,IGFB/01084/19-20,27-08-2019,22500,22500
WBD057,AEMP000799000100,IGFB/01086/19-20,27-08-2019,22500,22500
WBD057,AEMP000799000100,ISFB/00452/19-20,27-08-2019,22500,22500
WBD057,AEMP000799000100,ISFB/00454/19-20,27-08-2019,18750,18750
WBD057,AEMP000799000100,ISFB/00455/19-20,27-08-2019,3750,3750
WBD057,AEMP000799000100,ISFB/00457/19-20,27-08-2019,22500,22500
WBD057,AEMP000799000100,ISS2/00667/19-20,27-08-2019,30000,30000
WBD057,AEMP000799000100,ISS2/00670/19-20,27-08-2019,22500,22500
WBD057,AEMP000799000100,ISS2/00671/19-20,27-08-2019,30000,30000
WBD057,AEMP000799000100,ISS2/00682/19-20,27-08-2019,37500,37500
WBD057,AEMP000799000100,ISS2/00683/19-20,27-08-2019,37500,37500
WBD057,AEMP000799000100,IGFB/01069/19-20,26-08-2019,26250,26250
WBD057,AEMP000799000100,IGFB/01070/19-20,26-08-2019,22500,22500
WBD057,AEMP000799000100,IGFB/01071/19-20,26-08-2019,22500,22500
WBD057,AEMP000799000100,IGFB/01078/19-20,26-08-2019,26250,26250
WBD057,AEMP000799000100,ISFB/00444/19-20,26-08-2019,22500,22500
WBD057,AEMP000799000100,ISFB/00445/19-20,26-08-2019,22500,22500
WBD057,AEMP000799000100,ISFB/00446/19-20,26-08-2019,22500,22500
WBD057,AEMP000799000100,ISS2/00632/19-20,26-08-2019,67500,67500
WBD057,AEMP000799000100,ISS2/00636/19-20,26-08-2019,60000,60000
WBD057,AEMP000799000100,ISS2/00641/19-20,26-08-2019,48750,48750
WBD057,AEMP000799000100,ISS2/00643/19-20,26-08-2019,15000,15000
S410,1101128,IGKI/00260/19-20,01-08-2019,56850,56850
S410,1101128,IGKI/00249/19-20,30-07-2019,75800,75800
S410,1101128,IGKI/00228/19-20,20-07-2019,75800,75800
S410,1101128,IDKT/00070/19-20,04-07-2019,39900,39900
S410,1101128,IGKI/00191/19-20,04-07-2019,62240,29837
S411,1101128,IGKI/00312/19-20,27-08-2019,56100,56100
S411,1101128,IGKI/00316/19-20,27-08-2019,18700,18700
S411,1101128,IGKI/00317/19-20,27-08-2019,63580,63580
S411,1101128,IGKI/00318/19-20,27-08-2019,59840,59840
S411,1101128,IGKI/00304/19-20,26-08-2019,37400,37400
S411,1101128,IGKI/00307/19-20,26-08-2019,80800,80800
S411,1101128,IGKI/00303/19-20,24-08-2019,40400,40400
S411,1101128,IGKI/00302/19-20,23-08-2019,37400,37400
S411,1101128,IGKI/00300/19-20,22-08-2019,40400,14490
G017,1100435,ILBD/01951/19-20,06-08-2019,43500,43500
G017,1100435,ILBD/01969/19-20,06-08-2019,43500,43500
G017,1100435,ILSL/03248/19-20,06-08-2019,43500,43500
G017,1100435,ILSL/03253/19-20,06-08-2019,43500,43500
G017,1100435,ILSL/03263/19-20,06-08-2019,43500,43500
G017,1100435,ILSL/03264/19-20,06-08-2019,43500,43500
G017,1100435,ILSL/03265/19-20,06-08-2019,21750,21750
G017,1100435,ILSL/03266/19-20,06-08-2019,21750,21750
G017,1100435,ILSL/03267/19-20,06-08-2019,43500,43500
G017,1100435,ILSL/03241/19-20,05-08-2019,43500,43500
NEA178,1100295,IGDS/01151/19-20,09-08-2019,91800,91800
NED124,1100295,IGLL/00432/19-20,28-08-2019,155960,155960
NED124,1100295,IGLL/00426/19-20,27-08-2019,155960,155960
NED124,1100295,IGLL/00414/19-20,24-08-2019,155960,155960
NED124,1100295,IGLL/00411/19-20,23-08-2019,155960,155960
NED124,1100295,IGLL/00405/19-20,21-08-2019,155960,155960
NED124,1100295,IGLL/00401/19-20,20-08-2019,155960,155960
NED124,1100295,IGLL/00395/19-20,17-08-2019,155960,155960
NED124,1100295,IGLL/00387/19-20,13-08-2019,145880,145880
NED124,1100295,IGLL/00378/19-20,09-08-2019,155960,155960
NED124,1100295,IGLL/00372/19-20,08-08-2019,155960,155960
NED124,1100295,IGLL/00368/19-20,05-08-2019,145880,13073
NES261,1100295,IGLL/00428/19-20,28-08-2019,155960,155960
NES261,1100295,IGLL/00425/19-20,27-08-2019,155960,146413
WBD012,AEMP000799000020,PCGW/03023/19-20,12-07-2019,441833,351833
BHU012,1101152,IGKV/00586/19-20,29-07-2019,116700,107000
M398,1101152,IGKV/00602/19-20,02-08-2019,116700,116700
M398,1101152,IGKV/00604/19-20,02-08-2019,33520,31559
BHJ040,1101232,IGUV/00134/19-20,27-08-2019,162540,63220
BHS054,1101171,IGUV/00125/19-20,16-08-2019,177660,101994
T095,1101171,IGUV/00068/19-20,17-06-2019,78840,23580
NEB001,1101047,ILCB/00603/19-20,27-08-2019,215000,213860
P222,AEMP000799000098,IDJG/00004/19-20,30-06-2019,137440,137440
P222,AEMP000799000098,IDDS/00096/19-20,09-04-2019,112320,61960.1
WBM232,CMCL_129,ISDS/01541/19-20,28-08-2019,144000,130090
WBR064,AEMP000799000098,IDJG/00028/18-19,28-02-2019,86619.75,86619.75
WBR064,AEMP000799000098,JGWK/00639/18-19,31-10-2018,6120,6120
WBR064,AEMP000799000098,IDCS/00363/18-19,20-10-2018,53600,34340.25
NEC050,1101332,ILAT/05639/19-20,29-08-2019,80600,80600
NEC050,1101332,ILAT/05528/19-20,27-08-2019,80600,69090
NER142,1100739,IGFX/15863/20-EX,18-08-2019,126900,126721
E003,1101131,IGRR/00432/20-EX,23-07-2019,40900,40900
E003,1101131,IGRR/00438/20-EX,23-07-2019,36810,28260
E018,AEMP000799000414,IGRR/00848/20-EX,26-08-2019,40900,39377
J140,1101278,IDJG/00006/19-20,30-06-2019,75000,75000
J140,1101278,IDJG/00037/18-19,31-03-2019,25000,25000
J140,1101278,IDJG/00029/18-19,28-02-2019,24500,24500
J140,1101278,JDWK/00378/17-18,21-02-2018,2177381,1878381
NEC082,1100202,IGRR/00822/20-EX,24-08-2019,40900,40900
NEC082,1100202,IGRR/00823/20-EX,24-08-2019,40900,40900
NEC082,1100202,IGRR/00833/20-EX,24-08-2019,20450,20450
NEC082,1100202,ILLK/00252/19-20,24-08-2019,29680,29680
NEC082,1100202,IGRR/00813/20-EX,23-08-2019,40900,40900
NEC082,1100202,IGRR/00819/20-EX,23-08-2019,28630,28630
NEC082,1100202,IGRR/00817/20-EX,23-08-2019,40900,40900
NEC082,1100202,IGRR/00798/20-EX,22-08-2019,36810,36810
NEC082,1100202,IGRR/00804/20-EX,22-08-2019,28630,28630
NEC082,1100202,IGFX/16254/20-EX,21-08-2019,81400,81400
NEC082,1100202,IGRR/00784/20-EX,21-08-2019,28630,28630
NEC082,1100202,IGRR/00785/20-EX,21-08-2019,20450,20450
NEC082,1100202,IGRR/00795/20-EX,21-08-2019,40900,40900
NEC082,1100202,IGRR/00793/20-EX,21-08-2019,20450,20450
NEC082,1100202,IGRR/00781/20-EX,21-08-2019,24540,24540
NEC082,1100202,IGLE/03627/20-EX,20-08-2019,29680,16460
NEC082,1100202,IGRR/00877/20-EX,29-08-2019,49080,49080
A054,1100766,IGFX/16790/20-EX,24-08-2019,356800,356800
A054,1100766,IGFX/16393/20-EX,22-08-2019,356800,356800
A054,1100766,IGFX/15933/20-EX,19-08-2019,178400,178400
A054,1100766,IGFX/15511/20-EX,15-08-2019,312200,312200
A054,1100766,IGFX/15367/20-EX,14-08-2019,89200,89200
A054,1100766,IGFX/15267/20-EX,13-08-2019,356800,356800
A054,1100766,IGFX/15076/20-EX,10-08-2019,356800,356800
BHU011,1101128,IGKI/00224/19-20,18-07-2019,40900,40900
BHU011,1101128,IGKI/00225/19-20,18-07-2019,37900,37900
BHU011,1101128,IGKI/00215/19-20,16-07-2019,81800,62540
R126,1101128,IGKI/00309/19-20,26-08-2019,75200,75200
R126,1101128,IGKI/00288/19-20,17-08-2019,37600,37600
R126,1101128,IGKI/00285/19-20,16-08-2019,75200,75200
R126,1101128,IGKI/00283/19-20,15-08-2019,75200,75200
R126,1101128,IGKI/00284/19-20,15-08-2019,75200,70455
A203,AEMP000799000098,IDJG/00004/19-20,30-06-2019,50000,50000
A203,AEMP000799000098,IDJG/00028/18-19,28-02-2019,100000,100000
A203,AEMP000799000098,PCGW/05739/18-19,20-11-2018,341545,41545.5
NEA030,1101047,ILCB/00599/19-20,26-08-2019,212500,208647
P225,AEMP000799000098,IDJG/00004/19-20,30-06-2019,214142,214142
P225,AEMP000799000098,IDJG/00036/18-19,31-03-2019,90000,63385
U029,1100791,JVKS/05998/2016-2017,31-03-2017,151010,151010
U029,1100791,JVKS/06000/2016-2017,31-03-2017,56910,21529
WBD028,1100791,PCGW/04217/18-19,12-09-2018,69300,69300
WBH037,1100791,JGWK/00322/19-20,31-07-2019,6000,6000
WBH037,1100791,IDRG/00480/19-20,04-07-2019,49000,49000
BHM058,1101127,ISKS/00090/19-20,28-08-2019,75200,75200
BHM058,1101127,ISKS/00091/19-20,28-08-2019,37600,37600
BHM058,1101127,ISKS/00093/19-20,28-08-2019,56400,56400
BHM058,1101127,ISKS/00094/19-20,28-08-2019,56400,56400
BHM058,1101127,ISKV/00496/19-20,28-08-2019,191000,191000
BHM058,1101127,IGKS/00299/19-20,28-08-2019,18800,18800
BHM058,1101127,IGKS/00295/19-20,27-08-2019,75200,75200
BHM058,1101127,IGKS/00296/19-20,27-08-2019,40600,40600
BHM058,1101127,IGKS/00288/19-20,26-08-2019,75200,75200
BHM058,1101127,IGKS/00289/19-20,26-08-2019,37600,37600
BHM058,1101127,IGKS/00294/19-20,26-08-2019,28200,28200
BHM058,1101127,IGKS/00280/19-20,24-08-2019,75200,75200
BHM058,1101127,IGKS/00283/19-20,24-08-2019,33840,21633.5
S525,1101171,IGUV/00073/19-20,22-06-2019,122400,122400
S525,1101171,IGUV/00074/19-20,22-06-2019,87600,80770
WBD026,1100616,IDKH/00281/19-20,10-08-2019,68000,68000
WBD026,1100616,IDKH/00282/19-20,10-08-2019,40800,40800
WBD026,1100616,IDKH/00270/19-20,03-08-2019,68000,68000
WBD026,1100616,IDKH/00271/19-20,03-08-2019,34000,33500
B263,AEMP000799000098,IDJG/00028/18-19,28-02-2019,89002.5,28067
J137,1100791,PCGW/05444/18-19,05-11-2018,845699,845699
M329,1100791,JGWK/00323/19-20,31-07-2019,7600,7600
M329,1100791,IDRG/00536/19-20,31-07-2019,68000,19795
NEA147,1101047,ILCB/00606/19-20,27-08-2019,84000,84000
NEA147,1101047,ILCB/00575/19-20,19-08-2019,92400,84455
WBA077,CMCL_129,ISRI/00083/19-20,28-08-2019,24500,24500
WBA077,CMCL_129,ISRI/00081/19-20,27-08-2019,56000,56000
WBA077,CMCL_129,ISRI/00082/19-20,27-08-2019,31500,31500
WBA077,CMCL_129,ISDS/01404/19-20,13-08-2019,120000,98545
WBB093,AEMP000799000098,IDJG/00004/19-20,30-06-2019,1335,1335
WBB093,AEMP000799000098,JGWK/01202/18-19,31-03-2019,2400,2400
WBB093,AEMP000799000098,IDJG/00008/18-19,30-09-2018,108400,108400
WBB093,AEMP000799000098,JGWK/00476/18-19,31-08-2018,2600,2600
WBB093,AEMP000799000098,IDCS/00318/18-19,07-08-2018,67000,16055
WBJ057,1100303,ISRI/00080/19-20,23-08-2019,35000,35000
WBJ057,1100303,ISRI/00060/19-20,31-07-2019,36500,36500
WBJ057,1100303,ISRI/00061/19-20,31-07-2019,36500,17000
WBS033,1100791,PCGW/05919A/18-19,27-11-2018,42771,22771
BHH006,1100387,PCGW/05495/18-19,08-11-2018,63236,63236
D162,CMCL_241,IGCB/03818/19-20,28-08-2019,77000,77000
D162,CMCL_241,IGCB/03769/19-20,27-08-2019,77000,77000
D162,CMCL_241,IGCB/03715/19-20,26-08-2019,82000,82000
D162,CMCL_241,IGCB/03672/19-20,23-08-2019,77000,77000
D162,CMCL_241,IGCB/03646/19-20,22-08-2019,77000,77000
D162,CMCL_241,IGCB/03592/19-20,21-08-2019,77000,77000
D162,CMCL_241,IGCB/03608/19-20,21-08-2019,77000,77000
D162,CMCL_241,IGCB/03521/19-20,20-08-2019,77000,77000
D162,CMCL_241,IGCB/03500/19-20,17-08-2019,77000,77000
D162,CMCL_241,IGCB/03445/19-20,16-08-2019,77000,77000
NES090,1100790,IGFX/17366/20-EX,29-08-2019,126900,126900
NES090,1100790,IGFX/17084/20-EX,27-08-2019,126900,126900
NES090,1100790,IGFX/16804/20-EX,25-08-2019,126900,126900
NES090,1100790,IGFX/16795/20-EX,24-08-2019,126900,126900
NES090,1100790,IGFX/16292/20-EX,21-08-2019,126900,126900
NES090,1100790,IGFX/15859/20-EX,18-08-2019,126900,126900
NES090,1100790,IGFX/15637/20-EX,17-08-2019,126900,73447
P035,1101332,ILAT/05580/19-20,28-08-2019,40300,40300
P035,1101332,ILAT/05581/19-20,28-08-2019,41800,41800
P035,1101332,ILAT/05410/19-20,23-08-2019,167200,167200
P035,1101332,ILAT/05326/19-20,21-08-2019,80600,80600
P035,1101332,ILAT/05006/19-20,11-08-2019,83600,77962
K193,1100387,IGKV/00672/19-20,19-08-2019,161910,144100
S380,1100387,IGBG/00029/19-20,10-06-2019,31950,10300
S380,1100387,IGBG/00034/19-20,22-06-2019,79200,79200
S380,1100387,IGBG/00035/19-20,22-06-2019,79200,79200
S380,1100387,IGBG/00037/19-20,22-06-2019,73260,73260
S380,1100387,IGBG/00038/19-20,22-06-2019,31950,31950
S380,1100387,IGBG/00028/19-20,10-06-2019,29700,29700
WBL029,CMCL_192,IDJG/00005/19-20,30-06-2019,47268,47268
WBL029,CMCL_192,JGWK/00054/19-20,30-04-2019,3200,3200
WBL029,CMCL_192,IDB1/00051/19-20,17-04-2019,69000,69000
WBL029,CMCL_192,IDB1/00052/19-20,17-04-2019,41400,18432.82
WBS141,CMCL_192,JGWK/00106/19-20,23-05-2019,11660,11660
WBS141,CMCL_192,JGWK/00055/19-20,30-04-2019,3200,3200
WBS141,CMCL_192,IDB1/00080/19-20,26-04-2019,48300,48300
WBS141,CMCL_192,IDB1/00081/19-20,26-04-2019,41400,41400
WBS141,CMCL_192,IDB1/00082/19-20,26-04-2019,41400,41400
WBS141,CMCL_192,IDB1/00054/19-20,18-04-2019,55200,27237
NEJ017,1101310,ILAI/00306/19-20,27-08-2019,59410,59410
NEJ017,1101310,ILVG/00200/19-20,17-08-2019,180500,180500
NEJ017,1101310,ILAI/00256/19-20,13-08-2019,22850,22850
NEJ017,1101310,ILAI/00257/19-20,13-08-2019,22850,22850
NEJ017,1101310,ILVG/00188/19-20,13-08-2019,180500,102058
NEM078,1101058,ILAI/00312/19-20,29-08-2019,45700,45700
NEM078,1101058,ILAI/00310/19-20,28-08-2019,45700,45700
NEM078,1101058,ILAI/00215/19-20,05-08-2019,45700,45700
NEA205,STARNE056,IGFX/16117/20-EX,20-08-2019,84800,84800
NEA205,STARNE056,IGFX/16125/20-EX,20-08-2019,84800,83669
NEB002,1200125,IGDS/01380/19-20,28-08-2019,214500,83609
WBD038,1100441,IGSL/03215/19-20,05-08-2019,56000,56000
WBD038,1100441,IGSL/03216/19-20,05-08-2019,38500,38500
WBD038,1100441,IGSL/03217/19-20,05-08-2019,70000,70000
WBD038,1100441,IGSL/03218/19-20,05-08-2019,14000,14000
WBD038,1100441,IGSL/03198/19-20,03-08-2019,56000,56000
WBD038,1100441,IGSL/03199/19-20,03-08-2019,35000,35000
WBD038,1100441,IGSL/03205/19-20,03-08-2019,56000,56000
WBD038,1100441,IGSL/03206/19-20,03-08-2019,14000,14000
WBD038,1100441,IGSL/03158/19-20,02-08-2019,56000,56000
WBD038,1100441,IGSL/03159/19-20,02-08-2019,14000,14000
WBD038,1100441,IGSL/03132/19-20,01-08-2019,70000,70000
WBD038,1100441,IGSL/03133/19-20,01-08-2019,28000,28000
NER084,1100205,IGLE/03695/20-EX,24-08-2019,125100,125100
NER084,1100205,IGLE/03673/20-EX,23-08-2019,125100,88833
NES296,1101064,IGLE/03704/20-EX,24-08-2019,32720,32720
NES296,1101064,IGLE/03719/20-EX,24-08-2019,20450,20450
NES296,1101064,IGLE/03720/20-EX,24-08-2019,40900,40900
NES296,1101064,IGRR/00837/20-EX,24-08-2019,40900,40900
NES296,1101064,IGLE/03678/20-EX,23-08-2019,40900,40900
NES296,1101064,IGLE/03689/20-EX,23-08-2019,55215,55215
NES296,1101064,IGCE/01034/20-EX,23-08-2019,81800,81800
NES296,1101064,IGCE/01026/20-EX,22-08-2019,122700,122700
NES296,1101064,IGLE/03659/20-EX,22-08-2019,31800,31800
NES296,1101064,IGLE/03667/20-EX,22-08-2019,20450,20450
NES296,1101064,IGLE/03671/20-EX,22-08-2019,40900,40900
NES296,1101064,IGLE/03672/20-EX,22-08-2019,20450,20450
NES296,1101064,IGRR/00807/20-EX,22-08-2019,49080,49080
NES296,1101064,IGLE/03642/20-EX,21-08-2019,30675,30675
NES296,1101064,IGLE/03645/20-EX,21-08-2019,67840,67840
NES296,1101064,IGLE/03649/20-EX,21-08-2019,28630,28630
NES296,1101064,IGLE/03653/20-EX,21-08-2019,40900,40900
NES296,1101064,IGLE/03618/20-EX,20-08-2019,40900,40900
NES296,1101064,IGLE/03623/20-EX,20-08-2019,67840,36230
NES296,1101064,IGCE/01087/20-EX,29-08-2019,40900,40900
NES296,1101064,IGLE/03825/20-EX,29-08-2019,40900,40900
NES296,1101064,IGRR/00874/20-EX,28-08-2019,28630,28630
BHJ007,1101171,IGUV/00121/19-20,05-08-2019,159600,159600
BHJ007,1101171,IGUV/00122/19-20,05-08-2019,42900,42618
BHR012,1101127,SDBIG/00008/2017-2018,03-04-2017,500,500
BHR012,1101127,CMPTU/00008/2017-2018,03-04-2017,92433,92433
BHZ001,1101127,CMPTU/00011/2017-2018,04-04-2017,102462,102462
BHZ001,1101127,SDBIG/00016/2017-2018,04-04-2017,500,500
D091,1101047,ILCB/00593/19-20,24-08-2019,201600,196310
H053,1101047,ILCB/00578/19-20,21-08-2019,117600,117600
H053,1101047,ILCB/00535/19-20,07-08-2019,100800,100017
K124,CMCL_129,ISDL/00063/19-20,25-07-2019,76000,76000
K124,CMCL_129,ISDL/00064/19-20,25-07-2019,75000,75000
K124,CMCL_129,ISDL/00065/19-20,25-07-2019,76000,76000
K124,CMCL_129,ISDL/00066/19-20,25-07-2019,83600,83600
K124,CMCL_129,ISDL/00067/19-20,25-07-2019,76000,75712
WBB108,AEMP000799000098,JGWK/00476/18-19,31-08-2018,24300,24300
WBB108,AEMP000799000098,IGCS/00196/18-19,29-08-2018,40200,40200
WBB108,AEMP000799000098,IGCS/00197/18-19,29-08-2018,53600,53600
WBB108,AEMP000799000098,IGCS/00198/18-19,29-08-2018,53600,53600
WBB108,AEMP000799000098,IDCS/00348/18-19,27-08-2018,53600,48955
WBG015,AEMP000799000098,IDJG/00028/18-19,28-02-2019,138341,138341
WBG015,AEMP000799000098,IDJG/00008/18-19,30-09-2018,25000,25000
WBG015,AEMP000799000098,JGWK/00396/18-19,31-07-2018,80915,5846
WBR110,AEMP000799000098,IDDS/01396/19-20,29-08-2019,109120,107800
WBS074,AEMP000799000098,JGWK/00324/19-20,31-07-2019,6400,6400
WBS074,AEMP000799000098,IDDS/01120/19-20,27-07-2019,110720,104320
WBS234,1100791,IDRG/00621/19-20,29-08-2019,20100,20100
A145,AEMP000799000100,IGSL/03398/19-20,10-08-2019,30000,25017.75
A145,AEMP000799000100,ISS2/00750/19-20,29-08-2019,37500,37500
A145,AEMP000799000100,ISS2/00698/19-20,28-08-2019,52500,52500
A145,AEMP000799000100,ISS2/00699/19-20,28-08-2019,37500,37500
A145,AEMP000799000100,ISS2/00701/19-20,28-08-2019,18750,18750
A145,AEMP000799000100,ISS2/00717/19-20,28-08-2019,15000,15000
A145,AEMP000799000100,ISS2/00721/19-20,28-08-2019,37500,37500
A145,AEMP000799000100,ISS2/00725/19-20,28-08-2019,22500,22500
A145,AEMP000799000100,ISS2/00730/19-20,28-08-2019,15000,15000
A145,AEMP000799000100,ISS2/00687/19-20,27-08-2019,37500,37500
A145,AEMP000799000100,ISS2/00675/19-20,27-08-2019,16875,16875
A145,AEMP000799000100,ISS2/00640/19-20,26-08-2019,43125,43125
BHB021,AEMP000799000122,PCGB/05728/18-19,12-02-2019,155852,95852
C112,1100480,JGPK/00019/19-20,14-05-2019,3101,3101
C112,1100480,IGUV/00151/18-19,23-12-2018,153510,97001
C135,1100480,PCGB/02899/18-19,14-08-2018,133408,100000
WBB055,CMCL_199,PCGW/05027/18-19,16-10-2018,1156728,991728
WBK015,CMCL_199,IDDS/01253/19-20,13-08-2019,56320,56320
WBK015,CMCL_199,IDDS/01155/19-20,30-07-2019,91520,91520
WBK015,CMCL_199,IDDS/01156/19-20,30-07-2019,21120,13120
BHS023,1100167,JGPK/00026/19-20,14-05-2019,360,360
BHS023,1100167,IGFW/00060/18-19,29-05-2018,64260,43000
BHS169,1101055,IGKV/00693/19-20,24-08-2019,77000,73251
M070,1101146,IGFX/16058/20-EX,20-08-2019,178400,172151
BHS052,1101171,IGUV/00064/19-20,15-06-2019,203500,112715
B248,AEMP000799000098,IDJG/00004/19-20,30-06-2019,27890,27890
B248,AEMP000799000098,IDJG/00036/18-19,31-03-2019,90000,72807
NEM070,1101047,ILCB/00615/19-20,29-08-2019,215000,176312
WBA011,AEMP000799000098,PCGW/03018/19-20,12-07-2019,11127,11127
WBA092,CMCL_129,JSWK/00100/19-20,30-06-2019,249900,100168
WBD071,1100303,ISDS/01512/19-20,26-08-2019,136800,136800
WBD071,1100303,ISDS/01432/19-20,17-08-2019,129600,117717
WBS244,1100791,IDRG/00610/19-20,26-08-2019,46900,46900
WBS244,1100791,IDDS/01210/19-20,06-08-2019,125280,125280
WBS244,1100791,IDDS/01211/19-20,06-08-2019,20880,20880
WBS244,1100791,JGWK/00324/19-20,31-07-2019,26680,26680
WBS244,1100791,IGRG/00051/19-20,29-07-2019,51100,17637
A165,1101332,ILAT/05608/19-20,29-08-2019,80600,80600
A165,1101332,ILAT/05352/19-20,22-08-2019,83600,83600
A165,1101332,ILAT/05205/19-20,18-08-2019,80600,38718
NEG016,1101332,ILTM/01079/19-20,26-08-2019,82600,82600
NEG016,1101332,ILTM/01060/19-20,22-08-2019,41300,40565
P174,1101332,ILAT/05585/19-20,28-08-2019,66880,66880
P174,1101332,ILAT/05547/19-20,27-08-2019,66880,2743
L079,CMCL_241,IGCB/03808/19-20,28-08-2019,77000,77000
L079,CMCL_241,IGCB/03673/19-20,23-08-2019,77000,77000
L079,CMCL_241,IGCB/03541/19-20,20-08-2019,96250,61114
WBB015,CMCL_192,IDB1/00179/19-20,28-08-2019,117000,117000
WBB015,CMCL_192,IDB1/00178/19-20,27-08-2019,136500,136500
NEA045,1101047,ILCB/00579/19-20,21-08-2019,92400,92400
NEA045,1101047,ILCB/00580/19-20,21-08-2019,210000,210000
NEA045,1101047,ILCB/00581/19-20,21-08-2019,67200,26100
WBD069,1100791,JGWK/00322/19-20,31-07-2019,4200,4200
WBD069,1100791,IDRG/00546/19-20,31-07-2019,40800,40800
WBD069,1100791,IDRG/00538/19-20,31-07-2019,30600,30600
WBD069,1100791,IDJG/00004/19-20,30-06-2019,1051769,200647
WBR085,1100791,IDRG/00551/19-20,31-07-2019,68000,68000
WBR085,1100791,IDRG/00552/19-20,31-07-2019,68000,57295.75
WBR085,1100791,JGWK/00324/19-20,31-07-2019,60720,60720
WBR085,1100791,IDRG/00535/19-20,31-07-2019,68000,68000
WBR085,1100791,IDRG/00537/19-20,31-07-2019,81600,81600
WBR085,1100791,IDRG/00539/19-20,31-07-2019,68000,68000
WBR085,1100791,IDRG/00542/19-20,31-07-2019,68000,68000
WBR085,1100791,IDRG/00543/19-20,31-07-2019,68000,68000
WBR085,1100791,IDRG/00545/19-20,31-07-2019,68000,68000
WBR085,1100791,IDRG/00547/19-20,31-07-2019,68000,68000
WBR085,1100791,IDRG/00548/19-20,31-07-2019,68000,68000
K137,1101332,ILTM/01077/19-20,25-08-2019,205000,172637
NEJ067,1100739,IGFX/14682/20-EX,07-08-2019,170800,169475
BHS076,1100387,PCGB/01575/17-18,01-12-2017,427962,427962
J012,1100795,IGFX/17267/20-EX,28-08-2019,348800,348800
J012,1100795,IGFX/17133/20-EX,27-08-2019,348800,348800
J012,1100795,IGFX/16751/20-EX,24-08-2019,308700,308700
J012,1100795,IGFX/16518/20-EX,23-08-2019,348800,334755
M256,1100387,IGUV/00130/19-20,24-08-2019,115500,115500
M256,1100387,IGUV/00131/19-20,24-08-2019,83000,76674.5
NED076,1100795,IGFX/15717/20-EX,17-08-2019,88200,88200
NED076,1100795,IGFX/15067/20-EX,10-08-2019,132300,82572
S345,CMCL_241,IGBX/00466/19-20,27-08-2019,169400,169400
S345,CMCL_241,IGCB/03666/19-20,23-08-2019,77000,77000
S345,CMCL_241,IGCB/03562/19-20,20-08-2019,92400,92400
S345,CMCL_241,IGCB/03438/19-20,16-08-2019,77000,52515
C005,1100435,ILSL/03590/19-20,22-08-2019,22250,22250
C005,1100435,ILSL/03594/19-20,22-08-2019,21500,21500
C005,1100435,ILSL/03567/19-20,21-08-2019,25800,25800
C005,1100435,ILSL/03572/19-20,21-08-2019,43500,43500
C005,1100435,ILSL/03573/19-20,21-08-2019,43500,43500
C005,1100435,ILKL/01028/19-20,21-08-2019,200100,200100
C005,1100435,ILBD/02120/19-20,21-08-2019,87000,87000
C005,1100435,ILBD/02125/19-20,21-08-2019,43500,43500
C005,1100435,ILBD/02133/19-20,21-08-2019,21750,21750
C005,1100435,ILBD/02134/19-20,21-08-2019,21750,21750
C005,1100435,ILBD/02102/19-20,20-08-2019,21750,21750
C005,1100435,ILBD/02104/19-20,20-08-2019,43500,43500
C005,1100435,ILBD/02110/19-20,20-08-2019,43500,43500
C005,1100435,ILSL/03555/19-20,20-08-2019,21750,3150
C005,1100435,ILBD/02219/19-20,29-08-2019,43500,43500
C005,1100435,ILBD/02220/19-20,29-08-2019,43500,43500
C005,1100435,ILBD/02225/19-20,29-08-2019,21750,21750
WBD038,1100441,IGSL/03142/19-20,01-08-2019,70000,16570
WBD038,1100441,IGSL/04045/19-20,29-08-2019,63000,63000
WBD038,1100441,IGSL/04046/19-20,29-08-2019,7000,7000
WBD038,1100441,IGSL/04055/19-20,29-08-2019,70000,70000
WBD038,1100441,IGSL/04056/19-20,29-08-2019,14000,14000
WBD038,1100441,IGSL/03989/19-20,28-08-2019,70000,70000
WBD038,1100441,IGSL/03999/19-20,28-08-2019,56000,56000
WBD038,1100441,IGSL/04000/19-20,28-08-2019,14000,14000
WBD038,1100441,IGSL/04017/19-20,28-08-2019,70000,70000
WBD038,1100441,IGSL/04018/19-20,28-08-2019,14000,14000
WBD038,1100441,IGSL/04019/19-20,28-08-2019,56000,56000
WBD038,1100441,IGSL/04020/19-20,28-08-2019,14000,14000
WBD038,1100441,IGSL/04021/19-20,28-08-2019,70000,70000
WBD038,1100441,IGSL/03955/19-20,27-08-2019,56000,56000
WBD038,1100441,IGSL/03956/19-20,27-08-2019,14000,14000
WBD038,1100441,IGSL/03970/19-20,27-08-2019,70000,70000
WBD038,1100441,IGSL/03979/19-20,27-08-2019,70000,70000
WBD038,1100441,IGSL/03889/19-20,26-08-2019,70000,70000
WBD038,1100441,IGSL/03890/19-20,26-08-2019,14000,14000
WBD038,1100441,IGSL/03900/19-20,26-08-2019,56000,56000
WBD038,1100441,IGSL/03922/19-20,26-08-2019,63000,63000
WBD038,1100441,IGSL/03933/19-20,26-08-2019,70000,70000
WBD038,1100441,IGSL/03874/19-20,24-08-2019,63000,63000
WBD038,1100441,IGSL/03875/19-20,24-08-2019,7000,7000
WBD038,1100441,IGSL/03876/19-20,24-08-2019,56000,56000
WBD038,1100441,IGSL/03879/19-20,24-08-2019,35000,35000
WBD038,1100441,IGSL/03880/19-20,24-08-2019,70000,70000
WBD038,1100441,IGSL/03881/19-20,24-08-2019,28000,28000
WBD038,1100441,IGSL/03816/19-20,23-08-2019,70000,70000
WBD038,1100441,IGSL/03817/19-20,23-08-2019,7000,7000
WBD038,1100441,IGSL/03818/19-20,23-08-2019,63000,63000
WBD038,1100441,IGSL/03767/19-20,22-08-2019,56000,56000
WBD038,1100441,IGSL/03768/19-20,22-08-2019,70000,70000
WBD038,1100441,IGSL/03769/19-20,22-08-2019,14000,14000
WBD038,1100441,IGSL/03775/19-20,22-08-2019,49000,49000
WBD038,1100441,IGSL/03697/19-20,21-08-2019,70000,70000
WBD038,1100441,IGSL/03706/19-20,21-08-2019,28000,28000
WBD038,1100441,IGSL/03720/19-20,21-08-2019,56000,56000
WBD038,1100441,IGSL/03733/19-20,21-08-2019,70000,70000
WBD038,1100441,IGSL/03660/19-20,20-08-2019,70000,70000
WBD038,1100441,IGSL/03661/19-20,20-08-2019,28000,28000
WBD038,1100441,IGSL/03596/19-20,19-08-2019,70000,70000
WBD038,1100441,IGSL/03597/19-20,19-08-2019,21000,21000
WBD038,1100441,IGSL/03633/19-20,19-08-2019,52500,52500
WBD038,1100441,IGSL/03578/19-20,17-08-2019,70000,70000
WBD038,1100441,IGSL/03579/19-20,17-08-2019,14000,14000
M073,1101268,IGFX/17467/20-EX,29-08-2019,84000,84000
M073,1101268,IGFX/17468/20-EX,29-08-2019,84000,84000
M073,1101268,IGFX/17007/20-EX,26-08-2019,84000,84000
M073,1101268,IGFX/17008/20-EX,26-08-2019,84000,84000
M073,1101268,IGFX/16591/20-EX,23-08-2019,84000,84000
M073,1101268,IGFX/16592/20-EX,23-08-2019,84000,84000
M073,1101268,IGFX/16401/20-EX,22-08-2019,84000,84000
M073,1101268,IGFX/16402/20-EX,22-08-2019,84000,84000
M073,1101268,IGFX/16121/20-EX,20-08-2019,168000,168000
WBB102,1100791,IDDS/01302/19-20,19-08-2019,109760,109760
WBB102,1100791,IDDS/01308/19-20,19-08-2019,109760,109760
WBB102,1100791,IDDS/01216/19-20,06-08-2019,90480,89926
WBS192,AEMP000799000098,IDJG/00036/18-19,31-03-2019,10000,10000
WBS192,AEMP000799000098,IDJG/00021/18-19,31-12-2018,15000,15000
WBS192,AEMP000799000098,PCGW/05740/18-19,20-11-2018,418937,368937
WBT020,CMCL_129,ISDS/01426/19-20,16-08-2019,144000,144000
WBT020,CMCL_129,ISRI/00068/19-20,06-08-2019,36500,36500
WBT020,CMCL_129,ISRI/00066/19-20,05-08-2019,36500,36500
WBT020,CMCL_129,IGDK/00109/19-20,05-08-2019,80000,80000
WBT020,CMCL_129,ISRI/00057/19-20,26-07-2019,36500,36500
WBT020,CMCL_129,ISRI/00059/19-20,26-07-2019,36500,36500
WBT020,CMCL_129,ISRI/00056/19-20,25-07-2019,36500,36500
WBT020,CMCL_129,ISRI/00055/19-20,24-07-2019,36500,36500
WBT020,CMCL_129,ISDS/01305/19-20,18-07-2019,150000,85666.25
WBZ004,CMCL_129,ISDL/00209/19-20,21-08-2019,73000,73000
WBZ004,CMCL_129,ISDL/00152/19-20,08-08-2019,76000,76000
WBZ004,CMCL_129,ISDL/00101/19-20,03-08-2019,76000,2126
B006,1100739,IGFX/17379/20-EX,29-08-2019,126900,126900
B006,1100739,IGFX/16826/20-EX,25-08-2019,126900,126900
B006,1100739,IGFX/16368/20-EX,22-08-2019,126900,126900
B006,1100739,IGFX/16048/20-EX,20-08-2019,126900,126900
B006,1100739,IGFX/15101/20-EX,10-08-2019,126900,85229
R108,1101332,ILAT/05634/19-20,29-08-2019,80600,80600
R108,1101332,ILAT/05522/19-20,27-08-2019,80600,80600
R108,1101332,ILAT/05555/19-20,27-08-2019,80600,80600
R108,1101332,ILAT/05377/19-20,23-08-2019,80600,80600
R108,1101332,ILAT/05392/19-20,23-08-2019,80600,80600
R108,1101332,ILAT/05370/19-20,22-08-2019,80600,80600
R108,1101332,ILAT/05317/19-20,21-08-2019,80600,80600
R108,1101332,ILAT/05287/19-20,20-08-2019,83600,83600
R108,1101332,ILAT/05233/19-20,19-08-2019,80600,80600
R108,1101332,ILAT/05174/19-20,17-08-2019,80600,80600
R108,1101332,ILAT/05095/19-20,16-08-2019,60450,60450
R108,1101332,ILAT/05096/19-20,16-08-2019,80600,80600
R108,1101332,ILAT/05120/19-20,16-08-2019,80600,80600
R108,1101332,ILAT/05056/19-20,13-08-2019,80600,80600
R108,1101332,ILAT/04974/19-20,10-08-2019,80600,80600
R108,1101332,ILAT/04982/19-20,10-08-2019,48360,2560
B021,1100435,ILSL/03621/19-20,24-08-2019,21500,21500
B021,1100435,ILSL/03627/19-20,24-08-2019,34400,34400
B021,1100435,ILSL/03628/19-20,24-08-2019,21500,21500
B021,1100435,ILKL/01047/19-20,24-08-2019,132675,132675
B021,1100435,ILSL/03615/19-20,24-08-2019,43500,43500
B021,1100435,ILSL/03622/19-20,24-08-2019,21500,21500
B021,1100435,ILSL/03604/19-20,23-08-2019,43000,43000
B021,1100435,ILSL/03605/19-20,23-08-2019,21500,21500
B021,1100435,ILSL/03611/19-20,23-08-2019,21500,21500
B021,1100435,ILSL/03612/19-20,23-08-2019,21500,21500
B021,1100435,ILSL/03613/19-20,23-08-2019,21500,21500
B021,1100435,ILSL/03614/19-20,23-08-2019,21500,21500
B021,1100435,ILSL/03597/19-20,22-08-2019,12900,12900
NER155,1101047,ILCB/00618/19-20,29-08-2019,109200,109200
NER155,1101047,ILCB/00598/19-20,25-08-2019,42000,36786
U015,1101047,ILCB/00588/19-20,23-08-2019,215000,200550
WBR092,CMCL_129,ISDS/01522/19-20,27-08-2019,36500,36500
WBR092,CMCL_129,ISDS/01499/19-20,24-08-2019,109500,109500
WBR092,CMCL_129,ISDS/01456/19-20,20-08-2019,14600,2179
WBS227,CMCL_129,ISRI/00079/19-20,22-08-2019,21000,21000
WBS227,CMCL_129,ISRI/00077/19-20,20-08-2019,21000,21000
WBS227,CMCL_129,ISRI/00074/19-20,16-08-2019,21000,20718
NET070,1101332,ILAT/05271/19-20,20-08-2019,80600,77100
BHB066,AEMP000799000122,IGKV/00694/19-20,25-08-2019,76400,76400
BHB066,AEMP000799000122,JGPK/00083/19-20,31-07-2019,12090,12090
BHB066,AEMP000799000122,IGH2/00074/19-20,29-07-2019,24003,11853
WBT036,AEMP000799000100,IGS2/02672/19-20,21-08-2019,45000,45000
WBT036,AEMP000799000100,IGS2/02674/19-20,21-08-2019,56250,56250
WBT036,AEMP000799000100,IGS2/02675/19-20,21-08-2019,30000,30000
WBT036,AEMP000799000100,IGSL/04025/19-20,29-08-2019,41250,41250
WBT036,AEMP000799000100,IGSL/04027/19-20,29-08-2019,22500,22500
WBT036,AEMP000799000100,ISS2/00731/19-20,29-08-2019,18750,18750
WBT036,AEMP000799000100,ISS2/00733/19-20,29-08-2019,46875,46875
WBT036,AEMP000799000100,ISS2/00734/19-20,29-08-2019,15000,15000
WBT036,AEMP000799000100,ISS2/00735/19-20,29-08-2019,60000,60000
WBT036,AEMP000799000100,ISS2/00737/19-20,29-08-2019,48750,48750
WBT036,AEMP000799000100,ISS2/00738/19-20,29-08-2019,18750,18750
WBT036,AEMP000799000100,ISS2/00739/19-20,29-08-2019,15000,15000
WBT036,AEMP000799000100,ISS2/00744/19-20,29-08-2019,30000,30000
WBT036,AEMP000799000100,ISS2/00745/19-20,29-08-2019,54375,54375
WBT036,AEMP000799000100,ISS2/00746/19-20,29-08-2019,13125,13125
WBT036,AEMP000799000100,ISS2/00747/19-20,29-08-2019,30000,30000
WBT036,AEMP000799000100,ISS2/00752/19-20,29-08-2019,11250,11250
WBT036,AEMP000799000100,ISS2/00755/19-20,29-08-2019,18750,18750
WBT036,AEMP000799000100,ISS2/00756/19-20,29-08-2019,37500,37500
WBT036,AEMP000799000100,IGSL/04006/19-20,28-08-2019,22500,22500
WBT036,AEMP000799000100,IGSL/04012/19-20,28-08-2019,22500,22500
WBT036,AEMP000799000100,ISS2/00692/19-20,28-08-2019,12000,12000
WBT036,AEMP000799000100,ISS2/00694/19-20,28-08-2019,46875,46875
WBT036,AEMP000799000100,ISS2/00695/19-20,28-08-2019,33750,33750
WBT036,AEMP000799000100,ISS2/00696/19-20,28-08-2019,15000,15000
WBT036,AEMP000799000100,ISS2/00697/19-20,28-08-2019,37500,37500
WBT036,AEMP000799000100,ISS2/00703/19-20,28-08-2019,22500,22500
WBT036,AEMP000799000100,ISS2/00704/19-20,28-08-2019,41250,41250
WBT036,AEMP000799000100,ISS2/00705/19-20,28-08-2019,16875,16875
WBT036,AEMP000799000100,ISS2/00706/19-20,28-08-2019,15000,15000
WBT036,AEMP000799000100,ISS2/00710/19-20,28-08-2019,60000,60000
WBT036,AEMP000799000100,ISS2/00715/19-20,28-08-2019,18750,18750
WBT036,AEMP000799000100,ISS2/00718/19-20,28-08-2019,45000,45000
WBT036,AEMP000799000100,ISS2/00724/19-20,28-08-2019,41250,41250
WBT036,AEMP000799000100,ISS2/00729/19-20,28-08-2019,18750,18750
WBT036,AEMP000799000100,IGSL/03947/19-20,27-08-2019,28125,28125
WBT036,AEMP000799000100,IGSL/03954/19-20,27-08-2019,33750,33750
WBT036,AEMP000799000100,IGSL/03963/19-20,27-08-2019,22500,22500
WBT036,AEMP000799000100,ISS2/00662/19-20,27-08-2019,45000,45000
WBT036,AEMP000799000100,ISS2/00665/19-20,27-08-2019,18750,18750
WBT036,AEMP000799000100,ISS2/00666/19-20,27-08-2019,46875,46875
WBT036,AEMP000799000100,ISS2/00669/19-20,27-08-2019,22500,22500
WBT036,AEMP000799000100,ISS2/00673/19-20,27-08-2019,22500,22500
WBT036,AEMP000799000100,ISS2/00674/19-20,27-08-2019,22500,22500
WBT036,AEMP000799000100,ISS2/00679/19-20,27-08-2019,45000,45000
WBT036,AEMP000799000100,ISS2/00681/19-20,27-08-2019,46875,46875
WBT036,AEMP000799000100,ISS2/00688/19-20,27-08-2019,45000,45000
WBT036,AEMP000799000100,ISS2/00689/19-20,27-08-2019,11250,11250
WBT036,AEMP000799000100,IGSL/03891/19-20,26-08-2019,26250,26250
WBT036,AEMP000799000100,IGSL/03892/19-20,26-08-2019,15000,15000
WBT036,AEMP000799000100,IGSL/03913/19-20,26-08-2019,22500,22500
WBT036,AEMP000799000100,ISS2/00631/19-20,26-08-2019,45000,45000
WBT036,AEMP000799000100,ISS2/00633/19-20,26-08-2019,22500,22500
WBT036,AEMP000799000100,ISS2/00634/19-20,26-08-2019,33750,33750
WBT036,AEMP000799000100,ISS2/00635/19-20,26-08-2019,18750,18750
WBT036,AEMP000799000100,ISS2/00637/19-20,26-08-2019,37500,37500
WBT036,AEMP000799000100,ISS2/00638/19-20,26-08-2019,7500,7500
WBT036,AEMP000799000100,ISS2/00644/19-20,26-08-2019,22500,22500
WBT036,AEMP000799000100,ISS2/00646/19-20,26-08-2019,20625,20625
WBT036,AEMP000799000100,ISS2/00648/19-20,26-08-2019,54375,54375
WBT036,AEMP000799000100,ISS2/00649/19-20,26-08-2019,46875,46875
WBT036,AEMP000799000100,ISS2/00650/19-20,26-08-2019,37500,37500
WBT036,AEMP000799000100,ISS2/00651/19-20,26-08-2019,15000,15000
WBT036,AEMP000799000100,ISS2/00653/19-20,26-08-2019,37500,37500
WBT036,AEMP000799000100,ISS2/00655/19-20,26-08-2019,22500,22500
WBT036,AEMP000799000100,ISS2/00656/19-20,26-08-2019,56250,56250
WBT036,AEMP000799000100,ISS2/00657/19-20,26-08-2019,41250,41250
WBT036,AEMP000799000100,ISS2/00658/19-20,26-08-2019,22500,22500
WBT036,AEMP000799000100,ISS2/00659/19-20,26-08-2019,20625,20625
WBT036,AEMP000799000100,ISS2/00660/19-20,26-08-2019,45000,45000
WBT036,AEMP000799000100,IGSL/03826/19-20,24-08-2019,41250,41250
WBT036,AEMP000799000100,IGSL/03840/19-20,24-08-2019,20625,20625
WBT036,AEMP000799000100,IGSL/03858/19-20,24-08-2019,9375,9375
WBT036,AEMP000799000100,IGSL/03863/19-20,24-08-2019,16875,16875
WBT036,AEMP000799000100,IGS2/02740/19-20,24-08-2019,15000,15000
WBT036,AEMP000799000100,IGS2/02743/19-20,24-08-2019,11250,11250
WBT036,AEMP000799000100,IGS2/02747/19-20,24-08-2019,46875,46875
WBT036,AEMP000799000100,IGS2/02752/19-20,24-08-2019,60000,60000
WBT036,AEMP000799000100,IGS2/02754/19-20,24-08-2019,46875,46875
WBT036,AEMP000799000100,IGS2/02755/19-20,24-08-2019,15000,15000
WBT036,AEMP000799000100,IGS2/02757/19-20,24-08-2019,15000,15000
WBT036,AEMP000799000100,IGS2/02759/19-20,24-08-2019,22500,22500
WBT036,AEMP000799000100,IGS2/02760/19-20,24-08-2019,22500,22500
WBT036,AEMP000799000100,IGS2/02710/19-20,23-08-2019,45000,45000
WBT036,AEMP000799000100,IGS2/02711/19-20,23-08-2019,45000,45000
WBT036,AEMP000799000100,IGS2/02712/19-20,23-08-2019,15000,15000
WBT036,AEMP000799000100,IGS2/02713/19-20,23-08-2019,22500,22500
WBT036,AEMP000799000100,IGS2/02715/19-20,23-08-2019,30000,30000
WBT036,AEMP000799000100,IGS2/02716/19-20,23-08-2019,18750,18750
WBT036,AEMP000799000100,IGS2/02717/19-20,23-08-2019,41250,41250
WBT036,AEMP000799000100,IGS2/02718/19-20,23-08-2019,67500,67500
WBT036,AEMP000799000100,IGS2/02720/19-20,23-08-2019,45000,45000
WBT036,AEMP000799000100,IGS2/02721/19-20,23-08-2019,16875,16875
WBT036,AEMP000799000100,IGS2/02723/19-20,23-08-2019,37500,37500
WBT036,AEMP000799000100,IGS2/02725/19-20,23-08-2019,37500,37500
WBT036,AEMP000799000100,IGS2/02726/19-20,23-08-2019,46875,46875
WBT036,AEMP000799000100,IGS2/02728/19-20,23-08-2019,30000,30000
WBT036,AEMP000799000100,IGS2/02733/19-20,23-08-2019,18750,18750
WBT036,AEMP000799000100,IGS2/02734/19-20,23-08-2019,60000,60000
WBT036,AEMP000799000100,IGS2/02735/19-20,23-08-2019,60000,60000
WBT036,AEMP000799000100,IGS2/02737/19-20,23-08-2019,15000,15000
WBT036,AEMP000799000100,IGSL/03791/19-20,23-08-2019,28125,28125
WBT036,AEMP000799000100,IGSL/03800/19-20,23-08-2019,154000,154000
WBT036,AEMP000799000100,IGSL/03744/19-20,22-08-2019,43125,43125
WBT036,AEMP000799000100,IGSL/03748/19-20,22-08-2019,28125,28125
WBT036,AEMP000799000100,IGSL/03779/19-20,22-08-2019,22500,22500
WBT036,AEMP000799000100,IGS2/02686/19-20,22-08-2019,18750,18750
WBT036,AEMP000799000100,IGS2/02687/19-20,22-08-2019,18750,18750
WBT036,AEMP000799000100,IGS2/02688/19-20,22-08-2019,22500,22500
WBT036,AEMP000799000100,IGS2/02689/19-20,22-08-2019,15000,15000
WBT036,AEMP000799000100,IGS2/02690/19-20,22-08-2019,37500,37500
WBT036,AEMP000799000100,IGS2/02691/19-20,22-08-2019,22500,22500
WBT036,AEMP000799000100,IGS2/02694/19-20,22-08-2019,45000,45000
WBT036,AEMP000799000100,IGS2/02695/19-20,22-08-2019,45000,45000
WBT036,AEMP000799000100,IGS2/02696/19-20,22-08-2019,46875,46875
WBT036,AEMP000799000100,IGS2/02697/19-20,22-08-2019,45000,45000
WBT036,AEMP000799000100,IGS2/02699/19-20,22-08-2019,18750,18750
WBT036,AEMP000799000100,IGS2/02700/19-20,22-08-2019,45000,45000
WBT036,AEMP000799000100,IGS2/02702/19-20,22-08-2019,45000,45000
WBT036,AEMP000799000100,IGS2/02703/19-20,22-08-2019,37500,37500
WBT036,AEMP000799000100,IGS2/02704/19-20,22-08-2019,22500,22500
WBT036,AEMP000799000100,IGS2/02705/19-20,22-08-2019,52500,52500
WBT036,AEMP000799000100,IGS2/02707/19-20,22-08-2019,16875,16875
WBT036,AEMP000799000100,IGS2/02661/19-20,21-08-2019,18750,18750
WBT036,AEMP000799000100,IGS2/02662/19-20,21-08-2019,45000,45000
WBT036,AEMP000799000100,IGS2/02663/19-20,21-08-2019,18750,18750
WBT036,AEMP000799000100,IGS2/02664/19-20,21-08-2019,37500,37500
WBT036,AEMP000799000100,IGS2/02666/19-20,21-08-2019,48750,48750
WBT036,AEMP000799000100,IGS2/02667/19-20,21-08-2019,45000,45000
WBT036,AEMP000799000100,IGS2/02670/19-20,21-08-2019,67500,67500
WBT036,AEMP000799000100,IGS2/02671/19-20,21-08-2019,46875,46875
WBT036,AEMP000799000100,IGS2/02676/19-20,21-08-2019,18750,18750
WBT036,AEMP000799000100,IGS2/02679/19-20,21-08-2019,22500,22500
WBT036,AEMP000799000100,IGS2/02682/19-20,21-08-2019,45000,45000
WBT036,AEMP000799000100,IGSL/03692/19-20,21-08-2019,18750,18750
WBT036,AEMP000799000100,IGSL/03699/19-20,21-08-2019,45000,45000
N098,CMCL_241,IGCB/03832/19-20,29-08-2019,77000,77000
N098,CMCL_241,IGCB/03842/19-20,29-08-2019,77000,77000
N098,CMCL_241,IGCB/03844/19-20,29-08-2019,77000,77000
N098,CMCL_241,IGCB/03850/19-20,29-08-2019,61600,61600
N098,CMCL_241,IGCB/03851/19-20,29-08-2019,16400,16400
N098,CMCL_241,IGCB/03776/19-20,28-08-2019,77000,77000
N098,CMCL_241,IGCB/03777/19-20,28-08-2019,77000,77000
N098,CMCL_241,IGCB/03781/19-20,28-08-2019,77000,77000
N098,CMCL_241,IGCB/03800/19-20,28-08-2019,77000,77000
N098,CMCL_241,IGCB/03809/19-20,28-08-2019,77000,77000
N098,CMCL_241,IGCB/03816/19-20,28-08-2019,77000,77000
N098,CMCL_241,IGCB/03817/19-20,28-08-2019,77000,77000
N098,CMCL_241,IGCB/03727/19-20,27-08-2019,77000,77000
N098,CMCL_241,IGCB/03729/19-20,27-08-2019,92400,92400
N098,CMCL_241,IGCB/03732/19-20,27-08-2019,57750,57750
N098,CMCL_241,IGCB/03733/19-20,27-08-2019,20500,20500
N098,CMCL_241,IGCB/03736/19-20,27-08-2019,77000,77000
N098,CMCL_241,IGCB/03740/19-20,27-08-2019,77000,77000
N098,CMCL_241,IGCB/03755/19-20,27-08-2019,77000,77000
N098,CMCL_241,IGCB/03709/19-20,26-08-2019,77000,77000
N098,CMCL_241,IGCB/03712/19-20,26-08-2019,77000,77000
N098,CMCL_241,IGCB/03713/19-20,26-08-2019,77000,77000
N098,CMCL_241,IGCB/03691/19-20,24-08-2019,77000,77000
N098,CMCL_241,IGCB/03698/19-20,24-08-2019,77000,77000
N098,CMCL_241,IGCB/03699/19-20,24-08-2019,77000,77000
N098,CMCL_241,IGBX/00461/19-20,24-08-2019,169400,169400
N098,CMCL_241,IGBX/00459/19-20,23-08-2019,192500,192500
N098,CMCL_241,IGCB/03657/19-20,23-08-2019,77000,30471.5
WBB082,CMCL_192,IDB1/00172/19-20,20-08-2019,39000,38677
A095,1100321,IGFX/17446/20-EX,29-08-2019,356000,356000
A095,1100321,IGFX/17413/20-EX,29-08-2019,356000,356000
A095,1100321,IGFX/17359/20-EX,28-08-2019,356000,356000
A095,1100321,IGFX/17076/20-EX,27-08-2019,356000,356000
A095,1100321,IGFX/17099/20-EX,27-08-2019,356000,356000
A095,1100321,IGFX/16912/20-EX,26-08-2019,356000,356000
A095,1100321,IGFX/16931/20-EX,26-08-2019,311500,311500
A095,1100321,IGFX/16930/20-EX,26-08-2019,311500,311500
A095,1100321,IGFX/16731/20-EX,24-08-2019,325500,325500
A095,1100321,IGFX/16573/20-EX,23-08-2019,356000,356000
A095,1100321,IGFX/16567/20-EX,23-08-2019,356000,356000
A095,1100321,IGFX/16436/20-EX,22-08-2019,356000,356000
A095,1100321,IGFX/16366/20-EX,22-08-2019,356000,299844
K063,1100794,IGFX/16812/20-EX,25-08-2019,174400,174400
K063,1100794,IGFX/16373/20-EX,22-08-2019,174400,174400
K063,1100794,IGFX/15685/20-EX,17-08-2019,174400,174400
K063,1100794,IGFX/15358/20-EX,14-08-2019,174400,174400
K063,1100794,IGFX/14681/20-EX,07-08-2019,174400,174400
K063,1100794,IGFX/14529/20-EX,06-08-2019,174400,174400
K063,1100794,IGFX/14152/20-EX,03-08-2019,174400,174400
R174,1101127,ISKS/00095/19-20,29-08-2019,75200,75200
R174,1101127,ISKV/00503/19-20,29-08-2019,160020,160020
R174,1101127,ISKS/00078/19-20,27-08-2019,56400,56400
R174,1101127,IGKS/00293/19-20,26-08-2019,22560,22560
R174,1101127,IGKS/00287/19-20,24-08-2019,75200,75200
R174,1101127,IGKS/00272/19-20,22-08-2019,75200,75200
R174,1101127,IGKS/00275/19-20,22-08-2019,75200,75200
R174,1101127,IGKS/00264/19-20,21-08-2019,75200,75200
R174,1101127,IGKS/00266/19-20,21-08-2019,37600,37600
R174,1101127,ISKV/00468/19-20,21-08-2019,191000,191000
R174,1101127,ISKV/00472/19-20,21-08-2019,190500,190500
R174,1101127,ISKV/00464/19-20,20-08-2019,191000,191000
R174,1101127,IGKS/00248/19-20,20-08-2019,75200,75200
R174,1101127,IGKS/00257/19-20,20-08-2019,52780,52780
R174,1101127,IGKS/00258/19-20,20-08-2019,26320,26320
R174,1101127,IGKS/00259/19-20,20-08-2019,75200,75200
R174,1101127,IGKS/00261/19-20,20-08-2019,75200,75200
R174,1101127,IGKS/00235/19-20,19-08-2019,75200,75200
R174,1101127,IGKS/00241/19-20,19-08-2019,75200,75200
R174,1101127,ISKV/00440/19-20,17-08-2019,190500,190500
R174,1101127,IGKS/00215/19-20,16-08-2019,48720,48720
R174,1101127,IGKS/00219/19-20,16-08-2019,37600,16060
A022,1101047,ILCB/00576/19-20,20-08-2019,197400,197400
A022,1101047,ILCB/00564/19-20,14-08-2019,197400,197400
A022,1101047,ILCB/00525/19-20,05-08-2019,197400,197400
A022,1101047,ILCB/00509/19-20,01-08-2019,197400,197400
A022,1101047,ILCB/00501/19-20,29-07-2019,197400,152593
NEM069,1101047,ILCB/00597/19-20,25-08-2019,100800,100800
P152,1101047,ILCB/00584/19-20,22-08-2019,210000,210000
P152,1101047,ILCB/00539/19-20,08-08-2019,210000,209044
WBD070,1100791,IDDS/01364/19-20,26-08-2019,123480,123480
WBD070,1100791,IDDS/01365/19-20,26-08-2019,20580,20580
WBD070,1100791,IDDS/01282/19-20,17-08-2019,20580,20580
WBD070,1100791,IDDS/01283/19-20,17-08-2019,89180,82300
WBI014,AEMP000799000098,JSWK/00339/18-19,31-12-2018,82100,58951
WBJ049,1100791,JGWK/00323/19-20,31-07-2019,9000,9000
WBJ049,1100791,IGRG/00052/19-20,30-07-2019,29200,29200
WBJ049,1100791,IDRG/00526/19-20,27-07-2019,21000,21000
WBJ049,1100791,IDRG/00524/19-20,26-07-2019,6800,6800
WBJ049,1100791,IGRG/00049/19-20,26-07-2019,7300,7300
WBJ049,1100791,IDRG/00512/19-20,16-07-2019,47600,47600
WBJ049,1100791,IDRG/00490/19-20,08-07-2019,14000,14000
WBJ049,1100791,IDRG/00491/19-20,08-07-2019,31500,31500
WBJ049,1100791,IDRG/00466/19-20,30-06-2019,45500,2463
WBK046,CMCL_129,ISDS/01530/19-20,28-08-2019,146000,110343
M029,1100739,IGFX/17380/20-EX,29-08-2019,126900,126900
M029,1100739,IGFX/17381/20-EX,29-08-2019,126900,126900
M029,1100739,IGFX/17399/20-EX,29-08-2019,126900,126900
M029,1100739,IGFX/17524/20-EX,29-08-2019,126900,126900
M029,1100739,IGFX/17238/20-EX,28-08-2019,126900,126900
M029,1100739,IGFX/17240/20-EX,28-08-2019,126900,126900
M029,1100739,IGFX/17243/20-EX,28-08-2019,126900,126900
M029,1100739,IGFX/17055/20-EX,27-08-2019,126900,126900
S169,1100202,IGRR/00721/20-EX,10-08-2019,40900,40900
S169,1100202,IGRR/00707/20-EX,09-08-2019,40900,40900
S169,1100202,IGRR/00710/20-EX,09-08-2019,40900,40900
S169,1100202,IGRR/00711/20-EX,09-08-2019,40900,40900
S169,1100202,IGRR/00712/20-EX,09-08-2019,20450,20450
S169,1100202,IGRR/00713/20-EX,09-08-2019,32720,32720
S169,1100202,IGRR/00692/20-EX,08-08-2019,20450,20450
S169,1100202,IGRR/00693/20-EX,08-08-2019,20450,20450
S169,1100202,IGRR/00702/20-EX,08-08-2019,40900,40900
S169,1100202,IGRR/00684/20-EX,07-08-2019,44990,44990
S169,1100202,IGRR/00686/20-EX,07-08-2019,40900,40900
S169,1100202,IGRR/00674/20-EX,06-08-2019,44990,44990
S169,1100202,IGRR/00680/20-EX,06-08-2019,44990,44990
S169,1100202,IGRR/00682/20-EX,06-08-2019,44990,44990
S169,1100202,IGRR/00652/20-EX,05-08-2019,40900,40900
L085,CMCL_241,IGCB/03787/19-20,28-08-2019,115500,115500
L085,CMCL_241,IGCB/03790/19-20,28-08-2019,77000,77000
L085,CMCL_241,IGCB/03820/19-20,28-08-2019,77000,77000
L085,CMCL_241,IGCB/03757/19-20,27-08-2019,77000,77000
L085,CMCL_241,IGCB/03759/19-20,27-08-2019,82000,82000
L085,CMCL_241,IGCB/03760/19-20,27-08-2019,77000,77000
L085,CMCL_241,IGCB/03761/19-20,27-08-2019,41000,41000
L085,CMCL_241,IGCB/03711/19-20,26-08-2019,77000,77000
L085,CMCL_241,IGCB/03722/19-20,26-08-2019,77000,77000
L085,CMCL_241,IGCB/03696/19-20,24-08-2019,92400,45633.5
S561,CMCL_241,IGCB/03849/19-20,29-08-2019,77000,77000
S561,CMCL_241,IGCB/03794/19-20,28-08-2019,77000,77000
S561,CMCL_241,IGCB/03813/19-20,28-08-2019,77000,77000
S561,CMCL_241,IGCB/03735/19-20,27-08-2019,77000,77000
S561,CMCL_241,IGCB/03754/19-20,27-08-2019,77000,43773
S588,CMCL_241,IGCB/03848/19-20,29-08-2019,77000,77000
S588,CMCL_241,IGCB/03788/19-20,28-08-2019,107800,107800
S588,CMCL_241,IGCB/03822/19-20,28-08-2019,77000,77000
S588,CMCL_241,IGCB/03728/19-20,27-08-2019,77000,77000
S588,CMCL_241,IGCB/03721/19-20,26-08-2019,77000,77000
S588,CMCL_241,IGCB/03702/19-20,24-08-2019,115500,115500
S588,CMCL_241,IGCB/03607/19-20,21-08-2019,115500,115500
S588,CMCL_241,IGCB/03550/19-20,20-08-2019,92400,92400
S588,CMCL_241,IGCB/03496/19-20,17-08-2019,80850,80850
S588,CMCL_241,IGCB/03439/19-20,16-08-2019,77000,77000
S588,CMCL_241,IGCB/03454/19-20,16-08-2019,77000,77000
S588,CMCL_241,IGCB/03380/19-20,14-08-2019,77000,77000
S588,CMCL_241,IGCB/03351/19-20,13-08-2019,77000,77000
S588,CMCL_241,IGCB/03242/19-20,08-08-2019,77000,68980
WBD066,CMCL_241,IGCB/03742/19-20,27-08-2019,77000,77000
WBD066,CMCL_241,IGCB/03617/19-20,22-08-2019,77000,60200
WBM224,CMCL_192,IDJG/00005/19-20,30-06-2019,309722,72252
B172,AEMP000799000100,ISFB/00469/19-20,29-08-2019,22500,22500
B172,AEMP000799000100,ISS2/00690/19-20,28-08-2019,22500,22500
B172,AEMP000799000100,ISS2/00707/19-20,28-08-2019,22500,22500
B172,AEMP000799000100,IGSL/03992/19-20,28-08-2019,22500,22500
B172,AEMP000799000100,IGBX/00476/19-20,28-08-2019,184800,184800
P037,1100145,IGFX/16595/20-EX,23-08-2019,209500,209500
P037,1100145,IGFX/16603/20-EX,23-08-2019,209500,209500
P037,1100145,IGFX/16334/20-EX,22-08-2019,209500,209500
P037,1100145,IGFX/16361/20-EX,22-08-2019,209500,209500
P037,1100145,IGFX/16172/20-EX,21-08-2019,209500,209500
P037,1100145,IGFX/16197/20-EX,21-08-2019,209500,209500
NEK063,1100564,IGBD/00512/19-20,19-08-2019,90000,46937
WBC022,AEMP000799000020,IDDS/01336/19-20,22-08-2019,107840,107800
BHL015,1101152,IGKV/00707/19-20,29-08-2019,134400,134400
BHL015,1101152,IGKV/00708/19-20,29-08-2019,62100,62040
BHM024,1101152,IGKV/00653/19-20,17-08-2019,142080,12937
BHM109,1101152,IGKV/00706/19-20,29-08-2019,191500,191500
BHM109,1101152,IGKV/00651/19-20,16-08-2019,95750,57409
BHM113,1101152,IGM2/00025/19-20,14-06-2019,39800,39800
BHM113,1101152,IGM2/00019/19-20,03-06-2019,39800,29595
BHN018,1101152,IGKV/00646/19-20,14-08-2019,168000,146536
BHR009,1100480,IDJB/00021/18-19,28-02-2019,25000,25000
BHR009,1100480,IDJB/00011/18-19,31-10-2018,25000,25000
BHR009,1100480,IDJB/00005/18-19,31-08-2018,60000,60000
BHR009,1100480,PCGB/03084/18-19,27-08-2018,304145,134145
WBG040,CMCL_088,IDJG/00029/18-19,28-02-2019,150778,150778
WBG040,CMCL_088,JGWK/00399/18-19,31-07-2018,19120,19120
WBG040,CMCL_088,JBWK/00278/17-18,19-02-2018,334023,15259
WBM015,CMCL_199,IDJG/00006/19-20,30-06-2019,364858,301765.38
WBN001,CMCL_199,IDJG/00029/18-19,28-02-2019,159945,108005
B101,1100766,IGFX/14945/20-EX,09-08-2019,156100,152200
NES161,1100766,ITGE/00123/20-EX,29-08-2019,26460,26460
NES161,1100766,ITGE/00106/20-EX,10-08-2019,26460,26460
NES161,1100766,ITGE/00105/20-EX,09-08-2019,26460,26460
NES161,1100766,ITGE/00103/20-EX,08-08-2019,26460,2920
D098,1101102,IGDS/01291/19-20,22-08-2019,370400,126903
BHI002,1101127,ISKV/00499/19-20,29-08-2019,161280,161280
BHI002,1101127,ISKV/00442/19-20,17-08-2019,161280,138030
BHM104,1101127,ISKV/00486/19-20,27-08-2019,190500,190500
BHM104,1101127,IGKS/00281/19-20,24-08-2019,56400,56400
BHM104,1101127,IGKS/00278/19-20,23-08-2019,28420,28420
BHM104,1101127,IGKS/00254/19-20,20-08-2019,56400,56400
BHM104,1101127,IGKS/00247/19-20,19-08-2019,52780,52780
BHM104,1101127,IGKS/00231/19-20,17-08-2019,64960,64960
BHM104,1101127,IGKS/00233/19-20,17-08-2019,56400,37245
S526,1101171,IGUV/00123/19-20,10-08-2019,103480,35627
NEJ071,1200178,ILCB/00591/19-20,24-08-2019,163400,163400
NEJ071,1200178,ILCB/00565/19-20,16-08-2019,163400,163400
NEJ071,1200178,ILCB/00522/19-20,04-08-2019,180600,37300
BHM106,1101127,ISKV/00474/19-20,22-08-2019,168520,110364
BHS047,1101127,JGPK/00026/19-20,14-05-2019,47025,47025
BHS047,1101127,IDKS/00040/19-20,05-04-2019,105300,105300
BHS047,1101127,JGPK/00355/18-19,31-03-2019,4700,4700
BHS047,1101127,JVBS/00023/2018-2019,31-03-2019,100000,18301.5
BHS149,1101127,IGKS/00267/19-20,21-08-2019,37600,37600
BHS149,1101127,IGKS/00268/19-20,21-08-2019,40600,40600
BHS149,1101127,IGKS/00249/19-20,20-08-2019,75200,75200
BHS149,1101127,IGKS/00221/19-20,16-08-2019,40600,40600
BHS149,1101127,ISKV/00437/19-20,16-08-2019,160860,160860
BHS149,1101127,ISKV/00385/19-20,06-08-2019,162960,43248
WBC014,CMCL_129,ISDL/00229/19-20,26-08-2019,73000,73000
WBC014,CMCL_129,ISDL/00231/19-20,26-08-2019,73000,4240
WBM214,AEMP000799000098,PCGW/03016/19-20,12-07-2019,92248,67248
WBM252,CMCL_129,ISDS/01531/19-20,28-08-2019,146000,146000
WBM252,CMCL_129,ISDS/01535/19-20,28-08-2019,146000,146000
WBM252,CMCL_129,ISDS/01536/19-20,28-08-2019,146000,146000
WBM252,CMCL_129,ISDS/01519/19-20,26-08-2019,146000,146000
WBM252,CMCL_129,ISDS/01500/19-20,25-08-2019,146000,146000
WBM252,CMCL_129,ISDS/01503/19-20,25-08-2019,14600,14600
WBM252,CMCL_129,ISDS/01504/19-20,25-08-2019,146000,146000
WBM252,CMCL_129,ISDS/01490/19-20,24-08-2019,146000,146000
WBM252,CMCL_129,ISDS/01495/19-20,24-08-2019,182500,122000
WBN029,CMCL_129,ISDL/00234/19-20,26-08-2019,73000,73000
WBN029,CMCL_129,ISDL/00192/19-20,17-08-2019,72000,72000
WBN029,CMCL_129,ISDL/00193/19-20,17-08-2019,73000,72551
NEG098,1101332,ILAT/05485/19-20,25-08-2019,40300,40300
NEG098,1101332,ILAT/05402/19-20,23-08-2019,80600,80600
NEG098,1101332,ILAT/04979/19-20,10-08-2019,80600,80600
NEG098,1101332,ILTM/00926/19-20,30-07-2019,123900,1935
NES335,1101332,ILAT/05591/19-20,28-08-2019,80600,80600
NES335,1101332,ILAT/05154/19-20,17-08-2019,83600,82045
NEG010,AEMP000592000337,IGDN/01969/19-20,28-08-2019,193160,193160
NEG010,AEMP000592000337,IGDN/01971/19-20,28-08-2019,307300,307300
NEG010,AEMP000592000337,IGDN/01972/19-20,28-08-2019,307300,307300
NEG010,AEMP000592000337,IGDN/01954/19-20,27-08-2019,307300,307300
NEG010,AEMP000592000337,IGDN/01955/19-20,27-08-2019,307300,307300
NEG010,AEMP000592000337,IGDN/01956/19-20,27-08-2019,307300,307300
NEG010,AEMP000592000337,IGDN/01957/19-20,27-08-2019,193160,193160
NEG010,AEMP000592000337,IGDN/01958/19-20,27-08-2019,307300,307300
NEG010,AEMP000592000337,IGDN/01959/19-20,27-08-2019,307300,307300
NEG010,AEMP000592000337,IGDN/01960/19-20,27-08-2019,307300,307300
NEG010,AEMP000592000337,IGDN/01961/19-20,27-08-2019,307300,307300
NEG010,AEMP000592000337,IGDN/01962/19-20,27-08-2019,307300,307300
NEG010,AEMP000592000337,IGDN/01944/19-20,26-08-2019,307300,307300
NEG010,AEMP000592000337,IGDN/01945/19-20,26-08-2019,307300,307300
NEG010,AEMP000592000337,IGDN/01946/19-20,26-08-2019,307300,307300
NEG010,AEMP000592000337,IGDN/01947/19-20,26-08-2019,307300,307300
NEG010,AEMP000592000337,IGDN/01948/19-20,26-08-2019,307300,307300
NEG010,AEMP000592000337,IGDN/01927/19-20,25-08-2019,307300,307300
NEG010,AEMP000592000337,IGDN/01928/19-20,25-08-2019,307300,307300
NEG010,AEMP000592000337,IGDN/01929/19-20,25-08-2019,307300,307300
NEG010,AEMP000592000337,IGDN/01930/19-20,25-08-2019,307300,307300
NEG010,AEMP000592000337,IGDN/01931/19-20,25-08-2019,307300,307300
NEG010,AEMP000592000337,IGDN/01932/19-20,25-08-2019,307300,307300
NEG010,AEMP000592000337,IGDN/01933/19-20,25-08-2019,307300,307300
NEG010,AEMP000592000337,IGDN/01934/19-20,25-08-2019,307300,307300
NEG010,AEMP000592000337,IGDN/01935/19-20,25-08-2019,307300,307300
NEG010,AEMP000592000337,IGDN/01936/19-20,25-08-2019,307300,307300
NEG010,AEMP000592000337,IGDN/01937/19-20,25-08-2019,307300,307300
NEG010,AEMP000592000337,IGDN/01938/19-20,25-08-2019,307300,307300
NEG010,AEMP000592000337,IGDN/01943/19-20,25-08-2019,307300,307300
NEG010,AEMP000592000337,IGDN/01916/19-20,24-08-2019,307300,307300
NEG010,AEMP000592000337,IGDN/01917/19-20,24-08-2019,307300,307300
NEG010,AEMP000592000337,IGDN/01918/19-20,24-08-2019,193160,193160
NEG010,AEMP000592000337,IGDN/01924/19-20,24-08-2019,307300,307300
NEG010,AEMP000592000337,IGDN/01784/19-20,13-08-2019,307300,307300
NEG010,AEMP000592000337,IGDN/01785/19-20,13-08-2019,307300,307300
NEG010,AEMP000592000337,IGDN/01786/19-20,13-08-2019,395100,395100
NEG010,AEMP000592000337,IGDN/01787/19-20,13-08-2019,307300,307300
NEG010,AEMP000592000337,IGDN/01788/19-20,13-08-2019,307300,307300
NEG010,AEMP000592000337,IGDN/01792/19-20,13-08-2019,193160,193160
NEG010,AEMP000592000337,IGDN/01793/19-20,13-08-2019,307300,307300
NEG010,AEMP000592000337,IGDN/01794/19-20,13-08-2019,307300,307300
NEG010,AEMP000592000337,IGDN/01795/19-20,13-08-2019,307300,307300
NEG010,AEMP000592000337,IGDN/01773/19-20,12-08-2019,307300,307300
NEG010,AEMP000592000337,IGDN/01774/19-20,12-08-2019,307300,307300
NEG010,AEMP000592000337,IGDN/01775/19-20,12-08-2019,307300,307300
NEG010,AEMP000592000337,IGDN/01776/19-20,12-08-2019,307300,307300
NEG010,AEMP000592000337,IGDN/01777/19-20,12-08-2019,193160,193160
NEG010,AEMP000592000337,IGDN/01778/19-20,12-08-2019,307300,307300
NEG010,AEMP000592000337,IGDN/01779/19-20,12-08-2019,307300,307300
NEG010,AEMP000592000337,IGDN/01780/19-20,12-08-2019,307300,307300
NEG010,AEMP000592000337,IGDN/01781/19-20,12-08-2019,307300,307300
NEG010,AEMP000592000337,IGDN/01782/19-20,12-08-2019,307300,307300
B190,CMCL_241,IGCB/03533/19-20,20-08-2019,77000,56806.5
B190,CMCL_241,IGCB/03846/19-20,29-08-2019,77000,77000
B190,CMCL_241,IGCB/03775/19-20,28-08-2019,77000,77000
B190,CMCL_241,IGCB/03807/19-20,28-08-2019,77000,77000
B190,CMCL_241,IGCB/03811/19-20,28-08-2019,77000,77000
B190,CMCL_241,IGCB/03812/19-20,28-08-2019,77000,77000
B190,CMCL_241,IGCB/03814/19-20,28-08-2019,77000,77000
B190,CMCL_241,IGCB/03815/19-20,28-08-2019,77000,77000
B190,CMCL_241,IGCB/03725/19-20,27-08-2019,77000,77000
B190,CMCL_241,IGCB/03730/19-20,27-08-2019,77000,77000
B190,CMCL_241,IGCB/03734/19-20,27-08-2019,77000,77000
B190,CMCL_241,IGCB/03741/19-20,27-08-2019,77000,77000
B190,CMCL_241,IGCB/03766/19-20,27-08-2019,77000,77000
B021,1100435,ILSL/03587/19-20,22-08-2019,43000,43000
B021,1100435,ILSL/03591/19-20,22-08-2019,21500,21500
B021,1100435,ILSL/03592/19-20,22-08-2019,30100,30100
B021,1100435,ILSL/03753/19-20,29-08-2019,30100,30100
B021,1100435,ILSL/03760/19-20,29-08-2019,21500,21500
B021,1100435,ILSL/03749/19-20,29-08-2019,43000,43000
B021,1100435,ILSL/03754/19-20,29-08-2019,21750,21750
B021,1100435,ILSL/03756/19-20,29-08-2019,43500,43500
B021,1100435,ILSL/03757/19-20,29-08-2019,21500,21500
B021,1100435,ILSL/03722/19-20,28-08-2019,30100,30100
B021,1100435,ILSL/03600/19-20,22-08-2019,21500,21500
B021,1100435,ILSL/03563/19-20,21-08-2019,43500,43500
B021,1100435,ILSL/03566/19-20,21-08-2019,21500,21500
B021,1100435,ILSL/03568/19-20,21-08-2019,12900,12900
B021,1100435,ILSL/03570/19-20,21-08-2019,21500,21500
B021,1100435,ILSL/03571/19-20,21-08-2019,21500,21500
B021,1100435,ILSL/03575/19-20,21-08-2019,21500,21500
B021,1100435,ILSL/03550/19-20,20-08-2019,21500,21500
B021,1100435,ILSL/03554/19-20,20-08-2019,21750,21750
B021,1100435,ILSL/03557/19-20,20-08-2019,12900,12900
B021,1100435,ILSL/03527/19-20,20-08-2019,21750,21750
B021,1100435,ILSL/03528/19-20,20-08-2019,21750,21750
B021,1100435,ILSL/03530/19-20,20-08-2019,21750,21750
B021,1100435,ILSL/03537/19-20,20-08-2019,43000,43000
B021,1100435,ILSL/03539/19-20,20-08-2019,21500,21500
B021,1100435,ILSL/03540/19-20,20-08-2019,30100,30100
B021,1100435,ILSL/03542/19-20,20-08-2019,21500,21500
B021,1100435,ILSL/03544/19-20,20-08-2019,34400,34400
B021,1100435,ILKL/01016/19-20,20-08-2019,200100,114870
B021,1100435,ILSL/03599/19-20,22-08-2019,21500,21500
D163,AEMP000799000094,JGWK/00110/19-20,30-04-2019,9400,9400
D163,AEMP000799000094,JGWK/01201/18-19,31-03-2019,13000,13000
D163,AEMP000799000094,IDC2/00508/18-19,31-03-2019,31900,31900
D163,AEMP000799000094,IDC2/00509/18-19,31-03-2019,31900,31900
D163,AEMP000799000094,IDDS/03152/18-19,31-03-2019,102400,102400
D163,AEMP000799000094,IDDS/03155/18-19,31-03-2019,134400,134400
D163,AEMP000799000094,IDDS/03167/18-19,31-03-2019,102400,73948
NEA034,1100435,ILSL/03632/19-20,25-08-2019,43500,43500
NEA034,1100435,ILSL/03270/19-20,07-08-2019,43500,43500
NEA034,1100435,ILSL/03271/19-20,07-08-2019,43500,43500
NEA034,1100435,ILSL/03249/19-20,06-08-2019,43500,43500
NEA034,1100435,ILSL/03250/19-20,06-08-2019,43500,43500
NEM196,1100795,IGSB/00381/20-EX,20-08-2019,13080,11370
P182,1100387,IGBG/00265/17-18,13-03-2018,8376,8376
P182,1100387,IGBG/00264/17-18,13-03-2018,40392,40392
P182,1100387,IGBG/00260/17-18,10-03-2018,14309,14309
P182,1100387,IGBG/00261/17-18,10-03-2018,38041,38041
P182,1100387,JGPK/00231/17-18,16-02-2018,5900,5900
P182,1100387,JGPK/00193/17-18,31-01-2018,7000,7000
P182,1100387,JGPK/00186/17-18,31-12-2017,3900,3900
S060,1100795,IGFX/17485/20-EX,29-08-2019,176400,176400
S060,1100795,IGFX/17282/20-EX,28-08-2019,308700,308700
S060,1100795,IGFX/16914/20-EX,26-08-2019,352800,352800
S060,1100795,IGFX/16935/20-EX,26-08-2019,194040,194040
S060,1100795,IGFX/16842/20-EX,25-08-2019,61740,61740
S060,1100795,IGFX/16381/20-EX,22-08-2019,352800,352800
S060,1100795,IGFX/16241/20-EX,21-08-2019,194040,194040
S060,1100795,IGFX/16271/20-EX,21-08-2019,352800,352800
S060,1100795,IGFX/16089/20-EX,20-08-2019,352800,352800
S060,1100795,IGFX/15779/20-EX,18-08-2019,352800,352800
S060,1100795,IGFX/15813/20-EX,18-08-2019,352800,352800
S060,1100795,IGFX/15678/20-EX,17-08-2019,194040,194040
S060,1100795,IGFX/15681/20-EX,17-08-2019,194040,194040
S060,1100795,IGFX/15526/20-EX,15-08-2019,352800,352800
S060,1100795,IGFX/15362/20-EX,14-08-2019,176400,176400
S060,1100795,IGSB/00369/20-EX,14-08-2019,13080,13080
S060,1100795,IGFX/15174/20-EX,11-08-2019,352800,352800
S060,1100795,IGFX/15001/20-EX,10-08-2019,105840,105840
S060,1100795,IGFX/15008/20-EX,10-08-2019,88200,62742
WBD074,CMCL_241,IGCB/03770/19-20,27-08-2019,92400,68940
WBM241,CMCL_241,IGCB/03743/19-20,27-08-2019,77000,77000
WBM241,CMCL_241,IGCB/03577/19-20,20-08-2019,92400,87628
WBN008,CMCL_192,IDB1/00181/19-20,28-08-2019,32500,32500
WBN008,CMCL_192,IDB1/00173/19-20,22-08-2019,52000,47064.75
WBN054,CMCL_192,JDWK/00116/19-20,30-06-2019,103000,3716.32
WBS212,CMCL_192,IDJG/00005/19-20,30-06-2019,122176.9,38273.1
BHC008,AEMP000799000122,IGH2/00079/19-20,29-08-2019,46320,46320
BHC008,AEMP000799000122,IGH2/00077/19-20,12-08-2019,46920,44849
NEM148,1101309,ILVG/00176/19-20,27-07-2019,199800,197280
B224,AEMP000799000367,JGWK/00956/17-18,31-03-2018,34402,34402
B224,AEMP000799000367,JDWK/00377/17-18,21-02-2018,36960,36960
B224,AEMP000799000367,JSWK/00045/17-18,01-07-2017,277470,170598
R230,AEMP000799000367,ISDS/01557/19-20,29-08-2019,157500,157500
R230,AEMP000799000367,ISDS/01429/19-20,17-08-2019,157500,157235
S570,AEMP000799000367,JVKS/05998/2016-2017,31-03-2017,323420,172545
WBH040,AEMP000799000367,IDJG/00009/19-20,30-06-2019,945,945
WBH040,AEMP000799000367,IDJG/00040/18-19,31-03-2019,50000,50000
WBH040,AEMP000799000367,ISDS/02325/18-19,11-12-2018,108800,36450
WBR094,AEMP000799000367,PCGW/03292/19-20,25-07-2019,77777,72777
R114,CMCL_205,IGS2/02677/19-20,21-08-2019,11250,11250
R114,CMCL_205,IGS2/02678/19-20,21-08-2019,11250,11250
R114,CMCL_205,IGS2/02632/19-20,20-08-2019,46875,46875
R114,CMCL_205,IGSL/03674/19-20,20-08-2019,11250,11250
R114,CMCL_205,IGSL/03586/19-20,19-08-2019,22500,22500
R114,CMCL_205,IGSL/03599/19-20,19-08-2019,22500,22500
R114,CMCL_205,IGSL/03629/19-20,19-08-2019,154000,154000
R114,CMCL_205,IGFB/01017/19-20,19-08-2019,15000,15000
R114,CMCL_205,IGFB/01022/19-20,19-08-2019,15000,15000
R114,CMCL_205,IGFB/01027/19-20,19-08-2019,22500,22500
R114,CMCL_205,IGFB/01028/19-20,19-08-2019,22500,22500
R114,CMCL_205,ISS2/00619/19-20,19-08-2019,46875,46875
R114,CMCL_205,ISS2/00621/19-20,19-08-2019,45000,45000
C091,CMCL_129,ISDL/00051/17-18,05-10-2017,136800,136800
C091,CMCL_129,ISDL/00046/17-18,04-10-2017,69400,69400
C091,CMCL_129,ISDL/00047/17-18,04-10-2017,69400,69400
C091,CMCL_129,IGDK/00113/17-18,25-09-2017,104100,104100
C091,CMCL_129,IGDK/00114/17-18,25-09-2017,104100,104100
C091,CMCL_129,IGDK/00115/17-18,25-09-2017,104100,104100
C091,CMCL_129,IGDK/00105/17-18,23-09-2017,69400,69400
C091,CMCL_129,IGDK/00106/17-18,23-09-2017,104100,104100
C091,CMCL_129,IGDK/00107/17-18,23-09-2017,69400,69400
C091,CMCL_129,IGDK/00108/17-18,23-09-2017,34700,34700
C091,CMCL_129,IGDK/00109/17-18,23-09-2017,34700,34700
C091,CMCL_129,IGDK/00110/17-18,23-09-2017,69400,69400
C091,CMCL_129,IGDK/00094/17-18,21-09-2017,69400,69400
C091,CMCL_129,IGDK/00095/17-18,21-09-2017,69400,69400
C091,CMCL_129,IGDK/00096/17-18,21-09-2017,34700,34700
C091,CMCL_129,IGDK/00097/17-18,21-09-2017,34700,34700
C091,CMCL_129,IGDK/00065/17-18,14-09-2017,69400,69400
C091,CMCL_129,IGDK/00066/17-18,14-09-2017,37200,37200
C091,CMCL_129,IGDK/00068/17-18,14-09-2017,37200,37200
C091,CMCL_129,IGDK/00069/17-18,14-09-2017,69400,69400
C091,CMCL_129,IGDK/00063/17-18,13-09-2017,104100,104100
C091,CMCL_129,IGDK/00056/17-18,12-09-2017,69400,69400
C091,CMCL_129,IGDK/00057/17-18,12-09-2017,69400,69400
NEN103,1101047,ILCB/00541/19-20,09-08-2019,176400,176400
NEN103,1101047,ILCB/00478/19-20,24-07-2019,176400,46978
T033,1101047,ILCB/00590/19-20,23-08-2019,212500,178475.5
WBH035,CMCL_129,ISDS/01523/19-20,27-08-2019,146000,146000
WBH035,CMCL_129,ISDS/01513/19-20,26-08-2019,146000,18847
WBM180,AEMP000799000098,IDDS/01389/19-20,29-08-2019,68200,68200
WBM180,AEMP000799000098,IDDS/01390/19-20,29-08-2019,40920,40420
WBS216,1100791,IDRG/00616/19-20,28-08-2019,80400,80400
WBS216,1100791,IDDS/01294/19-20,19-08-2019,109760,109760
WBS216,1100791,IDRG/00578/19-20,16-08-2019,40200,40200
WBS216,1100791,IDRG/00579/19-20,16-08-2019,46900,46900
WBS216,1100791,IDRG/00560/19-20,07-08-2019,40800,40800
WBS216,1100791,IDRG/00559/19-20,07-08-2019,47600,47600
WBS216,1100791,IDDS/01200/19-20,05-08-2019,111360,111360
WBS216,1100791,JGWK/00324/19-20,31-07-2019,43240,43240
WBS216,1100791,IDRG/00530/19-20,29-07-2019,47600,47600
WBS216,1100791,IDDS/01132/19-20,29-07-2019,55680,54293
R144,1101332,ILAT/05513/19-20,26-08-2019,80600,59365
WBB016,CMCL_192,JGWK/00322/19-20,31-07-2019,4000,4000
WBB016,CMCL_192,IDB1/00142/19-20,20-07-2019,68000,64000
WBB101,CMCL_192,PCGW/03022/19-20,12-07-2019,6310,6310
WBB109,CMCL_192,IDJG/00005/19-20,30-06-2019,103169,389
WBR054,CMCL_241,IGCB/03789/19-20,28-08-2019,92400,92400
WBR054,CMCL_241,IGCB/03824/19-20,28-08-2019,92400,92400
WBR054,CMCL_241,IGCB/03748/19-20,27-08-2019,92400,92400
WBR054,CMCL_241,IGCB/03528/19-20,20-08-2019,77000,77000
WBR054,CMCL_241,IGCB/03525/19-20,20-08-2019,92400,61446.5
M181,AEMP000799000100,IGSL/03932/19-20,26-08-2019,37500,37500
M181,AEMP000799000100,IGS2/02765/19-20,26-08-2019,37500,37500
M181,AEMP000799000100,IGS2/02741/19-20,24-08-2019,45000,45000
M181,AEMP000799000100,IGS2/02742/19-20,24-08-2019,22500,22500
M181,AEMP000799000100,IGS2/02761/19-20,24-08-2019,1875,1875
M181,AEMP000799000100,IGSL/03865/19-20,24-08-2019,30000,30000
M181,AEMP000799000100,IGSL/03866/19-20,24-08-2019,45000,45000
M181,AEMP000799000100,IGSL/03870/19-20,24-08-2019,11250,11250
M181,AEMP000799000100,IGSL/03871/19-20,24-08-2019,12750,12750
M181,AEMP000799000100,IGS2/02724/19-20,23-08-2019,22500,22500
M181,AEMP000799000100,IGS2/02730/19-20,23-08-2019,37500,37500
M181,AEMP000799000100,IGS2/02736/19-20,23-08-2019,30000,30000
M181,AEMP000799000100,IGSL/03792/19-20,23-08-2019,15750,15750
M181,AEMP000799000100,IGSL/03806/19-20,23-08-2019,33750,33750
M181,AEMP000799000100,IGSL/03765/19-20,22-08-2019,22500,22500
M181,AEMP000799000100,IGSL/03723/19-20,21-08-2019,15750,15750
M181,AEMP000799000100,IGS2/02673/19-20,21-08-2019,22500,22500
M181,AEMP000799000100,IGS2/02680/19-20,21-08-2019,22500,22500
M181,AEMP000799000100,IGS2/02630/19-20,20-08-2019,22500,22500
M181,AEMP000799000100,IGS2/02652/19-20,20-08-2019,3750,3750
M181,AEMP000799000100,IGSL/03648/19-20,20-08-2019,30000,30000
M181,AEMP000799000100,IGSL/03657/19-20,20-08-2019,37500,37500
M181,AEMP000799000100,IGSL/03679/19-20,20-08-2019,30000,30000
M181,AEMP000799000100,IGSL/03620/19-20,19-08-2019,15750,15750
M181,AEMP000799000100,IGS2/02615/19-20,19-08-2019,37500,37500
M181,AEMP000799000100,IGS2/02616/19-20,19-08-2019,22500,22500
M181,AEMP000799000100,IGS2/02614/19-20,17-08-2019,37500,37500
M181,AEMP000799000100,IGSL/03580/19-20,17-08-2019,33750,33750
M181,AEMP000799000100,ISS2/00579/19-20,16-08-2019,22500,22500
M181,AEMP000799000100,ISS2/00578/19-20,14-08-2019,18750,18750
M181,AEMP000799000100,IGSL/03490/19-20,14-08-2019,22500,22500
M181,AEMP000799000100,IGSL/03481/19-20,13-08-2019,26250,26250
M181,AEMP000799000100,IGS2/02566/19-20,13-08-2019,30000,30000
M181,AEMP000799000100,IGS2/02549/19-20,12-08-2019,18750,18750
M181,AEMP000799000100,IGS2/02550/19-20,12-08-2019,18750,18750
M181,AEMP000799000100,IGSL/03430/19-20,12-08-2019,22500,22500
M181,AEMP000799000100,IGS2/02529/19-20,10-08-2019,45000,45000
M181,AEMP000799000100,ISS2/00561/19-20,10-08-2019,22500,22500
M181,AEMP000799000100,ISS2/00564/19-20,10-08-2019,26250,26250
S365,AEMP000799000367,IGML/00061/17-18,26-07-2017,34700,34700
S365,AEMP000799000367,ISDS/00168/17-18,25-07-2017,111360,111360
S365,AEMP000799000367,IGML/00040/17-18,15-07-2017,71400,71400
S365,AEMP000799000367,IGML/00041/17-18,15-07-2017,37200,37200
S365,AEMP000799000367,IGML/00007/17-18,06-07-2017,35700,35700
S365,AEMP000799000367,IGML/00008/17-18,06-07-2017,104100,104100
S365,AEMP000799000367,JSWK/00045/17-18,01-07-2017,1608342.5,1608342.5
S365,AEMP000799000367,SAGML/00414/2017-2018,30-06-2017,102200,102200
S365,AEMP000799000367,SAGML/00405/2017-2018,29-06-2017,73000,73000
S365,AEMP000799000367,SAGML/00406/2017-2018,29-06-2017,109500,109500
S365,AEMP000799000367,SAGML/00408/2017-2018,29-06-2017,62400,62400
WBJ046,CMCL_129,ISDL/00215/19-20,22-08-2019,73000,73000
WBJ046,CMCL_129,ISDL/00178/19-20,14-08-2019,73000,73000
WBJ046,CMCL_129,ISDL/00102/19-20,03-08-2019,38000,38000
WBJ046,CMCL_129,IGDK/00108/19-20,03-08-2019,40500,10409
WBR049,AEMP000799000098,IDDS/01323/19-20,21-08-2019,68200,68200
WBR049,AEMP000799000098,IDDS/01324/19-20,21-08-2019,40920,40920
WBR049,AEMP000799000098,JGWK/00324/19-20,31-07-2019,12800,20.1
WBS181,CMCL_129,ISDL/00255/19-20,29-08-2019,73000,73000
WBS181,CMCL_129,ISDL/00250/19-20,28-08-2019,73000,73000
WBS181,CMCL_129,ISDL/00189/19-20,17-08-2019,73000,73000
WBS181,CMCL_129,ISDL/00190/19-20,17-08-2019,73000,30916
NEG108,1101332,ILTM/01097/19-20,27-08-2019,41300,41300
NEG108,1101332,ILTM/01057/19-20,22-08-2019,41300,39420
BHM093,1100387,CMBSU/00496/2016-2017,21-03-2017,60000,12881
D025,CMCL_241,IGCB/03828/19-20,29-08-2019,77000,77000
D025,CMCL_241,IGCB/03829/19-20,29-08-2019,77000,66326.5
NEH065,1100795,IGFX/17484/20-EX,29-08-2019,132300,132300
S457,1100795,IGFX/16843/20-EX,25-08-2019,308700,307027
WBN046,CMCL_241,IGCB/03716/19-20,26-08-2019,77000,77000
WBN046,CMCL_241,IGCB/03693/19-20,24-08-2019,77000,77000
WBN046,CMCL_241,IGCB/03661/19-20,23-08-2019,77000,77000
WBN046,CMCL_241,IGCB/03616/19-20,22-08-2019,77000,77000
WBN046,CMCL_241,IGCB/03619/19-20,22-08-2019,77000,44278.46
J047,1101309,ILVG/00219/19-20,23-08-2019,106000,106000
J047,1101309,ILVG/00220/19-20,23-08-2019,159000,159000
J047,1101309,ILVG/00215/19-20,22-08-2019,190800,190800
M241,AEMP000799000100,IGSL/04030/19-20,29-08-2019,24375,24375
M241,AEMP000799000100,IGSL/04039/19-20,29-08-2019,24375,24375
M241,AEMP000799000100,IGSL/03972/19-20,27-08-2019,161700,156609.5
WBP070,AEMP000799000100,IGSL/04004/19-20,28-08-2019,130900,120700
WBK005,AEMP000799000367,JVKS/05998/2016-2017,31-03-2017,441748,333121
WBK014,AEMP000799000367,ISDS/01180/17-18,21-11-2017,144900,144900
WBK014,AEMP000799000367,ISDS/01098/17-18,07-11-2017,77000,2792
WBK014,AEMP000799000367,JGWK/00401/18-19,31-07-2018,75120,75120
WBK014,AEMP000799000367,JGWK/00958/17-18,31-03-2018,69167,69167
WBK014,AEMP000799000367,ISDS/01260/17-18,30-11-2017,110400,110400
WBK014,AEMP000799000367,ISDS/01261/17-18,30-11-2017,35500,35500
WBS193,AEMP000799000367,JGWK/00644/17-18,16-02-2018,1200,1200
WBS193,AEMP000799000367,ISML/00082/17-18,10-11-2017,34900,34900
WBS193,AEMP000799000367,ISML/00081/17-18,09-11-2017,34900,34900
WBS193,AEMP000799000367,IGML/00010/17-18,08-07-2017,34700,34700
WBS193,AEMP000799000367,IGML/00001/17-18,05-07-2017,34700,34700
WBS193,AEMP000799000367,IGML/00002/17-18,05-07-2017,35700,35700
WBS193,AEMP000799000367,JSWK/00020/17-18,01-07-2017,35000,35000
WBS193,AEMP000799000367,JSWK/00021/17-18,01-07-2017,20000,20000
WBS193,AEMP000799000367,JSWK/00045/17-18,01-07-2017,72940,72940
WBS193,AEMP000799000367,SAGML/00378/2017-2018,23-06-2017,36500,36500
WBS193,AEMP000799000367,CMMDU/00013/2017-2018,17-06-2017,100000,100000
WBS193,AEMP000799000367,SAGML/00371/2017-2018,17-06-2017,36500,24549
WBT036,AEMP000799000100,IGSL/03705/19-20,21-08-2019,26250,26250
WBT036,AEMP000799000100,IGSL/03725/19-20,21-08-2019,22500,22500
WBT036,AEMP000799000100,IGSL/03646/19-20,20-08-2019,22500,22500
WBT036,AEMP000799000100,IGSL/03669/19-20,20-08-2019,22500,22500
WBT036,AEMP000799000100,IGSL/03672/19-20,20-08-2019,154000,154000
WBT036,AEMP000799000100,IGS2/02625/19-20,20-08-2019,60000,60000
WBT036,AEMP000799000100,IGS2/02626/19-20,20-08-2019,16875,16875
WBT036,AEMP000799000100,IGS2/02627/19-20,20-08-2019,45000,45000
WBT036,AEMP000799000100,IGS2/02629/19-20,20-08-2019,48750,48750
WBT036,AEMP000799000100,IGS2/02631/19-20,20-08-2019,52500,52500
WBT036,AEMP000799000100,IGS2/02635/19-20,20-08-2019,45000,45000
WBT036,AEMP000799000100,IGS2/02636/19-20,20-08-2019,22500,22500
WBT036,AEMP000799000100,IGS2/02637/19-20,20-08-2019,11625,11625
WBT036,AEMP000799000100,IGS2/02638/19-20,20-08-2019,16875,16875
WBT036,AEMP000799000100,IGS2/02639/19-20,20-08-2019,26250,26250
WBT036,AEMP000799000100,IGS2/02640/19-20,20-08-2019,48750,48750
WBT036,AEMP000799000100,IGS2/02642/19-20,20-08-2019,11250,11250
WBT036,AEMP000799000100,IGS2/02648/19-20,20-08-2019,46875,46875
WBT036,AEMP000799000100,IGS2/02649/19-20,20-08-2019,11250,11250
WBT036,AEMP000799000100,IGS2/02651/19-20,20-08-2019,18750,18750
WBT036,AEMP000799000100,IGS2/02655/19-20,20-08-2019,48750,48750
WBT036,AEMP000799000100,IGS2/02656/19-20,20-08-2019,37500,37500
WBT036,AEMP000799000100,IGS2/02657/19-20,20-08-2019,60000,60000
BHB014,1100387,PCGW/05494/18-19,08-11-2018,111850,61850
WBG071,CMCL_241,IGBX/00444/19-20,02-08-2019,192500,181135
WBS043,CMCL_192,IDB1/00174/19-20,26-08-2019,71500,71500
WBS043,CMCL_192,IDB1/00175/19-20,26-08-2019,65000,65000
WBS043,CMCL_192,IDB1/00176/19-20,26-08-2019,104000,104000
WBS043,CMCL_192,JDWK/00178/19-20,24-08-2019,264809,218880
WBS160,CMCL_192,IDB1/00182/19-20,29-08-2019,52000,48900
WBT036,AEMP000799000100,IGS2/02658/19-20,20-08-2019,19500,19500
WBT036,AEMP000799000100,IGS2/02659/19-20,20-08-2019,48750,39249
NEK123,1101064,IGLE/03822/20-EX,29-08-2019,28630,28630
NEK123,1101064,IGLE/03789/20-EX,28-08-2019,28630,28630
NEK123,1101064,IGLE/03805/20-EX,28-08-2019,28630,28630
NEK123,1101064,IGLE/03811/20-EX,28-08-2019,24540,24540
NEK123,1101064,IGRR/00870/20-EX,28-08-2019,28630,28630
NEK123,1101064,IGRR/00872/20-EX,28-08-2019,28630,28630
NEK123,1101064,IGLE/03767/20-EX,27-08-2019,28630,28630
NEK123,1101064,IGLE/03773/20-EX,27-08-2019,24540,24540
NEK123,1101064,IGLE/03785/20-EX,27-08-2019,40900,40900
NEK123,1101064,IGCE/01058/20-EX,26-08-2019,28630,28630
NEK123,1101064,IGLE/03751/20-EX,26-08-2019,40900,40900
NEK123,1101064,IGLE/03754/20-EX,26-08-2019,28630,28630
NEK123,1101064,IGLE/03755/20-EX,26-08-2019,40900,40900
NEK123,1101064,IGLE/03756/20-EX,26-08-2019,40900,40900
NEK123,1101064,IGLE/03759/20-EX,26-08-2019,24540,24540
NEK123,1101064,IGRR/00847/20-EX,26-08-2019,24540,24540
NEK123,1101064,IGLE/03732/20-EX,25-08-2019,28630,28630
NEK123,1101064,IGFX/16722/20-EX,24-08-2019,166800,166800
NEK123,1101064,IGLE/03701/20-EX,24-08-2019,28630,28630
C005,1100435,ILBD/02229/19-20,29-08-2019,43500,43500
C005,1100435,ILBD/02234/19-20,29-08-2019,43500,43500
C005,1100435,ILBD/02236/19-20,29-08-2019,21750,21750
C005,1100435,ILSL/03747/19-20,29-08-2019,43500,43500
C005,1100435,ILSL/03750/19-20,29-08-2019,21500,21500
C005,1100435,ILSL/03710/19-20,28-08-2019,43500,43500
C005,1100435,ILSL/03719/19-20,28-08-2019,21500,21500
C005,1100435,ILSL/03725/19-20,28-08-2019,21750,21750
C005,1100435,ILSL/03726/19-20,28-08-2019,21750,21750
C005,1100435,ILSL/03733/19-20,28-08-2019,21500,21500
C005,1100435,ILBD/02216/19-20,28-08-2019,21750,21750
C005,1100435,ILKL/01065/19-20,28-08-2019,108750,108750
C005,1100435,ILKL/01058/19-20,27-08-2019,87000,87000
C005,1100435,ILKL/01061/19-20,27-08-2019,191400,191400
C005,1100435,ILSL/03682/19-20,27-08-2019,21750,21750
C005,1100435,ILSL/03683/19-20,27-08-2019,21750,21750
C005,1100435,ILSL/03660/19-20,26-08-2019,21500,21500
C005,1100435,ILSL/03664/19-20,26-08-2019,25800,25800
C005,1100435,ILSL/03667/19-20,26-08-2019,21750,21750
C005,1100435,ILSL/03668/19-20,26-08-2019,21750,21750
C005,1100435,ILSL/03674/19-20,26-08-2019,25800,25800
C005,1100435,ILBD/02180/19-20,26-08-2019,21750,21750
C005,1100435,ILBD/02168/19-20,24-08-2019,43500,43500
C005,1100435,ILSL/03623/19-20,24-08-2019,21500,21500
C005,1100435,ILSL/03607/19-20,23-08-2019,21500,21500
C005,1100435,ILBD/02154/19-20,23-08-2019,43500,43500
C005,1100435,ILSL/03588/19-20,22-08-2019,21750,21750
C005,1100435,ILSL/03589/19-20,22-08-2019,21500,21500
C125,AEMP000799000094,JGWK/01201/18-19,31-03-2019,5900,5900
C125,AEMP000799000094,IDDS/02264/18-19,08-01-2019,135030,103425
NEJ050,1100435,ILSL/03748/19-20,29-08-2019,43500,43500
NEJ050,1100435,ILSL/03755/19-20,29-08-2019,43500,43500
NEJ050,1100435,ILSL/03742/19-20,28-08-2019,104400,104400
NEJ050,1100435,ILSL/03685/19-20,27-08-2019,43500,43500
NEJ050,1100435,ILSL/03696/19-20,27-08-2019,21750,21750
NEJ050,1100435,ILSL/03697/19-20,27-08-2019,21750,21750
NEJ050,1100435,ILSL/03457/19-20,16-08-2019,43500,43500
NEJ050,1100435,ILSL/03351/19-20,09-08-2019,43500,43500
NEJ050,1100435,ILSL/03243/19-20,06-08-2019,43500,43500
NEJ050,1100435,ILSL/03185/19-20,03-08-2019,43500,43500
NEA150,1101310,ILVG/00218/19-20,22-08-2019,175780,172450
NEJ087,1101058,ILAI/00298/19-20,26-08-2019,18280,18280
NEJ087,1101058,ILAI/00279/19-20,21-08-2019,18280,18280
NEJ087,1101058,ILAI/00260/19-20,13-08-2019,13710,13710
NEJ087,1101058,ILAI/00217/19-20,05-08-2019,18280,18280
NEJ087,1101058,ILAI/00218/19-20,05-08-2019,27420,27420
NER045,1101309,ILVG/00229/19-20,29-08-2019,190800,190800
NER045,1101309,ILVG/00225/19-20,27-08-2019,180200,180200
NER045,1101309,ILVG/00223/19-20,24-08-2019,180200,145875
A007,1101245,IGFX/17373/20-EX,29-08-2019,125700,125700
A007,1101245,IGFX/17231/20-EX,28-08-2019,125700,125700
A007,1101245,IGFX/17052/20-EX,27-08-2019,125700,118288
B172,AEMP000799000100,IGBX/00478/19-20,28-08-2019,231000,231000
B172,AEMP000799000100,IGSL/03944/19-20,27-08-2019,22500,22500
B172,AEMP000799000100,IGSL/03953/19-20,27-08-2019,22500,22500
B172,AEMP000799000100,ISFB/00449/19-20,27-08-2019,22500,22500
B172,AEMP000799000100,ISS2/00678/19-20,27-08-2019,22500,22500
B172,AEMP000799000100,IGSL/03893/19-20,26-08-2019,22500,22500
B172,AEMP000799000100,IGSL/03895/19-20,26-08-2019,45000,45000
B172,AEMP000799000100,IGSL/03917/19-20,26-08-2019,22500,22500
B172,AEMP000799000100,IGSL/03935/19-20,26-08-2019,22500,22500
B172,AEMP000799000100,ISFB/00440/19-20,24-08-2019,22500,22500
B172,AEMP000799000100,IGSL/03711/19-20,21-08-2019,123200,123200
B172,AEMP000799000100,IGSL/03722/19-20,21-08-2019,123200,123200
B172,AEMP000799000100,IGSL/03677/19-20,20-08-2019,22500,22500
B172,AEMP000799000100,IGS2/02633/19-20,20-08-2019,22500,22500
B172,AEMP000799000100,IGSL/03612/19-20,19-08-2019,22500,22500
B172,AEMP000799000100,IGSL/03613/19-20,19-08-2019,22500,22500
B172,AEMP000799000100,IGSL/03625/19-20,19-08-2019,22500,22500
B172,AEMP000799000100,IGSL/03641/19-20,19-08-2019,22500,22500
B172,AEMP000799000100,IGSL/03584/19-20,17-08-2019,22500,22500
B172,AEMP000799000100,IGSL/03508/19-20,16-08-2019,24000,24000
B172,AEMP000799000100,IGSL/03523/19-20,16-08-2019,24000,24000
B172,AEMP000799000100,IGSL/03534/19-20,16-08-2019,130900,130900
B172,AEMP000799000100,IGSL/03544/19-20,16-08-2019,24000,24000
B172,AEMP000799000100,IGSL/03545/19-20,16-08-2019,24000,24000
B172,AEMP000799000100,IGSL/03460/19-20,13-08-2019,22500,22500
B172,AEMP000799000100,IGSL/03473/19-20,13-08-2019,22500,22500
B172,AEMP000799000100,IGS2/02558/19-20,13-08-2019,22500,22500
B172,AEMP000799000100,IGSL/03423/19-20,12-08-2019,45000,45000
B172,AEMP000799000100,IGSL/03415/19-20,10-08-2019,123200,123200
B172,AEMP000799000100,IGS2/02524/19-20,10-08-2019,22500,22500
B172,AEMP000799000100,IGSL/03373/19-20,09-08-2019,112500,112500
B172,AEMP000799000100,IGSL/03379/19-20,09-08-2019,15000,15000
B172,AEMP000799000100,IGFB/00966/19-20,08-08-2019,22500,22500
B172,AEMP000799000100,IGSL/03226/19-20,05-08-2019,22500,22500
B172,AEMP000799000100,IGSL/03117/19-20,01-08-2019,22500,22500
B172,AEMP000799000100,IGSL/03071/19-20,31-07-2019,154000,106828
BHS103,AEMP000799000122,IGKV/00705/19-20,28-08-2019,160020,160020
BHS103,AEMP000799000122,IGKV/00696/19-20,25-08-2019,160020,130855
L043,1101309,ILVG/00207/19-20,20-08-2019,194940,194940
WBM030,CMCL_088,PCGW/01313/18-19,24-05-2018,159093,159093
D105,AEMP000799000367,JGWK/00644/17-18,16-02-2018,3600,3600
D105,AEMP000799000367,IGML/00173/17-18,20-11-2017,103200,103200
D105,AEMP000799000367,ISML/00098/17-18,18-11-2017,92536,92536
D105,AEMP000799000367,ISML/00043/17-18,10-10-2017,34200,34200
D105,AEMP000799000367,ISML/00021/17-18,26-09-2017,34200,34200
D105,AEMP000799000367,IGML/00142/17-18,16-09-2017,34200,34200
D105,AEMP000799000367,IGML/00132/17-18,08-09-2017,34200,34200
D105,AEMP000799000367,IGML/00117/17-18,31-08-2017,34200,34200
D105,AEMP000799000367,IGML/00076/17-18,01-08-2017,34700,34700
BHG031,AEMP000799000122,IGKV/00617/19-20,07-08-2019,193500,193500
BHG031,AEMP000799000122,JGPK/00083/19-20,31-07-2019,64200,3210
BHP034,AEMP000799000122,JGPK/00083/19-20,31-07-2019,6000,6000
BHP034,AEMP000799000122,IGH2/00070/19-20,18-07-2019,57150,57150
BHP034,AEMP000799000122,IGH2/00064/19-20,03-07-2019,19550,19550
BHP034,AEMP000799000122,JGPK/00059/19-20,30-06-2019,3000,3000
BHP034,AEMP000799000122,IGH2/00060/19-20,27-06-2019,39100,21151
NEZ008,1101309,ILAI/00149/19-20,10-07-2019,99626,93420
WBK050,CMCL_088,JGWK/00323/19-20,31-07-2019,3200,3200
WBK050,CMCL_088,IDDS/00908/19-20,09-07-2019,57920,28385
NEB077,1101268,IGFX/17498/20-EX,29-08-2019,84000,84000
NEB077,1101268,IGFX/17499/20-EX,29-08-2019,84000,84000
NEB077,1101268,IGFX/17038/20-EX,27-08-2019,84000,84000
NEB077,1101268,IGFX/17039/20-EX,27-08-2019,84000,84000
NEB077,1101268,IGFX/16571/20-EX,23-08-2019,84000,84000
NEB077,1101268,IGFX/16572/20-EX,23-08-2019,84000,84000
NEB077,1101268,IGFX/16258/20-EX,21-08-2019,84000,25451
WBH025,AEMP000799000367,JSWK/00045/17-18,01-07-2017,205637,127686
WBR005,AEMP000799000367,ISDS/01462/19-20,21-08-2019,75000,75000
WBR005,AEMP000799000367,ISDS/01463/19-20,21-08-2019,80300,80300
WBR005,AEMP000799000367,ISDS/01361/19-20,31-07-2019,124800,60803.25
WBS044,AEMP000799000367,ISML/00248/19-20,24-08-2019,106500,106500
WBS044,AEMP000799000367,ISML/00244/19-20,20-08-2019,69000,69000
WBS044,AEMP000799000367,ISML/00245/19-20,20-08-2019,56800,56800
WBS044,AEMP000799000367,ISML/00246/19-20,20-08-2019,113600,113600
WBS044,AEMP000799000367,ISML/00234/19-20,17-08-2019,71000,71000
WBS044,AEMP000799000367,ISML/00235/19-20,17-08-2019,34500,34500
WBS044,AEMP000799000367,ISML/00236/19-20,17-08-2019,35500,35500
WBS044,AEMP000799000367,ISML/00228/19-20,10-08-2019,36000,36000
WBS044,AEMP000799000367,ISML/00229/19-20,10-08-2019,74000,74000
WBS044,AEMP000799000367,ISML/00220/19-20,07-08-2019,118400,118400
WBS044,AEMP000799000367,ISML/00216/19-20,06-08-2019,36000,36000
WBS044,AEMP000799000367,ISML/00217/19-20,06-08-2019,74000,74000
WBS044,AEMP000799000367,ISML/00210/19-20,05-08-2019,118400,118400
WBS044,AEMP000799000367,ISML/00201/19-20,01-08-2019,148000,79992.25
NET110,1101176,ILSL/03695/19-20,27-08-2019,43500,42250
S038,1100435,ILSL/03713/19-20,28-08-2019,43500,43500
S038,1100435,ILSL/03734/19-20,28-08-2019,21750,21750
S038,1100435,ILSL/03740/19-20,28-08-2019,21750,21750
S038,1100435,ILBD/02190/19-20,26-08-2019,43500,43500
S038,1100435,ILSL/03672/19-20,26-08-2019,45000,45000
S038,1100435,ILSL/03677/19-20,26-08-2019,43500,43500
S038,1100435,ILSL/03626/19-20,24-08-2019,21750,21750
S038,1100435,ILSL/03559/19-20,21-08-2019,43500,43500
S038,1100435,ILSL/03562/19-20,21-08-2019,43500,43500
S038,1100435,ILSL/03569/19-20,21-08-2019,47850,47850
S038,1100435,ILSL/03580/19-20,21-08-2019,45000,5275
F014,1200125,IGFX/17097/20-EX,27-08-2019,217000,217000
F014,1200125,IGFX/16232/20-EX,21-08-2019,217000,215980
J054,1101255,IGFX/16045/20-EX,20-08-2019,125700,119899
NER107,1101255,IGFX/17134/20-EX,27-08-2019,117320,117320
A244,1101171,JGPK/00018/19-20,14-05-2019,16920,16920
A244,1101171,JGPK/00354/18-19,31-03-2019,1200,1200
A244,1101171,IGUV/00227/18-19,22-03-2019,94380,93526
WBD051,1100616,IDKH/00284/19-20,14-08-2019,19500,19500
WBD051,1100616,IDKH/00285/19-20,14-08-2019,78000,68945
R210,AEMP000799000098,IDJG/00004/19-20,30-06-2019,20000,20000
R210,AEMP000799000098,IDJG/00036/18-19,31-03-2019,148800,148800
R210,AEMP000799000098,JGWK/01202/18-19,31-03-2019,1200,1200
R210,AEMP000799000098,IDJG/00028/18-19,28-02-2019,141068,141068
R210,AEMP000799000098,IDJG/00016/18-19,31-10-2018,11700,11700
R210,AEMP000799000098,IDJG/00008/18-19,30-09-2018,400200,52787
WBM206,AEMP000799000098,IDJG/00036/18-19,31-03-2019,45000,45000
WBM206,AEMP000799000098,IDJG/00028/18-19,28-02-2019,140787,140787
WBM206,AEMP000799000098,IDJG/00008/18-19,30-09-2018,478000,356868
NED113,1101332,ILTM/00967/19-20,05-08-2019,99120,99120
NED113,1101332,ILTM/00925/19-20,30-07-2019,82600,39128
NEG106,1101046,ILTM/01115/19-20,29-08-2019,209100,207010
NEJ078,1101332,ILTM/01059/19-20,22-08-2019,41300,32450
BHK019,1100387,IGKV/00657/19-20,18-08-2019,192750,189146
R132,CMCL_241,IGCB/03826/19-20,29-08-2019,115500,115500
R132,CMCL_241,IGCB/03827/19-20,29-08-2019,77000,77000
R132,CMCL_241,IGCB/03839/19-20,29-08-2019,77000,77000
R132,CMCL_241,IGCB/03838/19-20,29-08-2019,77000,77000
R132,CMCL_241,IGCB/03837/19-20,29-08-2019,77000,77000
R132,CMCL_241,IGCB/03786/19-20,28-08-2019,77000,77000
R132,CMCL_241,IGCB/03802/19-20,28-08-2019,77000,77000
R132,CMCL_241,IGCB/03803/19-20,28-08-2019,77000,77000
R132,CMCL_241,IGCB/03805/19-20,28-08-2019,77000,77000
R132,CMCL_241,IGCB/03749/19-20,27-08-2019,77000,77000
R132,CMCL_241,IGCB/03762/19-20,27-08-2019,77000,77000
R132,CMCL_241,IGCB/03726/19-20,27-08-2019,77000,77000
R132,CMCL_241,IGCB/03751/19-20,27-08-2019,77000,77000
R132,CMCL_241,IGCB/03750/19-20,27-08-2019,115500,115500
R132,CMCL_241,IGCB/03724/19-20,27-08-2019,77000,77000
R132,CMCL_241,IGCB/03708/19-20,26-08-2019,77000,77000
R132,CMCL_241,IGCB/03710/19-20,26-08-2019,77000,77000
R132,CMCL_241,IGCB/03682/19-20,24-08-2019,77000,77000
R132,CMCL_241,IGCB/03686/19-20,24-08-2019,77000,77000
R132,CMCL_241,IGCB/03662/19-20,23-08-2019,77000,77000
R132,CMCL_241,IGCB/03667/19-20,23-08-2019,77000,77000
R132,CMCL_241,IGCB/03674/19-20,23-08-2019,77000,77000
R132,CMCL_241,IGCB/03670/19-20,23-08-2019,77000,77000
R132,CMCL_241,IGCB/03623/19-20,22-08-2019,77000,77000
R132,CMCL_241,IGCB/03625/19-20,22-08-2019,77000,77000
R132,CMCL_241,IGCB/03629/19-20,22-08-2019,77000,77000
R132,CMCL_241,IGCB/03586/19-20,21-08-2019,77000,77000
R132,CMCL_241,IGCB/03598/19-20,21-08-2019,77000,77000
R132,CMCL_241,IGCB/03613/19-20,21-08-2019,77000,77000
R132,CMCL_241,IGCB/03588/19-20,21-08-2019,77000,77000
R132,CMCL_241,IGCB/03564/19-20,20-08-2019,77000,77000
R132,CMCL_241,IGCB/03563/19-20,20-08-2019,77000,77000
R132,CMCL_241,IGCB/03554/19-20,20-08-2019,77000,77000
D120,CMCL_129,ISDL/00248/19-20,28-08-2019,73000,73000
D120,CMCL_129,ISDL/00242/19-20,27-08-2019,73000,73000
D120,CMCL_129,ISDL/00243/19-20,27-08-2019,73000,73000
D120,CMCL_129,ISDL/00228/19-20,26-08-2019,73000,73000
D120,CMCL_129,ISDL/00230/19-20,26-08-2019,73000,44604
NED004,1101047,ILCB/00601/19-20,26-08-2019,109200,109200
NED004,1101047,ILCB/00582/19-20,21-08-2019,92400,85800
WBH036,AEMP000799000098,PCGW/03021/19-20,12-07-2019,131490,131490
WBJ008,1100791,PCGW/05022/18-19,16-10-2018,734429,734429
WBR095,CMCL_129,ISDL/00257/19-20,29-08-2019,73000,73000
WBR095,CMCL_129,ISDL/00258/19-20,29-08-2019,73000,73000
WBR095,CMCL_129,ISDL/00236/19-20,26-08-2019,73000,73000
WBR095,CMCL_129,ISDL/00237/19-20,26-08-2019,73000,73000
WBR095,CMCL_129,ISDS/01494/19-20,24-08-2019,146000,146000
WBR095,CMCL_129,ISDL/00216/19-20,22-08-2019,73000,42427
WBR097,CMCL_129,JSWK/00100/19-20,30-06-2019,847550,208181
A174,1100387,IGBG/00051/19-20,23-08-2019,26670,26670
A174,1100387,IGBG/00052/19-20,23-08-2019,30480,30480
A174,1100387,IGBG/00050/19-20,19-08-2019,57150,57150
A174,1100387,IGBG/00049/19-20,10-08-2019,38600,38600
A174,1100387,IGBG/00047/19-20,30-07-2019,30880,30880
A174,1100387,IGBG/00042/19-20,29-07-2019,50180,50180
A174,1100387,IGBG/00043/19-20,29-07-2019,48250,41138
BHC012,1100387,IGKV/00482/19-20,30-06-2019,168210,159810
NEH057,1100795,IGSB/00213/20-EX,18-06-2019,69760,69760
NEH057,1100795,IGSB/00209/20-EX,17-06-2019,17440,17440
NEH057,1100795,IGFX/09337/20-EX,16-06-2019,372800,259442
WBM043,CMCL_192,IDDS/00537/19-20,03-06-2019,153720,147420
A170,1101310,ILVG/00197/19-20,16-08-2019,170680,161860
BHA034,AEMP000799000122,JGPK/00249/18-19,18-12-2018,636152,636152
F001,1101309,ILVG/00211/19-20,21-08-2019,159000,159000
F001,1101309,ILVG/00212/19-20,21-08-2019,31800,31800
F001,1101309,ILVG/00191/19-20,13-08-2019,190800,158800
NEM146,1101309,ILVG/00203/19-20,18-08-2019,190800,68890
R157,AEMP000799000100,IGSL/03185/19-20,03-08-2019,154000,53000
WBK031,AEMP000799000100,IGBX/00480/19-20,28-08-2019,192500,192500
WBK031,AEMP000799000100,IGBX/00471/19-20,27-08-2019,192500,192500
WBK031,AEMP000799000100,IGSL/03850/19-20,24-08-2019,22500,22500
WBK031,AEMP000799000100,IGSL/03698/19-20,21-08-2019,22500,7606.5
WBM226,AEMP000799000100,IGBX/00469/19-20,27-08-2019,123200,123200
WBM226,AEMP000799000100,ISDS/01508/19-20,26-08-2019,154000,154000
WBM226,AEMP000799000100,IGSL/03654/19-20,20-08-2019,154000,6403
WBM243,AEMP000799000367,ISDS/01450/19-20,19-08-2019,36500,36500
WBM243,AEMP000799000367,ISDS/01451/19-20,19-08-2019,120000,120000
WBM243,AEMP000799000367,ISML/00218/19-20,07-08-2019,59200,59200
WBM243,AEMP000799000367,ISML/00219/19-20,07-08-2019,59200,17905
C027,1101082,IGFX/17404/20-EX,29-08-2019,356800,356800
C027,1101082,IGFX/17435/20-EX,29-08-2019,356800,356800
C027,1101082,IGFX/17514/20-EX,29-08-2019,312200,312200
C027,1101082,IGFX/17123/20-EX,27-08-2019,133800,133800
T072,1101332,ILAT/05630/19-20,29-08-2019,40300,40300
T072,1101332,ILAT/05579/19-20,28-08-2019,80600,80600
T072,1101332,ILAT/05564/19-20,27-08-2019,120900,120900
T072,1101332,ILAT/05562/19-20,27-08-2019,80600,80600
T072,1101332,ILAT/05567/19-20,27-08-2019,41800,41800
T072,1101332,ILAT/05467/19-20,25-08-2019,40300,40300
T072,1101332,ILAT/05494/19-20,25-08-2019,40300,40300
T072,1101332,ILAT/05444/19-20,24-08-2019,40300,40300
T072,1101332,ILAT/05456/19-20,24-08-2019,80600,80600
T072,1101332,ILAT/05394/19-20,23-08-2019,80600,80600
T072,1101332,ILAT/05354/19-20,22-08-2019,104500,104500
T072,1101332,ILAT/05355/19-20,22-08-2019,60450,60450
T072,1101332,ILAT/05360/19-20,22-08-2019,161200,43447
M212,CMCL_241,IGCB/03840/19-20,29-08-2019,77000,77000
M212,CMCL_241,IGCB/03843/19-20,29-08-2019,77000,77000
M212,CMCL_241,IGCB/03774/19-20,28-08-2019,77000,77000
M212,CMCL_241,IGCB/03752/19-20,27-08-2019,77000,77000
M212,CMCL_241,IGBX/00464/19-20,25-08-2019,169400,169400
M212,CMCL_241,IGCB/03700/19-20,24-08-2019,77000,77000
M212,CMCL_241,IGCB/03637/19-20,22-08-2019,77000,77000
M212,CMCL_241,IGCB/03645/19-20,22-08-2019,77000,19200
M317,1100387,IGKV/00550/19-20,22-07-2019,196000,196000
M317,1100387,IGKV/00493/19-20,04-07-2019,200250,200250
M317,1100387,IGKV/00475/19-20,29-06-2019,215250,185203
M419,1100387,IGKV/00426/19-20,20-06-2019,200250,175483
WBD049,CMCL_241,IGCB/03707/19-20,26-08-2019,115500,115500
WBD049,CMCL_241,IGCB/03596/19-20,21-08-2019,77000,77000
WBD049,CMCL_241,IGCB/03466/19-20,17-08-2019,115500,91099
WBM236,CMCL_192,IDJG/00005/19-20,30-06-2019,108320,74000
WBR076,CMCL_192,IDJG/00005/19-20,30-06-2019,30702,30702
WBR076,CMCL_192,SDDW/00080/18-19,29-03-2019,550,550
WBR076,CMCL_192,SDDW/00220/18-19,29-03-2019,450,450
WBR076,CMCL_192,JGWK/01078/18-19,28-02-2019,3520,3520
WBR076,CMCL_192,IDB1/01033/18-19,27-02-2019,6300,6300
WBR076,CMCL_192,IDB1/01006/18-19,22-02-2019,27900,27900
WBR076,CMCL_192,IDB1/00948/18-19,09-02-2019,34100,34100
WBR076,CMCL_192,IDB1/00895/18-19,31-01-2019,34100,1898
NEB115,1101310,ILVG/00192/19-20,14-08-2019,177970,168260
V003,1101058,ILVG/00183/19-20,11-08-2019,204600,204600
V003,1101058,ILVG/00184/19-20,11-08-2019,27900,27900
WBB112,AEMP000799000367,ISML/00199/19-20,27-07-2019,74000,74000
WBB112,AEMP000799000367,ISML/00182/19-20,19-07-2019,88800,88800
WBB112,AEMP000799000367,ISDS/01200/19-20,01-07-2019,126400,110467
WBM122,AEMP000799000367,SAGML/00131/2017-2018,27-04-2017,93600,93600
WBM122,AEMP000799000367,SAGML/00039/2017-2018,13-04-2017,110400,98882
WBM144,AEMP000799000367,PCGW/03305/19-20,24-07-2019,163264,143263.99
WBR100,AEMP000799000367,JSWK/00181/18-19,31-08-2018,600,600
WBR100,AEMP000799000367,IGML/00385/18-19,03-08-2018,21660,21660
WBR100,AEMP000799000367,IGML/00386/18-19,03-08-2018,56160,56160
WBR100,AEMP000799000367,JSWK/00146/18-19,31-07-2018,7160,7160
WBR100,AEMP000799000367,IGML/00312/18-19,14-07-2018,115520,39565
C105,AEMP000799000094,JGWK/00249/18-19,01-07-2018,33600,33600
WBK030,CMCL_129,JSWK/00103/19-20,30-06-2019,173000,70631
WBR090,AEMP000799000098,PCGW/05742/18-19,20-11-2018,1128220,1128220
NEP046,1100790,IGFX/17085/20-EX,27-08-2019,126900,126900
NEP046,1100790,IGFX/16345/20-EX,22-08-2019,126900,126900
NEP046,1100790,IGFX/16027/20-EX,20-08-2019,126900,35136
B266,1100387,IDJB/00015/18-19,31-12-2018,10000,10000
B266,1100387,PCGW/05496/18-19,08-11-2018,49350,14350.5
BHG018,1100387,BGPK/00149/19-20,13-08-2019,648180,0.5
L013,1100795,IGFX/17362/20-EX,29-08-2019,176400,176400
L013,1100795,IGFX/17244/20-EX,28-08-2019,194040,194040
L013,1100795,IGSB/00394/20-EX,27-08-2019,17440,17440
L013,1100795,IGFX/16841/20-EX,25-08-2019,132300,132300
L013,1100795,IGFX/16700/20-EX,24-08-2019,176400,176400
L013,1100795,IGFX/16786/20-EX,24-08-2019,176400,73569
NEB144,1100795,IGFX/16796/20-EX,24-08-2019,176400,160300
WBH019,CMCL_241,IGCB/03797/19-20,28-08-2019,77000,77000
WBH019,CMCL_241,IGCB/03731/19-20,27-08-2019,77000,77000
WBH019,CMCL_241,IGCB/03763/19-20,27-08-2019,77000,77000
WBH019,CMCL_241,IGCB/03703/19-20,26-08-2019,77000,77000
WBH019,CMCL_241,IGCB/03694/19-20,24-08-2019,77000,77000
WBH019,CMCL_241,IGCB/03639/19-20,22-08-2019,77000,77000
WBH019,CMCL_241,IGCB/03640/19-20,22-08-2019,16400,16400
WBH019,CMCL_241,IGCB/03643/19-20,22-08-2019,77000,77000
WBH019,CMCL_241,IGCB/03644/19-20,22-08-2019,77000,77000
WBH019,CMCL_241,IGCB/03506/19-20,17-08-2019,77000,77000
WBH019,CMCL_241,IGCB/03507/19-20,17-08-2019,77000,77000
WBH019,CMCL_241,IGCB/03508/19-20,17-08-2019,77000,77000
WBH019,CMCL_241,IGCB/03363/19-20,13-08-2019,77000,77000
WBH019,CMCL_241,IGCB/03310/19-20,10-08-2019,77000,77000
WBH019,CMCL_241,IGCB/03325/19-20,10-08-2019,77000,77000
WBH019,CMCL_241,IGCB/03256/19-20,08-08-2019,77000,77000
WBH019,CMCL_241,IGCB/03210/19-20,07-08-2019,77000,77000
WBH019,CMCL_241,IGCB/03217/19-20,07-08-2019,77000,77000
WBH019,CMCL_241,IGCB/03223/19-20,07-08-2019,77000,77000
WBH019,CMCL_241,IGCB/03224/19-20,07-08-2019,16400,16400
WBH019,CMCL_241,IGCB/03229/19-20,07-08-2019,77000,77000
WBH019,CMCL_241,IGCB/03161/19-20,05-08-2019,77000,11568
WBM098,CMCL_241,IGCB/03778/19-20,28-08-2019,77000,77000
WBM098,CMCL_241,IGCB/03782/19-20,28-08-2019,77000,77000
WBM098,CMCL_241,IGCB/03796/19-20,28-08-2019,115500,115500
WBM098,CMCL_241,IGCB/03765/19-20,27-08-2019,79000,79000
WBM098,CMCL_241,IGCB/03771/19-20,27-08-2019,77000,77000
WBM098,CMCL_241,IGCB/03772/19-20,27-08-2019,77000,77000
WBM098,CMCL_241,IGCB/03773/19-20,27-08-2019,79400,77047
WBM202,CMCL_192,JGWK/00323/19-20,31-07-2019,3000,3000
WBM202,CMCL_192,IDB1/00145/19-20,22-07-2019,51000,47969.5
WBR107,CMCL_241,IGCB/03806/19-20,28-08-2019,77000,77000
WBR107,CMCL_241,IGCB/03821/19-20,28-08-2019,77000,71800
WBS256,CMCL_192,IDJG/00005/19-20,30-06-2019,20880,20880
WBS256,CMCL_192,JGWK/00216/19-20,30-06-2019,3200,3200
NEG009,1101047,ILCB/00544/19-20,09-08-2019,58800,58800
NEG009,1101047,ILCB/00530/19-20,06-08-2019,109200,109111
S507,1100791,PCGW/05828/18-19,23-11-2018,141683,141683
WBS188,AEMP000799000098,IDJG/00004/19-20,30-06-2019,20000,20000
WBS188,AEMP000799000098,IDJG/00036/18-19,31-03-2019,20000,20000
WBS188,AEMP000799000098,IDJG/00028/18-19,28-02-2019,156338,116104
NEA175,1100739,IGFX/17287/20-EX,28-08-2019,126900,109793
NEK062,1100790,IGFX/17280/20-EX,28-08-2019,126900,126900
NEK062,1100790,IGFX/16755/20-EX,24-08-2019,126900,126900
NEK062,1100790,JGAG/00952/19-20,22-08-2019,63733,63733
NEK062,1100790,IGFX/16043/20-EX,20-08-2019,126900,58118.75
NEM216,1101332,ILAT/05565/19-20,27-08-2019,20150,20150
NEM216,1101332,ILAT/05252/19-20,20-08-2019,60450,60450
NEM216,1101332,ILAT/05088/19-20,14-08-2019,20150,13612
BHN008,1100387,PCGW/05493/18-19,08-11-2018,54590,54590
NEC055,1100795,IGFX/16386/20-EX,22-08-2019,352800,352800
NEC055,1100795,IGFX/15364/20-EX,14-08-2019,352800,352800
NEC055,1100795,IGFX/14906/20-EX,09-08-2019,308700,148210
B012,1101116,IGDE/02283/20-EX,28-08-2019,24255,24255
B012,1101116,IGDE/02286/20-EX,28-08-2019,24255,24255
B012,1101116,IGDE/02298/20-EX,28-08-2019,24255,24255
B012,1101116,IGDE/02299/20-EX,28-08-2019,24255,24255
B012,1101116,IGDE/02272/20-EX,27-08-2019,26460,26460
B012,1101116,IGDE/02264/20-EX,26-08-2019,13230,13230
B012,1101116,IGDE/02246/20-EX,24-08-2019,13230,13230
B012,1101116,IGDE/02247/20-EX,24-08-2019,13230,13230
B012,1101116,IGDE/02155/20-EX,18-08-2019,22050,7144
D164,1100702,IGFX/17224/20-EX,27-08-2019,128100,128100
D164,1100702,IGFX/16535/20-EX,23-08-2019,153720,151320
NEB043,1100435,ILSL/03678/19-20,26-08-2019,43500,43500
NEB043,1100435,ILSL/03601/19-20,22-08-2019,21750,21750
NEB043,1100435,ILKL/01023/19-20,21-08-2019,200100,200100
NEB043,1100435,ILSL/03522/19-20,19-08-2019,21750,21750
NEB043,1100435,ILSL/03480/19-20,17-08-2019,21750,21750
NEB043,1100435,ILKL/01002/19-20,16-08-2019,200100,89103
WBM115,AEMP000799000096,IDDS/01306/19-20,19-08-2019,53920,53920
WBR007,AEMP000799000096,IDDS/01233/19-20,08-08-2019,112640,112640
WBR007,AEMP000799000096,IDDS/01206/19-20,05-08-2019,70400,70400
WBR007,AEMP000799000096,IDDS/01207/19-20,05-08-2019,42240,42240
WBR007,AEMP000799000096,JGWK/00324/19-20,31-07-2019,14720,14720
WBR007,AEMP000799000096,IDDS/01139/19-20,29-07-2019,70400,70400
WBR007,AEMP000799000096,IDDS/01140/19-20,29-07-2019,42240,36960
A131,1101245,IGFX/16785/20-EX,24-08-2019,125700,125700
A131,1101245,IGFX/16000/20-EX,20-08-2019,125700,125700
A131,1101245,IGFX/15317/20-EX,13-08-2019,125700,125209
K171,1100145,IGFX/17494/20-EX,29-08-2019,209500,209500
K171,1100145,IGFX/16178/20-EX,21-08-2019,209500,199800
NEG052,1100145,IGFX/16774/20-EX,24-08-2019,209500,209500
NEG052,1100145,IGFX/15852/20-EX,18-08-2019,209500,197745.89
P080,1101245,IGFX/17241/20-EX,28-08-2019,125700,125700
R114,CMCL_205,ISS2/00623/19-20,19-08-2019,43125,43125
R114,CMCL_205,IGFB/01003/19-20,17-08-2019,22500,22500
R114,CMCL_205,IGFB/01005/19-20,17-08-2019,22500,22500
R114,CMCL_205,IGFB/01011/19-20,17-08-2019,22500,22500
R114,CMCL_205,ISFB/00424/19-20,17-08-2019,22500,22500
R114,CMCL_205,IGSL/03528/19-20,16-08-2019,77000,77000
R114,CMCL_205,IGSL/03530/19-20,16-08-2019,154000,154000
R114,CMCL_205,IGSL/03536/19-20,16-08-2019,77000,77000
R114,CMCL_205,IGSL/03548/19-20,16-08-2019,77000,77000
R114,CMCL_205,ISS2/00581/19-20,16-08-2019,22500,22500
R114,CMCL_205,ISS2/00584/19-20,16-08-2019,22500,22500
R114,CMCL_205,IGSL/03505/19-20,14-08-2019,154000,154000
R114,CMCL_205,IGFB/00993/19-20,14-08-2019,22500,22500
R114,CMCL_205,IGFB/00994/19-20,14-08-2019,37500,37500
R114,CMCL_205,IGFB/00995/19-20,14-08-2019,22500,22500
R114,CMCL_205,IGSL/03468/19-20,13-08-2019,154000,154000
R114,CMCL_205,IGSL/03483/19-20,13-08-2019,123000,123000
R114,CMCL_205,IGSL/03484/19-20,13-08-2019,154000,154000
R114,CMCL_205,ISFB/00415/19-20,13-08-2019,22500,22500
R114,CMCL_205,ISFB/00416/19-20,13-08-2019,22500,22500
R114,CMCL_205,ISFB/00417/19-20,13-08-2019,22500,22500
R114,CMCL_205,IGSL/03409/19-20,10-08-2019,37500,37500
R114,CMCL_205,IGSL/03412/19-20,10-08-2019,138600,138600
R114,CMCL_205,IGSL/03414/19-20,10-08-2019,154000,154000
R114,CMCL_205,IGSL/03416/19-20,10-08-2019,154000,154000
R114,CMCL_205,IGFB/00983/19-20,10-08-2019,22500,22500
R114,CMCL_205,IGFB/00985/19-20,10-08-2019,15000,15000
R114,CMCL_205,IGFB/00987/19-20,10-08-2019,22500,22500
R114,CMCL_205,IGSL/03372/19-20,09-08-2019,22500,22500
R114,CMCL_205,IGSL/03386/19-20,09-08-2019,192500,192500
R114,CMCL_205,IGSL/03343/19-20,08-08-2019,22500,22500
R114,CMCL_205,IGSL/03354/19-20,08-08-2019,22500,22500
R114,CMCL_205,IGS2/02520/19-20,08-08-2019,16875,16875
R114,CMCL_205,IGFB/00967/19-20,08-08-2019,15000,15000
R114,CMCL_205,ISFB/00385/19-20,08-08-2019,22500,22500
R114,CMCL_205,ISFB/00387/19-20,08-08-2019,15000,15000
R114,CMCL_205,ISFB/00388/19-20,08-08-2019,7500,7500
R114,CMCL_205,ISFB/00390/19-20,08-08-2019,22500,22500
R114,CMCL_205,ISFB/00391/19-20,08-08-2019,22500,22500
R114,CMCL_205,ISFB/00393/19-20,08-08-2019,22500,22500
R114,CMCL_205,ISS2/00522/19-20,08-08-2019,22500,22500
D028,1100702,IGFX/15065/20-EX,10-08-2019,162260,161735
L029,1100702,IGFX/16938/20-EX,26-08-2019,170800,170800
L029,1100702,IGFX/16937/20-EX,26-08-2019,170800,170800
L029,1100702,IGFX/16500/20-EX,23-08-2019,153720,153720
L029,1100702,IGFX/16335/20-EX,22-08-2019,341600,97133
NEB024,1101116,IGDE/02303/20-EX,29-08-2019,22050,22050
NEB024,1101116,IGDE/02306/20-EX,29-08-2019,22050,22050
NEB024,1101116,IGDE/02276/20-EX,28-08-2019,22050,22050
NEB024,1101116,IGDE/02267/20-EX,27-08-2019,22050,22050
D162,CMCL_241,IGCB/03395/19-20,14-08-2019,77000,77000
D162,CMCL_241,IGCB/03367/19-20,13-08-2019,77000,77000
D162,CMCL_241,IGCB/03258/19-20,08-08-2019,77000,42015
G134,1100387,IDJB/00001/19-20,30-06-2019,46292.5,46292.5
G134,1100387,PCGB/00665/19-20,04-05-2019,120000,13775
NES193,1100795,IGSB/00399/20-EX,29-08-2019,13080,13080
NES193,1100795,IGSB/00396/20-EX,27-08-2019,13080,13080
NES193,1100795,IGFX/16924/20-EX,26-08-2019,92200,92200
NES193,1100795,IGFX/16925/20-EX,26-08-2019,105840,105840
NES193,1100795,IGSB/00392/20-EX,26-08-2019,13080,13080
NES193,1100795,IGSB/00390/20-EX,24-08-2019,13080,13080
NES193,1100795,IGSB/00387/20-EX,22-08-2019,21800,21800
NES193,1100795,IGSB/00383/20-EX,21-08-2019,30520,30520
NES193,1100795,IGSB/00380/20-EX,20-08-2019,13080,13080
NES193,1100795,IGSB/00382/20-EX,20-08-2019,13080,3221
BHS171,AEMP000799000122,IGKV/00699/19-20,27-08-2019,190500,96820
D127,1101311,ILVG/00208/19-20,20-08-2019,186000,186000
D127,1101311,ILAI/00269/19-20,19-08-2019,45700,45700
D127,1101311,ILAI/00235/19-20,06-08-2019,45700,45700
NEJ009,1101268,IGFX/17324/20-EX,28-08-2019,168000,168000
NEJ009,1101268,IGFX/16969/20-EX,26-08-2019,168000,168000
NEJ009,1101268,IGFX/16970/20-EX,26-08-2019,168000,168000
NEJ009,1101268,IGFX/16980/20-EX,26-08-2019,166800,166800
NEJ009,1101268,IGFX/16723/20-EX,24-08-2019,84000,84000
NEJ009,1101268,IGFX/16724/20-EX,24-08-2019,88000,88000
NEJ009,1101268,IGFX/16399/20-EX,22-08-2019,166800,166800
NEJ009,1101268,IGFX/16087/20-EX,20-08-2019,168000,168000
NEJ009,1101268,IGFX/16101/20-EX,20-08-2019,168000,168000
NEJ009,1101268,IGFX/15720/20-EX,17-08-2019,168000,168000
NEJ009,1101268,IGFX/15591/20-EX,16-08-2019,166800,166800
NEJ009,1101268,IGFX/15383/20-EX,14-08-2019,168000,109854
A082,1101116,IGDE/02233/20-EX,24-08-2019,26460,26460
A082,1101116,IGDE/02229/20-EX,23-08-2019,13230,13230
A082,1101116,IGDE/02230/20-EX,23-08-2019,13230,13230
A082,1101116,IGDE/02199/20-EX,22-08-2019,17640,17640
A082,1101116,IGDE/02188/20-EX,21-08-2019,13230,13230
A082,1101116,IGDE/02189/20-EX,21-08-2019,13230,13230
A082,1101116,IGFX/16211/20-EX,21-08-2019,312200,102848
A144,1100702,IGFX/17508/20-EX,29-08-2019,153720,153720
A144,1100702,IGFX/16853/20-EX,25-08-2019,170800,170800
A144,1100702,IGFX/16617/20-EX,23-08-2019,170800,124785
N066,STARNE051,IGFX/17428/20-EX,29-08-2019,170800,170800
N066,STARNE051,IGFX/16747/20-EX,24-08-2019,149450,149450
N066,STARNE051,IGFX/16794/20-EX,24-08-2019,170800,170800
N066,STARNE051,IGFX/16605/20-EX,23-08-2019,170800,170800
N066,STARNE051,IGFX/16451/20-EX,22-08-2019,170800,170800
N066,STARNE051,IGFX/16098/20-EX,20-08-2019,149450,149450
N066,STARNE051,IGFX/15787/20-EX,18-08-2019,170800,170800
N066,STARNE051,IGFX/15087/20-EX,10-08-2019,170800,170800
N066,STARNE051,IGFX/14954/20-EX,09-08-2019,170800,170800
N066,STARNE051,IGFX/14573/20-EX,07-08-2019,149450,66990
NEA226,1101116,IGDE/02265/20-EX,27-08-2019,26460,26460
K063,1100794,IGFX/14074/20-EX,02-08-2019,130800,298
NEB042,1100794,IGFX/17151/20-EX,27-08-2019,348800,348800
NEB042,1100794,IGFX/16590/20-EX,23-08-2019,348800,348800
NEB042,1100794,IGFX/16599/20-EX,23-08-2019,348800,277132
WBK044,CMCL_191,ID2B/00106/19-20,22-08-2019,65000,65000
WBK044,CMCL_191,ID2B/00104/19-20,21-08-2019,26000,26000
WBK044,CMCL_191,ID2B/00105/19-20,21-08-2019,78000,78000
WBK044,CMCL_191,ID2B/00102/19-20,19-08-2019,52000,52000
WBK044,CMCL_191,ID2B/00103/19-20,19-08-2019,52000,52000
WBK044,CMCL_191,ID2B/00100/19-20,05-08-2019,68000,68000
NEC057,1101058,ILVG/00206/19-20,20-08-2019,186000,186000
NEC057,1101058,ILVG/00210/19-20,20-08-2019,186000,182320
NEM133,1101311,ILAI/00307/19-20,28-08-2019,18280,18280
NEM133,1101311,ILAI/00308/19-20,28-08-2019,22850,22850
NEM133,1101311,ILAI/00309/19-20,28-08-2019,22850,22850
NEM133,1101311,ILAI/00303/19-20,27-08-2019,22850,22850
NEM133,1101311,ILAI/00304/19-20,27-08-2019,22850,22850
NEM133,1101311,ILAI/00305/19-20,27-08-2019,18280,18280
NEM133,1101311,ILVG/00226/19-20,27-08-2019,190800,190800
NEM133,1101311,ILAI/00299/19-20,26-08-2019,22850,22850
NEM133,1101311,ILAI/00300/19-20,26-08-2019,20565,20565
NEM133,1101311,ILAI/00301/19-20,26-08-2019,18280,18280
NEM133,1101311,ILAI/00296/19-20,24-08-2019,24221,24221
NEM133,1101311,ILAI/00297/19-20,24-08-2019,18280,18280
NEM133,1101311,ILVG/00221/19-20,24-08-2019,163840,163840
R132,CMCL_241,IGCB/03535/19-20,20-08-2019,77000,77000
R132,CMCL_241,IGCB/03523/19-20,20-08-2019,77000,77000
R132,CMCL_241,IGCB/03516/19-20,20-08-2019,77000,77000
R132,CMCL_241,IGCB/03529/19-20,20-08-2019,77000,77000
R132,CMCL_241,IGCB/03558/19-20,20-08-2019,92400,92400
R132,CMCL_241,IGCB/03560/19-20,20-08-2019,77000,77000
R132,CMCL_241,IGBX/00457/19-20,20-08-2019,169400,169400
R132,CMCL_241,IGBX/00455/19-20,18-08-2019,169400,169400
R132,CMCL_241,IGCB/03462/19-20,17-08-2019,77000,77000
R132,CMCL_241,IGCB/03464/19-20,17-08-2019,77000,77000
R132,CMCL_241,IGCB/03485/19-20,17-08-2019,77000,77000
R132,CMCL_241,IGCB/03505/19-20,17-08-2019,77000,77000
R132,CMCL_241,IGCB/03428/19-20,16-08-2019,115500,84042.5
WBD057,AEMP000799000100,ISS2/00661/19-20,26-08-2019,15000,15000
WBD057,AEMP000799000100,IGFB/01063/19-20,24-08-2019,22500,22500
WBD057,AEMP000799000100,IGFB/01064/19-20,24-08-2019,22500,22500
WBD057,AEMP000799000100,IGFB/01065/19-20,24-08-2019,22500,22500
WBD057,AEMP000799000100,IGFB/01066/19-20,24-08-2019,7500,7500
WBD057,AEMP000799000100,IGFB/01067/19-20,24-08-2019,15000,15000
WBD057,AEMP000799000100,IGS2/02739/19-20,24-08-2019,16875,16875
WBD057,AEMP000799000100,IGS2/02744/19-20,24-08-2019,22500,22500
WBD057,AEMP000799000100,IGS2/02751/19-20,24-08-2019,22500,22500
WBD057,AEMP000799000100,IGS2/02753/19-20,24-08-2019,18750,18750
WBD057,AEMP000799000100,IGSL/03839/19-20,24-08-2019,30000,30000
WBD057,AEMP000799000100,ISFB/00438/19-20,24-08-2019,22500,22500
WBD057,AEMP000799000100,ISFB/00439/19-20,24-08-2019,22500,22500
WBD057,AEMP000799000100,IGSL/03788/19-20,23-08-2019,36750,36750
WBD057,AEMP000799000100,IGS2/02719/19-20,23-08-2019,37500,37500
WBD057,AEMP000799000100,IGS2/02729/19-20,23-08-2019,16875,16875
WBD057,AEMP000799000100,IGS2/02732/19-20,23-08-2019,22500,22500
WBD057,AEMP000799000100,IGS2/02693/19-20,22-08-2019,15000,6717.5
G029,STARNE051,IGFX/17115/20-EX,27-08-2019,128100,128100
G029,STARNE051,IGFX/16229/20-EX,21-08-2019,128100,128100
G029,STARNE051,IGFX/16013/20-EX,20-08-2019,170800,170800
G029,STARNE051,IGFX/15122/20-EX,10-08-2019,170800,170800
G029,STARNE051,IGFX/13811/20-EX,31-07-2019,128100,105213
J015,1100702,IGFX/16750/20-EX,24-08-2019,170800,170800
J015,1100702,IGFX/16495/20-EX,23-08-2019,315980,315980
J015,1100702,IGFX/16529/20-EX,23-08-2019,170800,170800
J015,1100702,IGFX/16530/20-EX,23-08-2019,170800,170800
J015,1100702,IGFX/16536/20-EX,23-08-2019,162260,162260
J015,1100702,IGFX/16614/20-EX,23-08-2019,149450,149450
J015,1100702,IGFX/16615/20-EX,23-08-2019,149450,149450
J015,1100702,IGFX/16337/20-EX,22-08-2019,170800,170800
J015,1100702,IGFX/16224/20-EX,21-08-2019,341600,34190
J015,1100702,IGFX/17411/20-EX,29-08-2019,170800,170800
J015,1100702,IGFX/17412/20-EX,29-08-2019,170800,170800
J015,1100702,IGFX/17477/20-EX,29-08-2019,298900,298900
J015,1100702,IGFX/17254/20-EX,28-08-2019,341600,341600
J015,1100702,IGFX/17294/20-EX,28-08-2019,170800,170800
A071,1101255,IGFX/17062/20-EX,27-08-2019,209500,207300
J090,1101147,ILDS/02925/19-20,27-08-2019,192920,192920
J090,1101147,ILDS/02821/19-20,21-08-2019,170660,170660
J090,1101147,ILDS/02822/19-20,21-08-2019,170660,160860
P008,1101084,IGFX/16126/20-EX,20-08-2019,125700,125700
P008,1101084,IGFX/15991/20-EX,20-08-2019,125700,125700
P008,1101084,IGFX/16010/20-EX,20-08-2019,125700,125700
P008,1101084,IGFX/15752/20-EX,18-08-2019,125700,125700
P008,1101084,IGFX/15612/20-EX,17-08-2019,125700,125700
P008,1101084,IGFX/15613/20-EX,17-08-2019,125700,125700
P008,1101084,IGFX/15614/20-EX,17-08-2019,125700,125700
P008,1101084,IGFX/15734/20-EX,17-08-2019,125700,125700
P008,1101084,IGFX/15741/20-EX,17-08-2019,125700,125700
P008,1101084,IGFX/15742/20-EX,17-08-2019,125700,29545
P008,1101084,IGFX/17364/20-EX,29-08-2019,125700,125700
P008,1101084,IGFX/17375/20-EX,29-08-2019,125700,125700
P008,1101084,IGFX/17376/20-EX,29-08-2019,125700,125700
P008,1101084,IGFX/17377/20-EX,29-08-2019,125700,125700
P008,1101084,IGFX/17233/20-EX,28-08-2019,125700,125700
P008,1101084,IGFX/17234/20-EX,28-08-2019,125700,125700
P008,1101084,IGFX/17237/20-EX,28-08-2019,125700,125700
P008,1101084,IGFX/17328/20-EX,28-08-2019,125700,125700
P008,1101084,IGFX/17040/20-EX,27-08-2019,125700,125700
P008,1101084,IGFX/17041/20-EX,27-08-2019,125700,125700
P008,1101084,IGFX/17042/20-EX,27-08-2019,125700,125700
P008,1101084,IGFX/17043/20-EX,27-08-2019,125700,125700
P008,1101084,IGFX/17225/20-EX,27-08-2019,125700,125700
P008,1101084,IGFX/16813/20-EX,25-08-2019,184360,184360
P008,1101084,IGFX/16627/20-EX,24-08-2019,83800,83800
P008,1101084,IGFX/16628/20-EX,24-08-2019,41900,41900
P008,1101084,IGFX/16637/20-EX,24-08-2019,125700,125700
P008,1101084,IGFX/16638/20-EX,24-08-2019,125700,125700
P008,1101084,IGFX/16639/20-EX,24-08-2019,125700,125700
P008,1101084,IGFX/16459/20-EX,23-08-2019,125700,125700
P008,1101084,IGFX/16463/20-EX,23-08-2019,125700,125700
P008,1101084,IGFX/16525/20-EX,23-08-2019,167600,167600
P008,1101084,IGFX/16371/20-EX,22-08-2019,125700,125700
P008,1101084,IGFX/16394/20-EX,22-08-2019,125700,125700
P008,1101084,IGFX/16442/20-EX,22-08-2019,125700,125700
P008,1101084,IGFX/16350/20-EX,22-08-2019,125700,125700
P008,1101084,IGFX/16286/20-EX,21-08-2019,125700,125700
P008,1101084,IGFX/16307/20-EX,21-08-2019,125700,125700
P008,1101084,IGFX/16243/20-EX,21-08-2019,251400,251400
P008,1101084,IGFX/16290/20-EX,21-08-2019,125700,125700
P008,1101084,IGFX/16295/20-EX,21-08-2019,125700,125700
P008,1101084,IGFX/16002/20-EX,20-08-2019,125700,125700
P008,1101084,IGFX/16135/20-EX,20-08-2019,125700,125700
P008,1101084,IGFX/15989/20-EX,20-08-2019,125700,125700
P008,1101084,IGFX/15990/20-EX,20-08-2019,125700,125700
WBS234,1100791,IDRG/00622/19-20,29-08-2019,20100,20100
WBS234,1100791,IDRG/00611/19-20,26-08-2019,33500,33500
WBS234,1100791,IDRG/00612/19-20,26-08-2019,6700,6700
WBS234,1100791,IDRG/00599/19-20,23-08-2019,26800,26800
WBS234,1100791,IDRG/00600/19-20,23-08-2019,20100,20100
WBS234,1100791,IDDS/01245/19-20,10-08-2019,34800,34800
WBS234,1100791,IDDS/01246/19-20,10-08-2019,76560,76560
WBS234,1100791,IDRG/00567/19-20,08-08-2019,6800,6800
WBS234,1100791,IDDS/01177/19-20,01-08-2019,55680,55680
WBS234,1100791,IDDS/01178/19-20,01-08-2019,55680,14895
NEO010,1100795,IGSB/00359/20-EX,09-08-2019,22800,22800
NEO010,1100795,IGSB/00354/20-EX,08-08-2019,13080,10987
S141,CMCL_241,IGCB/03792/19-20,28-08-2019,77000,77000
S141,CMCL_241,IGCB/03825/19-20,28-08-2019,77000,77000
S141,CMCL_241,IGCB/03738/19-20,27-08-2019,79000,79000
S141,CMCL_241,IGCB/03660/19-20,23-08-2019,77000,77000
S141,CMCL_241,IGCB/03621/19-20,22-08-2019,77000,77000
S141,CMCL_241,IGCB/03628/19-20,22-08-2019,77000,77000
S141,CMCL_241,IGCB/03633/19-20,22-08-2019,77000,77000
S141,CMCL_241,IGCB/03638/19-20,22-08-2019,77000,77000
S141,CMCL_241,IGCB/03603/19-20,21-08-2019,79400,79400
S141,CMCL_241,IGCB/03606/19-20,21-08-2019,79400,79400
S141,CMCL_241,IGCB/03561/19-20,20-08-2019,77000,77000
S141,CMCL_241,IGCB/03567/19-20,20-08-2019,77000,29766
S185,1100795,IGFX/17036/20-EX,27-08-2019,88200,88200
S185,1100795,IGFX/17037/20-EX,27-08-2019,93200,93200
S185,1100795,IGFX/17122/20-EX,27-08-2019,176400,162112
WBD009,CMCL_192,IDB1/00180/19-20,28-08-2019,104000,103440
K104,1101058,ILAI/00287/19-20,22-08-2019,45700,35892
WBS258,AEMP000799000100,ISFB/00463/19-20,28-08-2019,22500,22500
WBS258,AEMP000799000100,IGFB/01082/19-20,26-08-2019,22500,22500
WBS258,AEMP000799000100,IGFB/01057/19-20,23-08-2019,24000,24000
WBS258,AEMP000799000100,IGFB/01049/19-20,22-08-2019,22500,22500
WBS258,AEMP000799000100,ISFB/00435/19-20,21-08-2019,22500,15200
WBV002,CMCL_088,PCGW/01406/18-19,28-05-2018,206328,206328
U022,1101268,IGFX/17463/20-EX,29-08-2019,168000,168000
U022,1101268,IGFX/17303/20-EX,28-08-2019,168000,168000
U022,1101268,IGFX/17198/20-EX,27-08-2019,84000,84000
U022,1101268,IGFX/17138/20-EX,27-08-2019,168000,168000
U022,1101268,IGFX/16959/20-EX,26-08-2019,84000,84000
U022,1101268,IGFX/16960/20-EX,26-08-2019,88000,88000
U022,1101268,IGFX/16862/20-EX,25-08-2019,168000,168000
U022,1101268,IGFX/16863/20-EX,25-08-2019,168000,133296
WBM121,AEMP000799000367,IGML/00176/17-18,21-11-2017,103200,103200
WBM121,AEMP000799000367,JSWK/00045/17-18,01-07-2017,38694,38694
WBM121,AEMP000799000367,SAGML/00383/2017-2018,24-06-2017,36500,36500
WBM121,AEMP000799000367,SAGML/00340/2017-2018,07-06-2017,36500,9478
WBM247,AEMP000799000367,ISDS/01549/19-20,29-08-2019,109500,109500
WBM247,AEMP000799000367,ISDS/01550/19-20,29-08-2019,45000,45000
WBM247,AEMP000799000367,ISDS/01487/19-20,24-08-2019,75000,75000
WBM247,AEMP000799000367,ISDS/01488/19-20,24-08-2019,80300,80300
WBM247,AEMP000799000367,ISDS/01384/19-20,06-08-2019,117000,82820
WBN003,AEMP000799000367,JSWK/00359/17-18,31-03-2018,50000,50000
WBA007,1100791,JSWK/00045/17-18,01-07-2017,37220,37220
WBA007,1100791,BNKUS/14880/2016-2017,23-03-2017,357328,238341
WBB084,CMCL_129,ISDS/01532/19-20,28-08-2019,146000,146000
WBB084,CMCL_129,ISRI/00078/19-20,21-08-2019,56000,56000
WBB084,CMCL_129,ISRI/00076/19-20,19-08-2019,56000,56000
WBB084,CMCL_129,ISRI/00075/19-20,17-08-2019,56000,56000
WBB084,CMCL_129,ISRI/00072/19-20,13-08-2019,73000,22846
WBE017,AEMP000799000098,IDDS/01379/19-20,28-08-2019,109120,109120
WBE017,AEMP000799000098,IDDS/01369/19-20,27-08-2019,54560,54560
WBE017,AEMP000799000098,IDDS/01370/19-20,27-08-2019,54560,54560
WBE017,AEMP000799000098,IDDS/01363/19-20,26-08-2019,109120,109120
WBE017,AEMP000799000098,IDDS/01337/19-20,22-08-2019,109120,109120
WBE017,AEMP000799000098,IDDS/01322/19-20,21-08-2019,109120,76620
WBS002,1100791,PCGW/05447/18-19,05-11-2018,41940,41940
WBS035,AEMP000799000098,IDDS/01381/19-20,28-08-2019,109120,109120
WBS035,AEMP000799000098,IDDS/01382/19-20,28-08-2019,109120,109120
WBS035,AEMP000799000098,IDDS/01383/19-20,28-08-2019,109120,109120
WBS035,AEMP000799000098,IDDS/01385/19-20,28-08-2019,109120,109120
WBS035,AEMP000799000098,IDDS/01314/19-20,20-08-2019,109120,109120
WBS035,AEMP000799000098,IDDS/01315/19-20,20-08-2019,109120,109120
WBS035,AEMP000799000098,IDDS/01252/19-20,13-08-2019,110720,110720
WBS035,AEMP000799000098,IDCS/00054/19-20,10-08-2019,54400,54400
WBS035,AEMP000799000098,IDDS/01247/19-20,10-08-2019,55360,55360
WBS035,AEMP000799000098,IDDS/01248/19-20,10-08-2019,55360,55360
WBS035,AEMP000799000098,IDDS/01225/19-20,08-08-2019,55360,55360
WBS035,AEMP000799000098,IDDS/01226/19-20,08-08-2019,55360,55360
WBS035,AEMP000799000098,IDDS/01227/19-20,08-08-2019,110720,110720
WBS035,AEMP000799000098,IDDS/01228/19-20,08-08-2019,110720,110720
WBS035,AEMP000799000098,JGWK/00325/19-20,31-07-2019,84960,84960
WBS035,AEMP000799000098,IGCS/00011/19-20,29-07-2019,73000,38336.75
A156,1100790,IGFX/17382/20-EX,29-08-2019,126900,126900
A156,1100790,IGFX/16699/20-EX,24-08-2019,126900,121239
P106,AEMP000799000100,IGSL/04026/19-20,29-08-2019,22500,22500
P106,AEMP000799000100,IGSL/04040/19-20,29-08-2019,22500,22500
P106,AEMP000799000100,IGSL/04049/19-20,29-08-2019,22500,22500
P106,AEMP000799000100,IGSL/04053/19-20,29-08-2019,22500,22500
P106,AEMP000799000100,ISDS/01552/19-20,29-08-2019,130900,130900
P106,AEMP000799000100,IGSL/03984/19-20,28-08-2019,22500,22500
P106,AEMP000799000100,IGSL/04007/19-20,28-08-2019,22500,22500
P106,AEMP000799000100,IGSL/04011/19-20,28-08-2019,22500,22500
P106,AEMP000799000100,IGSL/03945/19-20,27-08-2019,22500,22500
P106,AEMP000799000100,IGSL/03948/19-20,27-08-2019,22500,22500
P106,AEMP000799000100,IGSL/03958/19-20,27-08-2019,22500,22500
P106,AEMP000799000100,IGSL/03938/19-20,26-08-2019,22500,22500
P106,AEMP000799000100,ISDS/01510/19-20,26-08-2019,154000,154000
P106,AEMP000799000100,IGSL/03831/19-20,24-08-2019,22500,22500
P106,AEMP000799000100,IGSL/03835/19-20,24-08-2019,22500,22500
P106,AEMP000799000100,IGSL/03844/19-20,24-08-2019,22500,22500
P106,AEMP000799000100,IGSL/03856/19-20,24-08-2019,22500,22500
P106,AEMP000799000100,IGSL/03864/19-20,24-08-2019,15000,15000
P106,AEMP000799000100,IGSL/03750/19-20,22-08-2019,22500,22500
P106,AEMP000799000100,IGSL/03766/19-20,22-08-2019,22500,22500
B190,CMCL_241,IGCB/03767/19-20,27-08-2019,77000,77000
B190,CMCL_241,IGCB/03768/19-20,27-08-2019,8200,8200
B190,CMCL_241,IGCB/03706/19-20,26-08-2019,77000,77000
B190,CMCL_241,IGCB/03720/19-20,26-08-2019,77000,77000
B190,CMCL_241,IGBX/00463/19-20,25-08-2019,169400,169400
B190,CMCL_241,IGCB/03681/19-20,24-08-2019,77000,77000
B190,CMCL_241,IGCB/03684/19-20,24-08-2019,77000,77000
B190,CMCL_241,IGCB/03687/19-20,24-08-2019,77000,77000
B190,CMCL_241,IGCB/03677/19-20,23-08-2019,77000,77000
B190,CMCL_241,IGCB/03678/19-20,23-08-2019,77000,77000
B190,CMCL_241,IGCB/03636/19-20,22-08-2019,77000,77000
B190,CMCL_241,IGCB/03651/19-20,22-08-2019,77000,77000
B190,CMCL_241,IGCB/03655/19-20,22-08-2019,77000,77000
B190,CMCL_241,IGCB/03590/19-20,21-08-2019,77000,77000
B190,CMCL_241,IGCB/03601/19-20,21-08-2019,77000,77000
B190,CMCL_241,IGCB/03602/19-20,21-08-2019,77000,77000
B190,CMCL_241,IGCB/03527/19-20,20-08-2019,77000,77000
WBM231,CMCL_192,IDB1/00160/19-20,02-08-2019,27200,27200
WBM231,CMCL_192,IDB1/00159/19-20,02-08-2019,20400,20400
WBM231,CMCL_192,IDB1/00158/19-20,02-08-2019,34000,34000
WBM231,CMCL_192,JGWK/00323/19-20,31-07-2019,14421,14421
WBM231,CMCL_192,IDB1/00146/19-20,22-07-2019,27200,27200
WBM231,CMCL_192,IDB1/00144/19-20,20-07-2019,13600,13600
WBM231,CMCL_192,IDB1/00143/19-20,20-07-2019,74800,74800
WBM231,CMCL_192,IDB1/00133/19-20,13-07-2019,49000,49000
WBM231,CMCL_192,IDB1/00125/19-20,04-07-2019,51450,33546
BHB061,AEMP000799000122,JGPK/00030/19-20,31-05-2019,490,490
BHB061,AEMP000799000122,IGH2/00052/19-20,15-05-2019,6020,6020
BHB061,AEMP000799000122,JGPK/00019/19-20,14-05-2019,15200,15200
BHB061,AEMP000799000122,JGPK/00010/19-20,30-04-2019,14800,14800
BHB061,AEMP000799000122,IGH2/00010/19-20,19-04-2019,97200,97200
BHB061,AEMP000799000122,IGH2/00011/19-20,19-04-2019,97200,52209
NEA238,1101058,ILAI/00280/19-20,21-08-2019,41130,41130
NEA238,1101058,ILAI/00273/19-20,20-08-2019,41130,41130
NEA238,1101058,ILAI/00221/19-20,06-08-2019,27420,27400
NEM100,1101310,ILVG/00222/19-20,24-08-2019,186120,183540
NES178,1101309,ILVG/00227/19-20,27-08-2019,190800,190800
NES178,1101309,ILVG/00216/19-20,22-08-2019,180200,180200
NEG010,AEMP000592000337,IGDN/01770/19-20,11-08-2019,193160,193160
NEG010,AEMP000592000337,IGDN/01771/19-20,11-08-2019,307300,307300
NEG010,AEMP000592000337,IGDN/01772/19-20,11-08-2019,307300,307300
NEG010,AEMP000592000337,IGDN/01754/19-20,10-08-2019,307300,307300
NEG010,AEMP000592000337,IGDN/01755/19-20,10-08-2019,307300,307300
NEG010,AEMP000592000337,IGDN/01756/19-20,10-08-2019,307300,307300
NEG010,AEMP000592000337,IGDN/01758/19-20,10-08-2019,307300,307300
NEG010,AEMP000592000337,IGDN/01760/19-20,10-08-2019,307300,307300
NEG010,AEMP000592000337,IGDN/01761/19-20,10-08-2019,307300,307300
NEG010,AEMP000592000337,IGDN/01764/19-20,10-08-2019,307300,307300
NEG010,AEMP000592000337,IGDN/01765/19-20,10-08-2019,307300,307300
M029,1100739,IGFX/17056/20-EX,27-08-2019,126900,126900
M029,1100739,IGFX/17058/20-EX,27-08-2019,126900,126900
M029,1100739,IGFX/16644/20-EX,24-08-2019,126900,126900
M029,1100739,IGFX/16695/20-EX,24-08-2019,126900,126900
M029,1100739,IGFX/16767/20-EX,24-08-2019,126900,126900
M029,1100739,IGFX/16797/20-EX,24-08-2019,126900,126900
M029,1100739,IGFX/16505/20-EX,23-08-2019,126900,126900
M029,1100739,IGFX/16580/20-EX,23-08-2019,79740,79740
M029,1100739,IGFX/16581/20-EX,23-08-2019,50760,50760
M029,1100739,IGFX/16362/20-EX,22-08-2019,126900,126900
M029,1100739,IGFX/16374/20-EX,22-08-2019,126900,126900
M029,1100739,IGFX/16400/20-EX,22-08-2019,126900,126900
M029,1100739,IGFX/16444/20-EX,22-08-2019,126900,126900
M029,1100739,IGFX/16162/20-EX,21-08-2019,126900,126900
M029,1100739,IGFX/16163/20-EX,21-08-2019,126900,126900
M029,1100739,IGFX/16169/20-EX,21-08-2019,126900,126900
M029,1100739,IGFX/16067/20-EX,20-08-2019,126900,126900
M029,1100739,IGFX/15875/20-EX,19-08-2019,126900,126900
M029,1100739,IGFX/15981/20-EX,19-08-2019,126900,126900
M029,1100739,IGFX/15617/20-EX,17-08-2019,126900,126900
M029,1100739,IGFX/15618/20-EX,17-08-2019,126900,107371
NED009,1100739,IGFX/17367/20-EX,29-08-2019,126900,126900
NED009,1100739,IGFX/16939/20-EX,26-08-2019,126900,126900
NED009,1100739,IGFX/16339/20-EX,22-08-2019,126900,126900
NED009,1100739,IGFX/16166/20-EX,21-08-2019,126900,11769
K134,1100387,PCGB/01577/17-18,01-12-2017,522442,502442
N063,1100795,BNGGU/08451/2016-2017,26-07-2016,230,230
N063,1100795,SAGFC/05301/2015-2016,06-06-2015,143500,143500
N063,1100795,SAGFC/02487/2015-2016,01-05-2015,141750,95326
BHM105,AEMP000799000122,JGPK/00023/19-20,14-05-2019,7110,7110
BHM105,AEMP000799000122,JGPK/00011/19-20,30-04-2019,10000,10000
BHM105,AEMP000799000122,IGH2/00022/19-20,24-04-2019,97500,31290
WBR065,AEMP000799000367,JSWK/00462/18-19,31-03-2019,52000,52000
WBR065,AEMP000799000367,JSWK/00416/18-19,28-02-2019,100000,87677
NEN068,1100702,IGFX/16498/20-EX,23-08-2019,298900,298900
NEN068,1100702,IGFX/13681/20-EX,30-07-2019,170800,170729
M143,1100435,ILKL/01057/19-20,27-08-2019,200100,194236
WBB092,AEMP000799000094,JGWK/01179/18-19,31-03-2019,94360,94360
WBB092,AEMP000799000094,JGWK/01202/18-19,31-03-2019,8300,8300
WBB092,AEMP000799000094,SDDW/00167/18-19,29-03-2019,1600,1600
WBB092,AEMP000799000094,SDDW/00190/18-19,29-03-2019,1600,1600
WBB092,AEMP000799000094,IDC2/00482/18-19,20-03-2019,32400,32400
WBB092,AEMP000799000094,IDC2/00483/18-19,20-03-2019,32400,32400
WBB092,AEMP000799000094,IDDS/02975/18-19,14-03-2019,137760,137760
WBB092,AEMP000799000094,IDC2/00471/18-19,13-03-2019,32400,32400
WBB092,AEMP000799000094,IDDS/02966/18-19,13-03-2019,137760,137760
WBB092,AEMP000799000094,IDDS/02961/18-19,12-03-2019,137760,137760
WBB092,AEMP000799000094,IDDS/02962/18-19,12-03-2019,104000,104000
WBB092,AEMP000799000094,IDDS/02963/18-19,12-03-2019,137760,137760
WBB092,AEMP000799000094,IDC2/00467/18-19,11-03-2019,32400,32400
WBB092,AEMP000799000094,IDDS/02943/18-19,11-03-2019,104960,104960
N149,AEMP000799000098,JGWK/01201/18-19,31-03-2019,10600,10600
N149,AEMP000799000098,JGWK/00890/18-19,10-01-2019,6300,6300
N149,AEMP000799000098,IDJG/00021/18-19,31-12-2018,164470,164470
N149,AEMP000799000098,IDCS/00377/18-19,04-12-2018,39360,24870
NES058,1101047,ILCB/00607/19-20,27-08-2019,75600,75599.25
S277,1101047,ILCB/00553/19-20,11-08-2019,86000,84647
WBM239,CMCL_129,IDJG/00009/19-20,30-06-2019,21319,21319
WBM239,CMCL_129,ISDL/00770/18-19,14-12-2018,137600,28562
WBN074,AEMP000799000098,IDJG/00028/18-19,28-02-2019,48975.25,48975.25
WBN074,AEMP000799000098,IDJG/00031/18-19,28-02-2019,55596.75,55596.75
WBN074,AEMP000799000098,JGWK/00396/18-19,31-07-2018,22644.75,22644.75
WBN074,AEMP000799000098,JGWK/00959/17-18,31-03-2018,60149,10965.25
WBR111,CMCL_129,ISDL/00261/19-20,29-08-2019,73000,73000
WBR111,CMCL_129,ISDS/01542/19-20,28-08-2019,146000,146000
WBR111,CMCL_129,ISDS/01467/19-20,21-08-2019,146000,41080
WBS245,CMCL_129,ISDL/00259/19-20,29-08-2019,73000,73000
WBS245,CMCL_129,ISDL/00260/19-20,29-08-2019,73000,65900
NEN120,1100739,IGFX/17057/20-EX,27-08-2019,126900,118680
WBK055,CMCL_192,IDB1/00166/19-20,14-08-2019,91000,91000
WBK055,CMCL_192,IDB1/00167/19-20,14-08-2019,45500,45500
WBK055,CMCL_192,IDDS/01263/19-20,14-08-2019,88920,88920
WBK055,CMCL_192,IDDS/01264/19-20,14-08-2019,54720,54720
WBK055,CMCL_192,JGWK/00323/19-20,31-07-2019,17020,17020
WBK055,CMCL_192,IDB1/00135/19-20,16-07-2019,20400,20400
WBK055,CMCL_192,IDB1/00136/19-20,16-07-2019,34000,34000
WBK055,CMCL_192,IDB1/00137/19-20,16-07-2019,88400,71373
C086,1101058,ILVG/00180/19-20,05-08-2019,175320,170280
L060,1101309,ILVG/00228/19-20,27-08-2019,204800,204800
L060,1101309,ILVG/00190/19-20,13-08-2019,184320,143006
N143,AEMP000799000122,JGPK/00059/19-20,30-06-2019,13000,13000
N143,AEMP000799000122,IGKV/00348/19-20,03-06-2019,160400,44012
WBG070,AEMP000799000100,IGSL/03801/19-20,23-08-2019,169400,169400
WBG070,AEMP000799000100,IGSL/03248/19-20,05-08-2019,192500,73838
D093,1101268,IGFX/17466/20-EX,29-08-2019,168000,168000
D093,1101268,IGFX/17274/20-EX,28-08-2019,168000,168000
D093,1101268,IGFX/17323/20-EX,28-08-2019,168000,165300
N130,AEMP000799000367,BNKUS/00633/2017-2018,21-04-2017,422995,422995
NEK115,1101165,ILKL/01022/19-20,21-08-2019,108750,108750
NEK115,1101165,ILKL/01014/19-20,20-08-2019,200100,186000
NEP137,1100435,ILSL/03629/19-20,24-08-2019,43500,42452
WBT061,1101229,JGWK/00143/19-20,31-05-2019,8800,8800
WBT061,1101229,IDDS/00347/19-20,09-05-2019,168300,129500
B124,1101245,IGFX/05997/20-EX,17-05-2019,125700,47625
B152,1101255,IGFX/16460/20-EX,23-08-2019,125700,125700
B152,1101255,IGFX/15631/20-EX,17-08-2019,125700,91722
G087,1100145,IGFX/17109/20-EX,27-08-2019,100560,100560
G087,1100145,IGFX/17110/20-EX,27-08-2019,87800,87800
G087,1100145,IGFX/16527/20-EX,23-08-2019,209500,209500
G087,1100145,IGFX/15509/20-EX,15-08-2019,201120,165376
NEB097,1101245,IGFX/17383/20-EX,29-08-2019,125700,125700
NEB097,1101245,IGFX/14673/20-EX,07-08-2019,125700,115221
P106,AEMP000799000100,IGSL/03691/19-20,21-08-2019,15000,15000
P106,AEMP000799000100,IGSL/03652/19-20,20-08-2019,22500,22500
P106,AEMP000799000100,IGSL/03662/19-20,20-08-2019,22500,22500
P106,AEMP000799000100,IGSL/03665/19-20,20-08-2019,22500,22500
P106,AEMP000799000100,IGSL/03670/19-20,20-08-2019,22500,22500
P106,AEMP000799000100,IGSL/03676/19-20,20-08-2019,22500,22500
P106,AEMP000799000100,IGSL/03684/19-20,20-08-2019,123200,123200
P106,AEMP000799000100,IGSL/03614/19-20,19-08-2019,22500,22500
P106,AEMP000799000100,IGSL/03615/19-20,19-08-2019,22500,22500
P106,AEMP000799000100,IGSL/03627/19-20,19-08-2019,22500,22500
P106,AEMP000799000100,IGSL/03632/19-20,19-08-2019,22500,22500
P106,AEMP000799000100,IGSL/03558/19-20,17-08-2019,22500,22500
P106,AEMP000799000100,IGSL/03559/19-20,17-08-2019,7500,7500
P106,AEMP000799000100,IGSL/03560/19-20,17-08-2019,7500,7500
P106,AEMP000799000100,IGSL/03519/19-20,16-08-2019,22500,22500
P106,AEMP000799000100,IGSL/03524/19-20,16-08-2019,22500,22500
P106,AEMP000799000100,IGSL/03546/19-20,16-08-2019,22500,22500
P106,AEMP000799000100,IGSL/03496/19-20,14-08-2019,22500,22500
P106,AEMP000799000100,IGSL/03502/19-20,14-08-2019,22500,22500
P106,AEMP000799000100,IGSL/03450/19-20,13-08-2019,22500,22500
P106,AEMP000799000100,IGSL/03457/19-20,13-08-2019,22500,22500
P106,AEMP000799000100,IGSL/03394/19-20,10-08-2019,22500,22500
P106,AEMP000799000100,IGSL/03402/19-20,10-08-2019,22500,22500
P106,AEMP000799000100,IGSL/03407/19-20,10-08-2019,22500,22500
P106,AEMP000799000100,IGSL/03334/19-20,08-08-2019,22500,22500
P106,AEMP000799000100,IGSL/03340/19-20,08-08-2019,7500,7500
P106,AEMP000799000100,IGSL/03341/19-20,08-08-2019,7500,7500
P106,AEMP000799000100,IGSL/03342/19-20,08-08-2019,7500,7500
P106,AEMP000799000100,IGSL/03357/19-20,08-08-2019,123200,123200
P106,AEMP000799000100,IGFB/00965/19-20,08-08-2019,22500,22500
P106,AEMP000799000100,ISFB/00392/19-20,08-08-2019,22500,22500
P106,AEMP000799000100,IGSL/03299/19-20,07-08-2019,22500,22500
P106,AEMP000799000100,IGSL/03306/19-20,07-08-2019,22500,22500
P106,AEMP000799000100,IGSL/03307/19-20,07-08-2019,22500,22500
P106,AEMP000799000100,IGSL/03261/19-20,06-08-2019,22500,22500
P106,AEMP000799000100,IGSL/03263/19-20,06-08-2019,22500,22500
P106,AEMP000799000100,IGSL/03287/19-20,06-08-2019,22500,22500
G074,CMCL_241,IGCB/03845/19-20,29-08-2019,77000,77000
G074,CMCL_241,IGCB/03853/19-20,29-08-2019,92400,92400
G074,CMCL_241,IGCB/03833/19-20,29-08-2019,92400,92400
G074,CMCL_241,IGCB/03834/19-20,29-08-2019,84700,84700
G074,CMCL_241,IGCB/03835/19-20,29-08-2019,8200,8200
G074,CMCL_241,IGCB/03836/19-20,29-08-2019,92400,92400
G074,CMCL_241,IGCB/03841/19-20,29-08-2019,92400,92400
G074,CMCL_241,IGCB/03793/19-20,28-08-2019,77000,77000
G074,CMCL_241,IGCB/03799/19-20,28-08-2019,77000,77000
G074,CMCL_241,IGCB/03780/19-20,28-08-2019,79000,79000
G074,CMCL_241,IGCB/03795/19-20,28-08-2019,96250,96250
G074,CMCL_241,IGCB/03804/19-20,28-08-2019,96250,96250
G074,CMCL_241,IGCB/03744/19-20,27-08-2019,77000,77000
G074,CMCL_241,IGBX/00465/19-20,26-08-2019,184800,184800
G074,CMCL_241,IGCB/03683/19-20,24-08-2019,77000,77000
NEG010,AEMP000592000337,IGDN/01766/19-20,10-08-2019,307300,307300
NEG010,AEMP000592000337,IGDN/01767/19-20,10-08-2019,307300,307300
NEG010,AEMP000592000337,IGDN/01747/19-20,09-08-2019,307300,307300
NEG010,AEMP000592000337,IGDN/01748/19-20,09-08-2019,307300,307300
NEG010,AEMP000592000337,IGDN/01749/19-20,09-08-2019,395100,395100
NEG010,AEMP000592000337,IGDN/01750/19-20,09-08-2019,307300,307300
NEG010,AEMP000592000337,IGDN/01751/19-20,09-08-2019,307300,307300
NEG010,AEMP000592000337,IGDN/01753/19-20,09-08-2019,193160,193160
NEG010,AEMP000592000337,IGDN/01727/19-20,08-08-2019,307300,307300
NEG010,AEMP000592000337,IGDN/01728/19-20,08-08-2019,317800,317800
NEG010,AEMP000592000337,IGDN/01729/19-20,08-08-2019,526800,526800
NEG010,AEMP000592000337,IGDN/01730/19-20,08-08-2019,317800,317800
NEG010,AEMP000592000337,IGDN/01734/19-20,08-08-2019,307300,307300
NEG010,AEMP000592000337,IGDN/01735/19-20,08-08-2019,307300,307300
NEG010,AEMP000592000337,IGDN/01736/19-20,08-08-2019,307300,307300
NEG010,AEMP000592000337,IGDN/01737/19-20,08-08-2019,307300,307300
NEG010,AEMP000592000337,IGDN/01738/19-20,08-08-2019,193160,193160
NEG010,AEMP000592000337,IGDN/01741/19-20,08-08-2019,307300,307300
NEG010,AEMP000592000337,IGDN/01742/19-20,08-08-2019,307300,307300
NEG010,AEMP000592000337,IGDN/01743/19-20,08-08-2019,307300,307300
NEG010,AEMP000592000337,IGDN/01720/19-20,07-08-2019,307300,307300
NEG010,AEMP000592000337,IGDN/01721/19-20,07-08-2019,324860,324860
NEG010,AEMP000592000337,IGDN/01722/19-20,07-08-2019,307300,307300
NEG010,AEMP000592000337,IGDN/01723/19-20,07-08-2019,193160,193160
NEG010,AEMP000592000337,IGDN/01724/19-20,07-08-2019,307300,307300
NEG010,AEMP000592000337,IGDN/01915/19-20,23-08-2019,307300,307300
NEG010,AEMP000592000337,IGDN/01898/19-20,22-08-2019,307300,307300
NEG010,AEMP000592000337,IGDN/01903/19-20,22-08-2019,307300,307300
NEG010,AEMP000592000337,IGDN/01904/19-20,22-08-2019,307300,307300
NEG010,AEMP000592000337,IGDN/01905/19-20,22-08-2019,307300,307300
NEG010,AEMP000592000337,IGDN/01908/19-20,22-08-2019,307300,307300
NEG010,AEMP000592000337,IGDN/01909/19-20,22-08-2019,307300,307300
NEG010,AEMP000592000337,IGDN/01910/19-20,22-08-2019,193160,193160
NEG010,AEMP000592000337,IGDN/01911/19-20,22-08-2019,193160,193160
NEG010,AEMP000592000337,IGDN/01891/19-20,21-08-2019,307300,307300
NEG010,AEMP000592000337,IGDN/01894/19-20,21-08-2019,307300,307300
NEG010,AEMP000592000337,IGDN/01897/19-20,21-08-2019,307300,307300
NEG010,AEMP000592000337,IGDN/01867/19-20,20-08-2019,307300,307300
NEG010,AEMP000592000337,IGDN/01868/19-20,20-08-2019,307300,307300
NEG010,AEMP000592000337,IGDN/01869/19-20,20-08-2019,307300,307300
NEG010,AEMP000592000337,IGDN/01870/19-20,20-08-2019,307300,307300
NEG010,AEMP000592000337,IGDN/01875/19-20,20-08-2019,307300,307300
N091,1101268,IGFX/17314/20-EX,28-08-2019,84000,84000
N091,1101268,IGFX/17315/20-EX,28-08-2019,84000,84000
N091,1101268,IGFX/17180/20-EX,27-08-2019,84000,84000
N091,1101268,IGFX/17181/20-EX,27-08-2019,84000,84000
N091,1101268,IGFX/16568/20-EX,23-08-2019,84000,84000
N091,1101268,IGFX/16569/20-EX,23-08-2019,84000,84000
N091,1101268,IGFX/16425/20-EX,22-08-2019,84000,84000
NEK123,1101064,IGLE/03706/20-EX,24-08-2019,28630,28630
NEK123,1101064,IGLE/03718/20-EX,24-08-2019,28630,28630
NEK123,1101064,IGRR/00829/20-EX,24-08-2019,28630,28630
NEK123,1101064,IGLE/03688/20-EX,23-08-2019,24540,24540
NEK123,1101064,IGCE/01021/20-EX,21-08-2019,28630,28630
NEK123,1101064,IGLE/03638/20-EX,21-08-2019,28630,28630
NEK123,1101064,IGLE/03644/20-EX,21-08-2019,28630,28630
NEK123,1101064,IGRR/00787/20-EX,21-08-2019,28630,28630
NEK123,1101064,IGLE/03624/20-EX,20-08-2019,28630,28630
NEK123,1101064,IGLE/03593/20-EX,19-08-2019,28630,28630
NEK123,1101064,IGRR/00763/20-EX,19-08-2019,24540,24540
NEK123,1101064,IGLE/03576/20-EX,18-08-2019,24540,24540
NEK123,1101064,IGLE/03555/20-EX,17-08-2019,28630,27315
NEM195,AEMP000799000414,IGFX/16992/20-EX,26-08-2019,40700,40700
NEM195,AEMP000799000414,JGAG/00956/19-20,24-08-2019,63500,20700
S151,1101064,IGLE/03637/20-EX,21-08-2019,40900,40900
S151,1101064,IGLE/03639/20-EX,21-08-2019,20450,20450
S151,1101064,IGLE/03643/20-EX,21-08-2019,20450,20450
S151,1101064,IGLE/03646/20-EX,21-08-2019,20450,20450
S151,1101064,IGFX/16205/20-EX,21-08-2019,40700,40700
S151,1101064,IGFX/16064/20-EX,20-08-2019,40700,40700
S151,1101064,IGFX/16096/20-EX,20-08-2019,40700,40700
S151,1101064,IGLE/03611/20-EX,20-08-2019,20450,20450
S151,1101064,IGLE/03617/20-EX,20-08-2019,20450,20450
S151,1101064,IGRR/00669/20-EX,05-08-2019,28630,28630
S151,1101064,IGFX/14342/20-EX,05-08-2019,40700,40700
S151,1101064,IGLE/03364/20-EX,04-08-2019,32720,32720
S151,1101064,IGLE/03370/20-EX,04-08-2019,40900,27016
S151,1101064,IGLE/03619/20-EX,20-08-2019,20450,20450
S151,1101064,IGLE/03621/20-EX,20-08-2019,40900,40900
S151,1101064,IGLE/03625/20-EX,20-08-2019,20450,20450
S151,1101064,IGLE/03590/20-EX,19-08-2019,28630,28630
S151,1101064,IGLE/03594/20-EX,19-08-2019,28630,28630
S151,1101064,IGLE/03598/20-EX,19-08-2019,20450,20450
S151,1101064,IGLE/03607/20-EX,19-08-2019,28630,28630
S151,1101064,IGRR/00758/20-EX,19-08-2019,40900,40900
S151,1101064,IGLE/03577/20-EX,18-08-2019,20450,20450
S151,1101064,IGLE/03579/20-EX,18-08-2019,28630,28630
S151,1101064,IGLE/03582/20-EX,18-08-2019,20450,20450
E001,1100435,ILSL/03584/19-20,22-08-2019,43500,43500
E001,1100435,ILSL/03526/19-20,19-08-2019,43500,42000
F011,1101165,ILBD/02185/19-20,26-08-2019,43500,42500
M427,1101165,ILBD/00872/19-20,11-05-2019,21100,21100
M427,1101165,ILBD/00774/19-20,05-05-2019,41400,41400
M427,1101165,ILBD/00724/19-20,02-05-2019,41400,41400
M427,1101165,ILBD/00453/19-20,22-04-2019,41400,41400
M427,1101165,ILBD/00460/19-20,22-04-2019,16560,16560
M427,1101165,ILBD/00430/19-20,21-04-2019,41400,41400
M427,1101165,ILBD/00435/19-20,21-04-2019,41400,41400
M427,1101165,ILBD/00303/19-20,13-04-2019,41400,801
NEH052,1100435,ILSL/03631/19-20,25-08-2019,43500,43500
NEH052,1100435,ILSL/03633/19-20,25-08-2019,43500,43500
NEH052,1100435,ILKL/01046/19-20,24-08-2019,89175,89175
NEH052,1100435,ILKL/01034/19-20,23-08-2019,191400,14270
C027,1101082,IGFX/17124/20-EX,27-08-2019,223000,223000
C027,1101082,IGFX/17146/20-EX,27-08-2019,401400,401400
C027,1101082,IGFX/16949/20-EX,26-08-2019,178400,178400
C027,1101082,IGFX/16950/20-EX,26-08-2019,178400,178400
C027,1101082,IGFX/16978/20-EX,26-08-2019,178400,178400
C027,1101082,IGFX/16979/20-EX,26-08-2019,178400,178400
C027,1101082,IGDE/02258/20-EX,26-08-2019,22050,22050
C027,1101082,IGFX/16852/20-EX,25-08-2019,368800,368800
C027,1101082,IGFX/16888/20-EX,25-08-2019,356800,356800
C027,1101082,IGFX/16739/20-EX,24-08-2019,223000,223000
C027,1101082,IGFX/16740/20-EX,24-08-2019,89200,89200
C027,1101082,IGDE/02243/20-EX,24-08-2019,26460,26460
C027,1101082,IGDE/02244/20-EX,24-08-2019,26460,26460
C027,1101082,IGDE/02248/20-EX,24-08-2019,26460,26460
C027,1101082,IGDE/02223/20-EX,23-08-2019,22050,22050
C027,1101082,IGFX/16329/20-EX,22-08-2019,356800,356800
C027,1101082,IGFX/16403/20-EX,22-08-2019,356800,356800
C027,1101082,IGFX/16414/20-EX,22-08-2019,178400,178400
C027,1101082,IGFX/16415/20-EX,22-08-2019,89200,89200
C027,1101082,IGFX/16238/20-EX,21-08-2019,267600,267600
C027,1101082,IGFX/16239/20-EX,21-08-2019,89200,89200
C027,1101082,IGDE/02177/20-EX,21-08-2019,13230,13230
C027,1101082,IGDE/02162/20-EX,19-08-2019,26460,26460
C027,1101082,IGFX/15800/20-EX,18-08-2019,174400,174400
C027,1101082,IGFX/15672/20-EX,17-08-2019,356800,356800
C027,1101082,IGFX/15677/20-EX,17-08-2019,312200,312200
C027,1101082,IGFX/15495/20-EX,15-08-2019,312200,180171
H055,1101165,ILKL/00994/19-20,14-08-2019,130500,130365
J002,1101165,ILBD/02221/19-20,29-08-2019,43500,43500
J002,1101165,ILBD/02222/19-20,29-08-2019,65250,65250
J002,1101165,ILBD/02227/19-20,29-08-2019,43500,43500
J002,1101165,ILBD/02238/19-20,29-08-2019,43500,43500
J002,1101165,ILBD/02195/19-20,27-08-2019,43500,43500
J002,1101165,ILBD/02181/19-20,26-08-2019,43500,43500
J002,1101165,ILBD/02164/19-20,24-08-2019,65250,65250
J002,1101165,ILKL/01049/19-20,24-08-2019,200100,200100
J002,1101165,ILBD/02149/19-20,23-08-2019,43500,43500
J002,1101165,ILBD/02152/19-20,23-08-2019,43500,43500
J002,1101165,ILBD/02153/19-20,23-08-2019,43500,43500
J002,1101165,ILBD/02142/19-20,22-08-2019,65250,65250
J002,1101165,ILBD/02129/19-20,21-08-2019,43500,43500
J002,1101165,ILKL/01021/19-20,21-08-2019,108750,108750
J002,1101165,ILBD/02112/19-20,20-08-2019,43500,25300
N124,AEMP000799000094,IDDS/01232/19-20,08-08-2019,112640,112640
N124,AEMP000799000094,JGWK/00324/19-20,31-07-2019,27140,27140
N124,AEMP000799000094,IDDS/01116/19-20,26-07-2019,56320,56320
N124,AEMP000799000094,IDDS/01117/19-20,26-07-2019,56320,56320
N124,AEMP000799000094,IDDS/01073/19-20,24-07-2019,77440,77440
N124,AEMP000799000094,IDDS/01049/19-20,22-07-2019,112640,112640
N124,AEMP000799000094,IDDS/00975/19-20,16-07-2019,70400,2232
NEA222,1100435,ILSL/03659/19-20,26-08-2019,21750,21750
NEA222,1100435,ILSL/03598/19-20,22-08-2019,21750,21000
NEC044,1100435,ILKL/00574/19-20,27-05-2019,194120,62823
WBT056,AEMP000799000367,ISML/00242/19-20,20-08-2019,17250,17250
WBT056,AEMP000799000367,ISML/00243/19-20,20-08-2019,17750,17750
WBT056,AEMP000799000367,ISML/00225/19-20,10-08-2019,36000,36000
WBT056,AEMP000799000367,ISML/00226/19-20,10-08-2019,18000,18000
WBT056,AEMP000799000367,ISML/00227/19-20,10-08-2019,18500,18500
WBT056,AEMP000799000367,ISML/00224/19-20,09-08-2019,37000,37000
WBT056,AEMP000799000367,ISML/00215/19-20,06-08-2019,36000,36000
WBT056,AEMP000799000367,ISML/00206/19-20,03-08-2019,36000,36000
WBT056,AEMP000799000367,ISML/00207/19-20,03-08-2019,37000,16799
J031,1101165,ILBD/02223/19-20,29-08-2019,43500,43500
J031,1101165,ILBD/02231/19-20,29-08-2019,43500,43500
J031,1101165,ILBD/02233/19-20,29-08-2019,43500,43500
J031,1101165,ILBD/02237/19-20,29-08-2019,43500,43500
J031,1101165,ILBD/02206/19-20,28-08-2019,21750,21750
J031,1101165,ILBD/02213/19-20,28-08-2019,43500,43500
J031,1101165,ILBD/02198/19-20,27-08-2019,43500,43500
J031,1101165,ILBD/02203/19-20,27-08-2019,21750,21750
J031,1101165,ILBD/02186/19-20,26-08-2019,43500,43500
J031,1101165,ILBD/02191/19-20,26-08-2019,43500,43500
J031,1101165,ILBD/02172/19-20,25-08-2019,43500,43500
J031,1101165,ILBD/02176/19-20,25-08-2019,43500,43500
J031,1101165,ILBD/02157/19-20,23-08-2019,43500,43500
J031,1101165,ILBD/02135/19-20,22-08-2019,22500,22500
J031,1101165,ILBD/02136/19-20,22-08-2019,43500,43500
J031,1101165,ILBD/02141/19-20,22-08-2019,43500,43500
J031,1101165,ILBD/02143/19-20,22-08-2019,36000,36000
J031,1101165,ILBD/02146/19-20,22-08-2019,43500,43500
J031,1101165,ILBD/02147/19-20,22-08-2019,43500,43500
J031,1101165,ILBD/02121/19-20,21-08-2019,43500,43500
J031,1101165,ILBD/02126/19-20,21-08-2019,43500,43500
J031,1101165,ILBD/02097/19-20,20-08-2019,43500,43500
J031,1101165,ILBD/02113/19-20,20-08-2019,43500,43500
J031,1101165,ILBD/02114/19-20,20-08-2019,43500,43500
J031,1101165,ILBD/02082/19-20,19-08-2019,43500,43500
J031,1101165,ILBD/02084/19-20,19-08-2019,43500,43500
J031,1101165,ILBD/02087/19-20,19-08-2019,49500,49500
J031,1101165,ILBD/02088/19-20,19-08-2019,43500,43500
J031,1101165,ILBD/02091/19-20,19-08-2019,49500,49500
J031,1101165,ILBD/02073/19-20,18-08-2019,43500,18017
NEM210,1101165,ILBD/02189/19-20,26-08-2019,43500,43152
R093,1100435,ILKL/01062/19-20,28-08-2019,200100,200100
R093,1100435,ILSL/03720/19-20,28-08-2019,21750,21750
R093,1100435,ILSL/03698/19-20,27-08-2019,21750,21750
R093,1100435,ILSL/03643/19-20,25-08-2019,23925,23925
R093,1100435,ILSL/03646/19-20,25-08-2019,23925,23925
R093,1100435,ILSL/03565/19-20,21-08-2019,21750,21750
R093,1100435,ILSL/03577/19-20,21-08-2019,21750,21750
R093,1100435,ILSL/03558/19-20,20-08-2019,21750,17950
WBR015,AEMP000799000094,JGWK/00890/18-19,10-01-2019,2560,2560
WBR015,AEMP000799000094,IDDS/02172/18-19,28-12-2018,99840,99840
WBR015,AEMP000799000094,IDDS/01969/18-19,30-11-2018,133560,112405
NEA127,1101084,IGFX/17149/20-EX,27-08-2019,209500,201546
NEP116,1101245,IGFX/17220/20-EX,27-08-2019,125700,84902
WBB015,CMCL_192,IDB1/00163/19-20,07-08-2019,156400,156400
WBB015,CMCL_192,IDB1/00156/19-20,02-08-2019,54400,54400
WBB015,CMCL_192,IDB1/00157/19-20,02-08-2019,68000,68000
WBB015,CMCL_192,IDB1/00155/19-20,01-08-2019,136000,15699.25
WBB111,CMCL_241,IGCB/03830/19-20,29-08-2019,77000,77000
WBB111,CMCL_241,IGCB/03831/19-20,29-08-2019,41000,41000
WBB111,CMCL_241,IGCB/03785/19-20,28-08-2019,77000,77000
WBB111,CMCL_241,IGCB/03791/19-20,28-08-2019,77000,77000
WBB111,CMCL_241,IGCB/03801/19-20,28-08-2019,77000,77000
WBB111,CMCL_241,IGCB/03819/19-20,28-08-2019,77000,39311
WBP050,CMCL_241,IGCB/03847/19-20,29-08-2019,77000,77000
WBP050,CMCL_241,IGCB/03704/19-20,26-08-2019,77000,50999.5
WBS164,CMCL_241,IGCB/03852/19-20,29-08-2019,77000,77000
WBS164,CMCL_241,IGCB/03854/19-20,29-08-2019,84700,84700
WBS164,CMCL_241,IGCB/03810/19-20,28-08-2019,77000,77000
WBS164,CMCL_241,IGCB/03823/19-20,28-08-2019,92400,92400
WBS164,CMCL_241,IGCB/03593/19-20,21-08-2019,92400,92400
WBS164,CMCL_241,IGCB/03524/19-20,20-08-2019,77000,77000
WBS164,CMCL_241,IGCB/03531/19-20,20-08-2019,77000,77000
WBS164,CMCL_241,IGCB/03463/19-20,17-08-2019,92400,92400
WBS164,CMCL_241,IGCB/03435/19-20,16-08-2019,77000,77000
WBS164,CMCL_241,IGCB/03456/19-20,16-08-2019,92400,77234
BHM112,AEMP000799000122,IGKV/00682/19-20,23-08-2019,83200,83200
BHM112,AEMP000799000122,IGKV/00683/19-20,23-08-2019,84920,80680
N151,AEMP000799000367,ISML/00233/19-20,16-08-2019,170400,170400
N151,AEMP000799000367,ISML/00185/19-20,20-07-2019,162800,143426
WBM103,AEMP000799000367,PCGW/03290/19-20,25-07-2019,395886,345886
WBM238,AEMP000799000367,PCGW/03291/19-20,25-07-2019,79783,79783
WBS102,AEMP000799000367,JGWK/00401/18-19,31-07-2018,30000,30000
WBS102,AEMP000799000367,JGWK/00960/17-18,31-03-2018,6782,6782
WBS102,AEMP000799000367,JSWK/00045/17-18,01-07-2017,532661,204097
B038,1100702,IGFX/17509/20-EX,29-08-2019,162260,162260
B038,1100702,IGFX/16854/20-EX,25-08-2019,170800,170800
B038,1100702,IGFX/16499/20-EX,23-08-2019,162260,162260
B038,1100702,IGFX/16618/20-EX,23-08-2019,170800,170800
B038,1100702,IGFX/16218/20-EX,21-08-2019,341600,341600
B038,1100702,IGFX/15657/20-EX,17-08-2019,153720,153720
B038,1100702,IGFX/15658/20-EX,17-08-2019,153720,139556
M085,1101165,ILKL/01060/19-20,27-08-2019,221850,221850
M085,1101165,ILBD/02109/19-20,20-08-2019,43500,34587
NEM186,1100435,ILSL/03663/19-20,26-08-2019,45000,45000
NEM186,1100435,ILSL/03617/19-20,24-08-2019,43500,43500
NER103,1101165,ILBD/02151/19-20,23-08-2019,43500,43500
NER103,1101165,ILBD/02155/19-20,23-08-2019,21750,21750
M073,1101268,IGFX/15941/20-EX,19-08-2019,84000,84000
M073,1101268,IGFX/15942/20-EX,19-08-2019,84000,84000
M073,1101268,IGFX/15699/20-EX,17-08-2019,84000,84000
M073,1101268,IGFX/15700/20-EX,17-08-2019,84000,84000
M073,1101268,IGFX/15403/20-EX,14-08-2019,84000,80891
NES298,1101268,IGFX/17493/20-EX,29-08-2019,168000,168000
NES298,1101268,IGFX/16630/20-EX,24-08-2019,168000,168000
NES298,1101268,IGFX/14347/20-EX,05-08-2019,168000,156384
WBS198,AEMP000799000367,IDJG/00009/19-20,30-06-2019,110420,78200
A146,1101082,IGFX/17332/20-EX,28-08-2019,356800,356800
A146,1101082,IGFX/16848/20-EX,25-08-2019,356800,336932
D005,1100740,SDASG/00515/2016-2017,26-12-2016,500,500
D005,1100740,JVGG/03213/2016-2017,31-08-2016,143150,143150
D005,1100740,SAGTZ/00047/2016-2017,07-05-2016,22200,22200
D005,1100740,SAGFC/03202/2016-2017,01-05-2016,150000,150000
D005,1100740,SAGFC/02274/2016-2017,23-04-2016,262500,262500
D005,1100740,SAGFC/01672/2016-2017,17-04-2016,150000,146997
NEK048,1101116,IGDE/02310/20-EX,29-08-2019,22050,22050
NEK048,1101116,IGDE/02273/20-EX,28-08-2019,22050,22050
NEK048,1101116,IGDE/02278/20-EX,28-08-2019,22050,22050
NEK048,1101116,IGDE/02281/20-EX,28-08-2019,13230,12530
NER171,1101116,IGFX/16982/20-EX,26-08-2019,223000,208600
P138,1101082,IGFX/16903/20-EX,25-08-2019,249760,249760
P138,1101082,IGFX/15646/20-EX,17-08-2019,356800,49780
NEK095,STARNE037,ILBD/01913/19-20,03-08-2019,43500,43500
NEK095,STARNE037,ILBD/01799/19-20,22-07-2019,43500,43500
NEK095,STARNE037,ILKL/00861/19-20,06-07-2019,105500,105500
NEK095,STARNE037,ILKL/00833/19-20,03-07-2019,109720,14424
WBA006,AEMP000799000096,JGWK/00238/19-20,30-06-2019,53672,53672
WBA006,AEMP000799000096,IDDS/00795/19-20,28-06-2019,115840,115840
WBA006,AEMP000799000096,IDDS/00756/19-20,25-06-2019,112640,112640
WBA006,AEMP000799000096,IDDS/00720/19-20,21-06-2019,112640,112640
WBA006,AEMP000799000096,IDDS/00660/19-20,17-06-2019,78540,78540
WBA006,AEMP000799000096,IDDS/00661/19-20,17-06-2019,35700,35700
WBA006,AEMP000799000096,IDDS/00669/19-20,17-06-2019,149226,149226
WBA006,AEMP000799000096,IDDS/00563/19-20,07-06-2019,72400,72400
WBA006,AEMP000799000096,IDDS/00578/19-20,07-06-2019,115840,115840
WBA006,AEMP000799000096,IDDS/00553/19-20,04-06-2019,57920,57920
WBA006,AEMP000799000096,IDDS/00521/19-20,31-05-2019,59520,35222.99
WBM216,AEMP000799000094,PCGW/05406/18-19,03-11-2018,194460,194460
NEA198,1101084,IGFX/17473/20-EX,29-08-2019,209500,209500
NEA198,1101084,IGFX/17361/20-EX,28-08-2019,209500,209500
NEA198,1101084,IGFX/16752/20-EX,24-08-2019,184360,184360
NEA198,1101084,IGFX/16502/20-EX,23-08-2019,167600,167600
NEA198,1101084,IGFX/16376/20-EX,22-08-2019,209500,187723
NEG046,1101147,ILDS/02848/19-20,23-08-2019,81620,80420
NEM140,11001360,IGFX/17418/20-EX,29-08-2019,209500,209500
NEM140,11001360,IGFX/17436/20-EX,29-08-2019,209500,209500
NEM140,11001360,IGFX/17250/20-EX,28-08-2019,125700,125700
NEM140,11001360,IGFX/17251/20-EX,28-08-2019,83800,83800
NEM140,11001360,IGFX/17257/20-EX,28-08-2019,209500,209500
P182,1100387,IGBG/00225/17-18,28-12-2017,38390,38390
P182,1100387,IGBG/00209/17-18,09-12-2017,52350,35550
WBM242,CMCL_241,IGCB/03641/19-20,22-08-2019,57750,57750
WBM242,CMCL_241,IGCB/03642/19-20,22-08-2019,20500,20500
WBM242,CMCL_241,IGCB/03490/19-20,17-08-2019,77000,69462
WBM244,CMCL_192,JGWK/00141/19-20,31-05-2019,5300,5300
WBM244,CMCL_192,JGWK/00106/19-20,23-05-2019,25320,25320
WBM244,CMCL_192,IDB1/00100/19-20,14-05-2019,37000,37000
WBM244,CMCL_192,IDB1/00098/19-20,03-05-2019,48300,48300
WBM244,CMCL_192,IDB1/00099/19-20,03-05-2019,48300,48300
WBM244,CMCL_192,JGWK/00055/19-20,30-04-2019,3520,3520
WBM244,CMCL_192,IDB1/00090/19-20,27-04-2019,34500,23160
BHB011,AEMP000799000122,PCGB/05727/18-19,12-02-2019,254025,254025
BHP016,AEMP000799000122,IDJB/00026/18-19,31-03-2019,10000,10000
BHP016,AEMP000799000122,PCGB/05651/18-19,07-02-2019,55723,35723
NEA144,1101058,ILVG/00169/19-20,25-07-2019,148800,97337
WBA099,AEMP000799000367,ISDS/01529/19-20,28-08-2019,157500,157500
WBA099,AEMP000799000367,ISDS/01372/19-20,03-08-2019,124800,124692
WBD035,AEMP000799000367,IDJG/00032/18-19,28-02-2019,10000,10000
WBD035,AEMP000799000367,IDJG/00023/18-19,31-12-2018,10000,10000
WBD035,AEMP000799000367,JGWK/00956/17-18,31-03-2018,20000,20000
WBD035,AEMP000799000367,JSWK/00045/17-18,01-07-2017,191770,111770
S036,STARNE051,IGFX/17080/20-EX,27-08-2019,153720,153720
S036,STARNE051,IGFX/16453/20-EX,22-08-2019,170800,161088
S179,1101116,IGFX/16429/20-EX,22-08-2019,312200,312200
S179,1101116,IGDE/02190/20-EX,22-08-2019,22050,22050
S179,1101116,IGDE/02193/20-EX,22-08-2019,22050,22050
S179,1101116,IGDE/02196/20-EX,22-08-2019,22050,22050
S179,1101116,IGDE/02206/20-EX,22-08-2019,22050,22050
S179,1101116,IGDE/02178/20-EX,21-08-2019,22050,22050
S179,1101116,IGDE/02179/20-EX,21-08-2019,26460,26460
S179,1101116,IGDE/02182/20-EX,21-08-2019,26460,26460
S179,1101116,IGDE/02186/20-EX,21-08-2019,26460,7956
S179,1101116,IGDE/02302/20-EX,29-08-2019,22050,22050
S179,1101116,IGDE/02304/20-EX,29-08-2019,13230,13230
S179,1101116,IGDE/02308/20-EX,29-08-2019,13230,13230
S179,1101116,IGDE/02309/20-EX,29-08-2019,22050,22050
S179,1101116,IGDE/02312/20-EX,29-08-2019,13230,13230
S179,1101116,IGDE/02313/20-EX,29-08-2019,26460,26460
S179,1101116,IGDE/02315/20-EX,29-08-2019,22050,22050
S179,1101116,IGFX/17497/20-EX,29-08-2019,312200,312200
S179,1101116,IGDE/02279/20-EX,28-08-2019,22050,22050
S179,1101116,IGDE/02287/20-EX,28-08-2019,26460,26460
S179,1101116,IGDE/02301/20-EX,28-08-2019,13230,13230
S179,1101116,IGFX/17178/20-EX,27-08-2019,89200,89200
S179,1101116,IGFX/17179/20-EX,27-08-2019,312200,312200
S179,1101116,IGFX/16983/20-EX,26-08-2019,133800,133800
S179,1101116,IGDE/02254/20-EX,26-08-2019,22050,22050
S179,1101116,IGDE/02257/20-EX,26-08-2019,22050,22050
S179,1101116,IGDE/02262/20-EX,26-08-2019,22050,22050
S179,1101116,IGDE/02231/20-EX,24-08-2019,22050,22050
S179,1101116,IGDE/02241/20-EX,24-08-2019,13230,13230
S179,1101116,IGDE/02242/20-EX,24-08-2019,26460,26460
NEM133,1101311,ILAI/00293/19-20,23-08-2019,22850,22850
NEM133,1101311,ILAI/00294/19-20,23-08-2019,18280,18280
NEM133,1101311,ILVG/00214/19-20,22-08-2019,190800,190800
NEM133,1101311,ILVG/00217/19-20,22-08-2019,190800,190800
NEM133,1101311,SDMZ/00002/19-20,22-08-2019,186,186
NEM133,1101311,SDMZ/00003/19-20,22-08-2019,930,930
NEM133,1101311,ILAI/00281/19-20,21-08-2019,18280,18280
NEM133,1101311,ILAI/00282/19-20,21-08-2019,22850,22850
NEM133,1101311,ILAI/00283/19-20,21-08-2019,22850,22850
NEM133,1101311,ILAI/00285/19-20,21-08-2019,18280,18280
NEM133,1101311,ILAI/00274/19-20,20-08-2019,18280,18280
NEM133,1101311,ILAI/00275/19-20,20-08-2019,22850,22850
NEM133,1101311,ILAI/00276/19-20,20-08-2019,22850,22850
NEM133,1101311,ILAI/00277/19-20,20-08-2019,22850,22850
NEM133,1101311,ILAI/00278/19-20,20-08-2019,18280,18280
NEM133,1101311,ILAI/00262/19-20,19-08-2019,91400,91400
NEM133,1101311,ILAI/00270/19-20,19-08-2019,22850,22850
NEM133,1101311,ILAI/00271/19-20,19-08-2019,22850,22850
NEM133,1101311,ILAI/00272/19-20,19-08-2019,18280,18280
NEM133,1101311,ILAI/00254/19-20,13-08-2019,22850,22850
NEM133,1101311,ILAI/00255/19-20,13-08-2019,22850,22850
NEM133,1101311,ILAI/00258/19-20,13-08-2019,13710,13710
NEM133,1101311,ILAI/00259/19-20,13-08-2019,13710,13710
NEM133,1101311,ILVG/00187/19-20,13-08-2019,190800,190800
NEM133,1101311,ILAI/00238/19-20,12-08-2019,18280,18280
NEM133,1101311,ILAI/00239/19-20,12-08-2019,36560,36560
NEM133,1101311,ILAI/00240/19-20,12-08-2019,59410,59410
NEM133,1101311,ILAI/00241/19-20,12-08-2019,59410,59410
NEM133,1101311,ILAI/00243/19-20,12-08-2019,18280,18280
NEM133,1101311,ILAI/00244/19-20,12-08-2019,27420,27420
NEM133,1101311,ILAI/00246/19-20,12-08-2019,45700,18064
S370,AEMP000799000367,ISDS/01520/19-20,27-08-2019,58400,58400
S370,AEMP000799000367,ISDS/01521/19-20,27-08-2019,60000,60000
S370,AEMP000799000367,ISDS/01476/19-20,22-08-2019,73000,56416
WBA087,AEMP000799000367,ISML/00250/19-20,28-08-2019,103500,103500
WBA087,AEMP000799000367,ISML/00251/19-20,28-08-2019,35500,35500
WBA087,AEMP000799000367,ISML/00240/19-20,20-08-2019,69000,69000
WBA087,AEMP000799000367,ISML/00241/19-20,20-08-2019,71000,24651
WBB043,AEMP000799000367,JGWK/01202/18-19,31-03-2019,1200,1200
WBB043,AEMP000799000367,JDWK/00284/18-19,31-08-2018,138000,138000
WBB043,AEMP000799000367,ISDS/00752/18-19,25-06-2018,112000,112000
WBB043,AEMP000799000367,ISDS/00615/18-19,13-06-2018,75900,75900
WBB043,AEMP000799000367,IGML/00188/18-19,11-06-2018,113280,60975
WBM058,AEMP000799000367,JVSS/00098/2016-2017,31-07-2016,2400,2400
WBM058,AEMP000799000367,SAGML/00716/2015-2016,11-09-2015,65600,65600
WBM058,AEMP000799000367,SAGML/00694/2015-2016,31-08-2015,65600,65600
WBM058,AEMP000799000367,JVKS/01553/2015-2016,01-08-2015,620960,164677
WBS025,AEMP000799000367,BNKUS/00589/2017-2018,19-04-2017,174114,159614
E002,1101082,IGDE/02314/20-EX,29-08-2019,22050,22050
E002,1101082,IGFX/17470/20-EX,29-08-2019,133800,133800
E002,1101082,IGFX/17471/20-EX,29-08-2019,178400,178400
E002,1101082,IGFX/17472/20-EX,29-08-2019,89200,89200
E002,1101082,IGFX/17354/20-EX,28-08-2019,178400,178400
R143,AEMP000799000367,IGML/00178/17-18,21-11-2017,137600,84549
WBA108,AEMP000799000367,ISDS/01415/19-20,14-08-2019,58400,58400
WBA108,AEMP000799000367,ISDS/01416/19-20,14-08-2019,60000,60000
WBA108,AEMP000799000367,SDGW/00002/19-20,09-08-2019,500,500
WBA108,AEMP000799000367,ISDS/01296/19-20,17-07-2019,76000,61000
WBM234,AEMP000799000367,IDJG/00009/19-20,30-06-2019,27676,27676
WBM234,AEMP000799000367,ISDS/00160/19-20,12-04-2019,75200,74433
WBN084,AEMP000799000367,JSWK/00103/19-20,30-06-2019,123640,123640
WBN084,AEMP000799000367,IGML/00051/19-20,10-05-2019,40000,40000
WBN084,AEMP000799000367,IGML/00025/19-20,01-05-2019,60000,60000
WBN084,AEMP000799000367,IGML/00026/19-20,01-05-2019,51100,51100
WBN084,AEMP000799000367,ISML/00029/19-20,25-04-2019,52500,52500
WBN084,AEMP000799000367,ISML/00030/19-20,25-04-2019,58400,46363
NEN076,STARNE051,IGFX/17114/20-EX,27-08-2019,170800,170800
NEN076,STARNE051,IGFX/16194/20-EX,21-08-2019,170800,170800
NEN076,STARNE051,IGFX/15391/20-EX,14-08-2019,170800,170800
NEN076,STARNE051,IGFX/14519/20-EX,06-08-2019,170800,136192
NES289,1100435,ILSL/03709/19-20,28-08-2019,43500,30000
WBD053,AEMP000799000094,JGWK/00887/18-19,10-01-2019,2560,2560
WBD053,AEMP000799000094,JGWK/00795/18-19,11-12-2018,112015,95280
WBJ053,1101229,JGWK/00054/19-20,30-04-2019,3520,3520
WBJ053,1101229,IDDS/00003/19-20,02-04-2019,52640,52640
WBJ053,1101229,IDDS/00004/19-20,02-04-2019,52640,52640
WBJ053,1101229,JGWK/01180/18-19,31-03-2019,5120,5120
WBJ053,1101229,IDDS/02991/18-19,16-03-2019,40320,3920
G061,1200125,IGFX/17283/20-EX,28-08-2019,260400,260400
G061,1200125,IGFX/17288/20-EX,28-08-2019,347200,347200
G061,1200125,IGFX/17272/20-EX,28-08-2019,86800,86800
G061,1200125,IGFX/17273/20-EX,28-08-2019,173600,173600
G061,1200125,IGFX/16968/20-EX,26-08-2019,217000,217000
G061,1200125,IGFX/16999/20-EX,26-08-2019,217000,217000
G061,1200125,IGFX/16565/20-EX,23-08-2019,217000,217000
G061,1200125,IGFX/16407/20-EX,22-08-2019,217000,50469
NED081,1101245,IGFX/17227/20-EX,27-08-2019,125700,125700
NED081,1101245,IGFX/16801/20-EX,25-08-2019,125700,89365
NEK124,1101255,IGFX/17031/20-EX,27-08-2019,109750,109750
NEK124,1101255,IGFX/17032/20-EX,27-08-2019,62850,62850
NEK124,1101255,IGFX/16301/20-EX,21-08-2019,125700,75689
WBR081,1101124,ISGR/00140/19-20,28-08-2019,72000,72000
WBR081,1101124,ISDS/01466/19-20,21-08-2019,151200,151200
WBR081,1101124,ISDS/01455/19-20,20-08-2019,151200,90200
NEA027,1100210,IGFX/17182/20-EX,27-08-2019,180400,180400
NEA027,1100210,IGFX/17183/20-EX,27-08-2019,174400,174400
NEA027,1100210,IGFX/16413/20-EX,22-08-2019,174400,22350
NEM214,1100321,IGFX/16822/20-EX,25-08-2019,360000,360000
NEM214,1100321,IGFX/15131/20-EX,11-08-2019,315000,166533
NES291,1100321,IGFX/17516/20-EX,29-08-2019,315000,315000
NES291,1100321,IGFX/16343/20-EX,22-08-2019,315000,283640
WBM218,CMCL_191,JGWK/00323/19-20,31-07-2019,24150,24150
WBM218,CMCL_191,IDDS/01158/19-20,31-07-2019,114240,114240
WBM218,CMCL_191,ID2B/00091/19-20,19-07-2019,13600,13600
C105,AEMP000799000094,IDC2/00099/18-19,26-06-2018,161000,161000
C105,AEMP000799000094,IDC2/00100/18-19,26-06-2018,161000,161000
C105,AEMP000799000094,IDC2/00076/18-19,14-06-2018,31700,28145
J121,CMCL_162,JGWK/00323/19-20,31-07-2019,14720,14720
J121,CMCL_162,IDDS/01072/19-20,23-07-2019,112640,112640
J121,CMCL_162,IDDS/01036/19-20,22-07-2019,112640,112640
J121,CMCL_162,JGWK/00215/19-20,30-06-2019,6400,6400
J121,CMCL_162,IDDS/00766/19-20,26-06-2019,115840,94715
K066,1101182,ILBD/02217/19-20,29-08-2019,43500,43500
K066,1101182,ILKL/01070/19-20,29-08-2019,200100,200100
K066,1101182,ILKL/01072/19-20,29-08-2019,200100,200100
K066,1101182,ILKL/01056/19-20,27-08-2019,200100,200100
K066,1101182,ILKL/01051/19-20,26-08-2019,200100,200100
K066,1101182,ILKL/01044/19-20,24-08-2019,200100,200100
K066,1101182,ILKL/01039/19-20,23-08-2019,182700,182700
K066,1101182,ILKL/01020/19-20,21-08-2019,208800,120650
NEA220,1100435,ILSL/03758/19-20,29-08-2019,21750,21750
NEA220,1100435,ILSL/03574/19-20,21-08-2019,43500,43500
NEA220,1100435,ILSL/03578/19-20,21-08-2019,21750,12500
WBD075,AEMP000799000096,IDDS/01378/19-20,27-08-2019,107840,107840
WBD075,AEMP000799000096,IDDS/01326/19-20,21-08-2019,53920,53920
WBD075,AEMP000799000096,IDDS/01278/19-20,16-08-2019,107840,107840
WBD075,AEMP000799000096,IDDS/01224/19-20,08-08-2019,112640,112640
WBD075,AEMP000799000096,IDDS/01180/19-20,01-08-2019,112640,68720
WBM150,AEMP000799000096,IDDS/01287/19-20,18-08-2019,107840,107840
WBM150,AEMP000799000096,IDDS/01196/19-20,03-08-2019,112640,112640
WBM150,AEMP000799000096,JGWK/00323/19-20,31-07-2019,19320,19320
WBM150,AEMP000799000096,IDDS/01071/19-20,23-07-2019,70400,70400
WBM150,AEMP000799000096,IDDS/01010/19-20,18-07-2019,112640,112640
WBM150,AEMP000799000096,IDDS/01015/19-20,18-07-2019,42240,42240
WBM150,AEMP000799000096,IDDS/01016/19-20,18-07-2019,70400,50566
WBS241,CMCL_162,JGWK/00217/19-20,30-06-2019,3000,3000
WBS241,CMCL_162,IDDS/00570/19-20,07-06-2019,74500,74500
WBS241,CMCL_162,JGWK/00143/19-20,31-05-2019,20720,20720
WBS241,CMCL_162,JGWK/00107/19-20,23-05-2019,1600,1600
WBS241,CMCL_162,IDDS/00451/19-20,23-05-2019,160650,49235
NEA126,1101084,IGFX/17424/20-EX,29-08-2019,167600,167600
NEA126,1101084,IGFX/16113/20-EX,20-08-2019,159220,158825
M299,1101232,JGPK/00022/19-20,14-05-2019,2516,2516
M299,1101232,IGSM/00034/18-19,16-10-2018,53250,53250
M299,1101232,IGSM/00027/18-19,24-08-2018,52540,52540
M299,1101232,IGSM/00022/18-19,02-08-2018,17750,17750
M299,1101232,IGSM/00020/18-19,28-07-2018,38500,38500
M299,1101232,IGSM/00016/18-19,07-07-2018,3750,3750
M299,1101232,IGSM/00017/18-19,07-07-2018,52500,52500
M299,1101232,IGSM/00013/18-19,29-06-2018,33750,33750
M299,1101232,ISKS/00573/18-19,31-05-2018,83040,83040
M299,1101232,IGKS/01338/18-19,19-05-2018,109120,109120
M299,1101232,JGPK/00231/17-18,16-02-2018,8300,8300
M299,1101232,JGPK/00193/17-18,31-01-2018,7000,7000
E002,1101082,IGFX/17355/20-EX,28-08-2019,89200,89200
E002,1101082,IGDE/02294/20-EX,28-08-2019,22050,22050
E002,1101082,IGFX/16996/20-EX,26-08-2019,223000,223000
E002,1101082,IGDE/02215/20-EX,23-08-2019,13230,13230
E002,1101082,IGFX/16516/20-EX,23-08-2019,44600,44600
E002,1101082,IGFX/16517/20-EX,23-08-2019,178400,178400
E002,1101082,IGFX/16523/20-EX,23-08-2019,223000,223000
E002,1101082,IGFX/16354/20-EX,22-08-2019,178400,178400
E002,1101082,IGFX/16355/20-EX,22-08-2019,178400,178400
E002,1101082,IGFX/16417/20-EX,22-08-2019,228000,228000
E002,1101082,IGFX/16418/20-EX,22-08-2019,133800,133800
E002,1101082,IGDE/02192/20-EX,22-08-2019,13230,13230
E002,1101082,IGDE/02202/20-EX,22-08-2019,22050,22050
E002,1101082,IGDE/02214/20-EX,22-08-2019,22050,22050
E002,1101082,IGDE/02176/20-EX,21-08-2019,22050,22050
E002,1101082,IGDE/02187/20-EX,21-08-2019,22050,22050
E002,1101082,IGFX/15799/20-EX,18-08-2019,312200,312200
E002,1101082,IGFX/15818/20-EX,18-08-2019,178400,178400
E002,1101082,IGFX/15819/20-EX,18-08-2019,178400,178400
E002,1101082,IGDE/02147/20-EX,17-08-2019,13230,13230
E002,1101082,IGFX/15482/20-EX,15-08-2019,178400,178400
E002,1101082,IGFX/15483/20-EX,15-08-2019,178400,178400
E002,1101082,IGFX/15354/20-EX,14-08-2019,228000,228000
E002,1101082,IGFX/15355/20-EX,14-08-2019,133800,133800
E002,1101082,IGFX/15360/20-EX,14-08-2019,228000,228000
E002,1101082,IGFX/15155/20-EX,11-08-2019,312200,126336
G017,1100435,ILSL/03158/19-20,02-08-2019,21750,21750
G017,1100435,ILSL/03159/19-20,02-08-2019,21750,21750
G017,1100435,ILSL/03163/19-20,02-08-2019,43500,43500
G017,1100435,ILSL/03171/19-20,02-08-2019,43500,43500
G017,1100435,ILKL/00933/19-20,02-08-2019,200100,200100
G017,1100435,ILKL/00934/19-20,02-08-2019,87000,87000
G017,1100435,ILSL/03148/19-20,01-08-2019,43500,43500
G017,1100435,ILSL/03149/19-20,01-08-2019,43500,43500
G017,1100435,ILSL/03151/19-20,01-08-2019,43500,43500
G017,1100435,ILSL/03154/19-20,01-08-2019,43500,42582
H041,1101182,ILKL/01067/19-20,28-08-2019,178350,178350
H041,1101182,ILBD/02199/19-20,27-08-2019,43500,43500
H041,1101182,ILBD/02163/19-20,24-08-2019,43500,43500
H041,1101182,ILBD/02169/19-20,24-08-2019,43500,43500
H041,1101182,ILKL/01040/19-20,24-08-2019,87000,87000
H041,1101182,ILKL/01024/19-20,21-08-2019,104400,104400
H041,1101182,ILBD/02103/19-20,20-08-2019,43500,43500
H041,1101182,ILBD/02111/19-20,20-08-2019,43500,43500
H041,1101182,ILBD/02085/19-20,19-08-2019,43500,43500
H041,1101182,ILBD/02059/19-20,16-08-2019,43500,24900
NEA182,1101165,ILBD/02218/19-20,29-08-2019,43500,43500
NEA182,1101165,ILBD/02207/19-20,28-08-2019,43500,43500
NEA182,1101165,ILBD/02208/19-20,28-08-2019,43500,43500
NEA182,1101165,ILBD/02204/19-20,27-08-2019,43500,43500
NEA182,1101165,ILBD/02179/19-20,26-08-2019,43500,43500
NEA182,1101165,ILBD/02171/19-20,25-08-2019,21750,21750
NEA182,1101165,ILBD/02167/19-20,24-08-2019,21750,21750
NEA182,1101165,ILBD/02122/19-20,21-08-2019,21750,21750
NER107,1101255,IGFX/17135/20-EX,27-08-2019,50280,50280
NER107,1101255,IGFX/16712/20-EX,24-08-2019,209500,209500
NER107,1101255,IGFX/16245/20-EX,21-08-2019,209500,95328
NES382,1101147,ILDS/02814/19-20,21-08-2019,170660,159000
WBP026,1101124,ISDS/01505/19-20,26-08-2019,151200,151199.96
BHJ020,1101232,PCGB/01578/17-18,01-12-2017,941577,911062
BHS097,1101232,JGPK/00025/19-20,14-05-2019,300,300
BHS097,1101232,IGSM/00005/18-19,19-06-2018,50550,50550
BHS097,1101232,JVKS/06070/2016-2017,31-03-2017,12530,12530
BHS097,1101232,SAGSM/00415/2016-2017,31-03-2017,156510,156510
BHS097,1101232,SAGSM/00416/2016-2017,31-03-2017,152150,41957
NEF001,1101175,IGFX/14678/20-EX,07-08-2019,305200,284230
WBD072,CMCL_191,JGWK/00140/19-20,31-05-2019,8000,8000
WBD072,CMCL_191,ID2B/00052/19-20,21-05-2019,59200,59200
WBD072,CMCL_191,ID2B/00051/19-20,21-05-2019,59200,59200
WBD072,CMCL_191,JGWK/00053/19-20,30-04-2019,2800,2800
WBD072,CMCL_191,JGWK/00110/19-20,30-04-2019,3840,3840
WBD072,CMCL_191,ID2B/00024/19-20,21-04-2019,55200,11640
I015,1100202,IGRR/00879/20-EX,29-08-2019,28630,28630
I015,1100202,IGRR/00863/20-EX,27-08-2019,28630,28630
I015,1100202,IGRR/00821/20-EX,23-08-2019,28630,28630
I015,1100202,IGRR/00775/20-EX,20-08-2019,28630,28630
I015,1100202,IGRR/00629/20-EX,03-08-2019,28630,25575
J043,1101064,IGFX/17506/20-EX,29-08-2019,125100,125100
J043,1101064,IGFX/17214/20-EX,27-08-2019,42300,42300
J043,1101064,IGFX/17215/20-EX,27-08-2019,42300,42300
J043,1101064,IGFX/17216/20-EX,27-08-2019,42300,42300
J043,1101064,IGFX/16634/20-EX,24-08-2019,125100,125100
J043,1101064,IGFX/15995/20-EX,20-08-2019,42300,42300
J043,1101064,IGFX/15996/20-EX,20-08-2019,42300,42300
J043,1101064,IGFX/15997/20-EX,20-08-2019,42300,32498
NED026,1101064,SDASG/00495/2016-2017,26-12-2016,500,500
NED026,1101064,CMGYU/04687/2016-2017,15-11-2016,60588,60588
NEM189,1101064,IGLE/03790/20-EX,28-08-2019,28630,28630
NEM189,1101064,IGLE/03781/20-EX,27-08-2019,28630,12680
S596,AEMP000799000100,IGSL/03568/19-20,17-08-2019,8250,8250
S596,AEMP000799000100,IGSL/03569/19-20,17-08-2019,3000,3000
S596,AEMP000799000100,IGSL/03582/19-20,17-08-2019,28125,28125
S596,AEMP000799000100,IGSL/03520/19-20,16-08-2019,39000,39000
S596,AEMP000799000100,IGSL/03491/19-20,14-08-2019,22500,22500
S596,AEMP000799000100,IGSL/03494/19-20,14-08-2019,39000,39000
S596,AEMP000799000100,IGSL/03448/19-20,13-08-2019,112500,112500
S596,AEMP000799000100,IGSL/03449/19-20,13-08-2019,13125,13125
S596,AEMP000799000100,IGSL/03451/19-20,13-08-2019,71250,71250
S596,AEMP000799000100,IGSL/03454/19-20,13-08-2019,13125,13125
S596,AEMP000799000100,IGSL/03459/19-20,13-08-2019,15750,15750
S596,AEMP000799000100,IGSL/03478/19-20,13-08-2019,39000,39000
S596,AEMP000799000100,IGSL/03419/19-20,12-08-2019,39000,39000
S596,AEMP000799000100,IGSL/03426/19-20,12-08-2019,36000,36000
S596,AEMP000799000100,IGSL/03427/19-20,12-08-2019,30000,30000
S596,AEMP000799000100,IGSL/03432/19-20,12-08-2019,39000,39000
S365,AEMP000799000367,SAGML/00409/2017-2018,29-06-2017,146000,146000
S365,AEMP000799000367,SAGML/00410/2017-2018,29-06-2017,146000,146000
S365,AEMP000799000367,SAGML/00411/2017-2018,29-06-2017,182500,182500
S365,AEMP000799000367,SAGML/00412/2017-2018,29-06-2017,150000,150000
S365,AEMP000799000367,SAGML/00413/2017-2018,29-06-2017,135000,52055
WBJ005,AEMP000799000367,SDWEG/00006/2017-2018,19-04-2017,100,100
WBJ005,AEMP000799000367,BNKUS/00592/2017-2018,19-04-2017,158960,158960
Z004,1101116,IGDE/02305/20-EX,29-08-2019,22050,22050
Z004,1101116,IGDE/02292/20-EX,28-08-2019,22050,21902
K031,1100435,ILBD/02235/19-20,29-08-2019,43500,43500
K031,1100435,ILBD/02212/19-20,28-08-2019,43500,43500
K031,1100435,ILBD/02196/19-20,27-08-2019,43500,43500
K031,1100435,ILBD/02197/19-20,27-08-2019,43500,43500
K031,1100435,ILBD/02182/19-20,26-08-2019,43500,43500
K031,1100435,ILBD/02188/19-20,26-08-2019,43500,43500
K031,1100435,ILBD/02150/19-20,23-08-2019,43500,43500
K031,1100435,ILBD/02156/19-20,23-08-2019,21750,16500
WBM219,AEMP000799000094,JGWK/00397/18-19,31-07-2018,31520,31520
WBM219,AEMP000799000094,IDCO/00496/17-18,06-03-2018,163500,116440
WBR013,AEMP000799000094,JGWK/01182/18-19,31-03-2019,32384,32384
WBR013,AEMP000799000094,IDC2/00512/18-19,31-03-2019,38280,38280
WBR013,AEMP000799000094,IDC2/00513/18-19,31-03-2019,25520,25520
WBR013,AEMP000799000094,IDC2/00514/18-19,31-03-2019,15312,15312
WBR013,AEMP000799000094,IDC2/00505/18-19,30-03-2019,63800,63800
WBR013,AEMP000799000094,IDC2/00490/18-19,27-03-2019,51840,51840
WBR013,AEMP000799000094,IDC2/00491/18-19,27-03-2019,12960,12960
WBR013,AEMP000799000094,IDC2/00489/18-19,26-03-2019,64800,64800
WBR013,AEMP000799000094,IDC2/00472/18-19,14-03-2019,19440,19440
WBR013,AEMP000799000094,IDC2/00473/18-19,14-03-2019,32400,32400
WBR013,AEMP000799000094,IDC2/00465/18-19,10-03-2019,32400,32400
WBR013,AEMP000799000094,IDC2/00460/18-19,09-03-2019,50240,50240
WBR013,AEMP000799000094,IDC2/00461/18-19,09-03-2019,12560,12560
WBR013,AEMP000799000094,IDC2/00442/18-19,28-02-2019,62800,14252
WBR034,AEMP000799000094,JGWK/00324/19-20,31-07-2019,2000,2000
WBR034,AEMP000799000094,IDDS/01074/19-20,24-07-2019,35200,33140
WBS231,AEMP000799000094,IDJG/00005/19-20,30-06-2019,3825,3825
WBS231,AEMP000799000094,IDJG/00037/18-19,31-03-2019,148680,148680
WBS231,AEMP000799000094,JGWK/01183/18-19,31-03-2019,11320,11320
WBS231,AEMP000799000094,IDC2/00484/18-19,24-03-2019,64800,8210
B236,1101124,IDJG/00023/18-19,31-12-2018,144788,43907
NEJ089,1101245,IGFX/16322/20-EX,22-08-2019,125700,88443
P081,11001360,IGFX/17268/20-EX,28-08-2019,209500,209500
P081,11001360,IGFX/17078/20-EX,27-08-2019,209500,209500
P081,11001360,IGFX/16683/20-EX,24-08-2019,125700,125700
P081,11001360,IGFX/16682/20-EX,24-08-2019,83800,83800
P081,11001360,IGFX/16199/20-EX,21-08-2019,209500,209500
P081,11001360,IGFX/16017/20-EX,20-08-2019,209500,209500
P081,11001360,IGFX/15878/20-EX,19-08-2019,209500,10734
P228,1200229,ILDS/13829/18-19,01-03-2019,166980,152725
BHL005,1101232,JVKS/05523/2016-2017,25-03-2017,19,19
WBS256,CMCL_192,IDDS/00693/19-20,19-06-2019,57760,57760
WBS256,CMCL_192,JGWK/00142/19-20,31-05-2019,17920,17920
WBS256,CMCL_192,IDDS/00438/19-20,21-05-2019,120640,76640
R002,1101309,ILVG/00199/19-20,17-08-2019,122100,118880
WBP048,CMCL_088,JGWK/00324/19-20,31-07-2019,84000,84000
WBP048,CMCL_088,IDDS/01125/19-20,29-07-2019,112640,112640
WBP048,CMCL_088,IDDS/01093/19-20,24-07-2019,112640,112640
WBP048,CMCL_088,IDDS/01068/19-20,23-07-2019,112640,112640
WBP048,CMCL_088,IDDS/01027/19-20,20-07-2019,114240,114240
WBP048,CMCL_088,IDDS/01020/19-20,19-07-2019,112640,112640
WBP048,CMCL_088,IDDS/00993/19-20,17-07-2019,112640,112640
WBP048,CMCL_088,IDDS/00944/19-20,13-07-2019,115840,115840
WBP048,CMCL_088,IDDS/00922/19-20,11-07-2019,115840,24101
WBK054,AEMP000799000367,PCGW/03345/19-20,24-07-2019,85765,85765
WBM003,AEMP000799000367,BNKUS/00591/2017-2018,19-04-2017,305343,305343
WBM003,AEMP000799000367,SDWEG/00005/2017-2018,19-04-2017,100,100
WBM016,AEMP000799000367,ISDS/01111/19-20,20-06-2019,85800,85800
WBM016,AEMP000799000367,ISDS/01112/19-20,20-06-2019,80000,71234
WBM028,AEMP000799000367,ISML/00068/17-18,30-10-2017,44672,44672
WBM028,AEMP000799000367,ISDS/00776/17-18,09-10-2017,113600,113600
WBM028,AEMP000799000367,IGML/00137/17-18,16-09-2017,88920,88920
WBM028,AEMP000799000367,JSWK/00045/17-18,01-07-2017,455755,304493
WBS012,AEMP000799000367,JSWK/00103/19-20,30-06-2019,10000,10000
WBS012,AEMP000799000367,JSWK/00462/18-19,31-03-2019,15000,15000
WBS012,AEMP000799000367,JSWK/00360/17-18,31-03-2018,274454,241873
A048,1101116,IGDE/02274/20-EX,28-08-2019,22050,22050
A048,1101116,IGDE/02275/20-EX,28-08-2019,22050,22050
A048,1101116,IGDE/02280/20-EX,28-08-2019,17640,17640
A048,1101116,IGDE/02284/20-EX,28-08-2019,22050,22050
A048,1101116,IGDE/02285/20-EX,28-08-2019,22050,22050
A048,1101116,IGDE/02288/20-EX,28-08-2019,24255,24255
A048,1101116,IGDE/02290/20-EX,28-08-2019,44100,44100
A048,1101116,IGDE/02291/20-EX,28-08-2019,22050,22050
A048,1101116,IGDE/02293/20-EX,28-08-2019,44100,44100
A048,1101116,IGDE/02295/20-EX,28-08-2019,26460,26460
A048,1101116,IGDE/02270/20-EX,27-08-2019,22050,22050
A048,1101116,IGDE/02271/20-EX,27-08-2019,26460,26460
A048,1101116,IGDE/02259/20-EX,26-08-2019,22050,22050
A048,1101116,IGDE/02260/20-EX,26-08-2019,22050,22050
A048,1101116,IGDE/02263/20-EX,26-08-2019,17640,17640
A048,1101116,IGDE/02250/20-EX,25-08-2019,22050,22050
A048,1101116,IGDE/02253/20-EX,25-08-2019,22050,22050
A048,1101116,IGFX/16866/20-EX,25-08-2019,312200,312200
A048,1101116,IGDE/02232/20-EX,24-08-2019,22050,22050
A048,1101116,IGDE/02234/20-EX,24-08-2019,22050,22050
A048,1101116,IGDE/02235/20-EX,24-08-2019,22050,22050
M263,1101116,IGDE/02296/20-EX,28-08-2019,26460,26460
M263,1101116,IGDE/02297/20-EX,28-08-2019,22050,22050
M263,1101116,IGDE/02252/20-EX,25-08-2019,26460,23793
NEJ074,1100740,IGFX/16397/20-EX,22-08-2019,170800,166400
L083,AEMP000799000094,IDDS/01231/19-20,08-08-2019,112640,112640
L083,AEMP000799000094,IDDS/01143/19-20,30-07-2019,112640,112640
WBB092,AEMP000799000094,IDDS/02944/18-19,11-03-2019,104960,104960
WBB092,AEMP000799000094,IDDS/02945/18-19,11-03-2019,104960,104960
WBB092,AEMP000799000094,IDDS/02946/18-19,11-03-2019,137760,137760
WBB092,AEMP000799000094,IDDS/02947/18-19,11-03-2019,137760,137760
WBB092,AEMP000799000094,IDC2/00464/18-19,10-03-2019,32400,32400
WBB092,AEMP000799000094,IDDS/02830/18-19,05-03-2019,101760,101760
WBB092,AEMP000799000094,IDDS/02824/18-19,04-03-2019,101760,101760
WBB092,AEMP000799000094,IDC2/00447/18-19,03-03-2019,31400,31400
WBB092,AEMP000799000094,IDC2/00446/18-19,02-03-2019,31400,31400
WBB092,AEMP000799000094,IDDS/02802/18-19,02-03-2019,133560,133560
WBB092,AEMP000799000094,JGWK/01076/18-19,28-02-2019,5120,5120
WBB092,AEMP000799000094,IDDS/02663/18-19,21-02-2019,100160,55602.5
WBS156,AEMP000799000096,IDDS/01187/19-20,02-08-2019,35200,35200
WBS156,AEMP000799000096,IDDS/01186/19-20,02-08-2019,77440,77440
WBS156,AEMP000799000096,JGWK/00324/19-20,31-07-2019,46080,46080
WBS156,AEMP000799000096,IDDS/01009/19-20,18-07-2019,77440,77440
WBS156,AEMP000799000096,IDDS/01008/19-20,18-07-2019,35200,35200
WBS156,AEMP000799000096,IDDS/00941/19-20,13-07-2019,72400,72400
WBS156,AEMP000799000096,IDDS/00942/19-20,13-07-2019,43440,43440
WBS156,AEMP000799000096,IDDS/00919/19-20,11-07-2019,115840,115840
WBS156,AEMP000799000096,IDDS/00905/19-20,09-07-2019,115840,115840
WBS156,AEMP000799000096,IDDS/00893/19-20,08-07-2019,115840,115840
WBS156,AEMP000799000096,IDDS/00894/19-20,08-07-2019,115840,58680
G064,1101147,ILDS/02969/19-20,29-08-2019,259700,259700
G064,1101147,ILDS/02877/19-20,25-08-2019,222600,187766
K192,1101124,PCGW/04220/18-19,12-09-2018,415060,365060
NES349,1101084,IGFX/17142/20-EX,27-08-2019,209500,209500
NES349,1101084,IGFX/16112/20-EX,20-08-2019,209500,176322
S420,1101255,IGFX/17285/20-EX,28-08-2019,209500,209500
S420,1101255,IGFX/16377/20-EX,22-08-2019,209500,182778
WBB056,1100616,IDDS/01339/19-20,23-08-2019,69400,69400
WBB056,1100616,IDDS/01340/19-20,23-08-2019,41640,35240
WBB115,1101124,ISGR/00028/19-20,18-05-2019,39500,39500
WBB115,1101124,ISGR/00025/19-20,08-05-2019,39500,39500
WBB115,1101124,ISGR/00019/19-20,02-05-2019,74000,48500
NET012,AEMP000592000336,ILBJ/01190/19-20,11-08-2019,199800,199800
NET012,AEMP000592000336,ILBJ/01166/19-20,10-08-2019,205350,205350
NET012,AEMP000592000336,ILBJ/01167/19-20,10-08-2019,199800,199800
NET012,AEMP000592000336,ILBJ/01168/19-20,10-08-2019,227200,227200
NET012,AEMP000592000336,ILBJ/01169/19-20,10-08-2019,222000,222000
NET012,AEMP000592000336,ILBJ/01170/19-20,10-08-2019,210900,210900
NET012,AEMP000592000336,ILBJ/01147/19-20,08-08-2019,188700,188700
NET012,AEMP000592000336,ILBJ/01148/19-20,08-08-2019,199800,199800
NET012,AEMP000592000336,ILBJ/01149/19-20,08-08-2019,199800,199800
NET012,AEMP000592000336,ILBJ/01150/19-20,08-08-2019,199800,199800
NET012,AEMP000592000336,ILBJ/01151/19-20,08-08-2019,177600,177600
NET012,AEMP000592000336,ILBJ/01152/19-20,08-08-2019,177600,177600
NET012,AEMP000592000336,ILBJ/01153/19-20,08-08-2019,204480,204480
NET012,AEMP000592000336,ILBJ/01154/19-20,08-08-2019,204480,204480
NET012,AEMP000592000336,ILBJ/01155/19-20,08-08-2019,181760,181760
WBH037,1100791,IDRG/00478/19-20,04-07-2019,56000,56000
WBH037,1100791,JDWK/00116/19-20,30-06-2019,279160,16143
WBM229,AEMP000799000098,JGWK/01204/18-19,31-03-2019,5900,5900
WBM229,AEMP000799000098,IDJG/00028/18-19,28-02-2019,109940,14200
J024,1101332,ILAT/05607/19-20,29-08-2019,24180,24180
J024,1101332,ILAT/05599/19-20,28-08-2019,201500,201500
J024,1101332,ILAT/05407/19-20,23-08-2019,80600,80600
J024,1101332,ILAT/05419/19-20,23-08-2019,201500,201500
J024,1101332,ILAT/05293/19-20,21-08-2019,24180,15680
M428,1100739,IGFX/17023/20-EX,27-08-2019,128100,128100
M428,1100739,IGFX/16338/20-EX,22-08-2019,128100,128100
M428,1100739,IGFX/15020/20-EX,10-08-2019,128100,128100
M428,1100739,IGFX/14452/20-EX,06-08-2019,128100,16953
NEA248,1100072,ILTM/01061/19-20,22-08-2019,41300,18900
A259,1100387,IGUV/00081/19-20,28-06-2019,201000,201000
A259,1100387,IGUV/00063/19-20,15-06-2019,201000,78359.5
NEJ088,1100795,IGFX/03009/20-EX,24-04-2019,201520,201520
NEJ088,1100795,IGFX/03025/20-EX,24-04-2019,160210,98060
P201,1100387,IGBG/00041/19-20,11-07-2019,38600,36397
WBT050,CMCL_241,IGCB/03745/19-20,27-08-2019,77000,77000
WBT050,CMCL_241,IGCB/03470/19-20,17-08-2019,77000,77000
WBT050,CMCL_241,IGCB/02964/19-20,29-07-2019,77000,77000
WBT050,CMCL_241,IGCB/02965/19-20,29-07-2019,77000,637
D145,AEMP000799000122,JGPK/00249/18-19,18-12-2018,150561.5,150561.5
NEK047,1101309,ILVG/00224/19-20,26-08-2019,165000,165000
NEK047,1101309,ILVG/00205/19-20,20-08-2019,165580,164520
WBB114,CMCL_088,JGWK/00140/19-20,31-05-2019,16320,16320
WBB114,CMCL_088,IDDS/00436/19-20,20-05-2019,124800,124800
WBB114,CMCL_088,IDDS/00345/19-20,09-05-2019,121600,49200
WBR106,AEMP000799000100,IGSL/03808/19-20,23-08-2019,154000,146639
A285,AEMP000799000367,ISDS/00880/19-20,29-05-2019,89100,89100
A285,AEMP000799000367,ISDS/00881/19-20,29-05-2019,41500,33500
B164,AEMP000799000367,ISML/00249/19-20,27-08-2019,138000,137037.07
R224,AEMP000799000367,JSWK/00416/18-19,28-02-2019,20000,20000
R224,AEMP000799000367,JSWK/00214/18-19,30-09-2018,30000,30000
R224,AEMP000799000367,JSWK/00360/17-18,31-03-2018,30000,30000
R224,AEMP000799000367,JDWK/00383/17-18,21-02-2018,7050,7050
R224,AEMP000799000367,JBWK/00011/17-18,01-07-2017,7050,7050
R224,AEMP000799000367,SAGML/01184/2016-2017,28-02-2017,51200,51200
R224,AEMP000799000367,SAGML/01145/2016-2017,13-02-2017,76800,76800
R224,AEMP000799000367,SAGML/01054/2016-2017,20-01-2017,76800,76800
R224,AEMP000799000367,SAGML/01030/2016-2017,12-01-2017,76800,64872
WBR099,AEMP000799000367,PCGW/03289/19-20,25-07-2019,19800,19800
J045,STARNE051,IGFX/17064/20-EX,27-08-2019,341600,341600
J045,STARNE051,IGFX/16257/20-EX,21-08-2019,341600,315900
S220,1101116,IGDE/01153/20-EX,03-06-2019,22050,22050
S220,1101116,IGDE/01075/20-EX,31-05-2019,22050,22050
S220,1101116,IGDE/01081/20-EX,31-05-2019,22050,22050
S220,1101116,IGDE/01087/20-EX,31-05-2019,22050,4729
A033,1100435,ILSL/03711/19-20,28-08-2019,43500,43500
A033,1100435,ILSL/03681/19-20,27-08-2019,43500,43500
A033,1100435,ILSL/03657/19-20,26-08-2019,43500,43500
J015,1100702,IGFX/17295/20-EX,28-08-2019,170800,170800
J015,1100702,IGFX/17350/20-EX,28-08-2019,153720,153720
J015,1100702,IGFX/17351/20-EX,28-08-2019,153720,153720
J015,1100702,IGFX/17026/20-EX,27-08-2019,170800,170800
J015,1100702,IGFX/16941/20-EX,26-08-2019,153720,153720
J015,1100702,IGFX/16942/20-EX,26-08-2019,153720,153720
J015,1100702,IGFX/16951/20-EX,26-08-2019,341600,341600
J015,1100702,IGFX/16897/20-EX,25-08-2019,341600,341600
J015,1100702,IGFX/16726/20-EX,24-08-2019,149450,149450
J015,1100702,IGFX/16727/20-EX,24-08-2019,149450,149450
J015,1100702,IGFX/16749/20-EX,24-08-2019,170800,170800
F005,STARNE037,ILKL/01042/19-20,24-08-2019,130500,130500
F005,STARNE037,ILKL/01043/19-20,24-08-2019,87000,87000
N162,AEMP000799000096,IDDS/01327/19-20,21-08-2019,53920,53920
N162,AEMP000799000096,IDDS/01307/19-20,19-08-2019,53920,53920
N162,AEMP000799000096,IDDS/01256/19-20,13-08-2019,112640,112640
NEC020,1101165,ILBD/02215/19-20,28-08-2019,21750,21750
NEC020,1101165,ILBD/02166/19-20,24-08-2019,21750,21750
NEC020,1101165,ILBD/02116/19-20,20-08-2019,21750,21750
NEC020,1101165,ILSL/03532/19-20,20-08-2019,21750,21750
NEC020,1101165,ILBD/02095/19-20,19-08-2019,21750,11765
NEG079,1101182,ILBD/02192/19-20,26-08-2019,43500,43500
NEG079,1101182,ILKL/01053/19-20,26-08-2019,174000,174000
NEG079,1101182,ILBD/02165/19-20,24-08-2019,21750,21750
NEG079,1101182,ILKL/01041/19-20,24-08-2019,113100,113100
NEG079,1101182,ILBD/02138/19-20,22-08-2019,65250,65250
NEG079,1101182,ILBD/02139/19-20,22-08-2019,43500,43500
NEG079,1101182,ILBD/02144/19-20,22-08-2019,43500,43500
NEG079,1101182,ILBD/02148/19-20,22-08-2019,65250,65250
NEG079,1101182,ILBD/02040/19-20,11-08-2019,43500,43500
NEG079,1101182,ILBD/02019/19-20,10-08-2019,65250,65250
NEG079,1101182,ILBD/02030/19-20,10-08-2019,43500,43500
NEG079,1101182,ILBD/01997/19-20,09-08-2019,65250,65250
NEG079,1101182,ILBD/02014/19-20,09-08-2019,43500,43500
NEG079,1101182,ILKL/00977/19-20,09-08-2019,217500,217500
NEG079,1101182,ILKL/00972/19-20,08-08-2019,221850,221850
NEG079,1101182,ILKL/00918/19-20,29-07-2019,217500,113409
NEG099,1100435,ILSL/03751/19-20,29-08-2019,43000,43000
NEG099,1100435,ILSL/03762/19-20,29-08-2019,43000,43000
NEG099,1100435,ILSL/03547/19-20,20-08-2019,43000,38740
WBP032,AEMP000799000094,JGWK/01182/18-19,31-03-2019,10700,10700
WBP032,AEMP000799000094,IDC2/00494/18-19,27-03-2019,32400,32400
WBP032,AEMP000799000094,IDC2/00474/18-19,15-03-2019,32400,32400
WBP032,AEMP000799000094,IDC2/00468/18-19,12-03-2019,32400,28500
WBR078,AEMP000799000094,PCGW/00483/19-20,22-04-2019,55105,55105
NEB172,1101245,IGFX/16782/20-EX,24-08-2019,125700,125700
NEB172,1101245,IGFX/14572/20-EX,07-08-2019,125700,121676
NEN118,1200229,ILDS/02813/19-20,21-08-2019,163240,162880
WBM208,1101124,ISGR/00118/19-20,17-08-2019,79200,79200
WBM208,1101124,ISGR/00119/19-20,17-08-2019,73000,73000
NEB024,1101116,IGDE/02268/20-EX,27-08-2019,22050,22050
NEB024,1101116,IGDE/02269/20-EX,27-08-2019,22050,22050
NEB024,1101116,IGDE/02255/20-EX,26-08-2019,22050,22050
NEB024,1101116,IGDE/02261/20-EX,26-08-2019,22050,22050
NEB024,1101116,IGDE/02251/20-EX,25-08-2019,22050,22050
NEB024,1101116,IGDE/02245/20-EX,24-08-2019,22050,22050
NEB024,1101116,IGDE/02217/20-EX,23-08-2019,22050,22050
NEB024,1101116,IGDE/02191/20-EX,22-08-2019,22050,22050
NEB024,1101116,IGDE/02194/20-EX,22-08-2019,22050,22050
NEB024,1101116,IGDE/02180/20-EX,21-08-2019,22050,22050
NEB024,1101116,IGDE/02184/20-EX,21-08-2019,22050,8545
R070,1100435,ILKL/01071/19-20,29-08-2019,217500,217500
R070,1100435,ILKL/01063/19-20,28-08-2019,200100,200100
R070,1100435,ILKL/01052/19-20,26-08-2019,200100,200100
R070,1100435,ILKL/01050/19-20,25-08-2019,200100,200100
R070,1100435,ILSL/03639/19-20,25-08-2019,21750,21750
R070,1100435,ILSL/03640/19-20,25-08-2019,21750,21750
R070,1100435,ILSL/03654/19-20,25-08-2019,43500,43500
R070,1100435,ILKL/01048/19-20,24-08-2019,200100,200100
R070,1100435,ILSL/03603/19-20,23-08-2019,43500,43500
R070,1100435,ILSL/03610/19-20,23-08-2019,43500,43500
R070,1100435,ILSL/03593/19-20,22-08-2019,43500,43500
R070,1100435,ILKL/01019/19-20,21-08-2019,221850,216800
A028,1101255,IGFX/17390/20-EX,29-08-2019,117320,117320
A028,1101255,IGFX/17391/20-EX,29-08-2019,50280,50280
A028,1101255,IGFX/17392/20-EX,29-08-2019,167600,167600
A028,1101255,IGFX/17265/20-EX,28-08-2019,75420,75420
A028,1101255,IGFX/17266/20-EX,28-08-2019,92180,92180
A028,1101255,IGFX/17334/20-EX,28-08-2019,167600,167600
A028,1101255,IGFX/17091/20-EX,27-08-2019,83800,83800
A028,1101255,IGFX/17092/20-EX,27-08-2019,83800,83800
A028,1101255,IGFX/16989/20-EX,26-08-2019,167600,167600
A028,1101255,IGFX/17003/20-EX,26-08-2019,100560,100560
A028,1101255,IGFX/17004/20-EX,26-08-2019,67040,2695
B071,1101147,ILDS/02904/19-20,26-08-2019,170660,170660
B071,1101147,ILDS/02834/19-20,22-08-2019,37100,34600
B149,1100145,IGFX/17087/20-EX,27-08-2019,125700,125700
B149,1100145,IGFX/17088/20-EX,27-08-2019,83800,83800
B149,1100145,IGFX/16875/20-EX,25-08-2019,125700,62383
B180,1101245,IGFX/17372/20-EX,29-08-2019,125700,125700
B180,1101245,IGFX/16773/20-EX,24-08-2019,125700,125700
B180,1101245,IGFX/16032/20-EX,20-08-2019,125700,125644
C090,11001360,IGFX/17510/20-EX,29-08-2019,184360,84750
NEA221,1100145,IGFX/17061/20-EX,27-08-2019,209500,201305
NEM055,1101084,IGFX/17349/20-EX,28-08-2019,125700,125700
NEM055,1101084,IGFX/17196/20-EX,27-08-2019,125700,125700
NEM055,1101084,IGFX/16664/20-EX,24-08-2019,125700,125700
NEM055,1101084,IGFX/16308/20-EX,21-08-2019,125700,18470
NEM208,1101255,IGFX/16646/20-EX,24-08-2019,125700,125700
NEM208,1101255,IGFX/16388/20-EX,22-08-2019,125700,24746
WBJ033,1101124,ISGR/00138/19-20,28-08-2019,79200,79200
G074,CMCL_241,IGCB/03692/19-20,24-08-2019,92400,92400
G074,CMCL_241,IGBX/00460/19-20,24-08-2019,192500,192500
G074,CMCL_241,IGBX/00462/19-20,24-08-2019,123200,123200
G074,CMCL_241,IGCB/03679/19-20,23-08-2019,77000,77000
G074,CMCL_241,IGCB/03680/19-20,23-08-2019,77000,77000
G074,CMCL_241,IGCB/03658/19-20,23-08-2019,77000,77000
G074,CMCL_241,IGCB/03578/19-20,21-08-2019,96250,96250
G074,CMCL_241,IGCB/03587/19-20,21-08-2019,115500,115500
G074,CMCL_241,IGCB/03611/19-20,21-08-2019,118500,118500
G074,CMCL_241,IGCB/03579/19-20,21-08-2019,96250,96250
G074,CMCL_241,IGCB/03599/19-20,21-08-2019,77000,77000
G074,CMCL_241,IGCB/03568/19-20,20-08-2019,115500,115500
G074,CMCL_241,IGCB/03570/19-20,20-08-2019,115500,115500
G074,CMCL_241,JGWK/00344/19-20,19-08-2019,362620,362620
G074,CMCL_241,IGCB/03493/19-20,17-08-2019,92400,92400
G074,CMCL_241,IGCB/03510/19-20,17-08-2019,115500,115500
G074,CMCL_241,IGCB/03437/19-20,16-08-2019,100100,100100
G074,CMCL_241,IGCB/03458/19-20,16-08-2019,92400,92400
G074,CMCL_241,IGCB/03459/19-20,16-08-2019,92400,92400
G074,CMCL_241,IGCB/03399/19-20,14-08-2019,115500,115500
G074,CMCL_241,IGCB/03400/19-20,14-08-2019,115500,4081
M411,1100387,IGKV/00700/19-20,27-08-2019,192750,189389
NEM010,1100795,BNGGU/06874/2016-2017,30-06-2016,230,230
NEM010,1100795,JVGG/06707/2015-2016,18-03-2016,3600,3600
NEM010,1100795,JVGG/04704/2015-2016,30-11-2015,8000,8000
NEM010,1100795,SAGFC/17585/2015-2016,27-11-2015,84000,84000
NEM010,1100795,SDASG/00413/2015-2016,21-11-2015,500,500
NEM010,1100795,JVGG/03843/2015-2016,31-10-2015,2000,2000
NEM010,1100795,SAGFC/12836/2015-2016,01-10-2015,82000,82000
NEM010,1100795,JVGG/01497/2015-2016,30-06-2015,3000,3000
NEM010,1100795,SAGFC/05208/2015-2016,05-06-2015,123000,90870
NEC038,1101311,ILAI/00286/19-20,22-08-2019,18280,18280
NEC038,1101311,ILAI/00268/19-20,19-08-2019,18280,18080
NEH010,1101311,ILAI/00313/19-20,29-08-2019,13710,13710
NEH010,1101311,ILAI/00311/19-20,28-08-2019,63980,63980
NEH010,1101311,ILAI/00302/19-20,27-08-2019,18280,17880
S467,AEMP000799000100,IGBX/00474/19-20,27-08-2019,231000,209957.5
K132,STARNE051,IGFX/17067/20-EX,27-08-2019,170800,170800
K132,STARNE051,IGFX/16690/20-EX,24-08-2019,170800,170800
K132,STARNE051,IGFX/16266/20-EX,21-08-2019,170800,62460
L035,1101116,IGFX/16904/20-EX,25-08-2019,107040,107040
L035,1101116,IGDE/02249/20-EX,24-08-2019,26460,18088
NEL006,1100435,ILSL/03746/19-20,29-08-2019,43500,43500
NEL006,1100435,ILSL/03759/19-20,29-08-2019,21750,21750
NEL006,1100435,ILSL/03706/19-20,27-08-2019,43500,43500
NEL006,1100435,ILSL/03606/19-20,23-08-2019,21750,21750
NEL006,1100435,ILSL/03525/19-20,19-08-2019,21750,21750
NEL006,1100435,ILSL/03467/19-20,16-08-2019,43500,43500
NEL006,1100435,ILKL/00998/19-20,14-08-2019,200100,200100
NEL006,1100435,ILSL/03393/19-20,11-08-2019,43500,43500
NEL006,1100435,ILSL/03376/19-20,10-08-2019,43500,43500
D105,AEMP000799000367,JSWK/00045/17-18,01-07-2017,297680,146877.5
NEA199,STARNE056,IGFX/41211/19-EX,08-03-2019,164800,60735
WBF002,AEMP000799000367,BNKUS/01553/2017-2018,17-05-2017,156386,156386
WBF002,AEMP000799000367,SDWEG/00030/2017-2018,17-05-2017,500,500
WBR087,AEMP000799000367,JGWK/00288/19-20,29-07-2019,126000,44367
WBS194,AEMP000799000367,IDJG/00009/19-20,30-06-2019,225,225
WBS194,AEMP000799000367,JGWK/00401/18-19,31-07-2018,59640,59640
WBS194,AEMP000799000367,IGML/00020/18-19,14-04-2018,34400,34400
WBS194,AEMP000799000367,JGWK/00960/17-18,31-03-2018,262523,18867
NEC069,1100702,IGFX/17222/20-EX,27-08-2019,44700,44700
NEC069,1100702,IGFX/17223/20-EX,27-08-2019,128100,128100
NEC069,1100702,IGFX/16127/20-EX,20-08-2019,145180,145180
NEC069,1100702,IGFX/15110/20-EX,10-08-2019,170800,170800
NEC069,1100702,IGFX/13823/20-EX,31-07-2019,170800,36009
NEK065,STARNE051,IGFX/17495/20-EX,29-08-2019,149450,149450
NEK065,STARNE051,IGFX/17496/20-EX,29-08-2019,149450,149450
NEK065,STARNE051,IGFX/17079/20-EX,27-08-2019,76860,76860
NEK065,STARNE051,IGFX/17081/20-EX,27-08-2019,76860,76860
NEK065,STARNE051,IGFX/16691/20-EX,24-08-2019,128100,128100
NEK065,STARNE051,IGFX/16748/20-EX,24-08-2019,149450,149450
NEK065,STARNE051,IGFX/16492/20-EX,23-08-2019,298900,298900
NEK065,STARNE051,IGFX/16559/20-EX,23-08-2019,149450,149450
NEK065,STARNE051,IGFX/16450/20-EX,22-08-2019,42700,42700
NEK065,STARNE051,IGFX/16228/20-EX,21-08-2019,170800,170800
NEK065,STARNE051,IGFX/16267/20-EX,21-08-2019,170800,139570
P166,STARNE051,IGFX/16990/20-EX,26-08-2019,298900,298900
P166,STARNE051,IGFX/16849/20-EX,25-08-2019,298900,298900
P166,STARNE051,IGFX/16668/20-EX,24-08-2019,170800,170800
P166,STARNE051,IGFX/16408/20-EX,22-08-2019,298900,214425
P166,STARNE051,IGFX/17460/20-EX,29-08-2019,298900,298900
P166,STARNE051,IGFX/16965/20-EX,26-08-2019,341600,341600
NEA091,1101165,ILBD/00448/19-20,21-04-2019,82800,82800
NEA091,1101165,ILBD/00280/19-20,13-04-2019,41400,41400
NEA091,1101165,ILBD/00281/19-20,13-04-2019,41400,33820
NEL042,1100435,ILSL/03652/19-20,25-08-2019,21750,180
A062,1101255,IGFX/16309/20-EX,21-08-2019,125700,125700
A062,1101255,IGFX/15200/20-EX,11-08-2019,125700,125700
A062,1101255,IGFX/14273/20-EX,04-08-2019,125700,125700
A062,1101255,IGFX/13688/20-EX,30-07-2019,125700,78970
H048,1101084,IGFX/17430/20-EX,29-08-2019,87800,87800
H048,1101084,IGFX/17431/20-EX,29-08-2019,125700,125700
H048,1101084,IGFX/16991/20-EX,26-08-2019,209500,209500
H048,1101084,IGFX/16837/20-EX,25-08-2019,209500,209500
H048,1101084,IGFX/16684/20-EX,24-08-2019,209500,209500
H048,1101084,IGFX/16764/20-EX,24-08-2019,209500,209500
H048,1101084,IGFX/16608/20-EX,23-08-2019,209500,209500
H048,1101084,IGFX/16424/20-EX,22-08-2019,209500,209500
H048,1101084,IGFX/16173/20-EX,21-08-2019,209500,139274
NEN122,11001360,BAGG/15549/19-20,24-08-2019,5000,5000
NEN122,11001360,IGFX/14823/20-EX,08-08-2019,184360,180010
R121,11001360,IGFX/17437/20-EX,29-08-2019,209500,66033
NER141,1101176,ILKL/01055/19-20,27-08-2019,200100,181227
NES211,1100435,ILBD/02232/19-20,29-08-2019,43500,43500
NES211,1100435,ILKL/01068/19-20,28-08-2019,221850,221850
NES211,1100435,ILSL/03712/19-20,28-08-2019,43500,43500
NES211,1100435,ILSL/03715/19-20,28-08-2019,21750,21750
NES211,1100435,ILSL/03703/19-20,27-08-2019,43500,43500
NES211,1100435,ILSL/03704/19-20,27-08-2019,43500,43500
NES211,1100435,ILSL/03634/19-20,25-08-2019,43500,43500
NES211,1100435,ILSL/03635/19-20,25-08-2019,43500,43500
NES211,1100435,ILSL/03638/19-20,25-08-2019,43500,43500
NES211,1100435,ILKL/01045/19-20,24-08-2019,221850,221850
NES211,1100435,ILSL/03583/19-20,22-08-2019,43500,43500
NES211,1100435,ILSL/03564/19-20,21-08-2019,43500,43500
NES211,1100435,ILSL/03576/19-20,21-08-2019,43500,43500
NES211,1100435,ILKL/01025/19-20,21-08-2019,87000,68370
NES324,1101165,ILBD/02051/19-20,13-08-2019,43500,43500
NES324,1101165,ILBD/01964/19-20,06-08-2019,43500,43500
NES324,1101165,ILBD/01768/19-20,19-07-2019,43500,43500
NES324,1101165,ILBD/01765/19-20,18-07-2019,43500,41377
WBK045,AEMP000799000094,IDDS/01310/19-20,20-08-2019,107840,101560
M076,1101245,IGFX/17456/20-EX,29-08-2019,100560,100560
M076,1101245,IGFX/17230/20-EX,28-08-2019,125700,125700
M076,1101245,IGFX/16993/20-EX,26-08-2019,100560,100560
M076,1101245,IGFX/16870/20-EX,25-08-2019,125700,125700
M076,1101245,IGFX/16633/20-EX,24-08-2019,125700,125700
M076,1101245,IGFX/16781/20-EX,24-08-2019,125700,125700
M076,1101245,IGFX/16234/20-EX,21-08-2019,100560,100560
M076,1101245,IGFX/16066/20-EX,20-08-2019,100560,100560
M076,1101245,IGFX/15829/20-EX,18-08-2019,125700,125700
M076,1101245,IGFX/15691/20-EX,17-08-2019,100560,22263
NEJ052,1200229,ILDS/02508/19-20,31-07-2019,163240,152193
NEM236,1100145,IGFX/17480/20-EX,29-08-2019,125700,125700
NEM236,1100145,IGFX/17481/20-EX,29-08-2019,83800,83800
NEM236,1100145,IGFX/17289/20-EX,28-08-2019,125700,125700
NEM236,1100145,IGFX/17290/20-EX,28-08-2019,87800,87800
NEM236,1100145,IGFX/17171/20-EX,27-08-2019,125700,35930
NEN127,1101255,IGFX/16899/20-EX,25-08-2019,125700,103980
NES203,1200229,ILDS/02910/19-20,26-08-2019,163240,163240
NES203,1200229,ILDS/02785/19-20,19-08-2019,163240,136180
S151,1101064,IGLE/03559/20-EX,17-08-2019,40900,40900
S151,1101064,IGLE/03560/20-EX,17-08-2019,40900,40900
S151,1101064,IGLE/03568/20-EX,17-08-2019,40900,40900
S151,1101064,IGLE/03570/20-EX,17-08-2019,40900,40900
S151,1101064,IGFX/15662/20-EX,17-08-2019,40700,40700
S151,1101064,IGFX/15554/20-EX,16-08-2019,40700,40700
S151,1101064,IGLE/03543/20-EX,14-08-2019,40900,40900
S151,1101064,IGLE/03547/20-EX,14-08-2019,40900,40900
S151,1101064,ILLK/00226/19-20,14-08-2019,42400,42400
S151,1101064,ILLK/00227/19-20,14-08-2019,42400,42400
S151,1101064,IGLE/03537/20-EX,13-08-2019,28630,28630
S151,1101064,IGLE/03539/20-EX,13-08-2019,28630,28630
S151,1101064,IGRR/00724/20-EX,13-08-2019,28630,28630
S151,1101064,IGRR/00725/20-EX,13-08-2019,20450,20450
S151,1101064,IGLE/03533/20-EX,11-08-2019,20450,20450
S151,1101064,IGRR/00719/20-EX,10-08-2019,40900,40900
S151,1101064,IGRR/00722/20-EX,10-08-2019,20450,20450
S151,1101064,IGRR/00697/20-EX,08-08-2019,40900,40900
S151,1101064,IGRR/00700/20-EX,08-08-2019,40900,40900
S151,1101064,IGLE/03484/20-EX,08-08-2019,20450,20450
S151,1101064,IGLE/03485/20-EX,08-08-2019,28630,28630
S151,1101064,IGLE/03486/20-EX,08-08-2019,20450,20450
S151,1101064,IGLE/03491/20-EX,08-08-2019,40900,40900
S151,1101064,IGLE/03495/20-EX,08-08-2019,28630,28630
S151,1101064,IGLE/03499/20-EX,08-08-2019,20450,20450
S151,1101064,IGLE/03502/20-EX,08-08-2019,20450,20450
S151,1101064,IGLE/03506/20-EX,08-08-2019,28630,28630
S151,1101064,IGFX/14790/20-EX,08-08-2019,81400,81400
S151,1101064,IGFX/14791/20-EX,08-08-2019,40700,40700
S151,1101064,IGFX/14637/20-EX,07-08-2019,40700,40700
S151,1101064,IGLE/03450/20-EX,07-08-2019,20450,20450
S151,1101064,IGLE/03454/20-EX,07-08-2019,40900,40900
S151,1101064,IGLE/03455/20-EX,07-08-2019,40900,40900
S151,1101064,IGLE/03458/20-EX,07-08-2019,40900,40900
S151,1101064,IGLE/03460/20-EX,07-08-2019,28630,28630
S151,1101064,IGLE/03462/20-EX,07-08-2019,20450,20450
S151,1101064,IGLE/03463/20-EX,07-08-2019,40900,40900
S151,1101064,IGLE/03466/20-EX,07-08-2019,20450,20450
S151,1101064,IGLE/03474/20-EX,07-08-2019,28630,28630
S151,1101064,IGLE/03475/20-EX,07-08-2019,40900,40900
S151,1101064,IGLE/03480/20-EX,07-08-2019,28630,28630
S151,1101064,IGLE/03422/20-EX,06-08-2019,40900,40900
S151,1101064,IGLE/03426/20-EX,06-08-2019,40900,40900
S151,1101064,IGLE/03427/20-EX,06-08-2019,20450,20450
S151,1101064,IGLE/03428/20-EX,06-08-2019,40900,40900
S151,1101064,IGLE/03432/20-EX,06-08-2019,28630,28630
S151,1101064,IGLE/03434/20-EX,06-08-2019,20450,20450
S151,1101064,IGLE/03436/20-EX,06-08-2019,40900,40900
S151,1101064,IGLE/03437/20-EX,06-08-2019,20450,20450
S151,1101064,IGLE/03440/20-EX,06-08-2019,24540,24540
S151,1101064,IGLE/03442/20-EX,06-08-2019,40900,40900
S151,1101064,IGLE/03445/20-EX,06-08-2019,20450,20450
S151,1101064,IGLE/03390/20-EX,05-08-2019,28630,28630
S151,1101064,IGLE/03394/20-EX,05-08-2019,40900,40900
S151,1101064,IGLE/03396/20-EX,05-08-2019,28630,28630
S151,1101064,IGLE/03397/20-EX,05-08-2019,40900,40900
S151,1101064,IGLE/03399/20-EX,05-08-2019,40900,40900
S151,1101064,IGLE/03403/20-EX,05-08-2019,40900,40900
S151,1101064,IGLE/03405/20-EX,05-08-2019,40900,40900
S151,1101064,IGLE/03419/20-EX,05-08-2019,28630,28630
S151,1101064,IGRR/00661/20-EX,05-08-2019,24540,24540
S151,1101064,IGRR/00663/20-EX,05-08-2019,28630,28630
S151,1101064,IGFX/17476/20-EX,29-08-2019,40700,40700
S151,1101064,IGLE/03816/20-EX,29-08-2019,24540,24540
S151,1101064,IGLE/03819/20-EX,29-08-2019,28630,28630
S151,1101064,IGLE/03826/20-EX,29-08-2019,20450,20450
S151,1101064,IGRR/00893/20-EX,29-08-2019,40900,40900
S151,1101064,IGRR/00868/20-EX,28-08-2019,40900,40900
NEA226,1101116,IGDE/02256/20-EX,26-08-2019,26460,26460
NEA226,1101116,IGDE/02218/20-EX,23-08-2019,22050,22050
NEA226,1101116,IGFX/16512/20-EX,23-08-2019,178400,72400
NEL058,1100740,IGFX/16908/20-EX,26-08-2019,170800,163200
NEM207,1100740,IGFX/17429/20-EX,29-08-2019,324520,324520
NET036,1100740,IGFX/17305/20-EX,28-08-2019,170800,170800
NET036,1100740,IGFX/16607/20-EX,23-08-2019,170800,170800
NET036,1100740,IGFX/16398/20-EX,22-08-2019,170800,170800
NET036,1100740,IGFX/16103/20-EX,20-08-2019,170800,170800
NET036,1100740,IGFX/15580/20-EX,16-08-2019,170800,170800
NET036,1100740,IGFX/15264/20-EX,13-08-2019,170800,170800
NET036,1100740,IGFX/15108/20-EX,10-08-2019,149450,149450
NET036,1100740,IGFX/15121/20-EX,10-08-2019,170800,170800
NET036,1100740,IGFX/14784/20-EX,08-08-2019,170800,104147
NEB103,1200121,ILDS/02943/19-20,28-08-2019,170660,170660
NEB103,1200121,ILDS/02835/19-20,22-08-2019,163240,156840
NEB196,1200121,ILDS/02749/19-20,15-08-2019,185500,185500
WBL026,1101124,IDJG/00008/19-20,30-06-2019,95379,95379
WBL026,1101124,ISDS/00225/19-20,17-04-2019,123200,123200
WBL026,1101124,ISDS/00083/19-20,07-04-2019,151620,22770
M134,1100794,IGFX/16289/20-EX,21-08-2019,174400,172399.75
L104,1101278,JGWK/00215/19-20,30-06-2019,8400,8400
L104,1101278,IDKG/00169/19-20,30-06-2019,21000,21000
L104,1101278,IDKG/00171/19-20,30-06-2019,14000,14000
L104,1101278,IDKG/00163/19-20,29-06-2019,56000,56000
L104,1101278,IDKG/00164/19-20,29-06-2019,56000,47592
NEC003,1100205,IGFX/17345/20-EX,28-08-2019,125100,125100
NEC003,1100205,IGFX/17047/20-EX,27-08-2019,125100,125100
NEC003,1100205,IGFX/16441/20-EX,22-08-2019,125100,125100
NEC003,1100205,IGFX/16008/20-EX,20-08-2019,125100,82898
NER102,1101064,IGRR/00882/20-EX,29-08-2019,28630,28630
NER102,1101064,IGRR/00891/20-EX,29-08-2019,28630,28630
NER102,1101064,IGRR/00844/20-EX,25-08-2019,28630,28630
NER102,1101064,IGRR/00799/20-EX,22-08-2019,28630,28630
NER102,1101064,IGRR/00803/20-EX,22-08-2019,28630,28630
NER102,1101064,IGRR/00810/20-EX,22-08-2019,28630,24615
NES174,1100202,IGRR/00841/20-EX,25-08-2019,20450,20450
NES174,1100202,IGRR/00831/20-EX,24-08-2019,28630,28630
NES174,1100202,IGRR/00835/20-EX,24-08-2019,28630,28630
NES174,1100202,IGRR/00771/20-EX,20-08-2019,20450,20450
NES174,1100202,IGRR/00780/20-EX,20-08-2019,40900,40900
NES174,1100202,IGRR/00731/20-EX,14-08-2019,20450,19310
WBK017,1101278,JGWK/00323/19-20,31-07-2019,6000,6000
WBK017,1101278,IDKG/00187/19-20,19-07-2019,54400,54400
WBK017,1101278,IDKG/00188/19-20,19-07-2019,47600,47600
WBK017,1101278,IDJG/00006/19-20,30-06-2019,159159.75,89999.25
WBM167,1101278,IDKG/00214/19-20,09-08-2019,88400,88400
WBM167,1101278,IDKG/00215/19-20,09-08-2019,61200,61200
WBM167,1101278,IDKG/00205/19-20,06-08-2019,136000,136000
WBM167,1101278,IDKG/00202/19-20,31-07-2019,136000,136000
WBN003,AEMP000799000367,JSWK/00147/17-18,31-10-2017,50000,50000
WBN003,AEMP000799000367,JVKS/05998/2016-2017,31-03-2017,567180,567180
WBN003,AEMP000799000367,CMMDU/00044/2016-2017,18-08-2016,50000,34886
WBS169,AEMP000799000367,PCGW/03020/19-20,12-07-2019,222457,222457
C011,1101116,IGDE/02300/20-EX,28-08-2019,22050,22050
C011,1101116,IGFX/17161/20-EX,27-08-2019,312200,312200
C011,1101116,IGFX/16428/20-EX,22-08-2019,312200,310900
G095,1100702,IGFX/15221/20-EX,12-08-2019,119560,119560
G095,1100702,IGFX/15191/20-EX,11-08-2019,42700,42700
G095,1100702,IGFX/13541/20-EX,29-07-2019,170800,170557
NEB168,1101116,IGDE/02185/20-EX,21-08-2019,13230,4204
WBS224,AEMP000799000094,JGWK/01079/18-19,28-02-2019,5120,5120
WBS224,AEMP000799000094,IDDS/02541/18-19,11-02-2019,100480,100480
WBS224,AEMP000799000094,IDDS/02505/18-19,05-02-2019,99200,99200
WBS224,AEMP000799000094,IDDS/02319/18-19,15-01-2019,131880,50520
H016,1101255,IGFX/17395/20-EX,29-08-2019,209500,209500
H016,1101255,IGFX/17279/20-EX,28-08-2019,209500,209500
H016,1101255,IGFX/17284/20-EX,28-08-2019,209500,209500
H016,1101255,IGFX/17033/20-EX,27-08-2019,184360,184360
H016,1101255,IGFX/17065/20-EX,27-08-2019,209500,209500
H016,1101255,IGFX/16911/20-EX,26-08-2019,184360,184360
H016,1101255,IGFX/17006/20-EX,26-08-2019,209500,209500
H016,1101255,IGFX/16805/20-EX,25-08-2019,184360,184360
H016,1101255,IGFX/16806/20-EX,25-08-2019,25140,25140
H016,1101255,IGFX/16493/20-EX,23-08-2019,209500,209500
H016,1101255,IGFX/16340/20-EX,22-08-2019,41900,41900
H016,1101255,IGFX/16341/20-EX,22-08-2019,167600,167600
H016,1101255,IGFX/16372/20-EX,22-08-2019,150840,150840
H016,1101255,IGFX/16233/20-EX,21-08-2019,209500,101882
NED057,1200121,ILDS/02837/19-20,22-08-2019,237440,237440
NES125,11001360,IGFX/17401/20-EX,29-08-2019,184360,171799.3
NES244,1100145,IGFX/16003/20-EX,20-08-2019,196930,193915
NEW007,1101147,ILDS/02965/19-20,29-08-2019,192920,192920
NEW007,1101147,ILDS/02931/19-20,27-08-2019,170660,170660
NEW007,1101147,ILDS/02806/19-20,21-08-2019,192920,4760
S291,1100145,IGFX/17462/20-EX,29-08-2019,209500,209500
S291,1100145,IGFX/17502/20-EX,29-08-2019,209500,209500
S291,1100145,IGFX/17252/20-EX,28-08-2019,251400,251400
S291,1100145,IGFX/17086/20-EX,27-08-2019,209500,209500
S291,1100145,IGFX/16954/20-EX,26-08-2019,209500,209500
S291,1100145,IGFX/16962/20-EX,26-08-2019,100560,100560
S291,1100145,IGFX/16963/20-EX,26-08-2019,70240,70240
S291,1100145,IGFX/16964/20-EX,26-08-2019,251400,251400
S291,1100145,IGFX/16830/20-EX,25-08-2019,237060,237060
S291,1100145,IGFX/16756/20-EX,24-08-2019,217880,217880
S291,1100145,IGFX/16468/20-EX,23-08-2019,209500,209500
S291,1100145,IGFX/16367/20-EX,22-08-2019,209500,209500
S291,1100145,IGFX/16231/20-EX,21-08-2019,259780,259780
S291,1100145,IGFX/16056/20-EX,20-08-2019,217880,217880
NET012,AEMP000592000336,ILBJ/01156/19-20,08-08-2019,238560,238560
NET012,AEMP000592000336,ILBJ/01159/19-20,08-08-2019,199800,199800
NET012,AEMP000592000336,ILBJ/01133/19-20,07-08-2019,188700,188700
NET012,AEMP000592000336,ILBJ/01141/19-20,07-08-2019,188700,188700
NET012,AEMP000592000336,ILBJ/01142/19-20,07-08-2019,188700,188700
NET012,AEMP000592000336,ILBJ/01143/19-20,07-08-2019,188700,188700
NET012,AEMP000592000336,ILBJ/01144/19-20,07-08-2019,188700,188700
NET012,AEMP000592000336,ILBJ/01145/19-20,07-08-2019,177600,177600
NET012,AEMP000592000336,ILBJ/01146/19-20,07-08-2019,177600,177600
NET012,AEMP000592000336,ILBJ/01116/19-20,06-08-2019,244200,244200
NET012,AEMP000592000336,ILBJ/01117/19-20,06-08-2019,188700,188700
NET012,AEMP000592000336,ILBJ/01118/19-20,06-08-2019,188700,188700
NET012,AEMP000592000336,ILBJ/01119/19-20,06-08-2019,197050,197050
NET012,AEMP000592000336,ILBJ/01120/19-20,06-08-2019,188700,188700
NET012,AEMP000592000336,ILBJ/01121/19-20,06-08-2019,194250,194250
NET012,AEMP000592000336,ILBJ/01122/19-20,06-08-2019,194250,194250
NET012,AEMP000592000336,ILBJ/01123/19-20,06-08-2019,188700,188700
NET012,AEMP000592000336,ILBJ/01124/19-20,06-08-2019,199800,199800
NET012,AEMP000592000336,ILBJ/01125/19-20,06-08-2019,199800,199800
NET012,AEMP000592000336,ILBJ/01126/19-20,06-08-2019,188700,188700
NET012,AEMP000592000336,ILBJ/01127/19-20,06-08-2019,84450,84450
NET012,AEMP000592000336,ILBJ/01104/19-20,05-08-2019,188700,188700
NET012,AEMP000592000336,ILBJ/01094/19-20,04-08-2019,202680,202680
NET012,AEMP000592000336,ILBJ/01095/19-20,04-08-2019,225200,225200
NET012,AEMP000592000336,ILBJ/01097/19-20,04-08-2019,183150,183150
NET012,AEMP000592000336,ILBJ/01098/19-20,04-08-2019,177600,177600
NET012,AEMP000592000336,ILBJ/01099/19-20,04-08-2019,199800,199800
NET012,AEMP000592000336,ILBJ/01100/19-20,04-08-2019,244200,244200
NET012,AEMP000592000336,ILBJ/01101/19-20,04-08-2019,188700,188700
NET012,AEMP000592000336,ILBJ/01102/19-20,04-08-2019,177600,177600
NET012,AEMP000592000336,ILBJ/01076/19-20,03-08-2019,177600,177600
NET012,AEMP000592000336,ILBJ/01077/19-20,03-08-2019,199800,199800
NET012,AEMP000592000336,ILBJ/01078/19-20,03-08-2019,222000,222000
NET012,AEMP000592000336,ILBJ/01079/19-20,03-08-2019,111000,111000
NET012,AEMP000592000336,ILBJ/01081/19-20,03-08-2019,177600,177600
NET012,AEMP000592000336,ILBJ/01082/19-20,03-08-2019,199800,199800
NET012,AEMP000592000336,ILBJ/01083/19-20,03-08-2019,188700,188700
NET012,AEMP000592000336,ILBJ/01084/19-20,03-08-2019,188700,188700
NET012,AEMP000592000336,ILBJ/01085/19-20,03-08-2019,188700,188700
NET012,AEMP000592000336,ILBJ/01086/19-20,03-08-2019,199800,199800
NET012,AEMP000592000336,ILBJ/01087/19-20,03-08-2019,202680,202680
NET012,AEMP000592000336,ILBJ/01088/19-20,03-08-2019,202680,202680
BHA020,1101232,JGPK/00231/17-18,16-02-2018,7100,7100
BHA020,1101232,PCGB/01581/17-18,01-12-2017,737268,728968
NEM048,1100794,IGFX/14554/20-EX,07-08-2019,174400,174400
NEM048,1100794,IGFX/12494/20-EX,19-07-2019,174400,33254
NEP178,1101075,IGFX/15649/20-EX,17-08-2019,308000,308000
NEP178,1101075,IGFX/13578/20-EX,30-07-2019,352000,80020
S151,1101064,IGLE/03791/20-EX,28-08-2019,40900,40900
S151,1101064,IGLE/03792/20-EX,28-08-2019,28630,28630
S151,1101064,IGLE/03796/20-EX,28-08-2019,28630,28630
S151,1101064,IGLE/03798/20-EX,28-08-2019,40900,40900
S151,1101064,IGLE/03801/20-EX,28-08-2019,20450,20450
S151,1101064,IGLE/03803/20-EX,28-08-2019,28630,28630
S151,1101064,IGLE/03770/20-EX,27-08-2019,28630,28630
S151,1101064,IGLE/03772/20-EX,27-08-2019,28630,28630
S151,1101064,IGLE/03776/20-EX,27-08-2019,20450,20450
S151,1101064,IGLE/03779/20-EX,27-08-2019,40900,40900
S151,1101064,IGLE/03780/20-EX,27-08-2019,20450,20450
S151,1101064,IGLE/03782/20-EX,27-08-2019,28630,28630
S151,1101064,IGLE/03784/20-EX,27-08-2019,20450,20450
S151,1101064,IGFX/17197/20-EX,27-08-2019,40700,40700
S151,1101064,IGFX/17213/20-EX,27-08-2019,125700,125700
S151,1101064,IGLE/03744/20-EX,26-08-2019,20450,20450
S151,1101064,IGLE/03746/20-EX,26-08-2019,40900,40900
S151,1101064,IGLE/03741/20-EX,26-08-2019,20450,20450
S151,1101064,IGLE/03740/20-EX,26-08-2019,40900,40900
S151,1101064,IGLE/03727/20-EX,25-08-2019,40900,40900
S151,1101064,IGLE/03731/20-EX,25-08-2019,20450,20450
S151,1101064,IGFX/16836/20-EX,25-08-2019,40700,40700
S151,1101064,IGFX/16858/20-EX,25-08-2019,40700,40700
S151,1101064,IGLE/03696/20-EX,24-08-2019,40900,40900
S151,1101064,IGLE/03697/20-EX,24-08-2019,20450,20450
S151,1101064,IGLE/03700/20-EX,24-08-2019,20450,20450
S151,1101064,IGLE/03702/20-EX,24-08-2019,40900,40900
S151,1101064,IGLE/03705/20-EX,24-08-2019,20450,20450
S151,1101064,IGLE/03708/20-EX,24-08-2019,49080,49080
S151,1101064,IGLE/03709/20-EX,24-08-2019,40900,40900
S151,1101064,IGLE/03711/20-EX,24-08-2019,20450,20450
S151,1101064,IGLE/03715/20-EX,24-08-2019,20450,20450
S151,1101064,IGLE/03716/20-EX,24-08-2019,28630,28630
S151,1101064,IGLE/03721/20-EX,24-08-2019,28630,28630
S151,1101064,IGLE/03722/20-EX,24-08-2019,28630,28630
S151,1101064,IGRR/00834/20-EX,24-08-2019,28630,28630
S151,1101064,IGRR/00818/20-EX,23-08-2019,40900,40900
S151,1101064,IGLE/03679/20-EX,23-08-2019,28630,28630
S151,1101064,IGLE/03681/20-EX,23-08-2019,40900,40900
S151,1101064,IGLE/03685/20-EX,23-08-2019,20450,20450
S151,1101064,IGLE/03687/20-EX,23-08-2019,20450,20450
S151,1101064,IGLE/03692/20-EX,23-08-2019,28630,28630
S151,1101064,IGFX/16593/20-EX,23-08-2019,40700,40700
S151,1101064,IGLE/03660/20-EX,22-08-2019,20450,20450
S151,1101064,IGLE/03662/20-EX,22-08-2019,40900,40900
S151,1101064,IGLE/03663/20-EX,22-08-2019,20450,20450
S151,1101064,IGRR/00805/20-EX,22-08-2019,40900,40900
S151,1101064,IGRR/00809/20-EX,22-08-2019,40900,40900
S151,1101064,IGLE/03634/20-EX,21-08-2019,20450,20450
S151,1101064,IGLE/03636/20-EX,21-08-2019,28630,28630
BHA041,1101232,JGPK/00018/19-20,14-05-2019,360,360
BHA041,1101232,ISKS/00574/18-19,31-05-2018,62280,62280
BHA041,1101232,JVKS/06070/2016-2017,31-03-2017,3710,3710
BHA041,1101232,SAGSM/00413/2016-2017,31-03-2017,11655,11655
R068,1100145,IGFX/16839/20-EX,25-08-2019,209500,209500
R068,1100145,IGFX/16188/20-EX,21-08-2019,184360,177340
B260,AEMP000799000367,JSWK/00103/19-20,30-06-2019,215160,215160
B260,AEMP000799000367,ISML/00097/19-20,08-06-2019,156000,156000
B260,AEMP000799000367,ISML/00096/19-20,03-06-2019,124800,124800
B260,AEMP000799000367,ISML/00080/19-20,24-05-2019,128000,89872
NEB065,1101268,IGFX/17469/20-EX,29-08-2019,168000,168000
NEB065,1101268,IGFX/17190/20-EX,27-08-2019,84000,84000
NEB065,1101268,IGFX/17009/20-EX,26-08-2019,168000,168000
NEB065,1101268,IGFX/16746/20-EX,24-08-2019,168000,168000
NEB065,1101268,IGFX/16435/20-EX,22-08-2019,168000,168000
NEB065,1101268,IGFX/16294/20-EX,21-08-2019,168000,168000
NEB065,1101268,IGFX/16120/20-EX,20-08-2019,168000,168000
NEB065,1101268,IGFX/15960/20-EX,19-08-2019,168000,168000
NEB065,1101268,IGFX/15571/20-EX,16-08-2019,168000,168000
NEB065,1101268,IGFX/15500/20-EX,15-08-2019,168000,168000
NEB065,1101268,IGFX/15384/20-EX,14-08-2019,168000,99162
R149,AEMP000799000367,SDWEG/00004/2017-2018,19-04-2017,100,100
R149,AEMP000799000367,BNKUS/00590/2017-2018,19-04-2017,1612860,1612860
WBM187,AEMP000799000367,PCGW/03288/19-20,25-07-2019,62288,62288
B145,1101082,IGFX/16356/20-EX,22-08-2019,356800,356800
B145,1101082,IGFX/14804/20-EX,08-08-2019,178400,178318
NEJ050,1100435,ILSL/03162/19-20,02-08-2019,43500,43500
NEJ050,1100435,ILSL/03168/19-20,02-08-2019,43500,43500
NEJ050,1100435,ILSL/03079/19-20,30-07-2019,43500,40915
T032,1101165,ILBD/02226/19-20,29-08-2019,43500,43500
T032,1101165,ILBD/02202/19-20,27-08-2019,43500,43500
T032,1101165,ILBD/02183/19-20,26-08-2019,43500,43500
T032,1101165,ILBD/02140/19-20,22-08-2019,43500,43500
T032,1101165,ILBD/02145/19-20,22-08-2019,43500,43500
T032,1101165,ILBD/02123/19-20,21-08-2019,43500,43500
T032,1101165,ILBD/02131/19-20,21-08-2019,43500,43500
T032,1101165,ILBD/02107/19-20,20-08-2019,43500,43500
T032,1101165,ILBD/02093/19-20,19-08-2019,43500,18201
WBM188,AEMP000799000096,JGWK/00324/19-20,31-07-2019,14720,14720
WBM188,AEMP000799000096,IDDS/01174/19-20,31-07-2019,112640,112640
WBM188,AEMP000799000096,IDDS/00980/19-20,16-07-2019,112640,95712
WBR098,AEMP000799000094,IDJG/00005/19-20,30-06-2019,9090,9090
WBR098,AEMP000799000094,IDJG/00029/18-19,28-02-2019,228960,171340
WBS238,1101124,IDJG/00008/19-20,30-06-2019,257037,188162
B170,1101075,IGFX/17409/20-EX,29-08-2019,308000,308000
B170,1101075,IGFX/16932/20-EX,26-08-2019,308000,308000
NER103,1101165,ILBD/02158/19-20,23-08-2019,43500,35303
NES363,1100435,ILKL/01069/19-20,29-08-2019,221850,221850
NES363,1100435,ILSL/03691/19-20,27-08-2019,21750,21750
NES363,1100435,ILSL/03700/19-20,27-08-2019,43500,43500
NES363,1100435,ILSL/03666/19-20,26-08-2019,43500,8864
NES384,1101165,ILBD/02065/19-20,16-08-2019,139200,139200
NES384,1101165,ILBD/02066/19-20,16-08-2019,39150,38790
P034,1101165,ILKL/00449/19-20,08-05-2019,190440,131362
WBH023,AEMP000799000094,JGWK/00140/19-20,31-05-2019,8000,8000
WBH023,AEMP000799000094,IDDS/00523/19-20,31-05-2019,121280,107300
WBJ050,AEMP000799000094,JGWK/01203/18-19,31-03-2019,9400,9400
WBJ050,AEMP000799000094,JGWK/00781/18-19,30-11-2018,2560,2560
WBJ050,AEMP000799000094,IDDS/01903/18-19,21-11-2018,65000,65000
WBJ050,AEMP000799000094,IDDS/01904/18-19,21-11-2018,39000,39000
WBJ050,AEMP000799000094,JGWK/00637/18-19,31-10-2018,5120,5120
WBJ050,AEMP000799000094,IDDS/01713/18-19,30-10-2018,104000,32295
WBM164,AEMP000799000096,JGWK/00323/19-20,31-07-2019,14720,14720
WBM164,AEMP000799000096,IDDS/00872/19-20,05-07-2019,115840,115840
WBM164,AEMP000799000096,IDDS/00874/19-20,05-07-2019,115840,115840
WBM164,AEMP000799000096,JGWK/00215/19-20,30-06-2019,6400,6400
WBM164,AEMP000799000096,IDDS/00625/19-20,13-06-2019,115840,93310
L064,1101124,ISGR/00141/19-20,29-08-2019,36000,36000
L064,1101124,ISGR/00142/19-20,29-08-2019,10500,10500
L064,1101124,ISGR/00143/19-20,29-08-2019,72000,72000
L064,1101124,ISGR/00139/19-20,28-08-2019,36000,36000
L064,1101124,ISGR/00137/19-20,27-08-2019,70000,70000
L064,1101124,ISGR/00134/19-20,24-08-2019,50040,50040
L064,1101124,ISGR/00129/19-20,22-08-2019,54000,54000
L064,1101124,ISGR/00130/19-20,22-08-2019,54000,54000
L064,1101124,ISGR/00131/19-20,22-08-2019,43200,43200
L064,1101124,ISGR/00127/19-20,21-08-2019,54000,54000
L064,1101124,ISGR/00128/19-20,21-08-2019,54000,54000
L064,1101124,ISGR/00117/19-20,17-08-2019,52500,52500
L064,1101124,ISGR/00120/19-20,17-08-2019,52500,52500
L064,1101124,ISGR/00114/19-20,13-08-2019,18250,18250
L064,1101124,ISGR/00112/19-20,12-08-2019,51100,51100
L064,1101124,ISGR/00113/19-20,12-08-2019,54750,54750
L064,1101124,ISGR/00111/19-20,09-08-2019,54750,54750
L064,1101124,ISGR/00106/19-20,06-08-2019,14600,14600
L064,1101124,ISGR/00107/19-20,06-08-2019,40150,40150
L064,1101124,ISGR/00109/19-20,06-08-2019,40150,40150
L064,1101124,ISGR/00104/19-20,01-08-2019,54750,54750
L064,1101124,ISGR/00103/19-20,31-07-2019,54750,29006
NEB186,1101245,IGFX/15743/20-EX,17-08-2019,125700,125667
NEP127,1101255,IGFX/17378/20-EX,29-08-2019,121510,121510
NEP127,1101255,IGFX/16464/20-EX,23-08-2019,125700,125391
S203,1200121,ILDS/02948/19-20,29-08-2019,237440,237440
S203,1200121,ILDS/02858/19-20,23-08-2019,237440,237440
S203,1200121,ILDS/02758/19-20,16-08-2019,237440,237440
S203,1200121,ILDS/02650/19-20,09-08-2019,237440,237440
WBM218,CMCL_191,IDDS/00947/19-20,13-07-2019,117440,67411
BHM038,1101055,JGPK/00138/18-19,31-07-2018,3675,3675
BHM038,1101055,JDWK/00380/17-18,21-02-2018,365638,358288
S478,CMCL_117,ISDS/01547/19-20,29-08-2019,154000,154000
S478,CMCL_117,ISDS/01515/19-20,26-08-2019,130900,130900
S478,CMCL_117,ISDS/01516/19-20,26-08-2019,130900,130900
S478,CMCL_117,ISDS/01438/19-20,17-08-2019,154000,154000
S478,CMCL_117,ISDS/01410/19-20,14-08-2019,154000,154000
S478,CMCL_117,ISDS/01412/19-20,14-08-2019,130900,130900
S478,CMCL_117,ISDS/01369/19-20,02-08-2019,130900,130900
S478,CMCL_117,ISDS/01370/19-20,02-08-2019,154000,153995.45
NEA116,AEMP000592000329,JGAG/02199/17-18,31-01-2018,500,500
NEA116,AEMP000592000329,BAGG/18800/17-18,31-01-2018,158375,158375
NED105,STARNE038,IGFX/16714/20-EX,24-08-2019,84800,84800
NED105,STARNE038,IGFX/16716/20-EX,24-08-2019,84800,84800
NEM008,AEMP000592000329,IGFX/17206/20-EX,27-08-2019,101760,101760
NEM008,AEMP000592000329,IGFX/16440/20-EX,22-08-2019,84800,84800
NEM008,AEMP000592000329,IGFX/15722/20-EX,17-08-2019,101760,101760
NEM008,AEMP000592000329,IGFX/15402/20-EX,14-08-2019,101760,97330
WBG058,1100441,IGSL/03160/19-20,02-08-2019,70000,70000
WBG058,1100441,IGSL/03161/19-20,02-08-2019,28000,14999
NEM058,1101046,ILTM/01093/19-20,27-08-2019,114800,114800
NEM058,1101046,ILTM/01071/19-20,24-08-2019,123000,110450
S596,AEMP000799000100,IGSL/03433/19-20,12-08-2019,28125,28125
S596,AEMP000799000100,IGSL/03436/19-20,12-08-2019,18750,18750
S596,AEMP000799000100,IGSL/03447/19-20,12-08-2019,39000,39000
S596,AEMP000799000100,IGSL/03395/19-20,10-08-2019,35625,35625
S596,AEMP000799000100,IGSL/03396/19-20,10-08-2019,36000,8879.5
S596,AEMP000799000100,IGSL/04028/19-20,29-08-2019,45000,45000
S596,AEMP000799000100,IGSL/04029/19-20,29-08-2019,27000,27000
S596,AEMP000799000100,IGSL/04033/19-20,29-08-2019,22500,22500
S596,AEMP000799000100,IGSL/04043/19-20,29-08-2019,34500,34500
S596,AEMP000799000100,IGSL/03983/19-20,28-08-2019,22500,22500
S596,AEMP000799000100,IGSL/03986/19-20,28-08-2019,18750,18750
S596,AEMP000799000100,IGSL/03998/19-20,28-08-2019,39000,39000
S596,AEMP000799000100,IGSL/04001/19-20,28-08-2019,75000,75000
WBG021,CMCL_117,ISDS/01544/19-20,29-08-2019,130900,130900
WBG021,CMCL_117,ISDS/01506/19-20,26-08-2019,130900,130900
WBG021,CMCL_117,ISDS/01465/19-20,21-08-2019,130900,130900
WBG021,CMCL_117,ISDS/01430/19-20,17-08-2019,130900,130900
WBG021,CMCL_117,ISDS/01408/19-20,14-08-2019,130900,130900
WBG021,CMCL_117,ISDS/01411/19-20,14-08-2019,130900,83513.75
NEN074,AEMP000592000336,ILBJ/01430/19-20,26-08-2019,199800,181290
S078,AEMP000592000329,IGFX/17454/20-EX,29-08-2019,84800,84800
S078,AEMP000592000329,IGFX/17486/20-EX,29-08-2019,84800,84800
S078,AEMP000592000329,IGFX/17491/20-EX,29-08-2019,84800,84800
S078,AEMP000592000329,IGFX/17302/20-EX,28-08-2019,101760,101760
S078,AEMP000592000329,IGFX/17318/20-EX,28-08-2019,84800,62680
WBP069,1100441,IGSL/02839/19-20,25-07-2019,70000,70000
WBP069,1100441,IGSL/02840/19-20,25-07-2019,21000,12300
NEI014,1200125,IGDS/01347/19-20,27-08-2019,214500,67742
NED142,1200178,ILTM/01089/19-20,26-08-2019,205000,202090
NEB171,11001360,IGFX/16976/20-EX,26-08-2019,209500,119390
S274,1101147,ILDS/02972/19-20,29-08-2019,148400,148400
S274,1101147,ILDS/02802/19-20,20-08-2019,148400,142400
S301,1101255,IGFX/15635/20-EX,17-08-2019,125700,96472
NED036,1100210,IGFX/15381/20-EX,14-08-2019,174400,174400
NED036,1100210,IGFX/13259/20-EX,26-07-2019,174400,174125
NEK054,1101175,IGFX/15605/20-EX,16-08-2019,130800,130800
NEK054,1101175,IGFX/15089/20-EX,10-08-2019,130800,87775
NEM107,1100321,IGFX/16392/20-EX,22-08-2019,315000,315000
NEM107,1100321,IGFX/15782/20-EX,18-08-2019,315000,285000
S293,1101075,IGFX/17152/20-EX,27-08-2019,308000,308000
S293,1101075,IGFX/16534/20-EX,23-08-2019,44000,44000
S293,1101075,IGFX/16277/20-EX,21-08-2019,46000,46000
S293,1101075,IGFX/16278/20-EX,21-08-2019,264000,257000
S351,1100302,IGFX/17461/20-EX,29-08-2019,125100,125100
S351,1100302,IGFX/17264/20-EX,28-08-2019,125100,125100
S351,1100302,IGFX/17094/20-EX,27-08-2019,125100,125100
S351,1100302,IGFX/17098/20-EX,27-08-2019,125100,125100
S351,1100302,IGFX/16927/20-EX,26-08-2019,125100,125100
S351,1100302,IGFX/16823/20-EX,25-08-2019,125100,125100
S351,1100302,IGFX/16850/20-EX,25-08-2019,125100,125100
S351,1100302,IGFX/16743/20-EX,24-08-2019,83400,83400
S351,1100302,IGFX/16744/20-EX,24-08-2019,41700,41700
S351,1100302,IGFX/16482/20-EX,23-08-2019,125100,125100
S351,1100302,IGFX/16542/20-EX,23-08-2019,125100,125100
S351,1100302,IGFX/16310/20-EX,21-08-2019,125100,93296
WBS226,AEMP000799000100,IGSL/03078/19-20,31-07-2019,22500,22500
WBS226,AEMP000799000100,IGSL/03102/19-20,31-07-2019,22500,22500
WBS226,AEMP000799000100,IGSL/02566/19-20,17-07-2019,22500,22500
WBS226,AEMP000799000100,IGSL/02571/19-20,17-07-2019,22500,22500
WBS226,AEMP000799000100,IGSL/02540/19-20,16-07-2019,22500,22500
WBS226,AEMP000799000100,IGSL/02457/19-20,10-07-2019,24600,24600
WBS226,AEMP000799000100,IGSL/02460/19-20,10-07-2019,23100,23100
WBS226,AEMP000799000100,IGSL/02427/19-20,09-07-2019,23100,23100
WBS226,AEMP000799000100,IGSL/02405/19-20,08-07-2019,23100,23100
WBS226,AEMP000799000100,IGSL/02243/19-20,03-07-2019,23100,23100
WBS226,AEMP000799000100,IGSL/02249/19-20,03-07-2019,23100,23100
WBS226,AEMP000799000100,IGSL/02193/19-20,02-07-2019,23100,23100
WBS226,AEMP000799000100,IGSL/02198/19-20,02-07-2019,23100,23100
WBS226,AEMP000799000100,IGSL/02206/19-20,02-07-2019,23100,18549
WBS226,AEMP000799000100,IGSL/03118/19-20,01-08-2019,15000,15000
WBS226,AEMP000799000100,IGSL/03119/19-20,01-08-2019,7500,7500
WBS226,AEMP000799000100,IGSL/03074/19-20,31-07-2019,22500,22500
WBS226,AEMP000799000100,IGSL/03075/19-20,31-07-2019,22500,22500
WBJ042,CMCL_162,JGWK/01203/18-19,31-03-2019,2400,2400
WBJ042,CMCL_162,JGWK/00888/18-19,10-01-2019,8800,8800
N091,1101268,IGFX/16426/20-EX,22-08-2019,84000,78360
WBJ002,AEMP000799000367,JSWK/00045/17-18,01-07-2017,87695,87695
WBJ002,AEMP000799000367,SAGML/01153/2016-2017,20-02-2017,32000,32000
WBJ002,AEMP000799000367,SAGML/00887/2016-2017,30-11-2016,104000,104000
WBJ002,AEMP000799000367,SAGML/00888/2016-2017,30-11-2016,104000,47910
WBS237,AEMP000799000367,IGML/00662/18-19,15-11-2018,28080,28080
WBS237,AEMP000799000367,IGML/00663/18-19,15-11-2018,28880,28880
WBS237,AEMP000799000367,ISDS/01891/18-19,26-10-2018,56320,56320
WBS237,AEMP000799000367,ISDS/01892/18-19,26-10-2018,57920,57920
WBS237,AEMP000799000367,ISML/00070/18-19,25-10-2018,35100,20562
B036,STARNE051,IGFX/17427/20-EX,29-08-2019,42700,42700
B036,STARNE051,IGFX/17363/20-EX,29-08-2019,298900,298900
B036,STARNE051,IGFX/17407/20-EX,29-08-2019,324520,324520
B036,STARNE051,IGFX/16967/20-EX,26-08-2019,298900,298900
B036,STARNE051,IGFX/16975/20-EX,26-08-2019,298900,298900
B036,STARNE051,IGFX/16494/20-EX,23-08-2019,298900,298900
B036,STARNE051,IGFX/16604/20-EX,23-08-2019,42700,42700
B036,STARNE051,IGFX/16514/20-EX,23-08-2019,298900,298900
B036,STARNE051,IGFX/16358/20-EX,22-08-2019,298900,249050
P079,1101116,IGDE/02277/20-EX,28-08-2019,22050,22050
P079,1101116,IGDE/02282/20-EX,28-08-2019,13230,13230
P079,1101116,IGDE/02289/20-EX,28-08-2019,13230,13230
P079,1101116,IGFX/16566/20-EX,23-08-2019,312200,312200
P079,1101116,IGDE/02209/20-EX,22-08-2019,26460,26460
P079,1101116,IGDE/02168/20-EX,20-08-2019,13230,1595
NEB078,1100435,ILSL/02842/19-20,19-07-2019,43500,43500
NEB078,1100435,ILSL/02843/19-20,19-07-2019,43500,41170
NEJ094,1101176,ILSL/03653/19-20,25-08-2019,43500,43500
NEJ094,1101176,ILSL/03582/19-20,22-08-2019,43500,43500
WBM027,AEMP000799000094,PCGW/05524/18-19,09-11-2018,363018,363018
WBS250,CMCL_162,IDDS/01240/19-20,09-08-2019,112640,112640
WBS250,CMCL_162,IDC2/00067/19-20,31-07-2019,34000,34000
WBS250,CMCL_162,JGWK/00324/19-20,31-07-2019,14260,14260
WBS250,CMCL_162,IDC2/00066/19-20,25-07-2019,34000,34000
WBS250,CMCL_162,IDDS/01021/19-20,19-07-2019,112640,62840
NEA249,1101255,IGFX/17464/20-EX,29-08-2019,125700,125700
NEA249,1101255,IGFX/16687/20-EX,24-08-2019,125700,113700
NEB022,1101084,IGFX/17255/20-EX,28-08-2019,167600,167600
NEB022,1101084,IGFX/16332/20-EX,22-08-2019,167600,167580
NEL008,1100145,IGFX/16835/20-EX,25-08-2019,209500,209500
NEL008,1100145,IGFX/16720/20-EX,24-08-2019,209500,209500
NEL008,1100145,IGFX/16072/20-EX,20-08-2019,209500,209500
NEL008,1100145,IGFX/15414/20-EX,14-08-2019,209500,140149
NEM135,1101147,ILDS/02847/19-20,23-08-2019,170660,170660
NEM135,1101147,ILDS/02551/19-20,03-08-2019,170660,170660
NEM135,1101147,ILDS/02389/19-20,23-07-2019,170660,136380
S234,1101245,IGFX/17511/20-EX,29-08-2019,125700,125700
S234,1101245,IGFX/17046/20-EX,27-08-2019,125700,125700
S234,1101245,IGFX/17211/20-EX,27-08-2019,125700,4954
NEG010,AEMP000592000337,IGDN/01876/19-20,20-08-2019,395100,395100
NEG010,AEMP000592000337,IGDN/01878/19-20,20-08-2019,307300,307300
NEG010,AEMP000592000337,IGDN/01880/19-20,20-08-2019,307300,307300
P080,1101245,IGFX/16038/20-EX,20-08-2019,125700,110677
BHM086,1101232,PCGB/02957/17-18,19-02-2018,281958,281958
NEH051,1101059,IGFX/16921/20-EX,26-08-2019,174400,144297
NEJ042,1101075,IGFX/16819/20-EX,25-08-2019,308000,308000
NEJ042,1101075,IGFX/15248/20-EX,12-08-2019,290400,250000
NER018,1101075,IGFX/17406/20-EX,29-08-2019,299200,295700
NEK130,1101064,IGLE/03823/20-EX,29-08-2019,28630,28630
NEK130,1101064,IGLE/03775/20-EX,27-08-2019,40900,40900
NEK130,1101064,IGLE/03786/20-EX,27-08-2019,40900,40900
NEK130,1101064,IGLE/03745/20-EX,26-08-2019,28630,28630
NEK130,1101064,IGLE/03728/20-EX,25-08-2019,28630,28630
NEK130,1101064,IGLE/03712/20-EX,24-08-2019,28630,28630
NEK130,1101064,IGLE/03683/20-EX,23-08-2019,28630,28630
NEK130,1101064,IGLE/03616/20-EX,20-08-2019,40900,34100
NEP077,1100795,IGFX/17397/20-EX,29-08-2019,176400,176400
NEP077,1100795,IGFX/16940/20-EX,26-08-2019,194040,194040
NEP077,1100795,IGFX/16955/20-EX,26-08-2019,194040,158649
S434,1100205,IGCE/01085/20-EX,29-08-2019,125100,125100
S434,1100205,IGCE/01091/20-EX,29-08-2019,125100,125100
S434,1100205,IGCE/01077/20-EX,28-08-2019,125100,125100
S434,1100205,IGCE/01066/20-EX,27-08-2019,125100,125100
S434,1100205,IGCE/01050/20-EX,26-08-2019,125100,125100
S434,1100205,IGCE/01047/20-EX,25-08-2019,125100,125100
S434,1100205,IGCE/01040/20-EX,24-08-2019,125100,125100
S434,1100205,IGCE/01043/20-EX,24-08-2019,125100,125100
S434,1100205,IGCE/01032/20-EX,23-08-2019,125100,125100
S434,1100205,IGCE/01038/20-EX,23-08-2019,125100,30400
BHJ010,1101055,JGPK/00138/18-19,31-07-2018,6503,6503
BHJ010,1101055,JDWK/00378/17-18,21-02-2018,37017,24011
BHS066,1101055,JGPK/00138/18-19,31-07-2018,94992,51225
C085,CMCL_117,ISDS/01551/19-20,29-08-2019,123200,123200
C085,CMCL_117,ISDS/01524/19-20,27-08-2019,123200,123200
C085,CMCL_117,ISDS/01471/19-20,22-08-2019,154000,154000
C085,CMCL_117,ISDS/01472/19-20,22-08-2019,123200,71562
L073,AEMP000799000100,IGSL/03886/19-20,26-08-2019,22500,22500
L073,AEMP000799000100,IGSL/03899/19-20,26-08-2019,22500,22500
L073,AEMP000799000100,IGSL/03832/19-20,24-08-2019,22500,22500
L073,AEMP000799000100,IGSL/03842/19-20,24-08-2019,22500,22500
L073,AEMP000799000100,IGSL/03851/19-20,24-08-2019,22500,22500
L073,AEMP000799000100,IGFB/01059/19-20,23-08-2019,22500,4408
WBM031,CMCL_117,IGSL/03727/19-20,21-08-2019,123200,123200
WBM031,CMCL_117,IGSL/03678/19-20,20-08-2019,154000,148856
WBR096,AEMP000799000100,IGBX/00477/19-20,28-08-2019,169400,147522
M250,1200125,SDNMG/00046/2016-2017,31-01-2017,500,500
M250,1200125,SDMGM/00029/2016-2017,15-12-2016,500,500
M250,1200125,SAFCM/00588/2013-2014,20-04-2013,47301,46801
NEJ044,STARNE056,JGAG/01261/18-19,30-09-2018,100000,100000
NEJ044,STARNE056,BAGG/17988/18-19,20-09-2018,212533,76933
WBM099,1100441,PCGW/05255/18-19,29-10-2018,449628,449628
WBM230,AEMP000799000094,JGWK/01181/18-19,31-03-2019,5120,5120
WBM230,AEMP000799000094,JGWK/01204/18-19,31-03-2019,3600,3600
S179,1101116,IGDE/02219/20-EX,23-08-2019,22050,22050
S179,1101116,IGDE/02228/20-EX,23-08-2019,13230,13230
S179,1101116,IGFX/16513/20-EX,23-08-2019,133800,133800
S179,1101116,IGFX/16520/20-EX,23-08-2019,356800,356800
S179,1101116,IGFX/16625/20-EX,23-08-2019,312200,312200
NEA034,1100435,ILSL/03137/19-20,01-08-2019,43500,43500
NEA034,1100435,ILSL/02982/19-20,25-07-2019,43500,11240
S612,AEMP000799000096,JGWK/00325/19-20,31-07-2019,14720,14720
S612,AEMP000799000096,IDDS/01089/19-20,24-07-2019,112640,112640
S612,AEMP000799000096,IDDS/00946/19-20,13-07-2019,115840,115840
S612,AEMP000799000096,JGWK/00217/19-20,30-06-2019,14720,14720
S612,AEMP000799000096,IDDS/00776/19-20,27-06-2019,115840,91500
WBA032,AEMP000799000096,JGWK/00322/19-20,31-07-2019,14720,14720
WBA032,AEMP000799000096,IDDS/00933/19-20,12-07-2019,115840,115840
WBA032,AEMP000799000096,IDDS/00853/19-20,03-07-2019,115840,115840
WBA032,AEMP000799000096,IDJG/00006/19-20,30-06-2019,5639,5639
WBA032,AEMP000799000096,JGWK/00238/19-20,30-06-2019,40680,40680
WBA032,AEMP000799000096,IDDS/00737/19-20,24-06-2019,112640,112640
WBA032,AEMP000799000096,IDDS/00657/19-20,17-06-2019,114240,40795
B122,1101084,IGFX/17083/20-EX,27-08-2019,167600,167600
B122,1101084,IGFX/15764/20-EX,18-08-2019,167600,161380
G078,1100145,IGFX/17525/20-EX,29-08-2019,209500,209500
G078,1100145,IGFX/17030/20-EX,27-08-2019,209500,166060
NEA125,1101255,IGFX/17089/20-EX,27-08-2019,192740,122208
NEL031,1101147,ILDS/02960/19-20,29-08-2019,170660,170660
NEL031,1101147,ILDS/02970/19-20,29-08-2019,170660,170660
NEL031,1101147,ILDS/02973/19-20,29-08-2019,207760,207760
NEL031,1101147,ILDS/02974/19-20,29-08-2019,51940,51940
NEL031,1101147,ILDS/02968/19-20,29-08-2019,259700,259700
NEL031,1101147,ILDS/02945/19-20,28-08-2019,259700,259700
NEL031,1101147,ILDS/02944/19-20,28-08-2019,170660,170660
NEL031,1101147,ILDS/02927/19-20,27-08-2019,163240,163240
NEL031,1101147,ILDS/02930/19-20,27-08-2019,170660,170660
NEL031,1101147,ILDS/02902/19-20,26-08-2019,259700,259700
NEL031,1101147,ILDS/02901/19-20,26-08-2019,170660,170660
NEL031,1101147,ILDS/02898/19-20,26-08-2019,185500,185500
NEL031,1101147,ILDS/02905/19-20,26-08-2019,170660,170660
NEL031,1101147,ILDS/02906/19-20,26-08-2019,170660,170660
NEL031,1101147,ILDS/02907/19-20,26-08-2019,155820,155820
NEL031,1101147,ILDS/02908/19-20,26-08-2019,192920,192920
NEL031,1101147,ILDS/02876/19-20,25-08-2019,170660,170660
NEL031,1101147,ILDS/02861/19-20,24-08-2019,222600,222600
NEL031,1101147,ILDS/02846/19-20,23-08-2019,170660,170660
NEL031,1101147,ILDS/02855/19-20,23-08-2019,170660,170660
NEL031,1101147,ILDS/02826/19-20,22-08-2019,170660,170660
NEL031,1101147,ILDS/02811/19-20,21-08-2019,259700,259700
NEL031,1101147,ILDS/02819/19-20,21-08-2019,133560,80660
NEM137,11001360,IGFX/16333/20-EX,22-08-2019,209500,159712
NES360,1101147,ILDS/14117/18-19,14-03-2019,181500,72875
T029,1200121,ILDS/02841/19-20,23-08-2019,222600,222600
T029,1200121,ILDS/02818/19-20,21-08-2019,163240,158051
M146,1100321,IGFX/16910/20-EX,26-08-2019,360000,333919
BHL005,1101232,JVKS/05202/2016-2017,25-02-2017,132,132
BHL005,1101232,JVKS/03737/2016-2017,01-12-2016,2800,2800
BHL005,1101232,SAGSM/00311/2016-2017,14-11-2016,34300,34300
BHL005,1101232,SAGSM/00310/2016-2017,14-11-2016,31800,31800
BHL005,1101232,SAGSM/00301/2016-2017,25-10-2016,63600,63600
BHL005,1101232,SAGSM/00282/2016-2017,30-09-2016,96900,12591
NES228,1100321,IGFX/17100/20-EX,27-08-2019,315000,315000
NES228,1100321,IGFX/15641/20-EX,17-08-2019,360000,360000
NES228,1100321,IGFX/15514/20-EX,15-08-2019,360000,359828
WBS217,CMCL_191,JGWK/00325/19-20,31-07-2019,14720,14720
WBS217,CMCL_191,IDDS/00995/19-20,17-07-2019,114240,114240
WBS217,CMCL_191,ID2B/00077/19-20,02-07-2019,70000,70000
WBS217,CMCL_191,ID2B/00078/19-20,02-07-2019,42000,34720.05
NEG007,1100205,IGFX/16447/20-EX,22-08-2019,125100,110634
NER095,1100205,IGLE/03814/20-EX,29-08-2019,125100,125100
NER095,1100205,IGLE/03824/20-EX,29-08-2019,125100,125100
NER095,1100205,IGLE/03787/20-EX,28-08-2019,125100,125100
NER095,1100205,IGLE/03795/20-EX,28-08-2019,125100,125100
NER095,1100205,IGCE/01071/20-EX,27-08-2019,20450,20450
NER095,1100205,IGLE/03724/20-EX,25-08-2019,125100,125100
NER095,1100205,IGLE/03725/20-EX,25-08-2019,125100,125100
NER095,1100205,IGLE/03735/20-EX,25-08-2019,125100,125100
NER095,1100205,IGLE/03694/20-EX,24-08-2019,125100,46281
P214,1101278,IDDS/00926/19-20,11-07-2019,119040,112598
WBD064,1101278,IDKG/00225/19-20,29-08-2019,13000,13000
WBD064,1101278,IDKG/00223/19-20,27-08-2019,13000,13000
WBD064,1101278,IDKG/00222/19-20,26-08-2019,13000,13000
WBD064,1101278,IDKG/00218/19-20,22-08-2019,26000,26000
WBD064,1101278,IDKG/00212/19-20,07-08-2019,40800,17751
WBN014,1101278,IDKG/00221/19-20,26-08-2019,45500,43666
S340,AEMP000799000100,IGSL/02779/19-20,23-07-2019,22500,11555
S343,AEMP000799000100,IGSL/04050/19-20,29-08-2019,22500,22500
S343,AEMP000799000100,IGSL/04031/19-20,29-08-2019,22500,22500
S343,AEMP000799000100,IGSL/04044/19-20,29-08-2019,22500,22500
S343,AEMP000799000100,IGSL/04047/19-20,29-08-2019,22500,22500
S343,AEMP000799000100,ISS2/00732/19-20,29-08-2019,33750,33750
S343,AEMP000799000100,ISS2/00749/19-20,29-08-2019,67500,67500
S343,AEMP000799000100,ISS2/00712/19-20,28-08-2019,18750,18750
S343,AEMP000799000100,ISS2/00693/19-20,28-08-2019,26250,26250
S343,AEMP000799000100,ISS2/00702/19-20,28-08-2019,48750,48750
S343,AEMP000799000100,ISS2/00719/19-20,28-08-2019,67500,67500
S343,AEMP000799000100,ISS2/00720/19-20,28-08-2019,15000,15000
S343,AEMP000799000100,ISFB/00453/19-20,27-08-2019,22500,22500
S343,AEMP000799000100,ISS2/00676/19-20,27-08-2019,52500,52500
S343,AEMP000799000100,ISS2/00677/19-20,27-08-2019,45000,45000
S343,AEMP000799000100,IGSL/03971/19-20,27-08-2019,15000,15000
S343,AEMP000799000100,IGSL/03946/19-20,27-08-2019,22500,22500
S343,AEMP000799000100,IGSL/03959/19-20,27-08-2019,18750,18750
S343,AEMP000799000100,ISFB/00450/19-20,27-08-2019,15000,15000
S343,AEMP000799000100,IGSL/03897/19-20,26-08-2019,16875,16875
S343,AEMP000799000100,IGFB/01074/19-20,26-08-2019,22500,22500
NEG010,AEMP000592000337,IGDN/01881/19-20,20-08-2019,307300,307300
NEG010,AEMP000592000337,IGDN/01882/19-20,20-08-2019,526800,526800
NEG010,AEMP000592000337,IGDN/01883/19-20,20-08-2019,307300,307300
NEG010,AEMP000592000337,IGDN/01884/19-20,20-08-2019,307300,307300
NEG010,AEMP000592000337,IGDN/01885/19-20,20-08-2019,307300,307300
NEG010,AEMP000592000337,IGDN/01852/19-20,19-08-2019,307300,307300
NEG010,AEMP000592000337,IGDN/01853/19-20,19-08-2019,307300,307300
NEG010,AEMP000592000337,IGDN/01854/19-20,19-08-2019,307300,307300
NEG010,AEMP000592000337,IGDN/01855/19-20,19-08-2019,307300,307300
NEG010,AEMP000592000337,IGDN/01856/19-20,19-08-2019,307300,307300
NEG010,AEMP000592000337,IGDN/01857/19-20,19-08-2019,193160,193160
NEG010,AEMP000592000337,IGDN/01846/19-20,18-08-2019,307300,307300
NEG010,AEMP000592000337,IGDN/01847/19-20,18-08-2019,307300,307300
NEG010,AEMP000592000337,IGDN/01848/19-20,18-08-2019,193160,193160
NEG010,AEMP000592000337,IGDN/01849/19-20,18-08-2019,307300,307300
NEG010,AEMP000592000337,IGDN/01850/19-20,18-08-2019,307300,307300
NEG010,AEMP000592000337,IGDN/01851/19-20,18-08-2019,307300,307300
NEG010,AEMP000592000337,IGDN/01831/19-20,17-08-2019,307300,307300
NEG010,AEMP000592000337,IGDN/01833/19-20,17-08-2019,307300,307300
NEG010,AEMP000592000337,IGDN/01834/19-20,17-08-2019,307300,307300
NEG010,AEMP000592000337,IGDN/01835/19-20,17-08-2019,307300,307300
NEG010,AEMP000592000337,IGDN/01838/19-20,17-08-2019,307300,307300
NEG010,AEMP000592000337,IGDN/01839/19-20,17-08-2019,307300,307300
NEG010,AEMP000592000337,IGDN/01840/19-20,17-08-2019,307300,307300
NEG010,AEMP000592000337,IGDN/01844/19-20,17-08-2019,307300,307300
NEG010,AEMP000592000337,IGDN/01818/19-20,16-08-2019,193160,193160
NEG010,AEMP000592000337,IGDN/01819/19-20,16-08-2019,307300,307300
NEG010,AEMP000592000337,IGDN/01820/19-20,16-08-2019,307300,307300
NEG010,AEMP000592000337,IGDN/01821/19-20,16-08-2019,307300,307300
NEG010,AEMP000592000337,IGDN/01822/19-20,16-08-2019,307300,307300
NEG010,AEMP000592000337,IGDN/01823/19-20,16-08-2019,193160,193160
NEG010,AEMP000592000337,IGDN/01824/19-20,16-08-2019,307300,307300
NEG010,AEMP000592000337,IGDN/01825/19-20,16-08-2019,307300,307300
NEG010,AEMP000592000337,IGDN/01826/19-20,16-08-2019,307300,307300
NEG010,AEMP000592000337,IGDN/01827/19-20,16-08-2019,307300,307300
NEG010,AEMP000592000337,IGDN/01828/19-20,16-08-2019,307300,307300
NEG010,AEMP000592000337,IGDN/01817/19-20,15-08-2019,307300,307300
NEG010,AEMP000592000337,IGDN/01800/19-20,14-08-2019,307300,307300
NEG010,AEMP000592000337,IGDN/01801/19-20,14-08-2019,307300,307300
NEG010,AEMP000592000337,IGDN/01802/19-20,14-08-2019,307300,307300
NEG010,AEMP000592000337,IGDN/01803/19-20,14-08-2019,307300,307300
NEG010,AEMP000592000337,IGDN/01804/19-20,14-08-2019,526800,526800
NEG010,AEMP000592000337,IGDN/01805/19-20,14-08-2019,307300,307300
NEM232,1100794,IGFX/15828/20-EX,18-08-2019,130800,130800
NEM232,1100794,IGFX/13044/20-EX,24-07-2019,174400,165275
NEP064,1101059,IGFX/17433/20-EX,29-08-2019,174400,174400
NEP064,1101059,IGFX/17292/20-EX,28-08-2019,174400,174400
NEP064,1101059,IGFX/16922/20-EX,26-08-2019,174400,174400
NEP064,1101059,IGFX/16793/20-EX,24-08-2019,174400,174400
NER134,1100145,IGFX/17478/20-EX,29-08-2019,125700,125700
NER134,1100145,IGFX/17479/20-EX,29-08-2019,83800,83800
NER134,1100145,IGFX/17155/20-EX,27-08-2019,209500,209500
NER134,1100145,IGFX/16778/20-EX,24-08-2019,125700,125700
NER134,1100145,IGFX/16779/20-EX,24-08-2019,83800,83800
NER134,1100145,IGFX/16223/20-EX,21-08-2019,209500,209500
NER134,1100145,IGFX/15884/20-EX,19-08-2019,83800,83800
NER134,1100145,IGFX/15885/20-EX,19-08-2019,125700,76087
T045,1100145,IGFX/17420/20-EX,29-08-2019,125700,125700
T045,1100145,IGFX/17421/20-EX,29-08-2019,125700,125700
T045,1100145,IGFX/17474/20-EX,29-08-2019,108940,108940
T045,1100145,IGFX/17475/20-EX,29-08-2019,108940,108940
T045,1100145,IGFX/16324/20-EX,22-08-2019,100560,100560
T045,1100145,IGFX/16325/20-EX,22-08-2019,100560,100560
T045,1100145,IGFX/16179/20-EX,21-08-2019,108940,108940
T045,1100145,IGFX/16180/20-EX,21-08-2019,100560,86780
WBN033,1100616,JGWK/00216/19-20,30-06-2019,21100,21100
WBN033,1100616,IDKH/00143/19-20,12-06-2019,72000,72000
WBN033,1100616,IDKH/00144/19-20,12-06-2019,72000,72000
WBN033,1100616,IDKH/00137/19-20,10-06-2019,72000,72000
WBN033,1100616,IDKH/00138/19-20,10-06-2019,72000,72000
WBN033,1100616,IDKH/00129/19-20,01-06-2019,54000,54000
WBN033,1100616,JGWK/00142/19-20,31-05-2019,23400,23400
WBN033,1100616,IDKH/00115/19-20,29-05-2019,92500,87010
B077,1100321,IGFX/16455/20-EX,22-08-2019,180000,180000
B077,1100321,IGFX/16456/20-EX,22-08-2019,180000,180000
B077,1100321,IGFX/15223/20-EX,12-08-2019,180000,180000
B077,1100321,IGFX/15224/20-EX,12-08-2019,180000,173000
NEB086,1100321,IGFX/16677/20-EX,24-08-2019,133500,133500
NEB086,1100321,IGFX/16678/20-EX,24-08-2019,171000,171000
NEB086,1100321,IGFX/15468/20-EX,15-08-2019,178000,178000
NEB086,1100321,IGFX/15469/20-EX,15-08-2019,180000,113305
NED134,1100321,IGFX/15324/20-EX,13-08-2019,307050,307050
NED134,1100321,IGFX/13092/20-EX,25-07-2019,311500,189040
WBS092,CMCL_191,ID2B/00108/19-20,29-08-2019,104000,103680
G121,1101278,PCGW/04058/18-19,05-09-2018,114003,114003
H133,1101278,PCGW/04057/18-19,05-09-2018,758775,758775
NEG073,1101064,IGLE/02722/20-EX,11-07-2019,28630,28630
NEG073,1101064,IGLE/02588/20-EX,05-07-2019,25740,25740
NEG073,1101064,IGLE/02587/20-EX,05-07-2019,25740,20315
S017,1101131,IGLE/03742/20-EX,26-08-2019,24540,20400
WBJ054,1101278,IDKG/00224/19-20,28-08-2019,65000,65000
WBJ054,1101278,IDKG/00219/19-20,23-08-2019,71500,71500
WBJ054,1101278,IDKG/00216/19-20,14-08-2019,65000,65000
WBJ054,1101278,IDKG/00203/19-20,31-07-2019,68000,6120
BHM071,1101055,IDJB/00026/18-19,31-03-2019,20000,20000
BHM071,1101055,JGPK/00138/18-19,31-07-2018,152432,152432
BHM071,1101055,JDWK/00379/17-18,21-02-2018,379219,34355
S462,CMCL_117,IGSL/04051/19-20,29-08-2019,102500,102500
WBJ033,1101124,ISGR/00133/19-20,24-08-2019,13300,13300
WBJ033,1101124,ISGR/00125/19-20,20-08-2019,105000,104047
NES166,1100794,IGFX/17445/20-EX,29-08-2019,348800,348800
NES166,1100794,IGFX/16966/20-EX,26-08-2019,348800,348800
NES166,1100794,IGFX/16879/20-EX,25-08-2019,348800,348800
NES166,1100794,IGFX/16384/20-EX,22-08-2019,348800,256623
NES343,1101075,IGFX/16533/20-EX,23-08-2019,308000,303890
T077,1101113,IGDS/01123/19-20,05-08-2019,306600,25212
NEB094,1100205,IGFX/16770/20-EX,24-08-2019,125100,125100
NEB094,1100205,IGFX/16300/20-EX,21-08-2019,125100,125100
NEB094,1100205,IGFX/15724/20-EX,17-08-2019,125100,97573
NED071,1101064,IGLE/03827/20-EX,29-08-2019,24540,24540
NED071,1101064,IGLE/03793/20-EX,28-08-2019,20450,20450
NED071,1101064,IGLE/03807/20-EX,28-08-2019,24540,24540
NED071,1101064,IGLE/03753/20-EX,26-08-2019,20450,20450
NED071,1101064,IGLE/03761/20-EX,26-08-2019,20450,19764
NEK066,1101064,IGLE/02154/20-EX,20-06-2019,24540,24540
NEK066,1101064,IGLE/02160/20-EX,20-06-2019,49080,49080
NEK066,1101064,IGLE/02103/20-EX,17-06-2019,49080,49080
NEK066,1101064,IGLE/02024/20-EX,14-06-2019,20450,20450
NEK066,1101064,IGLE/02032/20-EX,14-06-2019,40900,40900
NEK066,1101064,IGLE/02033/20-EX,14-06-2019,20450,20450
NEK066,1101064,IGLE/02036/20-EX,14-06-2019,20450,20450
NEK066,1101064,IGLE/02038/20-EX,14-06-2019,40900,40900
NEK066,1101064,IGLE/01966/20-EX,11-06-2019,20450,20450
NEK066,1101064,IGLE/01968/20-EX,11-06-2019,20450,20450
NEK066,1101064,IGLE/01827/20-EX,01-06-2019,20450,20450
NEK066,1101064,IGLE/01831/20-EX,01-06-2019,40900,40900
NEK066,1101064,IGLE/01840/20-EX,01-06-2019,20450,20450
NEK066,1101064,IGLE/01776/20-EX,31-05-2019,24540,24540
NEK066,1101064,IGLE/01783/20-EX,31-05-2019,24540,24540
NEK066,1101064,IGLE/01697/20-EX,28-05-2019,20450,20450
NEK066,1101064,IGLE/01704/20-EX,28-05-2019,28630,28630
NEK066,1101064,IGLE/01654/20-EX,27-05-2019,20450,20450
NEK066,1101064,IGLE/01601/20-EX,26-05-2019,20450,20450
NEK066,1101064,IGLE/01602/20-EX,26-05-2019,20450,20450
NEK066,1101064,IGLE/01593/20-EX,25-05-2019,20450,20450
NEK066,1101064,IGLE/01542/20-EX,23-05-2019,40900,40900
NEK066,1101064,IGLE/01479/20-EX,22-05-2019,20450,20450
NEK066,1101064,IGLE/01485/20-EX,22-05-2019,20450,20450
NEK066,1101064,IGLE/01493/20-EX,22-05-2019,20450,20450
NEK066,1101064,IGLE/01501/20-EX,22-05-2019,20450,20450
NEK066,1101064,IGLE/01429/20-EX,21-05-2019,28630,4230
NEM247,AEMP000799000414,IGFX/16651/20-EX,24-08-2019,125100,120600
P058,1100205,IGFX/17365/20-EX,29-08-2019,125100,125100
P058,1100205,IGFX/15746/20-EX,17-08-2019,125100,6
R114,CMCL_205,ISS2/00524/19-20,08-08-2019,11250,11250
R114,CMCL_205,ISS2/00526/19-20,08-08-2019,11250,11250
R114,CMCL_205,ISS2/00528/19-20,08-08-2019,17625,17625
R114,CMCL_205,IGFB/00956/19-20,07-08-2019,22500,22500
R114,CMCL_205,IGS2/02515/19-20,07-08-2019,22500,22500
R114,CMCL_205,IGS2/02518/19-20,07-08-2019,16875,16875
NEM140,11001360,IGFX/17159/20-EX,27-08-2019,125700,125700
NEM140,11001360,IGFX/17160/20-EX,27-08-2019,83800,83800
NEM140,11001360,IGFX/17021/20-EX,26-08-2019,209500,209500
NEM140,11001360,IGFX/16845/20-EX,25-08-2019,209500,209500
NEM140,11001360,IGFX/16892/20-EX,25-08-2019,209500,209500
NEM140,11001360,IGFX/16895/20-EX,25-08-2019,209500,209500
NEM140,11001360,IGFX/16674/20-EX,24-08-2019,209500,209500
NEM140,11001360,IGFX/16741/20-EX,24-08-2019,125700,125700
NEM140,11001360,IGFX/16742/20-EX,24-08-2019,83800,83800
NEM140,11001360,IGFX/16758/20-EX,24-08-2019,209500,209500
NEM140,11001360,IGFX/16526/20-EX,23-08-2019,209500,155090
NEW008,1101147,ILDS/00237/19-20,13-04-2019,166980,80
P131,1101255,IGFX/17386/20-EX,29-08-2019,209500,209500
P131,1101255,IGFX/14098/20-EX,03-08-2019,184360,183372
WBT048,1101124,PCGW/04250/18-19,13-09-2018,273920,273920
NEB051,1101075,JGAG/00902/19-20,31-07-2019,20400,20400
NEB051,1101075,IGFX/12757/20-EX,21-07-2019,308000,215482
NEB051,1101075,IGFX/16114/20-EX,20-08-2019,299200,299200
NEB051,1101075,IGFX/14605/20-EX,07-08-2019,308000,308000
NEB051,1101075,IGFX/14032/20-EX,02-08-2019,154000,154000
NEB054,1101059,IGFX/16792/20-EX,24-08-2019,130800,130800
NEB054,1101059,IGFX/15070/20-EX,10-08-2019,174400,174300
NEB162,1101075,IGFX/15858/20-EX,18-08-2019,176000,176000
WBM225,1101278,JGWK/00141/19-20,31-05-2019,60320,60320
WBM225,1101278,IDKG/00113/19-20,31-05-2019,148000,148000
WBM225,1101278,IDKG/00103/19-20,28-05-2019,125800,125800
WBM225,1101278,IDKG/00102/19-20,27-05-2019,133200,133200
WBM225,1101278,IDKG/00076/19-20,15-05-2019,51800,51800
WBM225,1101278,IDKG/00077/19-20,15-05-2019,59200,59200
WBM225,1101278,IDKG/00070/19-20,13-05-2019,118400,905
WBM233,1101278,IDKG/00217/19-20,16-08-2019,143000,143000
WBM233,1101278,IDKG/00210/19-20,07-08-2019,34000,34000
WBM233,1101278,IDKG/00211/19-20,07-08-2019,61200,61200
WBM233,1101278,JGWK/00323/19-20,31-07-2019,14720,14720
WBM233,1101278,IDKG/00195/19-20,26-07-2019,149600,127780
BHJ030,1101055,JGPK/00138/18-19,31-07-2018,102250,102250
BHJ030,1101055,JGPK/00234/17-18,28-02-2018,8400,8400
BHJ030,1101055,JDWK/00378/17-18,21-02-2018,115230,57310
BHK009,1101055,JGPK/00138/18-19,31-07-2018,662582,662582
BHK009,1101055,JDWK/00379/17-18,21-02-2018,1881904,556740
M229,AEMP000799000100,IGSL/04037/19-20,29-08-2019,154000,154000
M229,AEMP000799000100,IGFB/01088/19-20,28-08-2019,24000,24000
S035,1100794,IGFX/17459/20-EX,29-08-2019,348800,348800
S035,1100794,IGFX/15656/20-EX,17-08-2019,348800,348800
S035,1100794,IGFX/14907/20-EX,09-08-2019,348800,348800
S035,1100794,IGFX/13758/20-EX,31-07-2019,305200,130354
S377,AEMP000592000337,IGDN/01367/19-20,14-07-2019,351200,69803
J033,1100302,IGFX/17286/20-EX,28-08-2019,125100,125100
J033,1100302,IGFX/17217/20-EX,27-08-2019,125100,125100
J033,1100302,IGFX/16809/20-EX,25-08-2019,125100,125100
J033,1100302,IGFX/16657/20-EX,24-08-2019,125100,125100
J033,1100302,IGFX/16357/20-EX,22-08-2019,125100,97844
NEN098,1100202,IGRR/00856/20-EX,27-08-2019,49080,41871
WBL033,1101278,IDKG/00207/19-20,06-08-2019,68000,68000
WBL033,1101278,IDKG/00204/19-20,31-07-2019,54400,54400
WBL033,1101278,JGWK/00323/19-20,31-07-2019,77000,77000
WBL033,1101278,IDKG/00194/19-20,25-07-2019,108800,108800
WBL033,1101278,IDDS/01039/19-20,22-07-2019,56320,56320
WBL033,1101278,IDDS/01040/19-20,22-07-2019,56320,56320
WBL033,1101278,IDDS/01023/19-20,20-07-2019,147840,147840
WBL033,1101278,IDDS/01003/19-20,18-07-2019,112640,112308
WBM173,1101278,PCGW/05946/18-19,28-11-2018,186344,186344
NET012,AEMP000592000336,ILBJ/01069/19-20,02-08-2019,188700,188700
NET012,AEMP000592000336,ILBJ/01070/19-20,02-08-2019,177600,124721
NET012,AEMP000592000336,ILBJ/01299/19-20,18-08-2019,199800,199800
NET012,AEMP000592000336,ILBJ/01300/19-20,18-08-2019,194250,194250
NET012,AEMP000592000336,ILBJ/01302/19-20,18-08-2019,188700,188700
NET012,AEMP000592000336,ILBJ/01303/19-20,18-08-2019,188700,188700
NET012,AEMP000592000336,ILBJ/01262/19-20,17-08-2019,199800,199800
NET012,AEMP000592000336,ILBJ/01267/19-20,17-08-2019,188700,188700
NET012,AEMP000592000336,ILBJ/01268/19-20,17-08-2019,204480,204480
NET012,AEMP000592000336,ILBJ/01269/19-20,17-08-2019,227200,227200
NET012,AEMP000592000336,ILBJ/01270/19-20,17-08-2019,193120,193120
NET012,AEMP000592000336,ILBJ/01271/19-20,17-08-2019,261280,261280
NET012,AEMP000592000336,ILBJ/01273/19-20,17-08-2019,199800,199800
NET012,AEMP000592000336,ILBJ/01274/19-20,17-08-2019,199800,199800
NET012,AEMP000592000336,ILBJ/01275/19-20,17-08-2019,199800,199800
NET012,AEMP000592000336,ILBJ/01276/19-20,17-08-2019,199800,199800
NET012,AEMP000592000336,ILBJ/01277/19-20,17-08-2019,199800,199800
NET012,AEMP000592000336,ILBJ/01280/19-20,17-08-2019,188700,188700
NET012,AEMP000592000336,ILBJ/01281/19-20,17-08-2019,177600,177600
NET012,AEMP000592000336,ILBJ/01282/19-20,17-08-2019,215840,215840
NET012,AEMP000592000336,ILBJ/01283/19-20,17-08-2019,112000,112000
NET012,AEMP000592000336,ILBJ/01284/19-20,17-08-2019,201600,201600
NET012,AEMP000592000336,ILBJ/01285/19-20,17-08-2019,201600,201600
NET012,AEMP000592000336,ILBJ/01286/19-20,17-08-2019,190400,190400
NET012,AEMP000592000336,ILBJ/01287/19-20,17-08-2019,201600,201600
NET012,AEMP000592000336,ILBJ/01288/19-20,17-08-2019,201600,201600
NET012,AEMP000592000336,ILBJ/01289/19-20,17-08-2019,188700,188700
NET012,AEMP000592000336,ILBJ/01242/19-20,16-08-2019,188700,188700
NET012,AEMP000592000336,ILBJ/01243/19-20,16-08-2019,199800,199800
NET012,AEMP000592000336,ILBJ/01244/19-20,16-08-2019,199800,199800
NET012,AEMP000592000336,ILBJ/01245/19-20,16-08-2019,244200,244200
NET012,AEMP000592000336,ILBJ/01246/19-20,16-08-2019,166500,166500
S537,AEMP000799000094,PCGW/05021/18-19,16-10-2018,635199,630199
G052,1100145,IGFX/17482/20-EX,29-08-2019,184360,184360
G052,1100145,IGFX/17070/20-EX,27-08-2019,184360,184360
G052,1100145,IGFX/16838/20-EX,25-08-2019,167600,167600
G052,1100145,IGFX/16703/20-EX,24-08-2019,209500,209500
G052,1100145,IGFX/16584/20-EX,23-08-2019,105360,105360
G052,1100145,IGFX/16585/20-EX,23-08-2019,83800,83800
G052,1100145,IGFX/16024/20-EX,20-08-2019,100560,100560
G052,1100145,IGFX/16025/20-EX,20-08-2019,192740,192740
G052,1100145,IGFX/15909/20-EX,19-08-2019,167600,102160
NEG024,1200125,IGFX/17139/20-EX,27-08-2019,234360,231860
NEM043,1100145,IGFX/17417/20-EX,29-08-2019,209500,209500
NEM043,1100145,IGFX/17147/20-EX,27-08-2019,209500,209500
NEM043,1100145,IGFX/16961/20-EX,26-08-2019,209500,209500
NEM043,1100145,IGFX/16890/20-EX,25-08-2019,209500,209500
NEM043,1100145,IGFX/16515/20-EX,23-08-2019,209500,209500
NEM043,1100145,IGFX/16346/20-EX,22-08-2019,209500,156666.93
NET127,1101245,IGFX/17505/20-EX,29-08-2019,125700,109200
WBL005,1101124,IDJG/00008/19-20,30-06-2019,131204,131204
WBL005,1101124,ISDS/00342/19-20,21-04-2019,121600,121600
WBL005,1101124,IDJG/00039/18-19,31-03-2019,409230,269891.5
WBN024,1100616,IDDS/01376/19-20,27-08-2019,111040,111040
WBN024,1100616,IDDS/01126/19-20,29-07-2019,115840,115313
WBS196,1101124,ISDS/01527/19-20,27-08-2019,201600,201600
WBS196,1101124,ISDS/01528/19-20,27-08-2019,201600,96438
B031,1101059,JGAG/02255/17-18,31-01-2018,293300,148515
J046,1101059,IGFX/17321/20-EX,28-08-2019,174400,174400
J046,1101059,IGFX/16885/20-EX,25-08-2019,174400,134832
NEV002,1101117,IG2K/00084/19-20,29-08-2019,312120,312120
NEV002,1101117,IGDN/01981/19-20,29-08-2019,321300,321300
NEV002,1101117,IGDN/01968/19-20,28-08-2019,321300,321300
NEV002,1101117,IGDN/01965/19-20,28-08-2019,321300,210497
S172,1101059,IGFX/17103/20-EX,27-08-2019,174400,174400
S172,1101059,IGFX/15806/20-EX,18-08-2019,191840,191840
S172,1101059,IGFX/15263/20-EX,13-08-2019,191840,191840
S172,1101059,IGFX/14607/20-EX,07-08-2019,91200,91200
S172,1101059,IGFX/14361/20-EX,05-08-2019,191840,93028
NET012,AEMP000592000336,ILBJ/01247/19-20,16-08-2019,233100,233100
NET012,AEMP000592000336,ILBJ/01248/19-20,16-08-2019,199800,199800
NET012,AEMP000592000336,ILBJ/01249/19-20,16-08-2019,177600,177600
NET012,AEMP000592000336,ILBJ/01250/19-20,16-08-2019,199800,199800
NET012,AEMP000592000336,ILBJ/01258/19-20,16-08-2019,199800,199800
NET012,AEMP000592000336,ILBJ/01221/19-20,14-08-2019,199800,199800
NET012,AEMP000592000336,ILBJ/01222/19-20,14-08-2019,199800,199800
NET012,AEMP000592000336,ILBJ/01224/19-20,14-08-2019,188700,188700
NET012,AEMP000592000336,ILBJ/01225/19-20,14-08-2019,199800,199800
NET012,AEMP000592000336,ILBJ/01234/19-20,14-08-2019,188700,188700
NET012,AEMP000592000336,ILBJ/01211/19-20,13-08-2019,177600,177600
NET012,AEMP000592000336,ILBJ/01212/19-20,13-08-2019,188700,188700
NET012,AEMP000592000336,ILBJ/01213/19-20,13-08-2019,188700,188700
NET012,AEMP000592000336,ILBJ/01214/19-20,13-08-2019,204480,204480
NET012,AEMP000592000336,ILBJ/01215/19-20,13-08-2019,199800,199800
NET012,AEMP000592000336,ILBJ/01216/19-20,13-08-2019,199800,199800
NET012,AEMP000592000336,ILBJ/01217/19-20,13-08-2019,177600,177600
NET012,AEMP000592000336,ILBJ/01219/19-20,13-08-2019,188700,188700
NET012,AEMP000592000336,ILBJ/01220/19-20,13-08-2019,188700,188700
NET012,AEMP000592000336,ILBJ/01191/19-20,12-08-2019,188700,188700
NET012,AEMP000592000336,ILBJ/01192/19-20,12-08-2019,199800,199800
NET012,AEMP000592000336,ILBJ/01193/19-20,12-08-2019,199800,199800
NET012,AEMP000592000336,ILBJ/01194/19-20,12-08-2019,199800,199800
NET012,AEMP000592000336,ILBJ/01195/19-20,12-08-2019,199800,199800
NET012,AEMP000592000336,ILBJ/01196/19-20,12-08-2019,188700,188700
NET012,AEMP000592000336,ILBJ/01197/19-20,12-08-2019,188700,188700
NET012,AEMP000592000336,ILBJ/01198/19-20,12-08-2019,177600,177600
NET012,AEMP000592000336,ILBJ/01199/19-20,12-08-2019,188700,188700
NET012,AEMP000592000336,ILBJ/01200/19-20,12-08-2019,199800,199800
NET012,AEMP000592000336,ILBJ/01201/19-20,12-08-2019,188700,188700
NET012,AEMP000592000336,ILBJ/01202/19-20,12-08-2019,188700,188700
NET012,AEMP000592000336,ILBJ/01205/19-20,12-08-2019,232880,232880
NET012,AEMP000592000336,ILBJ/01206/19-20,12-08-2019,227200,227200
NET012,AEMP000592000336,ILBJ/01425/19-20,25-08-2019,55500,55500
NET012,AEMP000592000336,ILBJ/01400/19-20,24-08-2019,199800,199800
NET012,AEMP000592000336,ILBJ/01403/19-20,24-08-2019,199800,199800
NET012,AEMP000592000336,ILBJ/01404/19-20,24-08-2019,188700,188700
NET012,AEMP000592000336,ILBJ/01405/19-20,24-08-2019,188700,188700
NET012,AEMP000592000336,ILBJ/01406/19-20,24-08-2019,188700,188700
NET012,AEMP000592000336,ILBJ/01407/19-20,24-08-2019,188700,188700
NET012,AEMP000592000336,ILBJ/01408/19-20,24-08-2019,193120,193120
NET012,AEMP000592000336,ILBJ/01409/19-20,24-08-2019,204480,204480
NET012,AEMP000592000336,ILBJ/01410/19-20,24-08-2019,198800,198800
NET012,AEMP000592000336,ILBJ/01411/19-20,24-08-2019,204480,204480
NET012,AEMP000592000336,ILBJ/01412/19-20,24-08-2019,199800,199800
NET012,AEMP000592000336,ILBJ/01413/19-20,24-08-2019,199800,199800
NET012,AEMP000592000336,ILBJ/01415/19-20,24-08-2019,147680,147680
NET012,AEMP000592000336,ILBJ/01390/19-20,23-08-2019,199800,199800
NET012,AEMP000592000336,ILBJ/01393/19-20,23-08-2019,188700,188700
NET012,AEMP000592000336,ILBJ/01394/19-20,23-08-2019,188700,188700
NET012,AEMP000592000336,ILBJ/01395/19-20,23-08-2019,233100,233100
WBJ042,CMCL_162,IDDS/02268/18-19,10-01-2019,102400,102400
WBJ042,CMCL_162,IDDS/02269/18-19,10-01-2019,102400,102400
WBJ042,CMCL_162,IDDS/02091/18-19,17-12-2018,135030,135030
WBJ042,CMCL_162,IDDS/02080/18-19,16-12-2018,102400,102400
WBJ042,CMCL_162,IDDS/02076/18-19,14-12-2018,102880,100625
WBM097,1100441,IGSL/04023/19-20,28-08-2019,56000,56000
WBM097,1100441,IGSL/04024/19-20,28-08-2019,21000,21000
WBM097,1100441,IGSL/03926/19-20,26-08-2019,70000,70000
WBM097,1100441,IGSL/03927/19-20,26-08-2019,14000,14000
WBM097,1100441,IGSL/03834/19-20,24-08-2019,14000,14000
WBM097,1100441,IGSL/03877/19-20,24-08-2019,70000,70000
WBM097,1100441,IGSL/03878/19-20,24-08-2019,14000,14000
WBM097,1100441,IGSL/03814/19-20,23-08-2019,70000,70000
WBM097,1100441,IGSL/03815/19-20,23-08-2019,21000,21000
WBM097,1100441,IGSL/03553/19-20,16-08-2019,14000,14000
WBM097,1100441,IGSL/03552/19-20,16-08-2019,70000,70000
WBM097,1100441,IGSL/03495/19-20,14-08-2019,17500,17500
WBM097,1100441,IGSL/03384/19-20,09-08-2019,70000,70000
WBM097,1100441,IGSL/03385/19-20,09-08-2019,21000,21000
WBM097,1100441,IGSL/03253/19-20,05-08-2019,70000,70000
WBM097,1100441,IGSL/03254/19-20,05-08-2019,14000,14000
WBM097,1100441,JGWK/00323/19-20,31-07-2019,54000,54000
WBM097,1100441,IGSL/03086/19-20,31-07-2019,70000,70000
WBM097,1100441,IGSL/03087/19-20,31-07-2019,21000,21000
WBM097,1100441,IGSL/03099/19-20,31-07-2019,35000,16868.94
WBS246,1100441,IGSL/03976/19-20,27-08-2019,56000,56000
WBS246,1100441,IGSL/03977/19-20,27-08-2019,35000,35000
WBS246,1100441,IGSL/03928/19-20,26-08-2019,70000,70000
WBS246,1100441,IGSL/03929/19-20,26-08-2019,21000,21000
WBS246,1100441,IGSL/03852/19-20,24-08-2019,70000,63095
NEP113,1200174,ILDS/02966/19-20,29-08-2019,148400,148400
NEP113,1200174,ILDS/02916/19-20,27-08-2019,148400,148400
NEP113,1200174,ILDS/02882/19-20,25-08-2019,148400,148400
NEP113,1200174,ILDS/02817/19-20,21-08-2019,163240,51480
NEW004,1200174,ILDS/02637/19-20,08-08-2019,74200,74195
NED100,1101046,ILTM/01113/19-20,29-08-2019,205000,205000
NED100,1101046,ILTM/01112/19-20,28-08-2019,196800,196800
NED100,1101046,ILTM/01033/19-20,19-08-2019,205000,205000
WBM230,AEMP000799000094,IDDS/02806/18-19,02-03-2019,104000,104000
WBM230,AEMP000799000094,IDDS/02458/18-19,30-01-2019,32100,32100
WBM230,AEMP000799000094,IDDS/02459/18-19,30-01-2019,102720,102720
WBM230,AEMP000799000094,IDDS/02423/18-19,26-01-2019,70620,70620
WBM230,AEMP000799000094,IDDS/02424/18-19,26-01-2019,32100,32100
WBM230,AEMP000799000094,IDDS/02425/18-19,26-01-2019,102880,102880
WBM230,AEMP000799000094,IDDS/02330/18-19,16-01-2019,102880,102880
WBM230,AEMP000799000094,IDDS/02302/18-19,14-01-2019,102880,102880
WBM230,AEMP000799000094,IDDS/02295/18-19,12-01-2019,135030,135030
WBM230,AEMP000799000094,IDDS/02289/18-19,11-01-2019,134820,134820
WBM230,AEMP000799000094,IDDS/02292/18-19,11-01-2019,102880,29555
WBP059,1100441,IDJG/00009/19-20,30-06-2019,17178,17178
WBP059,1100441,PCGW/05257/18-19,29-10-2018,341360,100744
B138,1101046,ILAT/05612/19-20,29-08-2019,40300,40300
B138,1101046,ILAT/05596/19-20,28-08-2019,40300,40300
B138,1101046,ILTM/01109/19-20,28-08-2019,205000,205000
B138,1101046,ILAT/05542/19-20,27-08-2019,40300,40300
B138,1101046,ILAT/05546/19-20,27-08-2019,16120,16120
B138,1101046,ILAT/05464/19-20,25-08-2019,40300,40300
B138,1101046,ILAT/05473/19-20,25-08-2019,44330,44330
B138,1101046,ILAT/05474/19-20,25-08-2019,16120,16120
B138,1101046,ILAT/05487/19-20,25-08-2019,40300,40300
B138,1101046,ILAT/05433/19-20,24-08-2019,16120,16120
B138,1101046,ILAT/05439/19-20,24-08-2019,16120,16120
B138,1101046,ILAT/05448/19-20,24-08-2019,58520,58520
B138,1101046,ILAT/05382/19-20,23-08-2019,40300,40300
B138,1101046,ILAT/05396/19-20,23-08-2019,16120,16120
B138,1101046,ILTM/01052/19-20,22-08-2019,205000,205000
B138,1101046,ILAT/05332/19-20,21-08-2019,22165,22165
B138,1101046,ILAT/05232/19-20,19-08-2019,40300,40300
B138,1101046,ILAT/05194/19-20,18-08-2019,40300,40300
B138,1101046,ILAT/05159/19-20,17-08-2019,20150,20150
B138,1101046,ILAT/05175/19-20,17-08-2019,40300,40300
B138,1101046,ILAT/05081/19-20,14-08-2019,40300,22590
NEC064,1101046,ILAT/05633/19-20,29-08-2019,32240,32240
NEC064,1101046,ILAT/05641/19-20,29-08-2019,32240,32240
WBM167,1101278,JGWK/00323/19-20,31-07-2019,62880,62880
WBM167,1101278,IDKG/00197/19-20,29-07-2019,74800,74800
WBM167,1101278,IDKG/00198/19-20,29-07-2019,74800,74800
WBM167,1101278,IDKG/00196/19-20,27-07-2019,149600,149600
WBM167,1101278,IDKG/00193/19-20,25-07-2019,149600,32489.75
A020,1200125,IGDS/01395/19-20,29-08-2019,217000,217000
A020,1200125,IGDS/01398/19-20,29-08-2019,260400,260400
A020,1200125,IGDS/01361/19-20,28-08-2019,42900,42900
A020,1200125,IGDS/01362/19-20,28-08-2019,214500,214500
A020,1200125,IGDS/01377/19-20,28-08-2019,217000,217000
A020,1200125,IGDS/01378/19-20,28-08-2019,217000,217000
A020,1200125,IGDS/01379/19-20,28-08-2019,42900,42900
A020,1200125,IGDS/01393/19-20,28-08-2019,257400,257400
A020,1200125,IGDS/01394/19-20,28-08-2019,257400,257400
A020,1200125,IGDS/01345/19-20,27-08-2019,214500,214500
A020,1200125,IGDS/01346/19-20,27-08-2019,42900,42900
A020,1200125,IGDS/01349/19-20,27-08-2019,257400,257400
A020,1200125,IGDS/01350/19-20,27-08-2019,257400,257400
A020,1200125,IGDS/01318/19-20,25-08-2019,305200,305200
A020,1200125,IGDS/01322/19-20,25-08-2019,224500,192532
B014,STARNE056,IGFX/17175/20-EX,27-08-2019,84000,84000
B014,STARNE056,IGFX/17176/20-EX,27-08-2019,84000,84000
B014,STARNE056,IGFX/16971/20-EX,26-08-2019,84000,84000
B014,STARNE056,IGFX/16972/20-EX,26-08-2019,84000,84000
B014,STARNE056,IGFX/16546/20-EX,23-08-2019,84000,84000
B014,STARNE056,IGFX/16547/20-EX,23-08-2019,84000,69940
NEM194,STARNE056,IGFX/17339/20-EX,28-08-2019,84800,84800
NEM194,STARNE056,IGFX/16575/20-EX,23-08-2019,84800,84800
NEM194,STARNE056,IGFX/15971/20-EX,19-08-2019,84800,84800
NEM194,STARNE056,IGFX/15972/20-EX,19-08-2019,84800,79164
P165,CMCL_162,IDDS/01341/19-20,23-08-2019,54720,54720
P165,CMCL_162,IDDS/01342/19-20,23-08-2019,54720,41258.46
WBM090,1100441,IGSL/04002/19-20,28-08-2019,70000,70000
WBM090,1100441,IGSL/04015/19-20,28-08-2019,70000,70000
WBM090,1100441,IGSL/03988/19-20,28-08-2019,70000,70000
WBM090,1100441,IGSL/03987/19-20,28-08-2019,70000,70000
WBM090,1100441,JMWK/00011/19-20,28-08-2019,74528,74528
WBM090,1100441,IGSL/03982/19-20,27-08-2019,70000,70000
WBM090,1100441,IGSL/03981/19-20,27-08-2019,70000,70000
WBM090,1100441,IGSL/03980/19-20,27-08-2019,70000,70000
WBM090,1100441,IGSL/03978/19-20,27-08-2019,70000,70000
WBM090,1100441,IGSL/03968/19-20,27-08-2019,70000,70000
WBM090,1100441,IGSL/03969/19-20,27-08-2019,70000,70000
G015,1101046,ILTM/01102/19-20,28-08-2019,98400,98400
G015,1101046,ILTM/01103/19-20,28-08-2019,98400,98400
G015,1101046,ILTM/01074/19-20,24-08-2019,98400,98400
G015,1101046,ILTM/01075/19-20,24-08-2019,106600,106600
G015,1101046,ILTM/01041/19-20,20-08-2019,90200,90200
G015,1101046,ILTM/01042/19-20,20-08-2019,106600,91110
L014,1101046,ILAT/05503/19-20,26-08-2019,40300,40300
L014,1101046,ILTM/01038/19-20,20-08-2019,82000,70410
NEB132,1101046,ILAT/05624/19-20,29-08-2019,40300,40300
NEL006,1100435,ILSL/03311/19-20,08-08-2019,43500,20190
S029,1101182,ILBD/02239/19-20,29-08-2019,43500,43500
S029,1101182,ILSL/03761/19-20,29-08-2019,43500,43500
S029,1101182,ILSL/03708/19-20,28-08-2019,43500,43500
S029,1101182,ILBD/02210/19-20,28-08-2019,43500,43500
S029,1101182,ILBD/02214/19-20,28-08-2019,43500,30800
WBK018,AEMP000799000094,IDDS/01213/19-20,06-08-2019,147840,147840
WBK018,AEMP000799000094,JGWK/00323/19-20,31-07-2019,68160,68160
WBK018,AEMP000799000094,IDDS/01146/19-20,30-07-2019,147840,147840
WBK018,AEMP000799000094,IDDS/01148/19-20,30-07-2019,112640,112640
WBK018,AEMP000799000094,IDDS/01149/19-20,30-07-2019,147840,147840
WBK018,AEMP000799000094,IDDS/00998/19-20,18-07-2019,147840,147840
WBK018,AEMP000799000094,IDDS/00997/19-20,17-07-2019,147840,116845
P037,1100145,IGFX/16227/20-EX,21-08-2019,209500,151310
P037,1100145,IGFX/17374/20-EX,29-08-2019,209500,209500
P037,1100145,IGFX/17387/20-EX,29-08-2019,209500,209500
P037,1100145,IGFX/17400/20-EX,29-08-2019,209500,209500
P037,1100145,IGFX/17405/20-EX,29-08-2019,209500,209500
P037,1100145,IGFX/17236/20-EX,28-08-2019,209500,209500
P037,1100145,IGFX/17248/20-EX,28-08-2019,209500,209500
P037,1100145,IGFX/17256/20-EX,28-08-2019,209500,209500
P037,1100145,IGFX/17034/20-EX,27-08-2019,209500,209500
P037,1100145,IGFX/16918/20-EX,26-08-2019,209500,209500
P037,1100145,IGFX/16920/20-EX,26-08-2019,209500,209500
P037,1100145,IGFX/16994/20-EX,26-08-2019,209500,209500
P037,1100145,IGFX/17000/20-EX,26-08-2019,209500,209500
P037,1100145,IGFX/16834/20-EX,25-08-2019,209500,209500
P037,1100145,IGFX/16765/20-EX,24-08-2019,209500,209500
WBN051,1101124,IGGR/00111/19-20,28-08-2019,77000,77000
WBN051,1101124,ISDS/01539/19-20,28-08-2019,115200,115200
WBN051,1101124,ISDS/01540/19-20,28-08-2019,115200,110371
BHM102,1101232,JGPK/00022/19-20,14-05-2019,2722,2722
BHM102,1101232,JGPK/00355/18-19,31-03-2019,4800,4800
BHM102,1101232,IGSM/00023/18-19,07-08-2018,34900,34900
BHM102,1101232,IGSM/00014/18-19,04-07-2018,43750,43750
BHM102,1101232,IGSM/00015/18-19,04-07-2018,52500,52500
BHM102,1101232,IGSM/00010/18-19,27-06-2018,56938,56938
BHM102,1101232,IGSM/00012/18-19,27-06-2018,51450,51450
BHM102,1101232,IGSM/00009/18-19,26-06-2018,54880,54880
BHM102,1101232,IGSM/00008/18-19,23-06-2018,48020,48020
BHM102,1101232,IGSM/00007/18-19,21-06-2018,24010,16778
L048,1100794,IGFX/17141/20-EX,27-08-2019,174400,174400
L048,1100794,IGFX/15444/20-EX,15-08-2019,174400,124130
NEB079,1100321,IGFX/17438/20-EX,29-08-2019,311500,311000
NEC025,1101113,IGDS/00881/19-20,06-07-2019,306600,93656
NEM174,1101075,IGFX/11770/20-EX,07-07-2019,132000,128877
NEB132,1101046,ILAT/05637/19-20,29-08-2019,40300,40300
NEB132,1101046,ILAT/05570/19-20,28-08-2019,41800,41800
NEB132,1101046,ILAT/05571/19-20,28-08-2019,40300,40300
NEB132,1101046,ILAT/05573/19-20,28-08-2019,40300,40300
NEB132,1101046,ILAT/05578/19-20,28-08-2019,41800,41800
NEB132,1101046,ILAT/05587/19-20,28-08-2019,40300,40300
NEB132,1101046,ILAT/05593/19-20,28-08-2019,41800,41800
NEB132,1101046,ILAT/05598/19-20,28-08-2019,40300,40300
NEB132,1101046,ILAT/05530/19-20,27-08-2019,40300,40300
NEB132,1101046,ILAT/05540/19-20,27-08-2019,40300,40300
NEB132,1101046,ILAT/05543/19-20,27-08-2019,40300,40300
NEB132,1101046,ILAT/05544/19-20,27-08-2019,40300,40300
NEB132,1101046,ILAT/05557/19-20,27-08-2019,40300,40300
NEB132,1101046,ILAT/05559/19-20,27-08-2019,41800,41800
NEB132,1101046,ILAT/05502/19-20,26-08-2019,40300,40300
NEB132,1101046,ILAT/05512/19-20,26-08-2019,40300,40300
NEB132,1101046,ILAT/05457/19-20,25-08-2019,40300,40300
NEB132,1101046,ILAT/05460/19-20,25-08-2019,40300,40300
NEB132,1101046,ILAT/05477/19-20,25-08-2019,40300,40300
NEB132,1101046,ILAT/05445/19-20,24-08-2019,40300,40300
NEB132,1101046,ILAT/05405/19-20,23-08-2019,40300,40300
NEB132,1101046,ILAT/05417/19-20,23-08-2019,20150,20150
NEB132,1101046,ILAT/05418/19-20,23-08-2019,20150,20150
NEB132,1101046,ILAT/05341/19-20,22-08-2019,40300,40300
NEB132,1101046,ILAT/05345/19-20,22-08-2019,40300,40300
NEB132,1101046,ILAT/05365/19-20,22-08-2019,40300,40300
NEB132,1101046,ILAT/05368/19-20,22-08-2019,40300,40300
NEB132,1101046,ILAT/05291/19-20,21-08-2019,40300,40300
NEB132,1101046,ILAT/05299/19-20,21-08-2019,40300,40300
NEB132,1101046,ILAT/05324/19-20,21-08-2019,40300,40300
NEB132,1101046,ILAT/05335/19-20,21-08-2019,40300,19209
NEA182,1101165,ILBD/02128/19-20,21-08-2019,43500,43500
NEA182,1101165,ILBD/02130/19-20,21-08-2019,43500,43500
NEA182,1101165,ILBD/02094/19-20,19-08-2019,21750,21750
NEA182,1101165,ILBD/02024/19-20,10-08-2019,21750,21750
NEA182,1101165,ILBD/01962/19-20,06-08-2019,43500,43500
NEA182,1101165,ILBD/01944/19-20,05-08-2019,43500,43500
NEA182,1101165,ILBD/01921/19-20,04-08-2019,32625,32625
NEA182,1101165,ILBD/01924/19-20,04-08-2019,43500,20452
NEP145,STARNE037,JLAG/00246/19-20,24-08-2019,100000,96158
WBH001,AEMP000799000096,JGWK/00322/19-20,31-07-2019,32200,32200
WBH001,AEMP000799000096,IDDS/01147/19-20,30-07-2019,112640,112640
WBH001,AEMP000799000096,IDDS/01138/19-20,29-07-2019,112640,112640
WBH001,AEMP000799000096,IDDS/00879/19-20,06-07-2019,115840,115840
WBH001,AEMP000799000096,IDDS/00867/19-20,04-07-2019,43440,43440
WBH001,AEMP000799000096,IDDS/00848/19-20,03-07-2019,115840,115840
WBH001,AEMP000799000096,JGWK/00238/19-20,30-06-2019,6400,6400
WBH001,AEMP000799000096,IDDS/00819/19-20,30-06-2019,57920,57920
WBH001,AEMP000799000096,IDDS/00820/19-20,30-06-2019,57920,15870
WBN013,AEMP000799000094,IDDS/01380/19-20,28-08-2019,143640,143640
WBN013,AEMP000799000094,IDDS/01295/19-20,19-08-2019,107840,107840
WBN013,AEMP000799000094,IDDS/01276/19-20,16-08-2019,107840,107840
WBN013,AEMP000799000094,IDDS/01208/19-20,05-08-2019,112640,112640
WBN013,AEMP000799000094,IDDS/01129/19-20,29-07-2019,70400,70400
WBN013,AEMP000799000094,IDDS/01130/19-20,29-07-2019,42240,40348
NEJ030,1101245,IGFX/17075/20-EX,27-08-2019,125700,125700
NEJ030,1101245,IGFX/16217/20-EX,21-08-2019,125700,118200
WBK044,CMCL_191,ID2B/00101/19-20,05-08-2019,40800,40800
WBK044,CMCL_191,JGWK/00323/19-20,31-07-2019,17020,17020
WBK044,CMCL_191,ID2B/00098/19-20,30-07-2019,108800,108800
WBK044,CMCL_191,IDDS/01084/19-20,24-07-2019,149940,130200
C035,1100202,IGLE/03665/20-EX,22-08-2019,28630,28630
C035,1100202,IGLE/03626/20-EX,20-08-2019,28630,12880
NES157,1100202,IGLE/03540/20-EX,13-08-2019,20450,20270
NEE025,1200107,ILBJ/01488/19-20,29-08-2019,188700,188700
NEE025,1200107,ILBJ/01447/19-20,28-08-2019,145520,145520
NEE025,1200107,ILBJ/01448/19-20,28-08-2019,145520,145520
NEE025,1200107,ILBJ/01449/19-20,28-08-2019,145520,145520
NEE025,1200107,ILBJ/01419/19-20,25-08-2019,145520,137176
NEP021,AEMP000592000329,IGFX/16948/20-EX,26-08-2019,101760,100760
WBP028,1100441,IGSL/03921/19-20,26-08-2019,70000,70000
WBP028,1100441,IGSL/03770/19-20,22-08-2019,70000,49980
NEM190,1101118,ILBJ/01414/19-20,24-08-2019,193120,112340
NEN130,1101046,ILAT/05501/19-20,26-08-2019,20150,20150
NEN130,1101046,ILAT/05493/19-20,25-08-2019,40300,38175
NEP141,1101046,ILAT/05551/19-20,27-08-2019,28210,28210
NEP141,1101046,ILAT/05328/19-20,21-08-2019,80600,80600
NEP141,1101046,ILAT/05179/19-20,17-08-2019,28210,28210
NEP141,1101046,ILAT/04973/19-20,10-08-2019,40300,32287
S248,1200121,ILDS/02836/19-20,22-08-2019,237440,237440
S248,1200121,ILDS/02631/19-20,08-08-2019,237440,237440
S248,1200121,ILDS/02528/19-20,31-07-2019,237440,233680
S324,1200229,ILDS/01347/19-20,24-05-2019,118720,54810
S569,1101124,ISGR/00132/19-20,24-08-2019,72000,71999.5
WBP043,1101124,SDSW/00024/18-19,31-03-2019,689,689
WBP043,1101124,ISDL/01032/18-19,12-02-2019,186732,152303
WBS249,1101124,ISGR/00121/19-20,20-08-2019,64800,64800
WBS249,1101124,ISDS/01311/19-20,20-07-2019,120000,91100
NEA161,1100321,IGFX/16825/20-EX,25-08-2019,360000,356500
NEB142,1101075,IGFX/15881/20-EX,19-08-2019,132000,132000
NEB142,1101075,IGFX/14729/20-EX,08-08-2019,138000,138000
NEB142,1101075,IGFX/13295/20-EX,27-07-2019,176000,90347
NEH022,1100321,IGFX/16881/20-EX,25-08-2019,315000,315000
NEH022,1100321,IGFX/16588/20-EX,23-08-2019,315000,315000
NEH022,1100321,IGFX/16106/20-EX,20-08-2019,315000,288279
NET076,1101075,IGFX/17107/20-EX,27-08-2019,132000,132000
NET076,1101075,IGFX/14466/20-EX,06-08-2019,176000,162500
S169,1100202,IGRR/00658/20-EX,05-08-2019,20450,20450
S169,1100202,IGRR/00665/20-EX,05-08-2019,20450,20450
S169,1100202,IGRR/00667/20-EX,05-08-2019,20450,20450
S169,1100202,IGRR/00671/20-EX,05-08-2019,40900,40900
S169,1100202,IGRR/00639/20-EX,04-08-2019,20450,20450
S169,1100202,IGRR/00642/20-EX,04-08-2019,20450,20450
S169,1100202,IGRR/00643/20-EX,04-08-2019,40900,40900
S169,1100202,IGRR/00645/20-EX,04-08-2019,40900,40900
S169,1100202,IGRR/00618/20-EX,03-08-2019,40900,40900
S169,1100202,IGRR/00620/20-EX,03-08-2019,40900,40900
S169,1100202,IGRR/00631/20-EX,03-08-2019,28630,28630
S169,1100202,IGRR/00608/20-EX,02-08-2019,40900,40900
S169,1100202,IGRR/00609/20-EX,02-08-2019,28630,28630
S169,1100202,IGRR/00611/20-EX,02-08-2019,40900,40900
S169,1100202,IGRR/00613/20-EX,02-08-2019,40900,40900
S169,1100202,IGRR/00590/20-EX,01-08-2019,20450,20450
S169,1100202,IGRR/00569/20-EX,31-07-2019,20450,20450
S169,1100202,IGRR/00574/20-EX,31-07-2019,20450,20450
S169,1100202,IGRR/00575/20-EX,31-07-2019,20450,20450
S169,1100202,IGRR/00583/20-EX,31-07-2019,51125,51125
S169,1100202,IGRR/00584/20-EX,31-07-2019,30675,30675
S169,1100202,IGRR/00585/20-EX,31-07-2019,20450,20450
S169,1100202,IGRR/00554/20-EX,30-07-2019,40900,40900
S169,1100202,IGRR/00558/20-EX,30-07-2019,40900,40900
S169,1100202,IGRR/00561/20-EX,30-07-2019,24540,24540
S169,1100202,IGRR/00563/20-EX,30-07-2019,24540,4286
S169,1100202,IGRR/00880/20-EX,29-08-2019,40900,40900
S169,1100202,IGRR/00883/20-EX,29-08-2019,40900,40900
S169,1100202,IGRR/00888/20-EX,29-08-2019,16360,16360
S169,1100202,IGRR/00889/20-EX,29-08-2019,25740,25740
S169,1100202,IGRR/00894/20-EX,29-08-2019,20450,20450
S169,1100202,IGRR/00895/20-EX,29-08-2019,20450,20450
S169,1100202,IGRR/00867/20-EX,28-08-2019,20450,20450
S169,1100202,IGRR/00869/20-EX,28-08-2019,40900,40900
S169,1100202,IGRR/00873/20-EX,28-08-2019,20450,20450
S343,AEMP000799000100,IGFB/01077/19-20,26-08-2019,22500,22500
S343,AEMP000799000100,IGSL/03914/19-20,26-08-2019,11250,11250
S343,AEMP000799000100,IGSL/03909/19-20,26-08-2019,22500,22500
S343,AEMP000799000100,IGSL/03918/19-20,26-08-2019,15000,15000
S343,AEMP000799000100,ISS2/00652/19-20,26-08-2019,22500,22500
S343,AEMP000799000100,ISS2/00639/19-20,26-08-2019,22500,22500
S343,AEMP000799000100,ISFB/00441/19-20,24-08-2019,22500,22500
S343,AEMP000799000100,IGSL/03857/19-20,24-08-2019,22500,22500
S343,AEMP000799000100,IGSL/03833/19-20,24-08-2019,22500,22500
S343,AEMP000799000100,IGSL/03843/19-20,24-08-2019,22500,22500
S343,AEMP000799000100,IGSL/03860/19-20,24-08-2019,154000,145448.5
NEB201,1100210,IGFX/12484/20-EX,18-07-2019,169600,154000
NER137,STARNE056,IGFX/17340/20-EX,28-08-2019,84800,84800
NER137,STARNE056,IGFX/17348/20-EX,28-08-2019,84800,74720
NEU018,1100210,IGFX/17191/20-EX,27-08-2019,84800,84800
NEU018,1100210,IGFX/17192/20-EX,27-08-2019,84800,84800
M229,AEMP000799000100,IGFB/01089/19-20,28-08-2019,7125,7125
M229,AEMP000799000100,ISFB/00466/19-20,28-08-2019,15375,15375
M229,AEMP000799000100,IGFB/01079/19-20,26-08-2019,9375,6735
M365,1101055,PCGB/03058/17-18,23-02-2018,654688,490604
T057,CMCL_117,ISDS/01511/19-20,26-08-2019,154000,154000
T057,CMCL_117,ISDS/01470/19-20,22-08-2019,154000,154000
T057,CMCL_117,IGSL/03666/19-20,20-08-2019,115500,115500
T057,CMCL_117,IGSL/03667/19-20,20-08-2019,41000,41000
T057,CMCL_117,IGSL/03392/19-20,09-08-2019,57400,57400
T057,CMCL_117,IGSL/03393/19-20,09-08-2019,77000,77000
T057,CMCL_117,IGSL/03329/19-20,07-08-2019,115500,115500
T057,CMCL_117,IGSL/03330/19-20,07-08-2019,41000,21835.5
WBD038,1100441,IGSL/03461/19-20,13-08-2019,56000,56000
WBD038,1100441,IGSL/03462/19-20,13-08-2019,31500,31500
WBD038,1100441,IGSL/03479/19-20,13-08-2019,56000,56000
WBD038,1100441,IGSL/03480/19-20,13-08-2019,35000,35000
WBD038,1100441,IGSL/03441/19-20,12-08-2019,70000,70000
WBD038,1100441,IGSL/03442/19-20,12-08-2019,14000,14000
WBD038,1100441,IGSL/03403/19-20,10-08-2019,70000,70000
WBD038,1100441,IGSL/03404/19-20,10-08-2019,14000,14000
WBD038,1100441,IGSL/03371/19-20,09-08-2019,42000,42000
WBD038,1100441,IGSL/03390/19-20,09-08-2019,70000,70000
WBD038,1100441,IGSL/03391/19-20,09-08-2019,21000,21000
WBD038,1100441,IGSL/03323/19-20,07-08-2019,70000,70000
WBD038,1100441,IGSL/03324/19-20,07-08-2019,14000,14000
WBD038,1100441,IGSL/03289/19-20,06-08-2019,70000,70000
WBD038,1100441,IGSL/03290/19-20,06-08-2019,35000,35000
R123,1200174,ILDS/02719/19-20,14-08-2019,111300,106800
A033,1100435,ILSL/03637/19-20,25-08-2019,43500,43500
A033,1100435,ILSL/03619/19-20,24-08-2019,43500,43500
A033,1100435,ILSL/03609/19-20,23-08-2019,43500,43500
A033,1100435,ILSL/03585/19-20,22-08-2019,21750,21750
A033,1100435,ILSL/03596/19-20,22-08-2019,43500,43500
A033,1100435,ILSL/03579/19-20,21-08-2019,43500,43500
A033,1100435,ILSL/03546/19-20,20-08-2019,43500,33750
NEJ051,1101165,ILBD/02170/19-20,24-08-2019,21750,21750
NEJ051,1101165,ILBD/01995/19-20,09-08-2019,65250,247
WBA019,AEMP000799000096,JGWK/00322/19-20,31-07-2019,6400,6400
WBA019,AEMP000799000096,IDDS/01017/19-20,19-07-2019,112640,112640
WBA019,AEMP000799000096,JGWK/00238/19-20,30-06-2019,38400,38400
WBA019,AEMP000799000096,IDDS/00740/19-20,25-06-2019,112640,112640
WBA019,AEMP000799000096,IDDS/00747/19-20,25-06-2019,112640,35058
WBD063,AEMP000799000096,JGWK/01179/18-19,31-03-2019,9620,9620
WBD063,AEMP000799000096,JGWK/01203/18-19,31-03-2019,2400,2400
WBD063,AEMP000799000096,SDDW/00134/18-19,29-03-2019,1600,1600
WBD063,AEMP000799000096,SDDW/00143/18-19,29-03-2019,1600,1600
WBD063,AEMP000799000096,IDDS/02909/18-19,09-03-2019,100480,100480
WBD063,AEMP000799000096,IDDS/02918/18-19,09-03-2019,131880,131880
WBD063,AEMP000799000096,JGWK/01076/18-19,28-02-2019,4800,4800
WBD063,AEMP000799000096,IDDS/02594/18-19,17-02-2019,99200,99200
WBD063,AEMP000799000096,IDDS/02595/18-19,17-02-2019,99200,99200
WBD063,AEMP000799000096,IDDS/02581/18-19,16-02-2019,99200,53775.75
NES285,1100145,IGFX/17523/20-EX,29-08-2019,83800,83800
NES285,1100145,IGFX/17259/20-EX,28-08-2019,125700,125700
NES285,1100145,IGFX/17260/20-EX,28-08-2019,83800,83800
NES285,1100145,IGFX/17068/20-EX,27-08-2019,125700,125700
NES285,1100145,IGFX/17069/20-EX,27-08-2019,83800,83800
NES285,1100145,IGFX/17129/20-EX,27-08-2019,83800,83800
NES285,1100145,IGFX/17130/20-EX,27-08-2019,125700,125700
NES285,1100145,IGFX/16710/20-EX,24-08-2019,125700,58483
NES374,1200125,IGFX/17370/20-EX,29-08-2019,217000,217000
NES374,1200125,IGFX/17389/20-EX,29-08-2019,217000,216800
P115,1101147,ILDS/02909/19-20,26-08-2019,259700,256200
R192,1101245,IGFX/16650/20-EX,24-08-2019,125700,125700
R192,1101245,IGFX/15889/20-EX,19-08-2019,125700,125700
R192,1101245,IGFX/15533/20-EX,16-08-2019,125700,120260
S265,1200121,ILDS/02896/19-20,25-08-2019,170660,170660
S353,1101084,IGFX/16670/20-EX,24-08-2019,125700,124243
WBB094,1101124,ISGR/00122/19-20,20-08-2019,35000,35000
WBB094,1101124,ISGR/00123/19-20,20-08-2019,35000,35000
WBB094,1101124,ISGR/00124/19-20,20-08-2019,35000,35000
WBB094,1101124,ISGR/00126/19-20,20-08-2019,28000,28000
WBB094,1101124,ISGR/00105/19-20,02-08-2019,36500,36458
WBM091,1101124,PCGW/04219/18-19,12-09-2018,471160,336160
C119,1101117,IGDS/01344/19-20,27-08-2019,334600,334600
C119,1101117,IGDS/01289/19-20,22-08-2019,334600,334600
C119,1101117,IGDS/01276/19-20,21-08-2019,334600,334600
C119,1101117,IGDS/01209/19-20,15-08-2019,382400,57040
NEB192,1100321,IGFX/16732/20-EX,24-08-2019,311500,309400
S291,1100145,IGFX/16065/20-EX,20-08-2019,226260,226260
S291,1100145,IGFX/16129/20-EX,20-08-2019,209500,209500
S291,1100145,IGFX/15888/20-EX,19-08-2019,209500,103796
WBM221,1101124,ISDS/01284/19-20,12-07-2019,123200,122781
NET114,1101175,IGFX/16561/20-EX,23-08-2019,174400,174400
NET114,1101175,IGFX/16562/20-EX,23-08-2019,126440,119490
NES296,1101064,IGLE/03769/20-EX,27-08-2019,40900,40900
NES296,1101064,IGRR/00865/20-EX,27-08-2019,28630,28630
NES296,1101064,IGCE/01061/20-EX,27-08-2019,40900,40900
NES296,1101064,IGCE/01065/20-EX,27-08-2019,42945,42945
NES296,1101064,IGCE/01068/20-EX,27-08-2019,28630,28630
NES296,1101064,IGCE/01072/20-EX,27-08-2019,40900,40900
NES296,1101064,IGCE/01073/20-EX,27-08-2019,24540,24540
NES296,1101064,IGCE/01059/20-EX,26-08-2019,40900,40900
NES296,1101064,IGLE/03752/20-EX,26-08-2019,40900,40900
NES296,1101064,IGRR/00849/20-EX,26-08-2019,28630,28630
NES296,1101064,IGLE/03762/20-EX,26-08-2019,40900,40900
NES296,1101064,ILLK/00259/19-20,25-08-2019,21200,21200
NES296,1101064,IGLE/03734/20-EX,25-08-2019,42400,42400
NES296,1101064,IGCE/01048/20-EX,25-08-2019,122700,122700
S075,1100202,IGFX/17262/20-EX,28-08-2019,81400,81400
S075,1100202,IGFX/17263/20-EX,28-08-2019,40700,40700
S075,1100202,IGFX/17281/20-EX,28-08-2019,48840,48840
S075,1100202,IGFX/17300/20-EX,28-08-2019,40700,40700
S075,1100202,IGFX/17301/20-EX,28-08-2019,81400,81400
S075,1100202,IGFX/17132/20-EX,27-08-2019,48840,48840
S075,1100202,IGFX/17168/20-EX,27-08-2019,48840,48840
S075,1100202,IGFX/16943/20-EX,26-08-2019,48840,48840
S075,1100202,IGFX/16944/20-EX,26-08-2019,81400,81400
S075,1100202,IGFX/16945/20-EX,26-08-2019,40700,40700
S075,1100202,IGFX/16981/20-EX,26-08-2019,48840,48840
S075,1100202,IGFX/16692/20-EX,24-08-2019,48840,48840
S075,1100202,IGFX/16719/20-EX,24-08-2019,40700,40700
S075,1100202,IGFX/16528/20-EX,23-08-2019,48840,48840
S075,1100202,IGFX/16385/20-EX,22-08-2019,48840,48840
S075,1100202,IGFX/16235/20-EX,21-08-2019,81400,81400
S075,1100202,IGFX/16236/20-EX,21-08-2019,40700,40700
S075,1100202,IGFX/16055/20-EX,20-08-2019,48840,48840
S075,1100202,IGFX/16107/20-EX,20-08-2019,81400,76438
BHM036,1101055,PCGB/02956/17-18,19-02-2018,684914,684914
NEE038,1100146,IGDS/01414/19-20,29-08-2019,306600,72600
WBJ055,AEMP000799000100,ISFB/00451/19-20,27-08-2019,22500,22500
WBJ055,AEMP000799000100,ISFB/00456/19-20,27-08-2019,22500,19000
WBK056,AEMP000799000100,ISFB/00447/19-20,27-08-2019,22500,22500
WBK056,AEMP000799000100,ISFB/00436/19-20,21-08-2019,22500,20820
WBU016,CMCL_117,IGBX/00481/19-20,29-08-2019,192500,124544
NEB018,AEMP000592000329,IGFX/14045/20-EX,02-08-2019,101760,86844
NEB018,AEMP000592000329,IGFX/17202/20-EX,27-08-2019,84800,84800
NEB018,AEMP000592000329,IGFX/17203/20-EX,27-08-2019,84800,84800
S462,CMCL_117,IGSL/04052/19-20,29-08-2019,57750,57750
S462,CMCL_117,ISDS/01537/19-20,28-08-2019,130900,130900
S462,CMCL_117,ISDS/01493/19-20,24-08-2019,154000,154000
S462,CMCL_117,ISDS/01441/19-20,18-08-2019,69300,69300
S462,CMCL_117,ISDS/01439/19-20,17-08-2019,154000,154000
S462,CMCL_117,ISDS/01386/19-20,07-08-2019,130900,130900
S462,CMCL_117,IGSL/03315/19-20,07-08-2019,111650,111650
S462,CMCL_117,IGSL/03316/19-20,07-08-2019,20500,20500
S462,CMCL_117,ISDS/01349/19-20,30-07-2019,123200,64396
WBJ036,CMCL_117,IGSL/04036/19-20,29-08-2019,154000,154000
WBJ036,CMCL_117,ISFB/00478/19-20,29-08-2019,37500,37500
WBJ036,CMCL_117,IGSL/04022/19-20,28-08-2019,154000,154000
WBJ036,CMCL_117,IGBX/00475/19-20,27-08-2019,231000,231000
WBJ036,CMCL_117,IGSL/03941/19-20,26-08-2019,154000,154000
WBJ036,CMCL_117,IGSL/03867/19-20,24-08-2019,154000,154000
WBJ036,CMCL_117,IGSL/03829/19-20,24-08-2019,154000,43581.5
WBS239,CMCL_117,IGSL/03939/19-20,26-08-2019,98400,98400
WBS239,CMCL_117,IGSL/03940/19-20,26-08-2019,38500,38500
WBS239,CMCL_117,ISDS/01485/19-20,23-08-2019,154000,91629
NES299,1101112,ILBJ/01487/19-20,29-08-2019,188700,162670
NER150,1101046,ILAT/05466/19-20,25-08-2019,41800,41800
NER150,1101046,ILAT/05230/19-20,19-08-2019,40300,30045
NET012,AEMP000592000336,ILBJ/01396/19-20,23-08-2019,188700,188700
NET012,AEMP000592000336,ILBJ/01397/19-20,23-08-2019,222000,222000
NET012,AEMP000592000336,ILBJ/01398/19-20,23-08-2019,188700,188700
NET012,AEMP000592000336,ILBJ/01399/19-20,23-08-2019,111000,111000
NET012,AEMP000592000336,ILBJ/01369/19-20,22-08-2019,201600,201600
NET012,AEMP000592000336,ILBJ/01370/19-20,22-08-2019,201600,201600
NET012,AEMP000592000336,ILBJ/01371/19-20,22-08-2019,201600,201600
NET012,AEMP000592000336,ILBJ/01372/19-20,22-08-2019,190400,190400
NET012,AEMP000592000336,ILBJ/01373/19-20,22-08-2019,199800,199800
NET012,AEMP000592000336,ILBJ/01377/19-20,22-08-2019,188700,188700
NET012,AEMP000592000336,ILBJ/01378/19-20,22-08-2019,255300,255300
NET012,AEMP000592000336,ILBJ/01381/19-20,22-08-2019,255300,255300
NET012,AEMP000592000336,ILBJ/01382/19-20,22-08-2019,168000,168000
NET012,AEMP000592000336,ILBJ/01383/19-20,22-08-2019,199800,199800
NET012,AEMP000592000336,ILBJ/01384/19-20,22-08-2019,222000,222000
NET012,AEMP000592000336,ILBJ/01385/19-20,22-08-2019,111000,111000
NET012,AEMP000592000336,ILBJ/01349/19-20,21-08-2019,199800,199800
NET012,AEMP000592000336,ILBJ/01350/19-20,21-08-2019,199800,199800
NET012,AEMP000592000336,ILBJ/01351/19-20,21-08-2019,199800,199800
NET012,AEMP000592000336,ILBJ/01352/19-20,21-08-2019,188700,188700
NET012,AEMP000592000336,ILBJ/01353/19-20,21-08-2019,199800,199800
NET012,AEMP000592000336,ILBJ/01354/19-20,21-08-2019,199800,199800
NET012,AEMP000592000336,ILBJ/01357/19-20,21-08-2019,188700,188700
NET012,AEMP000592000336,ILBJ/01358/19-20,21-08-2019,188700,188700
NET012,AEMP000592000336,ILBJ/01359/19-20,21-08-2019,133200,133200
NET012,AEMP000592000336,ILBJ/01360/19-20,21-08-2019,194250,194250
NET012,AEMP000592000336,ILBJ/01361/19-20,21-08-2019,188700,188700
NET012,AEMP000592000336,ILBJ/01362/19-20,21-08-2019,179200,179200
NET012,AEMP000592000336,ILBJ/01341/19-20,20-08-2019,188700,188700
NET012,AEMP000592000336,ILBJ/01342/19-20,20-08-2019,199800,199800
NET012,AEMP000592000336,ILBJ/01346/19-20,20-08-2019,83250,83250
BHS140,1101055,JGPK/00138/18-19,31-07-2018,71088,48765
BHV010,1101055,JGPK/00138/18-19,31-07-2018,96170,16656
WBM072,AEMP000799000100,IGBX/00468/19-20,27-08-2019,192500,192500
WBM072,AEMP000799000100,IGSL/03859/19-20,24-08-2019,24000,24000
WBM072,AEMP000799000100,IGSL/03729/19-20,21-08-2019,154000,154000
WBM072,AEMP000799000100,IGSL/03470/19-20,13-08-2019,192500,192500
WBM072,AEMP000799000100,IGFB/00978/19-20,10-08-2019,22500,22500
WBM072,AEMP000799000100,IGSL/03327/19-20,07-08-2019,115500,66139
WBM204,CMCL_117,IGSL/04038/19-20,29-08-2019,154000,154000
WBM204,CMCL_117,IGSL/03759/19-20,22-08-2019,154000,124738
NET012,AEMP000592000336,ILBJ/01311/19-20,19-08-2019,188700,188700
NET012,AEMP000592000336,ILBJ/01312/19-20,19-08-2019,188700,188700
NET012,AEMP000592000336,ILBJ/01313/19-20,19-08-2019,188700,188700
NET012,AEMP000592000336,ILBJ/01314/19-20,19-08-2019,177600,177600
NET012,AEMP000592000336,ILBJ/01315/19-20,19-08-2019,188700,188700
NET012,AEMP000592000336,ILBJ/01316/19-20,19-08-2019,199800,199800
NET012,AEMP000592000336,ILBJ/01317/19-20,19-08-2019,188700,188700
NET012,AEMP000592000336,ILBJ/01318/19-20,19-08-2019,188700,188700
NET012,AEMP000592000336,ILBJ/01319/19-20,19-08-2019,199800,199800
NET012,AEMP000592000336,ILBJ/01320/19-20,19-08-2019,199800,199800
R114,CMCL_205,IGS2/02467/19-20,06-08-2019,45000,45000
R114,CMCL_205,IGS2/02479/19-20,06-08-2019,45000,45000
R114,CMCL_205,IGS2/02496/19-20,06-08-2019,30000,30000
R114,CMCL_205,IGFB/00946/19-20,06-08-2019,22500,22500
R114,CMCL_205,IGFB/00949/19-20,06-08-2019,22500,22500
NEM230,1100210,IGFX/16745/20-EX,24-08-2019,296800,293237
NEN086,1200125,IGDS/01352/19-20,27-08-2019,257400,257400
NEN086,1200125,IGDS/01293/19-20,22-08-2019,257400,182048
NES315,1200125,JLAG/00252/19-20,28-08-2019,7680,7680
NES315,1200125,IGDS/01279/19-20,21-08-2019,217000,143360
M341,1101046,ILTM/01076/19-20,25-08-2019,205000,58849.25
NER148,1101046,ILTM/01035/19-20,19-08-2019,123000,114130
B170,1101075,IGFX/16496/20-EX,23-08-2019,308000,308000
B170,1101075,IGFX/15643/20-EX,17-08-2019,352000,352000
B170,1101075,IGFX/15549/20-EX,16-08-2019,308000,18812
M414,1101175,IGFX/17425/20-EX,29-08-2019,305200,305200
M414,1101175,IGFX/14873/20-EX,09-08-2019,174400,174400
M414,1101175,IGFX/14085/20-EX,02-08-2019,174400,174400
NEH064,1101059,IGFX/17519/20-EX,29-08-2019,130800,130800
NEH064,1101059,IGFX/15459/20-EX,15-08-2019,130800,49880
NEM071,1101059,IGFX/17520/20-EX,29-08-2019,174400,174400
NEM071,1101059,IGFX/17357/20-EX,28-08-2019,174400,174400
NEM071,1101059,IGFX/16884/20-EX,25-08-2019,174400,174400
NEM071,1101059,IGFX/16666/20-EX,24-08-2019,174400,174400
NEM071,1101059,IGFX/15272/20-EX,13-08-2019,174400,174400
NEM071,1101059,IGFX/15088/20-EX,10-08-2019,174400,174400
NEM071,1101059,IGFX/14187/20-EX,04-08-2019,174400,171381
S555,1101175,IGFX/17356/20-EX,28-08-2019,130800,130800
S555,1101175,IGFX/17101/20-EX,27-08-2019,174400,174400
S555,1101175,IGFX/16613/20-EX,23-08-2019,305200,305200
S555,1101175,IGFX/16182/20-EX,21-08-2019,136800,136800
S555,1101175,IGFX/16183/20-EX,21-08-2019,61040,42390
WBJ025,CMCL_191,JGWK/00322/19-20,31-07-2019,8200,8200
WBJ025,CMCL_191,ID2B/00097/19-20,22-07-2019,27200,27200
WBJ025,CMCL_191,ID2B/00096/19-20,19-07-2019,40800,40800
WBJ025,CMCL_191,ID2B/00086/19-20,11-07-2019,33600,33600
WBJ025,CMCL_191,ID2B/00085/19-20,11-07-2019,39900,39900
WBJ025,CMCL_191,JGWK/00215/19-20,30-06-2019,14720,14720
WBJ025,CMCL_191,IDDS/00765/19-20,26-06-2019,117440,89445
K010,1100202,IGLE/03820/20-EX,29-08-2019,28630,28630
K010,1100202,IGRR/00854/20-EX,27-08-2019,28630,28630
K010,1100202,IGRR/00839/20-EX,25-08-2019,28630,28630
K010,1100202,IGRR/00832/20-EX,24-08-2019,28630,28630
K010,1100202,IGRR/00808/20-EX,22-08-2019,28630,3825
N001,AEMP000799000414,IGRR/00802/20-EX,22-08-2019,24540,24540
N001,AEMP000799000414,IGRR/00638/20-EX,04-08-2019,24540,21361.1
NEH049,AEMP000799000414,IGRR/00845/20-EX,26-08-2019,49080,46880
WBM129,1101278,PCGW/04056/18-19,05-09-2018,334020,334020
BHP030,1101055,JGPK/00231/17-18,16-02-2018,1200,1200
BHP030,1101055,JVKS/06070/2016-2017,31-03-2017,1500,1500
BHP030,1101055,SAGLA/00333/2016-2017,12-03-2017,46650,29864
WBA072,AEMP000799000100,IGSL/04034/19-20,29-08-2019,15000,15000
WBA072,AEMP000799000100,IGSL/04035/19-20,29-08-2019,22500,22500
WBA072,AEMP000799000100,IGSL/03985/19-20,28-08-2019,22500,22500
WBA072,AEMP000799000100,IGSL/03990/19-20,28-08-2019,22500,22500
WBA072,AEMP000799000100,IGSL/03952/19-20,27-08-2019,18750,18750
WBA072,AEMP000799000100,IGSL/03883/19-20,26-08-2019,22500,22500
WBA072,AEMP000799000100,IGSL/03898/19-20,26-08-2019,22500,22500
WBA072,AEMP000799000100,IGSL/03915/19-20,26-08-2019,22500,22500
WBA072,AEMP000799000100,IGFB/01060/19-20,23-08-2019,22500,22500
WBA072,AEMP000799000100,IGFB/01062/19-20,23-08-2019,22500,22500
WBA072,AEMP000799000100,IGSL/03695/19-20,21-08-2019,22500,22500
WBA072,AEMP000799000100,IGSL/03685/19-20,20-08-2019,22500,22500
M299,1101232,JGPK/00186/17-18,31-12-2017,6000,6000
M299,1101232,IGKS/01701/17-18,18-12-2017,144400,144400
M299,1101232,JGPK/00148/17-18,30-11-2017,12600,8483
NEK002,AEMP000592000337,IGDN/01888/19-20,20-08-2019,351200,104613
NEM122,1100794,IGFX/16557/20-EX,23-08-2019,174400,168400
H076,1101278,JGWK/01180/18-19,31-03-2019,1840,1840
H076,1101278,SDDW/00101/18-19,29-03-2019,100,100
H076,1101278,SDDW/00102/18-19,29-03-2019,100,100
H076,1101278,SDDW/00116/18-19,29-03-2019,300,300
H076,1101278,IDKG/00986/18-19,07-03-2019,25120,25120
H076,1101278,IDKG/00936/18-19,14-02-2019,18540,18540
H076,1101278,IDKG/00933/18-19,13-02-2019,6180,6180
H076,1101278,IDKG/00934/18-19,13-02-2019,6180,6180
H076,1101278,IDKG/00869/18-19,16-01-2019,98880,98880
H076,1101278,IDKG/00870/18-19,16-01-2019,12360,2257
NES075,1100205,IGCE/01075/20-EX,28-08-2019,28630,28630
NES075,1100205,IGCE/01041/20-EX,24-08-2019,28630,28630
NES075,1100205,IGCE/01014/20-EX,20-08-2019,28630,15169
NES275,AEMP000799000414,IGRR/00881/20-EX,29-08-2019,20450,20450
NES275,AEMP000799000414,IGRR/00851/20-EX,26-08-2019,20450,20450
NES275,AEMP000799000414,IGRR/00656/20-EX,05-08-2019,24540,24540
NES275,AEMP000799000414,IGRR/00557/20-EX,30-07-2019,20450,4785
S264,1100202,IGRR/00890/20-EX,29-08-2019,28630,28630
S264,1100202,IGLE/03800/20-EX,28-08-2019,28630,28630
S264,1100202,IGRR/00858/20-EX,27-08-2019,28630,28630
S264,1100202,IGRR/00814/20-EX,23-08-2019,40900,40900
S264,1100202,IGRR/00816/20-EX,23-08-2019,24540,24540
S264,1100202,IGRR/00801/20-EX,22-08-2019,28630,21430
NEK101,AEMP000592000337,IGDN/01886/19-20,20-08-2019,351200,133450
WBS243,CMCL_117,IGSL/03585/19-20,17-08-2019,154000,148892
M400,STARNE056,SDAS/01078/17-18,30-12-2017,500,500
M400,STARNE056,SAGFC/05870/2017-2018,20-05-2017,157170,157170
M400,STARNE056,SAGFC/05195/2017-2018,14-05-2017,158400,158400
M400,STARNE056,SAGFC/04053/2017-2018,05-05-2017,158400,31464
NEC072,1200125,IGDS/01381/19-20,28-08-2019,154360,83131
WBG068,AEMP000799000094,IDJG/00005/19-20,30-06-2019,6915,6915
WBG068,AEMP000799000094,JGWK/01203/18-19,31-03-2019,2400,2400
WBG068,AEMP000799000094,IDJG/00021/18-19,31-12-2018,178000,178000
WBG068,AEMP000799000094,JGWK/00780/18-19,30-11-2018,8640,8640
WBG068,AEMP000799000094,IDDS/01896/18-19,21-11-2018,84500,57550
WBM096,1100441,IDJG/00003/19-20,30-06-2019,198438,192922
WBM165,CMCL_162,IDJG/00006/19-20,30-06-2019,139285,46995
NEL033,1200125,IGDS/01280/19-20,21-08-2019,188760,60
NED089,1101046,ILTM/01063/19-20,23-08-2019,114800,86970
NEJ016,1101046,ILAT/05553/19-20,27-08-2019,80600,80600
NEJ016,1101046,ILTM/01068/19-20,23-08-2019,98400,98400
NEJ016,1101046,ILAT/05167/19-20,17-08-2019,80600,22814
NES185,1101046,ILTM/01104/19-20,28-08-2019,164000,164000
NES185,1101046,ILAT/05507/19-20,26-08-2019,28210,28210
NES185,1101046,ILTM/01082/19-20,26-08-2019,196800,196800
WBM208,1101124,ISDS/01332/19-20,26-07-2019,157500,147420.5
WBS099,1100616,IDJG/00005/19-20,30-06-2019,364072,328499.9
NEN019,AEMP000592000337,IGDN/01967/19-20,28-08-2019,351200,351200
NEN019,AEMP000592000337,IGDN/01895/19-20,21-08-2019,351200,351200
NEN019,AEMP000592000337,IGDN/01858/19-20,19-08-2019,351200,343120
NES092,1100794,IGFX/03170/20-EX,25-04-2019,299600,280052
NES373,1101075,IGFX/17143/20-EX,27-08-2019,303600,295990
NET125,1101075,IGFX/17108/20-EX,27-08-2019,176000,172500
S210,1101059,IGFX/17144/20-EX,27-08-2019,174400,174400
S210,1101059,IGFX/15686/20-EX,17-08-2019,174400,174400
S210,1101059,IGFX/14927/20-EX,09-08-2019,130800,130800
S210,1101059,IGFX/14624/20-EX,07-08-2019,174400,174400
S210,1101059,IGFX/14017/20-EX,02-08-2019,130800,130800
S210,1101059,IGFX/13399/20-EX,28-07-2019,130800,115036
B103,1101064,IGLE/03810/20-EX,28-08-2019,20450,20450
B103,1101064,IGLE/03602/20-EX,19-08-2019,20450,20450
B103,1101064,IGLE/03508/20-EX,08-08-2019,24540,24540
B103,1101064,IGLE/03459/20-EX,07-08-2019,24540,24540
B103,1101064,IGLE/03407/20-EX,05-08-2019,24540,24540
B103,1101064,IGLE/03374/20-EX,04-08-2019,24540,24540
B103,1101064,IGLE/03330/20-EX,03-08-2019,24540,24540
B103,1101064,IGLE/03283/20-EX,01-08-2019,24540,24540
B103,1101064,IGLE/03244/20-EX,31-07-2019,24540,24540
B103,1101064,IGLE/03202/20-EX,30-07-2019,24540,24540
B103,1101064,IGLE/03151/20-EX,28-07-2019,24540,14545
NEP082,1100795,IGFX/16115/20-EX,20-08-2019,194040,161034
WBA094,1101278,IDKG/00893/18-19,25-01-2019,74160,68900
WBR093,1101278,IDKG/00220/19-20,26-08-2019,78000,70012
WBM053,CMCL_117,IGSL/04013/19-20,28-08-2019,130900,112577
WBN030,CMCL_117,IGSL/04054/19-20,29-08-2019,154000,154000
WBN030,CMCL_117,IGBX/00479/19-20,28-08-2019,231000,93951
G141,1101118,ILBJ/01486/19-20,29-08-2019,244200,244200
G141,1101118,ILBJ/01483/19-20,29-08-2019,244200,244200
G141,1101118,ILBJ/01482/19-20,29-08-2019,244200,244200
G141,1101118,ILBJ/01459/19-20,28-08-2019,244200,244200
G141,1101118,ILBJ/01458/19-20,28-08-2019,244200,227677
NEA028,AEMP000592000329,IGFX/17035/20-EX,27-08-2019,101760,101760
NEA028,AEMP000592000329,IGFX/16998/20-EX,26-08-2019,101760,101760
NEA028,AEMP000592000329,IGFX/15557/20-EX,16-08-2019,84800,84800
NEA028,AEMP000592000329,IGFX/15558/20-EX,16-08-2019,84800,84800
NEA028,AEMP000592000329,IGFX/14679/20-EX,07-08-2019,84800,84800
NEA028,AEMP000592000329,IGFX/13930/20-EX,01-08-2019,84800,84800
NEA028,AEMP000592000329,IGFX/13936/20-EX,01-08-2019,84800,72623
NEA059,STARNE056,IGFX/13474/20-EX,29-07-2019,67840,67840
NEA059,STARNE056,IGFX/13475/20-EX,29-07-2019,101760,101760
NEA059,STARNE056,IGFX/11922/20-EX,09-07-2019,88800,88800
NEA059,STARNE056,IGFX/11926/20-EX,09-07-2019,26640,26640
NEA059,STARNE056,IGFX/11927/20-EX,09-07-2019,59360,42354
A164,1101046,ILAT/05601/19-20,29-08-2019,32240,32240
A164,1101046,ILAT/05603/19-20,29-08-2019,32240,32240
A164,1101046,ILAT/05604/19-20,29-08-2019,36270,36270
A164,1101046,ILAT/05616/19-20,29-08-2019,32240,32240
A164,1101046,ILAT/05620/19-20,29-08-2019,32240,32240
A164,1101046,ILAT/05623/19-20,29-08-2019,32240,32240
A164,1101046,ILAT/05629/19-20,29-08-2019,48360,48360
A164,1101046,ILTM/01107/19-20,28-08-2019,205000,205000
A164,1101046,ILAT/05568/19-20,28-08-2019,32240,32240
A164,1101046,ILAT/05569/19-20,28-08-2019,32240,32240
A164,1101046,ILAT/05592/19-20,28-08-2019,32240,32240
A164,1101046,ILAT/05583/19-20,28-08-2019,32240,32240
A164,1101046,ILAT/05554/19-20,27-08-2019,32240,32240
A164,1101046,ILAT/05523/19-20,27-08-2019,32240,32240
A164,1101046,ILAT/05526/19-20,27-08-2019,34255,34255
A164,1101046,ILAT/05527/19-20,27-08-2019,40300,40300
A164,1101046,ILAT/05550/19-20,27-08-2019,32240,32240
A164,1101046,ILAT/05495/19-20,26-08-2019,32240,32240
A164,1101046,ILAT/05496/19-20,26-08-2019,20150,20150
A164,1101046,ILAT/05497/19-20,26-08-2019,32240,32240
A164,1101046,ILAT/05504/19-20,26-08-2019,32240,32240
A164,1101046,ILTM/01088/19-20,26-08-2019,205000,205000
A164,1101046,ILAT/05459/19-20,25-08-2019,32240,32240
A164,1101046,ILAT/05462/19-20,25-08-2019,40300,40300
A164,1101046,ILAT/05465/19-20,25-08-2019,32240,32240
A164,1101046,ILAT/05469/19-20,25-08-2019,40300,40300
A164,1101046,ILAT/05475/19-20,25-08-2019,32240,32240
A164,1101046,ILAT/05476/19-20,25-08-2019,32240,32240
A164,1101046,ILAT/05482/19-20,25-08-2019,40300,40300
A164,1101046,ILAT/05422/19-20,24-08-2019,32240,32240
A164,1101046,ILAT/05427/19-20,24-08-2019,40300,40300
A164,1101046,ILAT/05432/19-20,24-08-2019,28210,28210
A164,1101046,ILAT/05434/19-20,24-08-2019,32240,32240
A164,1101046,ILAT/05437/19-20,24-08-2019,40300,40300
A164,1101046,ILAT/05447/19-20,24-08-2019,32240,32240
A164,1101046,ILAT/05455/19-20,24-08-2019,32240,32240
A164,1101046,ILTM/01073/19-20,24-08-2019,205000,205000
A164,1101046,ILAT/05376/19-20,23-08-2019,32240,32240
A164,1101046,ILAT/05380/19-20,23-08-2019,32240,32240
A164,1101046,ILAT/05385/19-20,23-08-2019,40300,40300
A164,1101046,ILAT/05391/19-20,23-08-2019,40300,40300
A164,1101046,ILAT/05395/19-20,23-08-2019,32240,32240
A164,1101046,ILTM/01055/19-20,22-08-2019,205000,205000
A164,1101046,ILAT/05336/19-20,22-08-2019,32240,32240
A164,1101046,ILAT/05337/19-20,22-08-2019,40300,40300
A164,1101046,ILAT/05353/19-20,22-08-2019,48360,48360
A164,1101046,ILAT/05357/19-20,22-08-2019,20150,20150
A164,1101046,ILAT/05361/19-20,22-08-2019,40300,40300
A164,1101046,ILAT/05367/19-20,22-08-2019,50160,50160
A164,1101046,ILAT/05289/19-20,21-08-2019,32240,32240
A164,1101046,ILAT/05290/19-20,21-08-2019,40300,40300
A164,1101046,ILAT/05297/19-20,21-08-2019,20900,20900
A164,1101046,ILAT/05301/19-20,21-08-2019,20900,20900
A164,1101046,ILAT/05302/19-20,21-08-2019,48360,48360
A164,1101046,ILAT/05304/19-20,21-08-2019,32240,32240
A164,1101046,ILAT/05305/19-20,21-08-2019,40300,40300
A164,1101046,ILAT/05307/19-20,21-08-2019,12540,12540
A164,1101046,ILAT/05318/19-20,21-08-2019,32240,32240
NES185,1101046,ILTM/01054/19-20,43699,114800,36123
NES351,1101046,ILAT/05067/19-20,43690,40300,40300
NES351,1101046,ILAT/04910/19-20,43686,20150,2899
S203,1200121,ILDS/02609/19-20,43683,259700,131840
NEK009,1101117,IGDN/01953/19-20,43704,321300,161443
NES076,1100321,IGFX/16753/20-EX,43701,180000,180000
NES076,1100321,IGFX/16754/20-EX,43701,180000,180000
NES076,1100321,IGFX/16220/20-EX,43698,315000,315000
NES076,1100321,IGFX/15809/20-EX,43695,180000,180000
NES076,1100321,IGFX/15810/20-EX,43695,180000,180000
NES076,1100321,IGFX/15439/20-EX,43692,180000,180000
NES076,1100321,IGFX/15440/20-EX,43692,135000,109062
WBS167,CMCL_191,JGWK/00325/19-20,43677,14720,14720
WBS167,CMCL_191,ID2B/00087/19-20,43663,40800,40800
WBS167,CMCL_191,ID2B/00088/19-20,43663,68000,68000
WBS167,CMCL_191,ID2B/00089/19-20,43663,108800,93277
A200,1100205,IGFX/17515/20-EX,43706,125100,125100
A200,1100205,IGFX/17327/20-EX,43705,125100,125100
A200,1100205,IGFX/17245/20-EX,43705,125100,125100
A200,1100205,IGFX/17212/20-EX,43704,125100,125100
A200,1100205,IGFX/17051/20-EX,43704,125100,125100
A200,1100205,IGFX/17219/20-EX,43704,125100,125100
A200,1100205,IGFX/16769/20-EX,43701,125100,125100
A200,1100205,IGFX/16800/20-EX,43701,125100,125100
A200,1100205,IGFX/16686/20-EX,43701,125100,125100
A200,1100205,IGFX/16728/20-EX,43701,125100,125100
A200,1100205,IGFX/16725/20-EX,43701,125100,125100
A200,1100205,IGFX/16326/20-EX,43699,125100,125100
A200,1100205,IGFX/16316/20-EX,43698,125100,125100
A200,1100205,IGFX/16006/20-EX,43697,125100,124655
B110,1100202,IGRR/00886/20-EX,43706,40900,40900
B110,1100202,IGRR/00887/20-EX,43706,49080,49080
B110,1100202,IGRR/00862/20-EX,43704,32720,32720
B110,1100202,IGRR/00836/20-EX,43701,40900,40900
B110,1100202,IGRR/00738/20-EX,43693,32720,32720
NEP100,1100205,IGFX/17352/20-EX,43705,125100,125100
NEP100,1100205,IGFX/17346/20-EX,43705,125100,125100
NEP100,1100205,IGFX/17048/20-EX,43704,125100,125100
NEP100,1100205,IGFX/16772/20-EX,43701,125100,125100
NEP100,1100205,IGFX/16466/20-EX,43700,125100,59822
S118,1101064,IGCE/01035/20-EX,43700,122700,122700
S118,1101064,IGCE/01037/20-EX,43700,102250,102250
S118,1101064,IGCE/00936/20-EX,43683,102250,94690
WBR058,1101278,JDWK/00383/17-18,43152,482920,482920
WBR058,1101278,PCGW/00748/17-18,42965,539504,6584
BHS067,1101055,JDWK/00383/17-18,43152,335579,335579
BHS067,1101055,JBWK/00011/17-18,42917,335579,52700
A162,AEMP000592000329,IGFX/17487/20-EX,43706,84800,84800
A162,AEMP000592000329,IGFX/17488/20-EX,43706,84800,70800
NEB195,1200125,IGDS/01316/19-20,43702,219500,198500
NEK067,1200125,IGDS/01312/19-20,43701,217000,43277
P224,STARNE056,IGFX/17343/20-EX,43705,84800,84800
P224,STARNE056,IGFX/17344/20-EX,43705,84800,84800
P224,STARNE056,IGFX/16104/20-EX,43697,84800,84800
P224,STARNE056,IGFX/16111/20-EX,43697,84800,84800
WBS104,CMCL_191,ID2B/00107/19-20,43705,104000,104000
WBS104,CMCL_191,ID2B/00099/19-20,43680,108800,108800
B054,1100205,IGCE/01078/20-EX,43705,66720,66720
B054,1100205,IGFX/17045/20-EX,43704,125100,125100
B054,1100205,IGCE/01052/20-EX,43703,66720,66720
B054,1100205,IGCE/01057/20-EX,43703,66720,66720
B054,1100205,IGCE/01036/20-EX,43700,66720,66720
B054,1100205,IGCE/01017/20-EX,43698,66720,66720
B054,1100205,IGCE/01008/20-EX,43696,66720,66720
B054,1100205,IGCE/00991/20-EX,43694,66720,66720
B054,1100205,IGFX/15740/20-EX,43694,125100,125100
B054,1100205,IGCE/00976/20-EX,43690,66720,66720
B054,1100205,IGCE/00957/20-EX,43686,66720,66720
B054,1100205,IGCE/00945/20-EX,43684,66720,66720
B054,1100205,IGCE/00920/20-EX,43682,66720,66720
B054,1100205,IGCE/00927/20-EX,43682,58380,58380
B054,1100205,IGCE/00915/20-EX,43681,66720,66720
B054,1100205,IGCE/00903/20-EX,43680,66720,66720
B054,1100205,IGCE/00907/20-EX,43680,66720,66720
B054,1100205,IGCE/00891/20-EX,43679,66720,8236
NEB026,1100202,IGRR/00878/20-EX,43706,28630,28630
NEB026,1100202,IGRR/00885/20-EX,43706,40900,40900
NEB026,1100202,IGRR/00852/20-EX,43704,73620,73620
NEB026,1100202,IGRR/00843/20-EX,43702,28630,28630
NEB026,1100202,IGRR/00838/20-EX,43701,28630,28630
NEB026,1100202,IGRR/00820/20-EX,43700,24540,24540
NEB026,1100202,IGRR/00796/20-EX,43699,49080,49080
NEB026,1100202,IGRR/00797/20-EX,43699,24540,24540
NEB026,1100202,IGRR/00791/20-EX,43698,40900,40900
NEB026,1100202,IGRR/00768/20-EX,43697,73620,73620
NEB026,1100202,IGRR/00776/20-EX,43697,28630,28630
NEB026,1100202,IGRR/00779/20-EX,43697,40900,40900
NEB026,1100202,IGRR/00764/20-EX,43696,20450,20450
NEB026,1100202,IGRR/00756/20-EX,43695,32720,32720
NEB026,1100202,IGRR/00741/20-EX,43694,73620,73620
NEB026,1100202,IGRR/00704/20-EX,43686,49080,49080
NEB026,1100202,IGRR/00705/20-EX,43686,24540,24540
NEB026,1100202,IGRR/00714/20-EX,43686,28630,2338
NED128,1100364,IGLE/08306/19-EX,43495,40400,32329
NEO012,1100205,IGFX/16631/20-EX,43701,125100,125100
NEO012,1100205,IGFX/15750/20-EX,43695,125100,76920
NER166,1101131,IGLE/03774/20-EX,43704,28630,28630
NER166,1101131,IGLE/03655/20-EX,43698,24540,23220
A108,1200125,JLAG/00253/19-20,43705,10000,10000
A108,1200125,JLAG/00173/19-20,43662,20000,20000
A108,1200125,JLAG/00010/19-20,43582,10000,10000
A108,1200125,JLAG/00914/18-19,43554,10000,10000
A108,1200125,JLAG/00867/18-19,43543,10000,10000
A108,1200125,JLAG/00800/18-19,43497,20000,20000
A108,1200125,JGAG/02022/18-19,43488,38246,38246
A108,1200125,JGAG/01471/17-18,43008,111754,111754
A108,1200125,JGMG/00010/17-18,42947,111754,84357
NEN050,STARNE056,IGFX/44793/19-EX,43554,166400,42643
NEN046,1101059,IGFX/16274/20-EX,43698,191840,191840
NEN046,1101059,IGFX/15011/20-EX,43687,174400,174400
NEN046,1101059,IGFX/13760/20-EX,43677,174400,62550
NER066,1100794,IGFX/17439/20-EX,43706,174400,174400
NER066,1100794,IGFX/17150/20-EX,43704,174400,174400
NER066,1100794,IGFX/16667/20-EX,43701,174400,174400
NER066,1100794,IGFX/16379/20-EX,43699,174400,68400
NES139,1101117,IGDN/01982/19-20,43706,312120,312120
NES139,1101117,IGDN/01964/19-20,43705,321300,321300
NES139,1101117,IGDN/01970/19-20,43705,321300,321300
NES139,1101117,IGDN/01949/19-20,43704,321300,321300
NES139,1101117,IGDN/01950/19-20,43704,321300,321300
NES139,1101117,IGDN/01951/19-20,43704,321300,321300
NES139,1101117,IGDN/01952/19-20,43704,321300,321300
NES139,1101117,IGDN/01926/19-20,43702,321300,321300
NES139,1101117,IGDN/01941/19-20,43702,321300,207220
S494,1101059,IGFX/17526/20-EX,43706,191840,190340
NEC082,1100202,IGRR/00892/20-EX,43706,28630,28630
NEC082,1100202,IGRR/00884/20-EX,43706,40900,40900
NEC082,1100202,IGRR/00871/20-EX,43705,20450,20450
NEC082,1100202,IGLE/03802/20-EX,43705,40900,40900
NEC082,1100202,IGRR/00860/20-EX,43704,20450,20450
NEC082,1100202,IGRR/00859/20-EX,43704,28630,28630
NEC082,1100202,IGRR/00853/20-EX,43704,40900,40900
NEC082,1100202,IGFX/17131/20-EX,43704,81400,81400
NEC082,1100202,IGRR/00855/20-EX,43704,24540,24540
NEC082,1100202,IGRR/00864/20-EX,43704,20450,20450
NEC082,1100202,IGRR/00866/20-EX,43704,28630,28630
NEC082,1100202,IGRR/00846/20-EX,43703,40900,40900
NEC082,1100202,IGRR/00840/20-EX,43702,40900,40900
NEC082,1100202,IGRR/00830/20-EX,43701,40900,40900
NES025,1100205,IGCE/01083/20-EX,43706,65440,65440
NES025,1100205,IGCE/01086/20-EX,43706,28630,28630
NES025,1100205,IGCE/01074/20-EX,43705,49080,44933
P083,1101131,SDASG/00502/2016-2017,42730,100,100
P083,1101131,JVGG/01829/2016-2017,42551,8130,8130
P083,1101131,JVGG/01048/2016-2017,42521,5200,5200
P083,1101131,JVGG/00431/2016-2017,42490,4200,4200
P083,1101131,SAGFC/00588/2016-2017,42467,34500,34500
P083,1101131,SDASG/00623/2015-2016,42460,500,500
P083,1101131,JVGG/07658/2015-2016,42460,10000,10000
P083,1101131,SAGFC/32361/2015-2016,42459,37000,37000
P083,1101131,JVGG/06760/2015-2016,42454,3600,3600
P083,1101131,SAGFC/30490/2015-2016,42446,37000,37000
P083,1101131,SAGFC/29309/2015-2016,42439,36000,36000
P083,1101131,SAGFC/29162/2015-2016,42438,36000,36000
P083,1101131,SAGFC/28033/2015-2016,42429,35000,35000
P083,1101131,JVGG/06585/2015-2016,42429,28500,28500
P083,1101131,SAGFC/27641/2015-2016,42427,35000,35000
P083,1101131,SAGFC/27159/2015-2016,42424,35000,35000
P083,1101131,SAGFC/26706/2015-2016,42421,35000,35000
S169,1100202,IGRR/00876/20-EX,43705,40900,40900
S169,1100202,IGRR/00857/20-EX,43704,24540,24540
S169,1100202,IGRR/00850/20-EX,43703,20450,20450
S169,1100202,IGRR/00842/20-EX,43702,20450,20450
S169,1100202,IGRR/00824/20-EX,43701,20450,20450
S169,1100202,IGRR/00825/20-EX,43701,40900,40900
S169,1100202,IGRR/00826/20-EX,43701,40900,40900
S169,1100202,IGRR/00827/20-EX,43701,20450,20450
S169,1100202,IGRR/00811/20-EX,43700,32720,32720
BHB025,1101055,PCGB/02955/17-18,43150,428045,428045
BHL011,1101055,IDJB/00002/19-20,43646,20000,1937
NEK085,AEMP000592000337,IGDN/01980/19-20,43706,351200,351200
NEK085,AEMP000592000337,IGDN/01733/19-20,43685,351200,165840
WBB052,1100441,IGSL/04041/19-20,43706,56000,56000
WBB052,1100441,IGSL/04042/19-20,43706,42000,42000
WBB052,1100441,IGSL/03966/19-20,43704,70000,70000
WBB052,1100441,IGSL/03967/19-20,43704,42000,42000
WBB052,1100441,IGSL/03930/19-20,43703,56000,56000
WBB052,1100441,IGSL/03931/19-20,43703,35000,35000
WBB052,1100441,IGSL/03854/19-20,43701,42000,42000
WBB052,1100441,IGSL/03855/19-20,43701,14000,14000
WBB052,1100441,IGSL/03715/19-20,43698,70000,70000
WBB052,1100441,IGSL/03716/19-20,43698,21000,21000
WBB052,1100441,IGSL/03542/19-20,43693,56000,8448
WBJ043,1100441,JGWK/00322/19-20,43677,9390,9390
WBJ043,1100441,IGSL/02890/19-20,43672,12600,12600
WBJ043,1100441,IGSL/02743/19-20,43668,70000,70000
WBJ043,1100441,IGSL/02744/19-20,43668,35000,35000
WBJ043,1100441,IGSL/02660/19-20,43665,10500,10500
WBJ043,1100441,IGSL/02600/19-20,43664,21000,21000
WBJ043,1100441,IGSL/02599/19-20,43664,70000,59230
S283,1200125,IGDS/01248/19-20,43696,214500,2353
NEM068,1101046,ILAT/05508/19-20,43703,60450,60450
NEM068,1101046,ILAT/05362/19-20,43699,32240,14310
NEP064,1101059,IGFX/16578/20-EX,43700,218000,218000
NEP064,1101059,IGFX/16330/20-EX,43699,305200,165470
NES188,1100321,IGFX/17402/20-EX,43706,180000,180000
NES188,1100321,IGFX/17403/20-EX,43706,135000,135000
NES188,1100321,IGFX/16877/20-EX,43702,180000,180000
NES188,1100321,IGFX/16878/20-EX,43702,180000,180000
NES188,1100321,IGFX/16576/20-EX,43700,180000,180000
NES188,1100321,IGFX/16577/20-EX,43700,180000,180000
NES188,1100321,IGFX/15793/20-EX,43695,180000,161285
NES210,1100321,IGFX/16689/20-EX,43701,315000,273516
NES263,1100321,IGFX/15763/20-EX,43695,315000,315000
NES263,1100321,IGFX/13390/20-EX,43674,315000,298790
NET044,1100794,IGFX/17320/20-EX,43705,174400,174400
NET044,1100794,IGFX/16554/20-EX,43700,174400,174400
NET044,1100794,IGFX/16050/20-EX,43697,174400,154253
M220,1100205,IGFX/16643/20-EX,43701,125100,125100
M220,1100205,IGFX/15332/20-EX,43690,125100,125100
M220,1100205,IGFX/14389/20-EX,43683,125100,47455
NEB143,1100205,IGCE/01090/20-EX,43706,32720,32720
NEB143,1100205,IGCE/01080/20-EX,43705,28630,28630
NEB143,1100205,IGCE/01069/20-EX,43704,28630,28630
NEB143,1100205,IGCE/01070/20-EX,43704,28630,28630
NEB143,1100205,IGCE/01042/20-EX,43701,28630,28630
NEB143,1100205,IGCE/01025/20-EX,43699,28630,28630
NEB143,1100205,IGCE/01012/20-EX,43697,28630,28630
NEB143,1100205,IGCE/01006/20-EX,43696,28630,28630
NEB143,1100205,IGCE/00980/20-EX,43691,28630,28630
NEB143,1100205,IGCE/00978/20-EX,43690,28630,28630
NEB143,1100205,IGCE/00918/20-EX,43682,28630,28630
NEB143,1100205,IGCE/00928/20-EX,43682,28630,28630
NEB143,1100205,IGCE/00905/20-EX,43680,28630,28630
NEB143,1100205,IGCE/00908/20-EX,43680,28630,14952
BHP026,1101055,JGPK/00138/18-19,43312,64900,44515
N135,CMCL_162,IDDS/01359/19-20,43701,54720,54720
N135,CMCL_162,IDDS/01351/19-20,43701,54720,54720
N135,CMCL_162,IDDS/01350/19-20,43701,54720,54720
N135,CMCL_162,JGWK/00324/19-20,43677,6400,6400
N135,CMCL_162,IDDS/01097/19-20,43671,57120,57120
N135,CMCL_162,IDDS/01098/19-20,43671,57120,49320
NEA143,1101112,ILBJ/01484/19-20,43706,188700,188700
NEA143,1101112,ILBJ/01485/19-20,43706,188700,188700
NEA143,1101112,ILBJ/01475/19-20,43706,188700,111159
NER151,AEMP000592000329,IGFX/17490/20-EX,43706,101760,98960
WBK051,CMCL_162,JGWK/00888/18-19,43475,4480,4480
WBK051,CMCL_162,IDDS/02143/18-19,43460,76320,76320
NET012,AEMP000592000336,ILBJ/01321/19-20,43696,188700,188700
NET012,AEMP000592000336,ILBJ/01322/19-20,43696,188700,188700
NET012,AEMP000592000336,ILBJ/01323/19-20,43696,199800,199800
NET012,AEMP000592000336,ILBJ/01324/19-20,43696,199800,199800
NET012,AEMP000592000336,ILBJ/01325/19-20,43696,188700,188700
NET012,AEMP000592000336,ILBJ/01326/19-20,43696,177600,177600
NET012,AEMP000592000336,ILBJ/01329/19-20,43696,188700,188700
NET012,AEMP000592000336,ILBJ/01330/19-20,43696,166500,166500
NET012,AEMP000592000336,ILBJ/01331/19-20,43696,188700,188700
NET012,AEMP000592000336,ILBJ/01332/19-20,43696,199800,199800
NET012,AEMP000592000336,ILBJ/01294/19-20,43695,199800,199800
NET012,AEMP000592000336,ILBJ/01295/19-20,43695,199800,199800
NET012,AEMP000592000336,ILBJ/01296/19-20,43695,199800,199800
NET012,AEMP000592000336,ILBJ/01297/19-20,43695,188700,188700
R010,STARNE056,IGFX/12944/20-EX,43669,84800,37768
S019,1100210,IGFX/15290/20-EX,43690,44400,44400
S019,1100210,IGFX/15291/20-EX,43690,42400,42400
S019,1100210,IGFX/13928/20-EX,43678,67840,63922
WBJ040,1100441,IDJG/00003/19-20,43646,290920,89834
NED110,1101046,ILAT/05621/19-20,43706,20150,169
NEN075,1101046,ILAT/05288/19-20,43697,32240,32240
NEN075,1101046,ILAT/05224/19-20,43696,32240,32240
NEN075,1101046,ILAT/05237/19-20,43696,36270,36270
NEN075,1101046,ILAT/05242/19-20,43696,40300,40300
NEN075,1101046,ILAT/05243/19-20,43696,24180,24180
NEN075,1101046,ILAT/05165/19-20,43694,20150,20150
NEN075,1101046,ILAT/05037/19-20,43689,24180,24180
NEN075,1101046,ILAT/05039/19-20,43689,24180,24180
NEN075,1101046,ILAT/05004/19-20,43688,27170,27170
NEN075,1101046,ILAT/05005/19-20,43688,27170,27170
NEN075,1101046,ILAT/04985/19-20,43687,12090,12090
NEN075,1101046,ILAT/04986/19-20,43687,18135,18135
NEN075,1101046,ILAT/04987/19-20,43687,18135,5332
NEN075,1101046,ILAT/05627/19-20,43706,32240,32240
NEN075,1101046,ILAT/05577/19-20,43705,18135,18135
NEN075,1101046,ILAT/05529/19-20,43704,40300,40300
NEN075,1101046,ILAT/05560/19-20,43704,16120,16120
NEN075,1101046,ILAT/05484/19-20,43702,32240,32240
NEN075,1101046,ILAT/05421/19-20,43701,20150,20150
NEN075,1101046,ILAT/05450/19-20,43701,40300,40300
NEN075,1101046,ILAT/05413/19-20,43700,12090,12090
NEN075,1101046,ILAT/05414/19-20,43700,16720,16720
NEN075,1101046,ILAT/05346/19-20,43699,20150,20150
NEN075,1101046,ILAT/05364/19-20,43699,24180,24180
NEN075,1101046,ILAT/05371/19-20,43699,24180,24180
NEN075,1101046,ILAT/05321/19-20,43698,32240,32240
NEN075,1101046,ILAT/05263/19-20,43697,40300,40300
NEN075,1101046,ILAT/05270/19-20,43697,28210,28210
NES364,1101046,ILTM/01086/19-20,43703,106600,101150
NES205,1101175,IGFX/15255/20-EX,43690,130800,119151
NES357,1100321,IGFX/17111/20-EX,43704,311500,311500
NES357,1100321,IGFX/16506/20-EX,43700,322700,322700
NES357,1100321,IGFX/15778/20-EX,43695,311500,252311
S577,1100321,IGFX/16868/20-EX,43702,180000,180000
S577,1100321,IGFX/16869/20-EX,43702,135000,135000
S577,1100321,IGFX/16094/20-EX,43697,135000,135000
S577,1100321,IGFX/16095/20-EX,43697,180000,180000
S577,1100321,IGFX/15688/20-EX,43694,180000,180000
S577,1100321,IGFX/15689/20-EX,43694,135000,34478
D085,1100202,IGRR/00875/20-EX,43705,28630,28630
D085,1100202,IGLE/03648/20-EX,43698,29680,29680
D085,1100202,IGRR/00790/20-EX,43698,28630,28630
D085,1100202,IGRR/00773/20-EX,43697,28630,28630
D085,1100202,IGRR/00752/20-EX,43695,20450,20450
D085,1100202,IGRR/00753/20-EX,43695,28630,28630
D085,1100202,IGRR/00729/20-EX,43691,28630,28630
D085,1100202,IGRR/00699/20-EX,43685,28630,28630
D085,1100202,IGRR/00678/20-EX,43683,28630,28630
D085,1100202,IGRR/00651/20-EX,43682,28630,28630
D085,1100202,IGRR/00662/20-EX,43682,28630,862
K008,1100202,IGLE/03686/20-EX,43700,24540,24540
K008,1100202,IGLE/03418/20-EX,43682,40900,33482
NEA103,1100205,IGFX/16473/20-EX,43700,125100,125100
NEA103,1100205,IGFX/15754/20-EX,43695,125100,125100
NEA103,1100205,IGFX/14984/20-EX,43686,125100,125100
NEA103,1100205,IGFX/14272/20-EX,43681,125100,125100
NEA103,1100205,IGFX/13963/20-EX,43678,125100,125100
NEA103,1100205,IGFX/13167/20-EX,43671,125100,79813
NED118,1100205,JGAG/00901/19-20,43677,4500,4500
NED118,1100205,IGFX/12565/20-EX,43665,125100,101275
NEH041,AEMP000799000414,IGRR/00510/20-EX,43673,40900,40900
NEH041,AEMP000799000414,IGRR/00372/20-EX,43665,40900,21815
NEP083,1100795,IGFX/16594/20-EX,43700,194040,185618
P106,AEMP000799000100,IGSL/03210/19-20,43682,22500,22500
P106,AEMP000799000100,IGSL/03221/19-20,43682,22500,22500
P106,AEMP000799000100,IGSL/03232/19-20,43682,22500,22500
P106,AEMP000799000100,IGSL/03186/19-20,43680,22500,22500
P106,AEMP000799000100,IGSL/03190/19-20,43680,22500,22500
P106,AEMP000799000100,IGSL/03194/19-20,43680,22500,22500
P106,AEMP000799000100,IGSL/03166/19-20,43679,22500,22500
P106,AEMP000799000100,IGSL/03167/19-20,43679,22500,22500
P106,AEMP000799000100,IGSL/03114/19-20,43678,22500,22500
P106,AEMP000799000100,IGSL/03116/19-20,43678,22500,22500
P106,AEMP000799000100,IGSL/03125/19-20,43678,22500,22500
P106,AEMP000799000100,IGSL/03127/19-20,43678,7500,7500
P106,AEMP000799000100,IGSL/03128/19-20,43678,7500,7500
P106,AEMP000799000100,IGSL/03129/19-20,43678,7500,7500
P106,AEMP000799000100,IGSL/03141/19-20,43678,22500,22500
P106,AEMP000799000100,IGSL/03101/19-20,43677,22500,22500
A164,1101046,ILAT/05330/19-20,43698,32240,32240
NEA211,1200125,IGDS/01281/19-20,43698,85800,47345
A164,1101046,ILAT/05254/19-20,43697,28210,28210
A164,1101046,ILAT/05264/19-20,43697,32240,32240
A164,1101046,ILAT/05266/19-20,43697,32240,32240
A164,1101046,ILAT/05267/19-20,43697,20900,20900
A164,1101046,ILAT/05268/19-20,43697,20900,20900
A164,1101046,ILAT/05274/19-20,43697,32240,32240
A164,1101046,ILAT/05246/19-20,43697,12090,12090
A164,1101046,ILAT/05247/19-20,43697,20900,20900
A164,1101046,ILAT/05249/19-20,43697,40300,40300
A164,1101046,ILAT/05250/19-20,43697,32240,17630
M111,1101046,ILTM/01080/19-20,43703,164000,164000
M111,1101046,ILTM/01065/19-20,43700,123000,123000
M111,1101046,ILTM/00920/19-20,43675,123000,25
NED054,1101046,ILTM/01070/19-20,43701,205000,205000
NED054,1101046,ILAT/05409/19-20,43700,40300,40300
NED054,1101046,ILAT/05416/19-20,43700,40300,40300
NED054,1101046,ILAT/05343/19-20,43699,40300,36170
L083,AEMP000799000094,IDDS/01018/19-20,43665,112640,110190
NEK098,1101176,ILKL/01064/19-20,43705,200100,83939
WBN034,AEMP000799000096,IDDS/01190/19-20,43679,112640,112640
WBN034,AEMP000799000096,JGWK/00324/19-20,43677,29440,29440
WBN034,AEMP000799000096,IDDS/01090/19-20,43670,112640,112640
WBN034,AEMP000799000096,IDDS/00963/19-20,43661,115840,115840
WBN034,AEMP000799000096,IDDS/00920/19-20,43657,115840,115840
WBN034,AEMP000799000096,IDDS/00923/19-20,43657,115840,82709
B125,11001360,IGFX/17001/20-EX,43703,209500,209500
B125,11001360,IGFX/16896/20-EX,43702,209500,209500
B125,11001360,IGFX/16487/20-EX,43700,209500,209500
B125,11001360,IGFX/16342/20-EX,43699,209500,209500
B125,11001360,IGFX/16015/20-EX,43697,209500,209500
B125,11001360,IGFX/16029/20-EX,43697,209500,209500
B125,11001360,IGFX/15924/20-EX,43696,209500,192949
NEM095,1100145,IGFX/17512/20-EX,43706,209500,209500
NEM095,1100145,IGFX/17117/20-EX,43704,209500,209500
NEM095,1100145,IGFX/16364/20-EX,43699,209500,94208
NEM179,1200229,ILDS/02971/19-20,43706,163240,163240
NEM179,1200229,ILDS/02753/19-20,43693,163240,132398
NEP005,1101084,IGFX/16490/20-EX,43700,184360,115879
NEP054,11001360,IGFX/17077/20-EX,43704,209500,208868
G114,1101113,IGDS/01396/19-20,43706,313600,313600
G114,1101113,IGDS/01397/19-20,43706,306600,98600
NEH060,1100321,IGFX/15776/20-EX,43695,311500,311500
NEH060,1100321,IGFX/14214/20-EX,43681,133500,132826
NEK077,1100321,IGFX/17140/20-EX,43704,315000,315000
NEK077,1100321,IGFX/16270/20-EX,43698,315000,257288
NEU030,1101075,IGFX/16352/20-EX,43699,176000,72000
B242,1101278,JDWK/00382/17-18,43152,707759,707759
B242,1101278,PCGW/00747/17-18,42965,738430,671
NEJ040,1100205,IGFX/13255/20-EX,43672,125100,125100
NEJ040,1100205,IGFX/12861/20-EX,43668,125100,115395
NEL054,AEMP000799000370,IGCE/01079/20-EX,43705,28630,28630
NEL054,AEMP000799000370,IGCE/01081/20-EX,43705,28630,28630
NEL054,AEMP000799000370,IGCE/01082/20-EX,43705,24540,24540
NEL054,AEMP000799000370,IGCE/01064/20-EX,43704,28630,28630
NEL054,AEMP000799000370,IGCE/00965/20-EX,43686,28630,25871
BHS084,1101055,JGPK/00138/18-19,43312,84975,84975
BHS084,1101055,JDWK/00383/17-18,43152,292287,122337
BHS113,1101055,JGPK/00138/18-19,43312,116449,1635
BHS122,1101055,SAGLA/00314/2016-2017,42797,48000,19066
S382,CMCL_117,IGSL/03730/19-20,43698,154000,154000
S382,CMCL_117,IGSL/03225/19-20,43682,154000,87815
WBN088,AEMP000799000100,ISFB/00474/19-20,43706,22500,11180
NEM025,STARNE056,IGFX/14924/20-EX,43686,84800,84800
NEM025,STARNE056,IGFX/14845/20-EX,43685,84800,84800
NEM025,STARNE056,IGFX/12554/20-EX,43665,67840,67840
P224,STARNE056,IGFX/14691/20-EX,43684,84800,84800
P224,STARNE056,IGFX/14694/20-EX,43684,84800,82893
WBN085,CMCL_162,JGWK/00324/19-20,43677,14720,14720
WBN085,CMCL_162,IDDS/01111/19-20,43672,112640,112640
WBN085,CMCL_162,IDDS/00960/19-20,43661,115840,68060
WBS185,CMCL_162,PCGW/04526/18-19,43370,180250,180250
M298,1101046,ILTM/01106/19-20,43705,205000,205000
M298,1101046,ILTM/01067/19-20,43700,200900,200900
M298,1101046,ILTM/01045/19-20,43698,205000,144192.48
T059,1101046,ILAT/05605/19-20,43706,40300,40300
T059,1101046,ILAT/05613/19-20,43706,16120,16120
T059,1101046,ILAT/05618/19-20,43706,24180,24180
T059,1101046,ILAT/05638/19-20,43706,20150,20150
T059,1101046,ILAT/05574/19-20,43705,40300,40300
T059,1101046,ILAT/05576/19-20,43705,16120,16120
T059,1101046,ILAT/05582/19-20,43705,40300,40300
T059,1101046,ILAT/05600/19-20,43705,40300,40300
T059,1101046,ILAT/05535/19-20,43704,40300,40300
T059,1101046,ILAT/05556/19-20,43704,16120,16120
T059,1101046,ILAT/05515/19-20,43703,40300,40300
T059,1101046,ILAT/05517/19-20,43703,16120,16120
T059,1101046,ILAT/05520/19-20,43703,40300,40300
T059,1101046,ILAT/05463/19-20,43702,40300,40300
T059,1101046,ILAT/05472/19-20,43702,16120,16120
T059,1101046,ILAT/05479/19-20,43702,20150,20150
T059,1101046,ILAT/05429/19-20,43701,40300,40300
T059,1101046,ILAT/05436/19-20,43701,40300,40300
T059,1101046,ILAT/05386/19-20,43700,40300,40300
T059,1101046,ILAT/05390/19-20,43700,16120,16120
T059,1101046,ILAT/05400/19-20,43700,20150,20150
T059,1101046,ILAT/05338/19-20,43699,36270,36270
T059,1101046,ILAT/05342/19-20,43699,40300,40300
T059,1101046,ILAT/05295/19-20,43698,41800,41800
T059,1101046,ILAT/05313/19-20,43698,32240,32240
T059,1101046,ILAT/05315/19-20,43698,24180,24180
T059,1101046,ILAT/05316/19-20,43698,16720,16720
T059,1101046,ILAT/05333/19-20,43698,20150,20150
T059,1101046,ILAT/05251/19-20,43697,40300,40300
T059,1101046,ILAT/05260/19-20,43697,16120,16120
T059,1101046,ILAT/05281/19-20,43697,40300,40300
T059,1101046,ILAT/05215/19-20,43696,16120,8434
WBK051,CMCL_162,IDDS/02056/18-19,43446,101760,48775
NET067,1200125,IGDS/01412/19-20,43706,305200,158444
D110,1101046,ILTM/01066/19-20,43700,82000,38151
NEJ059,1101046,ILAT/05631/19-20,43706,20150,20150
NEJ059,1101046,ILAT/05358/19-20,43699,40300,40300
NEJ059,1101046,ILAT/05253/19-20,43697,12540,12540
NEJ059,1101046,ILAT/05258/19-20,43697,12540,12540
NEJ059,1101046,ILAT/05261/19-20,43697,20900,20900
NEJ059,1101046,ILAT/05044/19-20,43690,40300,40300
NEJ059,1101046,ILAT/05010/19-20,43689,16720,16720
NEJ059,1101046,ILAT/05027/19-20,43689,12540,12540
NEJ059,1101046,ILAT/04874/19-20,43685,33440,33440
NEJ059,1101046,ILAT/04855/19-20,43684,33440,18002
N008,1101059,IGFX/17145/20-EX,43704,130800,130800
N008,1101059,IGFX/16579/20-EX,43700,87200,87200
N008,1101059,IGFX/15824/20-EX,43695,130800,130800
N008,1101059,IGFX/15470/20-EX,43692,174400,160520
NES361,1100321,IGFX/16616/20-EX,43700,315000,315000
NES361,1100321,IGFX/15287/20-EX,43690,360000,360000
WBR104,CMCL_191,JGWK/00216/19-20,43646,5600,5600
WBR104,CMCL_191,ID2B/00069/19-20,43634,56800,56800
WBR104,CMCL_191,ID2B/00062/19-20,43624,43200,32340
G056,1100202,IGRR/00861/20-EX,43704,49080,46947
K109,1101064,IGLE/03794/20-EX,43705,40900,40900
K109,1101064,IGLE/03743/20-EX,43703,40900,40900
K109,1101064,IGLE/03699/20-EX,43701,40900,40900
K109,1101064,IGLE/03707/20-EX,43701,40900,40900
K109,1101064,IGLE/03670/20-EX,43699,33920,33920
K109,1101064,IGLE/03612/20-EX,43697,40900,40900
K109,1101064,IGLE/03562/20-EX,43694,40900,40825
N019,1100205,IGCE/01084/20-EX,43706,125100,125100
N019,1100205,IGCE/01088/20-EX,43706,125100,125100
N019,1100205,IGCE/01076/20-EX,43705,125100,125100
N019,1100205,IGCE/01062/20-EX,43704,125100,125100
N019,1100205,IGCE/01067/20-EX,43704,125100,125100
N019,1100205,IGFX/17066/20-EX,43704,125700,125700
N019,1100205,IGFX/17218/20-EX,43704,125100,125100
N019,1100205,IGCE/01051/20-EX,43703,125100,125100
N019,1100205,IGCE/01053/20-EX,43703,125100,125100
N019,1100205,IGCE/01045/20-EX,43702,125100,125100
N019,1100205,IGCE/01039/20-EX,43701,125100,50276
NED086,1100202,IGLE/03286/20-EX,43678,40900,40900
NED086,1100202,IGLE/03275/20-EX,43677,40900,40900
NED086,1100202,IGLE/03229/20-EX,43676,40900,40900
NED086,1100202,IGLE/03190/20-EX,43675,40900,36331
NEL046,1100205,IGCE/01089/20-EX,43706,28630,28630
NEL046,1100205,IGCE/01055/20-EX,43703,28630,22540
NES327,1100205,IGFX/17050/20-EX,43704,125100,125100
NES327,1100205,IGFX/16124/20-EX,43697,125100,82391
S014,1100205,IGCE/01044/20-EX,43702,28630,28630
S014,1100205,IGCE/01031/20-EX,43700,28630,28630
S014,1100205,IGCE/01024/20-EX,43699,28630,9550
BHB042,1101055,IDJB/00002/19-20,43646,100000,100000
BHB042,1101055,IDJB/00026/18-19,43555,50000,20766
BHM026,1101055,JGPK/00138/18-19,43312,187886,187886
BHM026,1101055,JDWK/00379/17-18,43152,455808,80036
BHM099,1101055,JVKS/06070/2016-2017,42825,11760,11760
BHM099,1101055,SAGLA/00331/2016-2017,42805,65310,65310
BHM099,1101055,SAGLA/00332/2016-2017,42805,46650,46650
BHM099,1101055,SAGLA/00328/2016-2017,42804,65310,7202
BHS053,1101055,JDWK/00383/17-18,43152,121200,121200
BHS053,1101055,JBWK/00011/17-18,42917,121200,121200
BHS053,1101055,SAGLA/00224/2016-2017,42699,68400,13204
NEJ062,AEMP000592000337,IGDN/01887/19-20,43697,351200,76170
M017,1101046,ILAT/05611/19-20,43706,50160,50160
M017,1101046,ILAT/05534/19-20,43704,60450,60450
M017,1101046,ILAT/05514/19-20,43703,60450,60450
M017,1101046,ILAT/05453/19-20,43701,60450,60450
M017,1101046,ILAT/05349/19-20,43699,40300,40300
M017,1101046,ILAT/05350/19-20,43699,20900,20900
M017,1101046,ILAT/05369/19-20,43699,60450,36499
NED082,1101046,ILAT/05606/19-20,43706,40300,40300
NED082,1101046,ILAT/05572/19-20,43705,40300,40300
NED082,1101046,ILTM/01101/19-20,43704,200900,26054
NEL015,1101046,ILAT/05541/19-20,43704,24180,24180
NEL015,1101046,ILAT/05552/19-20,43704,40300,40300
NEL015,1101046,ILTM/01100/19-20,43704,205000,205000
NEL015,1101046,ILAT/05500/19-20,43703,32240,32240
NEL015,1101046,ILAT/05516/19-20,43703,32240,32240
NEL015,1101046,ILTM/01090/19-20,43703,205000,205000
NEL015,1101046,ILTM/01091/19-20,43703,196800,152520
NEM064,1101046,ILTM/01094/19-20,43704,82000,82000
NEM064,1101046,ILTM/01064/19-20,43700,82000,82000
NEM064,1101046,ILTM/01050/19-20,43699,205000,195722
R117,1101046,ILTM/01114/19-20,43706,196800,196800
R117,1101046,ILAT/05351/19-20,43699,40300,40300
R117,1101046,ILAT/05314/19-20,43698,60450,60450
R117,1101046,ILTM/01028/19-20,43695,196800,196800
R117,1101046,ILAT/05160/19-20,43694,40300,40300
R117,1101046,ILAT/05022/19-20,43689,40300,32680
BHA041,1101232,SAGSM/00414/2016-2017,42825,82340,59913
BHM018,1101232,JGPK/00021/19-20,43599,1204,1204
BHM018,1101232,IGSV/00001/18-19,43390,150360,81810
M031,1100794,IGFX/17024/20-EX,43704,45600,45600
M031,1100794,IGFX/17025/20-EX,43704,130800,130800
M031,1100794,IGFX/16552/20-EX,43700,174400,174400
M031,1100794,IGFX/16553/20-EX,43700,130800,118600
M129,1101075,IGFX/17414/20-EX,43706,220000,220000
M129,1101075,IGFX/17415/20-EX,43706,132000,132000
M129,1101075,IGFX/17331/20-EX,43705,352000,352000
M129,1101075,IGFX/16209/20-EX,43698,352000,352000
M129,1101075,IGFX/16263/20-EX,43698,352000,352000
M129,1101075,IGFX/16051/20-EX,43697,352000,352000
M129,1101075,IGFX/16137/20-EX,43697,352000,352000
M129,1101075,IGFX/15217/20-EX,43689,352000,352000
M129,1101075,IGFX/15132/20-EX,43688,352000,352000
M129,1101075,IGFX/15205/20-EX,43688,352000,84363
NEA236,1101059,IGFX/17432/20-EX,43706,174400,174400
NEA236,1101059,IGFX/15593/20-EX,43693,198440,198440
WBL025,1101278,IDKG/00030/19-20,43574,110400,110400
WBL025,1101278,JGWK/01180/18-19,43555,40880,40880
WBL025,1101278,IDKG/01051/18-19,43549,103680,103680
WBL025,1101278,IDKG/01043/18-19,43547,103680,23140
B148,CMCL_117,ISDS/01442/19-20,43695,53900,51896
BHV014,1101055,JDWK/00384/17-18,43152,167777,167777
BHV014,1101055,JBWK/00011/17-18,42917,167777,28755
WBR057,CMCL_117,ISDS/01538/19-20,43705,130900,125054
NED123,1101118,ILBJ/01450/19-20,43705,181760,86060
NEH047,1100210,IGFX/17341/20-EX,43705,84800,65777
NES383,1101295,IGFX/16395/20-EX,43699,84800,81340
R096,AEMP000592000329,IGFX/17507/20-EX,43706,84800,84800
R096,AEMP000592000329,IGFX/16973/20-EX,43703,84800,84800
R096,AEMP000592000329,IGFX/16974/20-EX,43703,84800,84800
R096,AEMP000592000329,IGFX/15832/20-EX,43695,84800,84800
R096,AEMP000592000329,IGFX/15845/20-EX,43695,84800,67144
WBS090,1100441,PCGW/05254/18-19,43402,236008,196008
WBU014,1100441,IGSL/02218/19-20,43648,51800,51800
WBU014,1100441,IDJG/00003/19-20,43646,859900,859900
WBU014,1100441,IGSL/02131/19-20,43645,74000,74000
WBU014,1100441,IGSL/02132/19-20,43645,14800,14800
WBU014,1100441,IGSL/02136/19-20,43645,37000,37000
WBU014,1100441,IGSL/02080/19-20,43644,59200,59200
WBU014,1100441,IGSL/01968/19-20,43641,75000,75000
WBU014,1100441,IGSL/01969/19-20,43641,37500,825
NEA189,1200125,IGDS/01197/19-20,43691,94380,94380
NEA189,1200125,IGDS/01199/19-20,43691,85800,83505
J057,1101046,ILAT/05536/19-20,43704,40300,40300
J057,1101046,ILAT/05566/19-20,43704,32240,32240
J057,1101046,ILTM/01092/19-20,43703,200900,200900
NEB018,AEMP000592000329,IGFX/15711/20-EX,43694,84800,84800
NEB018,AEMP000592000329,IGFX/15712/20-EX,43694,84800,84800
NEB018,AEMP000592000329,IGFX/14038/20-EX,43679,67840,67840
NEH055,STARNE056,IGFX/14936/20-EX,43686,84800,84800
NEH055,STARNE056,IGFX/14937/20-EX,43686,84800,84800
NEM116,AEMP000592000329,IGFX/17059/20-EX,43704,169600,169600
NEM116,AEMP000592000329,IGFX/17104/20-EX,43704,84800,84800
NEM116,AEMP000592000329,IGFX/15826/20-EX,43695,84800,42697
NEM242,1100210,IGFX/17207/20-EX,43704,296800,87092
NEN128,STARNE056,IGFX/11725/20-EX,43653,67840,67840
NEN128,STARNE056,IGFX/11636/20-EX,43652,84800,84800
NEN128,STARNE056,IGFX/10048/20-EX,43638,169600,87120
NES198,STARNE056,IGFX/15428/19-EX,43315,163200,70474
WBM078,1100441,IGSL/03846/19-20,43701,56000,56000
WBM078,1100441,IGSL/03847/19-20,43701,21000,11540
S348,1200125,IGDS/01413/19-20,43706,217000,132960
A163,1101046,ILAT/05625/19-20,43706,60450,60450
A163,1101046,ILAT/05492/19-20,43702,32240,32240
A163,1101046,ILAT/05446/19-20,43701,32240,28790
NED144,1200178,ILAT/05589/19-20,43705,20150,20150
NES054,1101046,ILAT/05441/19-20,43701,40300,40300
NES054,1101046,ILAT/05442/19-20,43701,40300,39300
J057,1101046,ILAT/05468/19-20,43702,40300,40300
J057,1101046,ILAT/05423/19-20,43701,40300,40300
J057,1101046,ILAT/05451/19-20,43701,32240,32240
J057,1101046,ILAT/05411/19-20,43700,41800,41800
J057,1101046,ILTM/01069/19-20,43700,106600,106600
J057,1101046,ILTM/01051/19-20,43699,205000,205000
J057,1101046,ILAT/05344/19-20,43699,12090,12090
J057,1101046,ILAT/05359/19-20,43699,41800,7146
M273,1101046,ILAT/05602/19-20,43706,30225,30225
M273,1101046,ILAT/05617/19-20,43706,30225,30225
M273,1101046,ILAT/05628/19-20,43706,28210,28210
M273,1101046,ILTM/01108/19-20,43705,205000,205000
M273,1101046,ILTM/01095/19-20,43704,123900,123900
M273,1101046,ILAT/05525/19-20,43704,30225,30225
M273,1101046,ILAT/05539/19-20,43704,30225,30225
M273,1101046,ILAT/05498/19-20,43703,30225,30225
M273,1101046,ILAT/05505/19-20,43703,24180,24180
M273,1101046,ILAT/05511/19-20,43703,24180,24180
M273,1101046,ILAT/05458/19-20,43702,30225,30225
M273,1101046,ILAT/05470/19-20,43702,30225,30225
M273,1101046,ILAT/05480/19-20,43702,30225,30225
M273,1101046,ILAT/05483/19-20,43702,20150,20150
M273,1101046,ILAT/05424/19-20,43701,30225,30225
M273,1101046,ILAT/05384/19-20,43700,30225,30225
M273,1101046,ILAT/05389/19-20,43700,20150,20150
M273,1101046,ILAT/05404/19-20,43700,30225,30225
M273,1101046,ILTM/01053/19-20,43699,82000,82000
M273,1101046,ILAT/05339/19-20,43699,30225,30225
M273,1101046,ILAT/05306/19-20,43698,30225,30225
M273,1101046,ILAT/05325/19-20,43698,30225,30225
M273,1101046,ILAT/05248/19-20,43697,30225,30225
M273,1101046,ILAT/05262/19-20,43697,30225,30076
NEM065,1101046,ILTM/01098/19-20,43704,205000,205000
NEM065,1101046,ILTM/01040/19-20,43697,196800,192820
NER085,1101046,ILAT/05524/19-20,43704,40300,40300
NER085,1101046,ILTM/01081/19-20,43703,196800,196800
NER085,1101046,ILTM/01047/19-20,43698,123000,111409
WBA072,AEMP000799000100,IGSL/03687/19-20,43697,22500,22500
WBA072,AEMP000799000100,IGSL/03605/19-20,43696,22500,22500
WBA072,AEMP000799000100,IGSL/03616/19-20,43696,22500,22500
WBA072,AEMP000799000100,IGSL/03514/19-20,43693,18750,18750
WBA072,AEMP000799000100,IGSL/03488/19-20,43691,22500,22500
WBA072,AEMP000799000100,IGSL/03500/19-20,43691,22500,8698.25
M238,AEMP000592000329,IGFX/17312/20-EX,43705,101760,101760
M238,AEMP000592000329,IGFX/17322/20-EX,43705,101760,101760
M238,AEMP000592000329,IGFX/16947/20-EX,43703,84800,84800
M238,AEMP000592000329,IGFX/16549/20-EX,43700,84800,82800
NEH035,STARNE056,IGFX/17277/20-EX,43705,84800,84800
NEH035,STARNE056,IGFX/16524/20-EX,43700,84800,78704
NEM014,1101112,ILBJ/01428/19-20,43703,199800,199800
NEM014,1101112,ILBJ/01334/19-20,43696,199800,179288
NEN104,AEMP000592000329,IGFX/17173/20-EX,43704,84800,84800
NEN104,AEMP000592000329,IGFX/17174/20-EX,43704,84800,84800
NEN104,AEMP000592000329,IGFX/16563/20-EX,43700,84800,84800
NEN104,AEMP000592000329,IGFX/16564/20-EX,43700,84800,84800
NEN104,AEMP000592000329,IGFX/15294/20-EX,43690,84800,84800
NEN104,AEMP000592000329,IGFX/15295/20-EX,43690,84800,84800
NEN104,AEMP000592000329,IGFX/14013/20-EX,43679,67840,67840
NEN104,AEMP000592000329,IGFX/14021/20-EX,43679,101760,97464
NEN112,AEMP000592000336,ILBJ/01476/19-20,43706,188700,188700
NEN112,AEMP000592000336,ILBJ/01477/19-20,43706,199800,199800
NEN112,AEMP000592000336,ILBJ/01478/19-20,43706,177600,177600
NEN112,AEMP000592000336,ILBJ/01451/19-20,43705,199800,199800
NEN112,AEMP000592000336,ILBJ/01456/19-20,43705,188700,188700
NEN112,AEMP000592000336,ILBJ/01434/19-20,43704,199800,199800
NEN112,AEMP000592000336,ILBJ/01435/19-20,43704,188700,188700
NEN112,AEMP000592000336,ILBJ/01417/19-20,43702,199800,123870
NES262,AEMP000592000329,IGFX/17492/20-EX,43706,101760,96560
WBA086,1100441,IGSL/03934/19-20,43703,59500,59500
WBA086,1100441,IGSL/03828/19-20,43701,63000,63000
WBA086,1100441,IGSL/03861/19-20,43701,70000,70000
WBA086,1100441,IGSL/03862/19-20,43701,7000,7000
WBA086,1100441,IGSL/03810/19-20,43700,70000,70000
WBA086,1100441,IGSL/03811/19-20,43700,42000,42000
WBA086,1100441,IGSL/03771/19-20,43699,70000,11460
WBT044,1100441,PCGW/05204/18-19,43399,1708303,1708303
NEK068,1200174,ILDS/02360/19-20,43665,74200,74200
NEK068,1200174,ILDS/02346/19-20,43664,74200,74200
NEK068,1200174,ILDS/02240/19-20,43654,74200,57152
NES199,1200125,IGDS/01304/19-20,43700,218000,152514
NEG059,1101046,ILAT/05626/19-20,43706,40300,40300
NEG059,1101046,ILAT/05372/19-20,43699,52390,12117
NEM025,STARNE056,IGFX/12583/20-EX,43665,84800,13886
NEN115,AEMP000592000336,ILBJ/01376/19-20,43699,199800,135140
NER092,STARNE056,IGFX/17127/20-EX,43704,84800,84800
NER092,STARNE056,IGFX/16280/20-EX,43698,84800,84800
NER092,STARNE056,IGFX/15762/20-EX,43695,84800,84800
NER092,STARNE056,IGFX/14858/20-EX,43685,84800,84400
WBJ018,1100441,IGSL/03812/19-20,43700,70000,70000
WBJ018,1100441,IGSL/03813/19-20,43700,35000,35000
WBJ018,1100441,IGSL/03773/19-20,43699,70000,70000
WBJ018,1100441,IGSL/03774/19-20,43699,14000,14000
WBJ018,1100441,IGSL/03693/19-20,43698,70000,70000
WBJ018,1100441,IGSL/03694/19-20,43698,28000,28000
WBJ018,1100441,IGSL/03630/19-20,43696,70000,70000
WBJ018,1100441,IGSL/03631/19-20,43696,21000,21000
WBJ018,1100441,IGSL/03636/19-20,43696,70000,70000
WBJ018,1100441,IGSL/03637/19-20,43696,21000,21000
WBJ018,1100441,IGSL/03509/19-20,43693,70000,41254.5
WBN028,1100441,PCGW/05256/18-19,43402,511375,511375
M249,1101046,ILAT/05615/19-20,43706,40300,40300
M249,1101046,ILAT/05561/19-20,43704,40300,40300
M249,1101046,ILAT/05510/19-20,43703,36270,36270
M249,1101046,ILTM/01083/19-20,43703,123000,123000
M249,1101046,ILTM/01084/19-20,43703,82000,82000
M249,1101046,ILAT/05461/19-20,43702,40300,40300
M249,1101046,ILAT/05428/19-20,43701,40300,40300
M249,1101046,ILAT/05379/19-20,43700,40300,40300
M249,1101046,ILAT/05397/19-20,43700,40300,29820
NEB190,1101046,ILTM/01105/19-20,43705,41000,41000
NEB190,1101046,ILTM/01085/19-20,43703,98400,93297
WBL019,CMCL_117,ISDS/01514/19-20,43703,138600,138600
WBL019,CMCL_117,IGSL/03819/19-20,43700,154000,154000
WBL019,CMCL_117,IGSL/03753/19-20,43699,154000,154000
WBL019,CMCL_117,IGSL/03622/19-20,43696,154000,104200
S432,AEMP000592000336,ILBJ/01489/19-20,43706,177600,177600
S432,AEMP000592000336,ILBJ/01490/19-20,43706,177600,177600
S432,AEMP000592000336,ILBJ/01433/19-20,43704,188700,188700
S432,AEMP000592000336,ILBJ/01402/19-20,43701,199800,192600
WBS230,1100441,IGSL/03994/19-20,43705,70000,70000
WBS230,1100441,IGSL/03995/19-20,43705,28000,6600
L021,1200174,ILDS/02967/19-20,43706,200340,200340
L021,1200174,ILDS/02897/19-20,43703,148400,148400
L021,1200174,ILDS/02911/19-20,43703,163240,163240
L021,1200174,ILDS/02881/19-20,43702,148400,148400
L021,1200174,ILDS/02833/19-20,43699,170660,107980
NEL034,1200174,ILDS/02856/19-20,43700,163240,161860
NES288,1101046,JLTG/00027/19-20,43677,13500,13500
NES288,1101046,ILAT/04425/19-20,43674,40300,40300
NES288,1101046,ILAT/04274/19-20,43669,40300,40300
NES288,1101046,ILAT/04114/19-20,43666,20150,20150
NES288,1101046,ILAT/04076/19-20,43665,40300,40300
NES288,1101046,ILAT/04032/19-20,43664,28210,28210
NES288,1101046,ILAT/03880/19-20,43656,28210,28210
NES288,1101046,ILAT/03808/19-20,43654,20150,6200
P083,1101131,SAGFC/26000/2015-2016,42416,35000,35000
P083,1101131,SAGFC/25523/2015-2016,42412,35000,35000
P083,1101131,SAGFC/25179/2015-2016,42409,37000,37000
P083,1101131,SAGFC/24711/2015-2016,42405,37000,37000
P083,1101131,SAGFC/24334/2015-2016,42401,35000,35000
P083,1101131,JVGG/05904/2015-2016,42400,22000,22000
P083,1101131,SAGFC/23723/2015-2016,42398,35000,14347
P134,1101064,IGFX/12703/20-EX,43666,166800,166800
P134,1101064,IGFX/11079/20-EX,43647,166800,8088
WBD050,1101278,IDKG/00226/19-20,43706,104000,104000
WBD050,1101278,IDKG/00213/19-20,43685,108800,7594
WBM143,1101278,PCGW/05117/18-19,43388,289244,289244
A281,1101055,JGPK/00137/18-19,43312,400683,178185
NES220,1101112,ILBJ/01111/19-20,43683,193120,178860
M132,1200174,ILDS/02852/19-20,43700,170660,161460
NEE040,1200174,ILDS/02842/19-20,43700,170660,161740
NEG086,1101046,ILAT/05491/19-20,43702,40300,40300
NEG086,1101046,ILAT/05440/19-20,43701,40300,40300
NEG086,1101046,ILAT/05255/19-20,43697,40300,39412
NER126,1101046,ILAT/05619/19-20,43706,28210,28210
NER126,1101046,ILAT/05575/19-20,43705,40300,40300
NER126,1101046,ILAT/05531/19-20,43704,28210,28210
NER126,1101046,ILAT/05533/19-20,43704,40300,40300
NER126,1101046,ILAT/05481/19-20,43702,56420,22315
P106,AEMP000799000100,IGSL/02998/19-20,43676,22500,22500
P106,AEMP000799000100,IGSL/03002/19-20,43676,22500,22500
P106,AEMP000799000100,IGSL/02945/19-20,43675,22500,6331.5
WBA107,CMCL_117,IGSL/03798/19-20,43700,103950,103950
WBA107,CMCL_117,IGSL/03799/19-20,43700,53300,29560
NEA209,AEMP000592000329,IGFX/17319/20-EX,43705,84800,84800
NEA209,AEMP000592000329,IGFX/16946/20-EX,43703,84800,84800
NEA209,AEMP000592000329,IGFX/16396/20-EX,43699,101760,96880
S356,1200125,IGDS/01348/19-20,43704,214500,143790
WBB105,AEMP000799000094,JGWK/01202/18-19,43555,3600,3600
WBB105,AEMP000799000094,IDDS/02329/18-19,43481,99200,99200
WBB105,AEMP000799000094,JGWK/00887/18-19,43475,6560,6560
WBB105,AEMP000799000094,IDDS/02159/18-19,43461,103360,103360
WBB105,AEMP000799000094,IDDS/02144/18-19,43460,25440,25440
WBB105,AEMP000799000094,IDDS/02063/18-19,43447,135660,135660
WBB105,AEMP000799000094,JGWK/00780/18-19,43434,14240,14240
WBB105,AEMP000799000094,IDC2/00326/18-19,43424,31400,31400
WBB105,AEMP000799000094,IDC2/00322/18-19,43421,31400,31400
WBB105,AEMP000799000094,IDDS/01835/18-19,43419,104960,85550
WBS220,1100441,IGSL/03538/19-20,43693,35000,35000
WBS220,1100441,IGSL/03383/19-20,43686,70000,70000
WBS220,1100441,IGSL/03314/19-20,43684,70000,70000
WBS220,1100441,IGSL/03219/19-20,43682,70000,70000
WBS220,1100441,IGSL/03220/19-20,43682,21000,21000
WBS220,1100441,IGSL/03121/19-20,43678,70000,70000
WBS220,1100441,IGSL/02950/19-20,43675,70000,60481
WBS220,1100441,IGSL/03993/19-20,43705,70000,70000
WBS220,1100441,IGSL/03916/19-20,43703,70000,70000
WBS220,1100441,IGSL/03731/19-20,43698,70000,70000
WBS220,1100441,IGSL/03732/19-20,43698,28000,28000
WBS220,1100441,IGSL/03689/19-20,43697,35000,35000
WBS220,1100441,IGSL/03690/19-20,43697,21000,21000
WBS220,1100441,IGSL/03601/19-20,43696,70000,70000
WBS220,1100441,IGSL/03573/19-20,43694,70000,70000
WBS220,1100441,IGSL/03574/19-20,43694,7000,7000
WBS220,1100441,IGSL/03512/19-20,43693,70000,70000
WBS220,1100441,IGSL/03537/19-20,43693,70000,70000
NED020,1200125,IGDS/01215/19-20,43693,180180,108480
NEM023,1200125,IGDS/01351/19-20,43704,303800,107462
T068,1200125,IGDS/01277/19-20,43698,303800,301489
D111,1101046,ILAT/05622/19-20,43706,48360,48360
D111,1101046,ILAT/05378/19-20,43700,48360,48360
D111,1101046,ILAT/05309/19-20,43698,48360,45827
NEM012,1101046,ILTM/01018/19-20,43693,200900,196100
NES259,1101046,ILAT/05584/19-20,43705,56420,56420
