Customer Code,Product Desc,April,April Achv.,April prev year,April prev year Achv.,May,May Achv.,May prev year,May prev year Achv.,June,June Achv.,June prev year,June prev year Achv.,July,July Achv.,July prev year,July prev year Achv.,August,August Achv.,August prev year,August prev year Achv.,September,September Achv.,September prev year,September prev year Achv.,October,October Achv new,October  prev year,October prev year Achv.,November,November Achv.,November  prev year,November prev year Achv.,December,December Achv.,December  prev year,December prev year Achv.,January,January Achv.,January  prev year,January prev year Achv.,February,February Achv.,February  prev year,February prev year Achv.,March,March Achv.,March prev year,March prev year Achv.
A010,F000000001,2000,2673.5,1500,1525,2000,2423,1700,1642.5,1300,1447.5,1600,892.5,1300,1849.9,0,1301,1300,1418.8,1150,1072.5,1300,1509.15,1050,981,1300,1662.8,1200,1230.5,1700,0,1250,1488.5,1850,0,1200,1705,2200,0,1150,2150.5,2200,0,1500,2211.5,2500,0,1600,2807.3
NEA033,F000000001,60,35.5,0,57,60,47,0,39,50,21,0,32,50,29.5,0,23.5,50,20,0,50,50,12,0,7,50,32,0,7,60,0,0,37,60,0,0,18.5,70,0,0,35,60,0,0,34,70,0,0,60
NEA103,F000000001,150,132,0,90,150,146,0,90,120,119.4,0,104.5,120,104.75,0,105,120,149.7,0,120,120,104.9,0,105,120,90,0,105,150,0,0,128,120,0,0,152,150,0,0,144,150,0,0,218,150,0,0,225
A200,F000000001,400,532,0,390,400,725.85,0,343,380,416.8,0,285,380,520.3,0,373,380,449.3,0,420,380,496.2,0,300,380,449.8,0,382,400,0,0,340,450,0,0,447.5,480,0,0,497,450,0,0,507,600,0,0,723.9
NEB094,F000000001,120,94.25,0,138.5,120,162.55,0,87,100,107.5,0,59.5,100,130.05,0,96.5,100,173,0,120,110,96.3,0,70,110,132,0,75,100,0,0,125,150,0,0,108.5,150,0,0,115,135,0,0,120,100,0,0,178.5
B054,F000000001,230,248,0,207,230,349.5,0,165,200,183.3,0,188.5,200,261.65,0,239,200,224.85,0,244,200,189,0,182.5,200,123,0,239,250,0,0,230.5,250,0,0,209,300,0,0,300,300,0,0,284,320,0,0,353.5
B201,F000000001,20,77.5,0,60,20,75,0,110,20,89.95,0,75,25,90,0,90,25,104.8,0,0,45,59.95,0,0,45,55.5,0,0,50,0,0,0,50,0,0,0,50,0,0,40,50,0,0,40,100,0,0,63
NEB026,F000000001,300,289.5,0,305.5,300,245.5,0,257.5,250,155,0,150,225,220,0,207,225,193,0,158.5,225,174.5,0,93,225,138.5,0,209.5,275,0,0,257,350,0,0,283,350,0,0,221.5,350,0,0,205.5,400,0,0,351.5
B103,F000000001,75,45,0,57.5,75,45,0,45,60,33,0,22.5,60,39,0,46,60,39,0,54.5,60,51,0,17.5,60,54,0,46.5,75,0,0,57,75,0,0,69,80,0,0,48,75,0,0,54,80,0,0,66
B110,F000000001,85,55.5,0,176.5,85,58.25,0,135,65,74,0,120.6,65,44.75,0,127,65,58.5,0,107.75,65,40,0,50.75,65,60.5,0,0,85,0,0,0,85,0,0,28.75,100,0,0,60.45,100,0,0,51.75,125,0,0,13.75
NEC004,F000000001,500,766.5,0,331.5,500,584.5,0,282,400,501,0,124.5,375,719.3,0,209.25,375,634.05,0,301.5,375,533.5,0,223.5,375,800,0,266,400,0,0,303.5,525,0,0,500.75,575,0,0,602.5,525,0,0,665,600,0,0,1020.75
NEC003,F000000001,75,108,0,105,75,105,0,105,75,59.35,0,45,75,75.65,0,60,75,74.9,0,45,75,71.75,0,45,75,82,0,60,75,0,0,60,75,0,0,82,105,0,0,110,105,0,0,105,135,0,0,84.7
C035,F000000001,130,147,0,107.7,130,153.4,0,128,100,55.5,0,87,100,137.5,0,106.25,100,85.5,0,100,100,128,0,30,100,70,0,0,120,0,0,0,130,0,0,73,150,0,0,114,135,0,0,131,200,0,0,211
NED071,F000000001,60,30,0,35,60,55,0,34,50,20,0,32.5,50,45,0,50.5,50,35,0,50,50,30,0,37.5,50,45,0,73.5,60,0,0,50,70,0,0,64,70,0,0,35,70,0,0,60,70,0,0,74.5
D006,F000000001,75,0,0,38.5,75,137.5,0,0,60,-0.15,0,60,60,-0.1,0,0,60,5,0,100,60,38.5,0,53,60,0,0,30,75,0,0,65,75,0,0,40,80,0,0,45,75,0,0,35,80,0,0,109.7
D133,F000000001,30,6,0,30,30,55.5,0,15,30,36.5,0,0,30,0,0,30,30,14,0,60,30,0,0,15,30,0,0,30,45,0,0,30,45,0,0,19.5,45,0,0,30,45,0,0,44.5,45,0,0,45.45
D085,F000000001,250,198.5,0,340.3,250,205.5,0,276.75,200,113.5,0,257.5,175,171,0,286,175,131.25,0,238,175,127,0,77.5,175,119.5,0,174.5,200,0,0,160.5,275,0,0,220.5,320,0,0,143,315,0,0,141.5,350,0,0,160
NED067,F000000001,60,21.5,0,35,60,26,0,57.5,50,32.45,0,45.5,60,19,0,15,60,16.5,0,22.5,60,6.5,0,29,60,0,0,33.5,75,0,0,27.5,75,0,0,61.5,75,0,0,30,75,0,0,34,90,0,0,36.5
NED022,F000000001,30,8.5,0,5,30,5,0,22,30,12,0,15,30,5,0,35,30,20,0,5,30,20,0,3.5,30,21.5,0,11,30,0,0,14.5,30,0,0,19,35,0,0,31,35,0,0,19.5,35,0,0,40.5
E003,F000000001,30,5,0,5,30,0,0,21,30,0,0,5,30,18,0,0,30,18,0,0,30,0,0,0,30,21.5,0,0,30,0,0,26,30,0,0,32,35,0,0,12,30,0,0,24.5,35,0,0,35
E018,F000000001,30,36,0,27,30,32.5,0,10,25,16,0,5,25,41,0,0,25,17,0,32,25,24.5,0,0,25,26,0,19,30,0,0,0,30,0,0,0,35,0,0,7,35,0,0,24,35,0,0,19
G056,F000000001,35,28.5,0,33,35,31.5,0,30,35,12,0,18,35,12,0,18,35,24,0,18,35,26,0,10.5,35,24,0,23,40,0,0,16.5,35,0,0,11,40,0,0,71.5,40,0,0,30,40,0,0,61.5
G051,F000000001,30,15,0,28.5,30,15,0,50,30,7,0,10,30,13.5,0,7,30,10,0,17,30,25,0,21,30,31.5,0,32.5,30,0,0,28.5,30,0,0,37,40,0,0,13.5,30,0,0,38.5,40,0,0,15
NEG007,F000000001,30,0,0,0,30,15,0,45,30,15,0,30,45,15,0,0,45,15,0,30,45,15,0,15,45,0,0,35,45,0,0,30,45,0,0,25,45,0,0,60.5,45,0,0,82,45,0,0,36.35
I015,F000000001,30,52,0,17.5,30,45.5,0,17.5,30,27,0,14,30,45.5,0,3.5,30,34.5,0,29.5,30,21,0,15,30,3.5,0,24,30,0,0,7,30,0,0,0,35,0,0,32,35,0,0,75,35,0,0,71.5
J033,F000000001,120,352,0,57,120,308,0,105,90,163.35,0,45,105,208.15,0,75,105,237.65,0,75,105,163.8,0,120,105,240,0,105,180,0,0,150,200,0,0,176,220,0,0,197,220,0,0,244,250,0,0,290.15
J043,F000000001,150,161,0,75,150,107,0,105.5,100,108.1,0,71,100,104.9,0,148,100,103.7,0,157,100,112.5,0,31.5,100,105,0,105.5,125,0,0,106.5,150,0,0,89,165,0,0,113.5,120,0,0,114.5,150,0,0,170
NEJ040,F000000001,50,18,0,45,50,45,0,30,30,14.95,0,15,45,45,0,24,45,15,0,30,45,30,0,30,45,45,0,30,45,0,0,45,45,0,0,31.5,45,0,0,60,45,0,0,60,60,0,0,59.95
K008,F000000001,90,23,0,58,90,111.5,0,16,90,154.5,0,50,90,36,0,54,90,0,0,86,90,0,0,8.5,90,0,0,28,90,0,0,84,115,0,0,49,150,0,0,78,120,0,0,108,150,0,0,117
K010,F000000001,50,37.5,0,43,50,28,0,25.5,40,37.5,0,26.5,40,51.5,0,23,40,31,0,34.5,40,31,0,24.5,40,36.5,0,28,50,0,0,22.5,50,0,0,17.5,60,0,0,29.5,60,0,0,43.5,80,0,0,30.5
K109,F000000001,175,117.5,0,129,175,136.5,0,81,125,81,0,58.5,120,120,0,122,120,107.5,0,119.5,120,132.4,0,77.5,120,99,0,117.8,180,0,0,173,180,0,0,176.8,200,0,0,169.8,200,0,0,189,200,0,0,189.5
K046,F000000001,30,30,0,60,30,54,0,18,30,18,0,6,30,60,0,6,30,30,0,18,30,30,0,42,30,30,0,11,30,0,0,6,30,0,0,18,40,0,0,24,30,0,0,48,40,0,0,66
K055,F000000001,450,502,0,301,450,553,0,253,350,388.2,0,175,325,481.75,0,232.75,325,378.5,0,250.75,325,457.25,0,212.75,325,332.5,0,307.5,385,0,0,341,425,0,0,401.75,500,0,0,420.75,500,0,0,610.25,525,0,0,721.5
M220,F000000001,90,64,0,80,90,41.5,0,95,90,45,0,45,90,76.5,0,105,90,86,0,75,90,15,0,65,90,30,0,60,110,0,0,84,120,0,0,93,130,0,0,94,120,0,0,100,150,0,0,142.2
N001,F000000001,30,3,0,38,30,15,0,27,20,11.5,0,3,20,3,0,3,20,6,0,15,20,0,0,15,20,15,0,15,30,0,0,3,30,0,0,6,30,0,0,0,30,0,0,0,30,0,0,6
N019,F000000001,650,845.5,550,585,650,954.2,600,574,500,687.75,550,321,500,756.45,0,492,500,721.45,450,529,500,716.4,400,369,500,623.5,450,562,600,0,480,505,700,0,465,731,750,0,450,717.5,750,0,550,724.5,750,0,600,999.9
P097,F000000001,50,53,0,68,50,57,0,40,50,46,0,21,50,37,0,21,50,26,0,20.5,50,31.5,0,18,50,32.5,0,24.5,50,0,0,27,50,0,0,78.5,60,0,0,67,50,0,0,62,60,0,0,87.5
P058,F000000001,20,0,0,65,20,30,0,41,20,15,0,30,20,15,0,0,20,0,0,0,20,45,0,0,20,59,0,0,15,0,0,0,15,0,0,0,30,0,0,17,30,0,0,50,40,0,0,30
NEP100,F000000001,140,250,0,54.5,140,262.85,0,89,100,148.6,0,53.5,100,194.8,0,81,100,135,0,118.5,100,135,0,130,100,145.5,0,125.5,140,0,0,135.5,170,0,0,146.5,200,0,0,147,200,0,0,206.5,200,0,0,299.3
P134,F000000001,150,47,0,40,150,55,0,40,100,34.55,0,0,120,-0.2,0,37.5,120,39.5,0,30,120,48,0,72.5,120,59.5,0,80,160,0,0,111.5,170,0,0,110,200,0,0,73,200,0,0,53,200,0,0,53.95
NER084,F000000001,460,546.5,0,370,460,595.95,0,334,400,451.1,0,240,420,397.9,0,417,420,390,0,339,420,355,0,275,420,575,0,377,400,0,0,473,400,0,0,513,450,0,0,577.5,450,0,0,624,550,0,0,680.85
R013,F000000001,200,252,0,143.5,200,270,0,150,180,224,0,120,200,254.95,0,138,200,255,0,135,180,194.95,0,165,180,210,0,165,215,0,0,190,225,0,0,238,240,0,0,247,240,0,0,265,270,0,0,323.5
NER088,F000000001,100,69,0,50,100,96,0,76.5,80,42,0,65,80,66,0,72,80,66,0,57,80,45.5,0,51.5,80,18.5,0,86.5,100,0,0,82.5,100,0,0,126.3,120,0,0,121.5,100,0,0,107.2,120,0,0,113.5
S351,F000000001,350,347,0,310,350,325,0,365,200,314.5,0,135,220,296,0,148,220,316.55,0,157,220,312.65,0,183.5,220,240,0,247,280,0,0,231,300,0,0,283,380,0,0,303,350,0,0,266,400,0,0,345.05
S434,F000000001,270,240,0,270,270,271,0,233,160,204.4,0,119,170,227.5,0,202,170,255,0,182.5,170,296,0,168,170,232,0,159,190,0,0,183,200,0,0,164,200,0,0,166,200,0,0,220,250,0,0,287
S014,F000000001,30,15,0,15,30,30,0,30,30,29.95,0,30,30,45.5,0,15,30,45,0,30,30,25.35,0,15,30,34,0,15,30,0,0,38,40,0,0,28,40,0,0,15,40,0,0,40,45,0,0,35
S017,F000000001,30,12,0,10.5,30,27,0,14,30,9,0,3.5,30,21,0,12,30,6.5,0,21,30,9,0,0,30,9,0,10.5,30,0,0,9,30,0,0,21,30,0,0,21.5,20,0,0,31,30,0,0,12
S206,F000000001,150,0,0,125,150,0,0,175,150,-0.35,0,60,150,58.45,0,75,150,38,0,45,150,31.5,0,20,150,29,0,55,220,0,0,20,250,0,0,38.5,300,0,0,35,280,0,0,30,300,0,0,15
S169,F000000001,425,413.5,0,272,425,443.5,0,300,350,303,0,215.25,350,397.5,0,296.75,350,372.5,0,302,350,280.5,0,243,350,420.5,0,327.85,400,0,0,328.5,450,0,0,373.5,500,0,0,401,450,0,0,381.95,525,0,0,550.75
NES075,F000000001,50,45,0,30,50,48.5,0,30,40,35.85,0,0,40,29.5,0,0,40,38.5,0,30,40,43,0,33.5,40,51,0,18.5,30,0,0,15,30,0,0,17,40,0,0,29.5,40,0,0,94,40,0,0,109
NES025,F000000001,200,281,0,187,200,323.5,0,168.5,150,228.4,0,107.5,160,334,0,163,160,241.35,0,125,160,282,0,108.5,160,256.5,0,106,120,0,0,135,150,0,0,155.5,185,0,0,149.5,180,0,0,226.5,200,0,0,315.5
S264,F000000001,200,187.5,0,301.5,200,138,0,234,175,139.25,0,62.5,175,141,0,105.5,175,146.5,0,154.5,175,61.5,0,127.5,175,143.5,0,127.5,175,0,0,144.5,225,0,0,184,250,0,0,174,225,0,0,150,280,0,0,242
S151,F000000001,900,1025,850,607.5,900,1093.75,900,601,800,884.2,875,472.5,750,1111.2,0,702.5,750,746,625,501.35,750,872,575,447.6,750,950,650,589.1,825,0,750,652,1000,0,700,825.5,1075,0,625,907.75,1000,0,850,918,1200,0,850,1361.75
NES157,F000000001,30,0,0,31,30,35,0,23,30,40,0,29,30,51,0,60,30,38.5,0,36,35,34,0,23,35,27,0,33.5,35,0,0,10,35,0,0,57,45,0,0,43,40,0,0,19.6,40,0,0,36
S111,F000000001,50,61,0,47,50,15,0,46,50,16,0,81.5,50,9.5,0,9,50,34,0,12,50,12,0,25,50,16.25,0,21,50,0,0,19,50,0,0,32,55,0,0,30.5,50,0,0,45,55,0,0,37.5
S118,F000000001,70,25.5,0,104,70,62.5,0,58,60,50,0,38,60,50,0,50,60,28,0,77.5,60,49,0,93.5,60,25,0,62.5,70,0,0,48.5,70,0,0,40,90,0,0,50,90,0,0,50,125,0,0,77.5
NES174,F000000001,50,50.5,0,24.5,50,35,0,21.75,50,52,0,20,50,33.5,0,23.5,50,4,0,53.4,50,19,0,29.5,50,57,0,33.45,50,0,0,35,50,0,0,53.5,55,0,0,44.5,50,0,0,20.5,55,0,0,50
S075,F000000001,425,401.5,0,366,425,505,0,285.5,375,303,0,194,350,220,0,202.5,350,351,0,250,350,334.5,0,233.5,350,348,0,253,375,0,0,416,450,0,0,361.5,500,0,0,427,450,0,0,428,525,0,0,752.5
S275,F000000001,100,22,0,163.25,100,89.25,0,103.5,80,42.2,0,49,80,55.25,0,51.5,80,78.5,0,113.25,80,79,0,66.75,80,17,0,53.75,100,0,0,69.5,125,0,0,128,150,0,0,94,150,0,0,127.5,200,0,0,6
T001,F000000001,30,16,0,30,30,14,0,17.5,30,11,0,9,30,21,0,13.5,30,6,0,30.75,30,20.5,0,22,30,10,0,11,30,0,0,11.5,30,0,0,42,35,0,0,53,30,0,0,37.5,35,0,0,40
NEA133,F000000001,0,10,0,0,0,0,0,0,0,0,0,0,0,0,0,0,0,0,0,15,0,0,0,10,0,0,0,0,0,0,0,0,0,0,0,0,0,0,0,0,0,0,0,0,0,0,0,52.5
NED098,F000000001,60,18.25,0,0,60,35,0,0,50,35,0,0,50,31,0,0,50,26,0,0,50,35.5,0,0,50,50,0,0,60,0,0,0,60,0,0,0,70,0,0,15,60,0,0,71,70,0,0,62.5
NED086,F000000001,70,32.5,0,0,70,50,0,0,60,25,0,0,60,52.5,0,0,60,67,0,0,60,35,0,30,60,52,0,69.9,70,0,0,40,70,0,0,50,75,0,0,55,75,0,0,50.5,90,0,0,100.5
NEH041,F000000001,30,10,0,0,30,11,0,0,30,6,0,0,30,12,0,12,30,5,0,6,30,10,0,9.5,30,6,0,12,30,0,0,17,30,0,0,18.5,35,0,0,20,35,0,0,15,35,0,0,15
NEK066,F000000001,175,104.5,0,0,175,153.25,0,0,150,98,0,0,150,166.5,0,66,150,111.5,0,196,150,91,0,101.5,150,139.75,0,94.5,150,0,0,50,200,0,0,0,230,0,0,27,200,0,0,205,200,0,0,131
NEK073,F000000001,50,0,0,0,50,19,0,0,40,3.5,0,0,40,0,0,0,40,3,0,0,40,0,0,0,40,0,0,0,60,0,0,3.5,60,0,0,22.5,75,0,0,30.5,55,0,0,31.5,75,0,0,22
NEM143,F000000001,50,15,0,0,50,12,0,0,40,13.5,0,0,40,10.5,0,0,40,10.5,0,0,40,0,0,0,40,12,0,14,60,0,0,41,60,0,0,75,75,0,0,22,75,0,0,28.5,90,0,0,17.5
NEM154,F000000001,60,30,0,0,60,30,0,0,50,42.9,0,0,50,21,0,0,50,45,0,0,50,13.9,0,0,50,32,0,0,60,0,0,0,60,0,0,48.5,75,0,0,66,75,0,0,53.5,90,0,0,44
NEO012,F000000001,100,92,0,0,100,60,0,0,80,29.05,0,0,80,30,0,0,80,29.95,0,15,70,44.95,0,45,70,15,0,30,80,0,0,31,80,0,0,129,120,0,0,105,100,0,0,128,100,0,0,144
NER095,F000000001,440,582.5,0,355,440,622,0,332,360,500,0,248,380,621.5,0,282,380,551,0,268,380,484,0,243,380,493.5,0,333,300,0,0,366,300,0,0,468,490,0,0,480,450,0,0,601,500,0,0,706
NER102,F000000001,90,90,0,0,90,133,0,0,90,91,0,17.5,90,129.5,0,77,90,64.5,0,80.5,90,76.5,0,73.5,90,90,0,76,90,0,0,66.5,90,0,0,79.5,100,0,0,89,90,0,0,119,100,0,0,105
NES216,F000000001,60,32,0,0,60,37.5,0,0,60,47.5,0,0,60,85,0,0,60,31,0,0,60,37.5,0,12.5,60,30,0,34.5,60,0,0,70,60,0,0,73.5,60,0,0,57.5,60,0,0,50.5,60,0,0,52
NES230,F000000001,25,7,0,0,25,7,0,0,25,9.5,0,0,25,9,0,0,25,10,0,0,20,7,0,0,20,9.5,0,0,25,0,0,3.5,20,0,0,16.5,20,0,0,15,20,0,0,21,25,0,0,25
NEM167,F000000001,20,35,0,0,20,38,0,0,20,23,0,0,20,48.5,0,0,20,19,0,0,20,31,0,0,20,35.5,0,0,20,0,0,0,20,0,0,0,20,0,0,0,20,0,0,7,20,0,0,33
NEG073,F000000001,20,63,0,0,20,65.5,0,0,20,45.4,0,0,20,52.5,0,0,20,28,0,0,20,17.5,0,0,20,28,0,0,30,0,0,0,30,0,0,0,45,0,0,0,50,0,0,0,60,0,0,35
NER131,F000000001,15,21,0,0,15,38,0,0,15,6,0,0,15,54,0,0,15,16,0,0,15,23,0,0,15,24,0,0,15,0,0,0,15,0,0,0,30,0,0,0,15,0,0,0,30,0,0,18.5
NEB143,F000000001,15,51,0,0,15,107.8,0,0,15,63,0,0,15,77.9,0,0,15,51,0,0,15,33.25,0,0,15,78.75,0,0,15,0,0,0,15,0,0,0,15,0,0,0,15,0,0,0,15,0,0,33.5
J017,F000000001,20,39,0,0,20,8.5,0,0,20,2.5,0,0,20,2.5,0,0,20,0,0,0,20,5,0,0,20,0,0,0,30,0,0,0,30,0,0,0,30,0,0,0,30,0,0,6,30,0,0,34
A007,F000000001,275,233,0,225,245,255,0,225,165,178.8,0,135,165,179.5,0,165,165,150,0,135,165,149.7,0,120,165,150,0,120,165,0,0,75,235,0,0,134,275,0,0,140,260,0,0,209,290,0,0,222.9
A071,F000000001,275,329,0,222,305,261.5,0,277,220,198,0,176,220,156.5,0,213,220,147,0,210,220,152.5,0,173,220,240.5,0,242,220,0,0,260.5,290,0,0,334,275,0,0,275.15,300,0,0,252.5,335,0,0,284.5
A012,F000000001,2015,2489,2100,1601,2105,2028.25,2000,1933.5,1300,1536.4,1650,1066,1300,1696.55,0,1272.5,1300,1709.45,1475,1028.5,1300,1334.35,1200,800.5,1300,1636.5,1600,1136.5,1300,0,1600,1125,2010,0,2000,1641.5,2015,0,2100,2003.1,2180,0,1900,1993,2440,0,2000,2952.95
A131,F000000001,75,117,0,60,85,115,0,75,70,74.95,0,45,70,75,0,60,70,75,0,45,70,45,0,30,70,75,0,45,70,0,0,60,80,0,0,28,75,0,0,78,100,0,0,60,110,0,0,75
A062,F000000001,75,61,0,60,30,60,0,30,45,59.8,0,15,45,45,0,30,45,30,0,15,45,30,0,0,45,45,0,15,45,0,0,15,30,0,0,10,75,0,0,70,75,0,0,39,85,0,0,47
A028,F000000001,655,829,720,525,770,654.15,680,706,580,648.75,500,480,580,638.15,0,509,580,628.6,450,545,580,501.45,500,444,580,813,550,435,580,0,550,475,735,0,650,775,655,0,680,656,730,0,650,851,820,0,800,917.85
B180,F000000001,130,188,0,119,155,150,0,165,125,89.9,0,105,125,134.1,0,105,125,120,0,105,125,60,0,30,125,120,0,60,125,0,0,54,150,0,0,59,130,0,0,121,175,0,0,133,195,0,0,111
B124,F000000001,360,130,0,285,445,135,0,410,375,88.75,0,210,375,44,0,303.5,375,90,0,285,375,45,0,270,375,0,0,225,375,0,0,181,425,0,0,158,360,0,0,168,385,0,0,198,430,0,0,115
NEB022,F000000001,75,81,0,35,45,46,0,45,85,30.1,0,15,85,41.9,0,15,85,37,0,15,85,45,0,15,85,51,0,15,85,0,0,45,45,0,0,62,75,0,0,75,85,0,0,50,95,0,0,112.4
NEB097,F000000001,25,35,0,15,15,25,0,15,35,14.8,0,15,35,14.9,0,15,35,15,0,30,35,15,0,15,35,15,0,15,35,0,0,15,15,0,0,25,25,0,0,15,30,0,0,0,35,0,0,27
B152,F000000001,55,62.5,0,45,65,52,0,60,35,14.95,0,30,35,29.95,0,30,35,15,0,30,35,15,0,15,35,30,0,15,35,0,0,31,60,0,0,10,55,0,0,80,65,0,0,45,75,0,0,59.75
B011,F000000001,1150,1263.5,0,960,1025,1297,0,928,945,875.45,0,795,945,915.6,0,764,945,968.95,0,600,945,694.95,0,635,945,938,0,695,945,0,0,755,980,0,0,946,1150,0,0,1069.7,1200,0,0,1036,1345,0,0,1364
B087,F000000001,90,72,0,70,80,60,0,75,70,45,0,15,70,45,0,45,70,45,0,45,70,30,0,30,70,45,0,60,70,0,0,15,75,0,0,40,90,0,0,48,85,0,0,34,95,0,0,51
B122,F000000001,130,115,0,45,100,106,0,90,110,70,0,90,110,79.95,0,75,110,60,0,60,110,74.7,0,60,110,120,0,45,110,0,0,150,95,0,0,57,130,0,0,91,135,0,0,92,150,0,0,133.5
B125,F000000001,330,387,0,281,335,362,0,314.5,190,241.7,0,131,190,217.5,0,185,190,220,0,123,190,197.5,0,149,190,263,0,148,190,0,0,170,320,0,0,262,330,0,0,299.5,360,0,0,335,405,0,0,536.5
B033,F000000001,35,33,0,30,45,42.5,0,45,35,21,0,15,35,15,0,30,35,15,0,17,35,0,0,38,35,15,0,30,35,0,0,15,45,0,0,0,35,0,0,32,45,0,0,24,50,0,0,30
B149,F000000001,220,237.5,0,198,235,238.5,0,217,140,219,0,130,140,154,0,152,140,153.05,0,109,140,131.5,0,112,140,132,0,110,140,0,0,132,225,0,0,197,220,0,0,216.5,235,0,0,171.5,265,0,0,260
C050,F000000001,50,20,0,42,50,30,0,45,35,15,0,15,35,29.95,0,15,35,14.9,0,45,35,15,0,30,35,15,0,15,35,0,0,15,45,0,0,18,50,0,0,18,60,0,0,19,65,0,0,25
C025,F000000001,175,37,0,139,95,65,0,88,100,44,0,0,100,0,0,86,100,0,0,57,100,10,0,76,100,22,0,37,100,0,0,62,90,0,0,104,175,0,0,43,185,0,0,108,205,0,0,121.5
C090,F000000001,35,44,0,21,75,43,0,65,70,21.5,0,22,70,43,0,42,70,43,0,42,70,22,0,22,70,22,0,43,70,0,0,22,70,0,0,43,35,0,0,42.5,45,0,0,43,50,0,0,57
F014,F000000001,125,157,0,97,65,106.25,0,60,55,166.9,0,20,55,220,0,17,55,103,0,60,55,150.6,0,15,55,167,0,38,55,0,0,60,60,0,0,40,125,0,0,62,135,0,0,117,150,0,0,200
G087,F000000001,110,181,0,80,115,119.95,0,104,115,214.9,0,88.5,115,193,0,91,115,172,0,61,115,131,0,63,115,242,0,20,115,0,0,150,110,0,0,215.5,110,0,0,188.5,120,0,0,131,135,0,0,181
G061,F000000001,670,549,0,533,450,467,0,419,370,626.65,0,312,370,446.15,0,403,370,464.6,0,262,370,507.3,0,275,370,436.5,0,197.3,370,0,0,253,430,0,0,258,670,0,0,283.5,715,0,0,427,800,0,0,726
G052,F000000001,720,775.5,0,575,440,609,0,404,485,567,0,401,485,408,0,268,485,462,0,234,485,326,0,253,485,521,0,356,485,0,0,380,420,0,0,523,720,0,0,553,780,0,0,729,875,0,0,877
NEG024,F000000001,220,201,0,172,155,170,0,129,240,152,0,177,240,158,0,165.5,240,166,0,173,240,137,0,127,240,157,0,97,240,0,0,154,150,0,0,203,220,0,0,197,235,0,0,211.5,265,0,0,156.9
G078,F000000001,405,172.5,0,325,270,237.5,0,247,240,261,0,175,240,175.5,0,192,240,109,0,130,240,132,0,114.5,240,241,0,154,240,0,0,174,260,0,0,218,405,0,0,210,435,0,0,194,485,0,0,365.5
NEH016,F000000001,80,44,0,64,75,65.5,0,66,75,64.95,0,65,75,21,0,42,75,44,0,42,75,44,0,42,75,44,0,43.5,75,0,0,22,70,0,0,44,80,0,0,61,95,0,0,100,105,0,0,22
H016,F000000001,745,892.25,670,614,860,759.5,650,789,480,625.55,500,358,480,587.5,0,308,480,477.5,240,307,480,458.5,300,326,480,501.5,450,445,480,0,450,393,820,0,450,720.5,745,0,650,818.65,800,0,450,686,895,0,670,862.7
H048,F000000001,610,649,0,511.5,490,507.5,0,446,400,512,0,292,400,461,0,267,400,394.95,0,233,400,489.45,0,283,400,592,0,288,400,0,0,363,465,0,0,340,610,0,0,464,660,0,0,423,740,0,0,776
NEJ026,F000000001,45,20,0,0,40,21,0,40,35,0,0,29,35,0,0,30,35,0,0,20,35,0,0,21,35,0,0,20,35,0,0,30,40,0,0,20,45,0,0,51.5,55,0,0,42,60,0,0,32
J054,F000000001,45,30.5,0,70,40,25,0,90,55,14.7,0,30,55,44.9,0,30,55,15,0,0,55,15,0,0,55,15,0,0,55,0,0,0,40,0,0,0,45,0,0,35,55,0,0,25,60,0,0,33.95
J119,F000000001,70,0,0,57,105,0,0,97,45,-0.05,0,41,45,0,0,40,45,0,0,40,45,0,0,40,45,0,0,20,45,0,0,0,100,0,0,0,70,0,0,22,80,0,0,20,90,0,0,75
NEJ030,F000000001,150,147,0,90,170,200,0,155,155,128,0,75,155,124,0,125,155,120,0,95,155,84,0,60,155,100,0,80,155,0,0,90,160,0,0,154,150,0,0,158,165,0,0,179,185,0,0,147
K171,F000000001,160,174,0,138,145,131,0,136,125,44,0,97,125,66,0,17,125,44,0,50,125,66,0,69,125,88,0,44,125,0,0,69,140,0,0,131,160,0,0,68,175,0,0,96,195,0,0,194
K068,F000000001,765,870,0,667,665,433,0,609,450,414,0,345,450,472,0,340,450,374,0,319,450,435,0,289,450,563,0,261,450,0,0,302,635,0,0,316,765,0,0,383,800,0,0,515,895,0,0,712.75
NEL008,F000000001,110,123,0,92.5,125,131,0,117,100,65,0,88,100,85,0,95,100,84,0,80,100,104.5,0,82,100,108,0,81,100,0,0,100,120,0,0,101,110,0,0,140.5,120,0,0,86,135,0,0,171
NEM095,F000000001,160,223,0,127,115,237.55,0,105,100,156,0,78,100,108,0,102,100,130.5,0,60,100,130,0,62,100,131.5,0,95,100,0,0,159,110,0,0,164.5,160,0,0,130.5,170,0,0,171,190,0,0,256
NEM059,F000000001,75,36,0,60,40,36,0,35,35,39.2,0,30,35,40.9,0,30,35,15,0,30,35,15,0,30,35,21,0,30,35,0,0,30,35,0,0,30,75,0,0,25,85,0,0,36,95,0,0,78
NEM083,F000000001,45,15,0,15,30,0,0,30,35,0,0,15,35,15,0,0,35,0,0,15,35,15,0,15,35,0,0,0,35,0,0,15,30,0,0,30,45,0,0,35,50,0,0,39,55,0,0,30
M407,F000000001,195,21,0,156,155,0,0,139,130,22,0,60,130,21,0,60,130,21,0,100,130,0,0,81,130,22,0,121,130,0,0,120,145,0,0,98,195,0,0,58,215,0,0,20,240,0,0,86
M158,F000000001,50,57.5,0,40,65,15,0,60,50,20,0,20,50,20,0,20,50,0,0,40,50,40,0,20,50,20,0,40,50,0,0,20,60,0,0,20,50,0,0,91.75,55,0,0,20,65,0,0,40.5
M049,F000000001,30,21.5,0,20,65,22,0,59,55,22,0,20,55,22,0,17,55,22,0,0,55,0,0,0,55,44,0,22,55,0,0,20,60,0,0,20,30,0,0,41.5,45,0,0,42.5,50,0,0,44
NEM055,F000000001,135,76,0,90,130,95,0,135,115,89.3,0,105,115,104.85,0,60,115,74.95,0,90,115,89.9,0,60,115,90,0,45,115,0,0,90,125,0,0,76,135,0,0,70,145,0,0,63,160,0,0,122.55
M163,F000000001,105,60,0,82,105,37,0,110,70,21,0,60,70,20,0,60,70,20,0,30,70,21,0,18,70,21,0,30,70,0,0,0,100,0,0,55,105,0,0,39,115,0,0,61,130,0,0,43
NEM043,F000000001,765,839,560,609,600,802.25,500,550.5,520,543.25,400,372.5,520,568.2,0,355,520,545.5,350,331,520,484,350,254.5,520,594,400,376,520,0,400,477,570,0,450,594,765,0,500,767,830,0,450,773.5,930,0,560,900.5
NEM096,F000000001,380,626,0,310,280,417.5,0,238,270,444.6,0,168.5,270,385.5,0,192,270,312,0,194,270,362.15,0,241,270,305.5,0,273,270,0,0,323,270,0,0,207,380,0,0,303,410,0,0,314,460,0,0,516
M076,F000000001,435,226,0,355,400,205,0,390,355,149.25,0,263,355,134.2,0,338,355,104.75,0,180,355,93.95,0,185,355,118,0,240,355,0,0,220,380,0,0,234,435,0,0,200,470,0,0,292,525,0,0,275
M410,F000000001,330,751.8,0,253,355,524.5,0,329,340,462,0,237,340,418,0,274,340,461,0,180,340,461,0,240,340,484,0,264,340,0,0,324,340,0,0,371,330,0,0,566.5,355,0,0,535.5,400,0,0,721.5
NEN026,F000000001,30,10,0,20,130,10,0,119,70,27,0,41,70,20,0,0,70,0,0,40,70,15,0,62,70,0,0,0,70,0,0,18,125,0,0,78,30,0,0,40,30,0,0,42,35,0,0,61
N099,F000000001,100,105,0,61,150,0,0,140,140,68,0,90,140,50,0,45,140,22,0,45,140,66,0,72,140,50,0,0,140,0,0,47,145,0,0,60,100,0,0,130,105,0,0,82,120,0,0,98
P008,F000000001,1255,1703,1000,1017,1420,2071.35,950,1199,1290,1369.15,850,927.9,1290,1635.35,0,1004,1290,1330.35,560,1005,1290,1167.4,700,886,1290,1394.5,850,1055,1290,0,850,1285,1355,0,900,1446,1255,0,950,1503.5,1360,0,900,1327,1520,0,1050,1997.15
P080,F000000001,75,43,0,60,115,22,0,120,90,40,0,75,90,37,0,60,90,20,0,65,90,53,0,35,90,30,0,35,90,0,0,60,110,0,0,50,75,0,0,53,85,0,0,9,95,0,0,46
P131,F000000001,75,125,0,60,100,103.5,0,101,110,64,0,40,110,104,0,60,110,65,0,60,110,42,0,60,110,40,0,20,110,0,0,60,95,0,0,32,75,0,0,80,85,0,0,50,95,0,0,96.6
NEP005,F000000001,50,62,0,20,60,57,0,55,45,43,0,15,45,62,0,30,45,21,0,50,45,43,0,30,45,65,0,48,45,0,0,50,55,0,0,40,50,0,0,37,55,0,0,78.5,60,0,0,105.5
P037,F000000001,1455,1600.4,1200,1166,1185,1603,1150,1086,1080,1275,950,870,1080,1275,0,756,1080,1232.85,750,805,1080,1123,750,689,1080,1180.5,900,814,1080,0,900,945,1130,0,1000,1286,1455,0,1150,1061,1550,0,1000,1225.5,1735,0,1140,1445.1
P081,F000000001,435,409,0,356,475,350.7,0,438,370,261.5,0,273.5,370,283.5,0,192,370,257,0,285,370,234.95,0,185,370,242,0,252,370,0,0,219,455,0,0,282,435,0,0,412,465,0,0,341.5,520,0,0,440.25
NEP010,F000000001,30,0,0,21,50,0,0,46,30,0,0,22,30,0,0,0,30,0,0,0,30,0,0,0,30,0,0,20,30,0,0,0,45,0,0,0,30,0,0,21,30,0,0,0,35,0,0,20
NEP054,F000000001,125,148,0,98,80,153,0,41,85,107.95,0,21,85,66,0,41,85,65.5,0,63.5,85,65.5,0,40,85,66,0,63,85,0,0,40,75,0,0,86,125,0,0,154,135,0,0,200.35,150,0,0,170
R192,F000000001,165,157,0,115,145,175,0,134,140,125,0,104.5,140,130,0,120,140,181,0,125,140,144,0,135,140,182,0,234,140,0,0,206,140,0,0,171,165,0,0,139,205,0,0,129,230,0,0,191
NER087,F000000001,105,58,0,81,110,32.75,0,102,70,21,0,40,70,21,0,41,70,40,0,40,70,0,0,42,70,0,0,40,70,0,0,40,105,0,0,39,105,0,0,65,115,0,0,46,130,0,0,71
R068,F000000001,190,152.5,0,151.5,235,130,0,215,180,87.4,0,257,180,86,0,126,180,88,0,104,180,65.9,0,129,180,88,0,84,180,0,0,108,225,0,0,87,190,0,0,151,210,0,0,84.5,235,0,0,130
R121,F000000001,135,64,0,107,125,66,0,84.5,100,43.95,0,43,100,22,0,43,100,43,0,66,100,21,0,44,100,42.5,0,42,100,0,0,66,120,0,0,69,135,0,0,86,155,0,0,97.3,175,0,0,63.5
R120,F000000001,40,46,0,30,30,29.95,0,30,40,29.85,0,15,40,32,0,15,40,29.85,0,15,40,15,0,15,40,15,0,15,40,0,0,31,30,0,0,25,40,0,0,37,50,0,0,25,55,0,0,46
S234,F000000001,220,116,0,195,210,100,0,210,150,90,0,120,150,135,0,135,150,60,0,88,150,104.9,0,45,150,135,0,60,150,0,0,76,200,0,0,103,220,0,0,182,210,0,0,117,235,0,0,130.9
S301,F000000001,25,40,0,15,15,30,0,15,35,15,0,15,35,15,0,0,35,15,0,15,35,14.95,0,15,35,15,0,15,35,0,0,0,15,0,0,15,25,0,0,25,30,0,0,34,35,0,0,20
S291,F000000001,1260,1148,1000,1029,1150,974,950,1049,970,777.5,750,768,970,693.95,0,713,970,549,650,537,970,422,650,516,970,711,750,642,970,0,750,588,1100,0,850,712,1260,0,950,767,1350,0,850,954.5,1510,0,1100,1103.4
S420,F000000001,185,135,0,162,210,114,0,206.5,165,124,0,81,165,78,0,161,165,85,0,104,165,52,0,55,165,105,0,80,165,0,0,93,200,0,0,141,185,0,0,219.5,200,0,0,120,225,0,0,105
NES131,F000000001,105,21,0,81,90,22,0,82,90,0,0,40,90,22,0,101.5,90,0,0,100,90,21,0,123,90,0,0,20,90,0,0,61,85,0,0,117,105,0,0,64,115,0,0,111,130,0,0,46.65
NES112,F000000001,90,123,0,80,95,82,0,100,80,100,0,20,80,60,0,40,80,42,0,60,80,40,0,40,80,22,0,60,80,0,0,60,90,0,0,82,90,0,0,71.5,95,0,0,80,105,0,0,160.1
S353,F000000001,110,36,0,87,80,45,0,75,70,30,0,30,70,15,0,30,70,30,0,45,70,30,0,30,70,50,0,45,70,0,0,45,75,0,0,40,110,0,0,38,115,0,0,28,130,0,0,35
S079,F000000001,80,44,0,64,75,21,0,67,70,20.85,0,15,70,-0.05,0,35,70,0,0,40,70,0,0,20,70,0,0,20,70,0,0,110,70,0,0,90,80,0,0,100,95,0,0,66,105,0,0,79
NES125,F000000001,110,22,0,84,155,22,0,143,125,65,0,105,125,42.5,0,82,125,64,0,84,125,42,0,86,125,89.5,0,86,125,0,0,64,150,0,0,42,110,0,0,21,120,0,0,41,135,0,0,21.5
S090,F000000001,370,0,0,295,390,0,0,358,275,0,0,170,275,0,0,199,275,0,0,148,275,0,0,139,275,0,0,203,275,0,0,259,370,0,0,348,370,0,0,374.5,400,0,0,373.5,450,0,0,477.5
S094,F000000001,45,42,0,0,40,21,0,40,45,0,0,20,45,40,0,58,45,20,0,40,45,20,0,40,45,22,0,20,45,0,0,38,40,0,0,25,45,0,0,55,50,0,0,20,55,0,0,102
T045,F000000001,305,333,0,207,335,285,0,295,310,267,0,243,310,131.45,0,320,310,202,0,329,310,176,0,248,310,207,0,238,310,0,0,308,320,0,0,333.5,305,0,0,342,340,0,0,239,380,0,0,399
NEZ005,F000000001,130,145,0,105,65,68,0,40,90,61.6,0,85,90,62,0,41,90,64,0,58,90,102,0,34,90,116,0,40,90,0,0,38,60,0,0,58,130,0,0,63,145,0,0,41,165,0,0,105
NEJ045,F000000001,50,44,0,42,95,110,0,84,45,20.8,0,40,45,43,0,60,45,66,0,20,45,21.5,0,62,45,43,0,0,45,0,0,41,90,0,0,64,50,0,0,65,65,0,0,41,75,0,0,63
NEA118,F000000001,150,60,0,51,145,25,0,137,130,22,0,84,130,51,0,140,130,49.2,0,139,130,59.4,0,153,130,90,0,133,130,0,0,150,140,0,0,110,150,0,0,100,165,0,0,73,185,0,0,130.5
NEG052,F000000001,90,101,0,0,65,129,0,22,50,87.5,0,44,50,66,0,17,50,65,0,60,50,44,0,59,50,110,0,74,50,0,0,40,60,0,0,104,90,0,0,54,95,0,0,119,105,0,0,126
NEA127,F000000001,45,79,0,0,30,44,0,15,35,59,0,20,35,43,0,54,35,44,0,45,35,43.85,0,35,35,66,0,38,35,0,0,60,30,0,0,55,45,0,0,73,45,0,0,61.5,50,0,0,78
NEA125,F000000001,50,84,0,0,40,85,0,20,70,44,0,40,70,44,0,60,70,63,0,40,70,65.5,0,20,70,87.5,0,40,70,0,0,57,40,0,0,60,50,0,0,77,65,0,0,62,75,0,0,63.5
NEA126,F000000001,35,98.5,0,0,30,61.5,0,15,35,42.95,0,15,35,19,0,45,35,37,0,15,35,21,0,15,35,22,0,15,35,0,0,45,30,0,0,0,35,0,0,39,45,0,0,63,50,0,0,127.5
NEB107,F000000001,35,30,0,0,30,15,0,20,35,55,0,0,35,14.75,0,0,35,-0.05,0,15,35,15,0,0,35,15,0,0,35,0,0,15,30,0,0,15,35,0,0,55,45,0,0,81,50,0,0,49.95
NED081,F000000001,25,10,0,0,30,15,0,0,35,0,0,15,35,55,0,60,35,30,0,60,35,45,0,60,35,15,0,45,35,0,0,46,30,0,0,60,25,0,0,27,30,0,0,44,35,0,0,9
NEM137,F000000001,30,60.5,0,0,95,44,0,0,60,21,0,0,60,22,0,0,60,46.5,0,47,60,46.9,0,102,60,22,0,22,60,0,0,22,90,0,0,44,30,0,0,44,45,0,0,96,50,0,0,84
NEM140,F000000001,745,939,0,0,815,913.5,0,0,560,831.5,0,0,560,652.5,0,0,560,568.5,0,0,560,551.5,0,486,560,897.5,0,557.5,560,0,0,615.5,780,0,0,939,745,0,0,757.5,800,0,0,1103,900,0,0,1216
NER107,F000000001,90,107,0,0,100,71,0,0,80,59,0,0,80,82,0,0,80,88,0,0,80,76,0,73,80,105,0,75,80,0,0,91,95,0,0,124,90,0,0,137,95,0,0,135.5,105,0,0,136.5
NES221,F000000001,45,28,0,0,30,30,0,0,35,0,0,0,35,9.95,0,0,35,15,0,0,35,15,0,0,35,30,0,15,35,0,0,15,30,0,0,30,45,0,0,0,55,0,0,30,60,0,0,20
NEP116,F000000001,60,87,0,0,30,135,0,0,50,90,0,0,50,135,0,0,50,90,0,0,50,75,0,0,50,120,0,15,50,0,0,76,30,0,0,75,60,0,0,100,95,0,0,50,105,0,0,79
NES244,F000000001,45,65,0,0,40,22,0,0,35,43,0,0,35,44,0,0,35,43,0,0,35,22,0,0,35,44,0,0,35,0,0,0,40,0,0,0,45,0,0,21,55,0,0,67,65,0,0,25
NEN090,F000000001,50,62,0,0,65,87,0,0,45,43,0,0,45,42,0,0,45,21,0,0,45,42,0,0,45,22,0,0,45,0,0,0,60,0,0,0,50,0,0,42,65,0,0,63,75,0,0,76.5
NEK084,F000000001,0,128,0,0,0,108.5,0,0,0,86,0,0,0,87.5,0,0,0,88,0,0,0,87.5,0,0,0,152,0,0,0,0,0,0,0,0,0,0,0,0,0,63.05,0,0,0,152,0,0,0,105.5
NEP126,F000000001,45,31,0,0,30,30,0,0,35,45,0,0,35,30,0,0,35,29.75,0,0,35,30,0,0,35,45,0,0,35,0,0,0,30,0,0,0,45,0,0,11,50,0,0,15,55,0,0,25
NEP127,F000000001,40,79.5,0,0,30,72.95,0,0,45,44.9,0,0,45,45,0,0,45,30,0,0,45,29.45,0,0,45,45,0,0,45,0,0,0,30,0,0,0,40,0,0,0,50,0,0,55,55,0,0,65
NEA170,F000000001,55,50,0,0,65,30,0,0,50,14.85,0,0,50,15,0,0,50,0,0,0,50,0,0,0,50,0,0,0,50,0,0,0,60,0,0,0,55,0,0,0,75,0,0,30,85,0,0,39.95
NEA181,F000000001,50,73,0,0,60,36.85,0,0,25,22,0,0,25,-0.1,0,0,25,0,0,0,25,0,0,0,25,0,0,0,25,0,0,0,55,0,0,0,50,0,0,0,55,0,0,0,60,0,0,69
NES268,F000000001,0,42,0,0,0,20,0,0,0,40,0,0,0,0,0,0,0,0,0,0,0,20,0,0,0,0,0,0,0,0,0,0,0,0,0,0,0,0,0,0,0,0,0,0,0,0,0,20
A020,F000000001,750,1659,450,541,750,1641.5,450,415,730,952.9,400,328,730,1214.25,0,600,730,991,250,675,730,943,350,482,750,1036,350,770,750,0,450,1145,750,0,350,805,850,0,400,1233,850,0,450,1000,1000,0,550,1598
NEB002,F000000001,60,41,0,8,60,80.8,0,45,60,59.5,0,60,60,88,0,20,60,66,0,30,60,78,0,48,60,105,0,40,60,0,0,30,60,0,0,40,60,0,0,30,60,0,0,40,60,0,0,75.5
S356,F000000001,40,72,0,40,40,81,0,39.5,40,66.75,0,20,40,42.65,0,20,40,30,0,20,40,53,0,0,40,43,0,18,40,0,0,40,40,0,0,20,60,0,0,59.5,60,0,0,40,80,0,0,59
M160,F000000001,60,0,0,12,60,0,0,12,40,0,0,12,40,0,0,0,40,15,0,0,40,0,0,0,40,0,0,0,40,0,0,0,40,0,0,0,60,0,0,0,60,0,0,0,60,0,0,0
NES096,F000000001,40,15,0,12,40,0,0,0,40,0,0,12,40,0,0,0,40,0,0,0,40,0,0,10,40,0,0,0,40,0,0,0,40,0,0,0,40,0,0,0,40,0,0,15,40,0,0,0
A136,F000000001,0,0,0,0,0,0,0,0,0,0,0,0,0,0,0,0,0,0,0,0,0,0,0,0,0,0,0,0,0,0,0,0,0,0,0,0,0,0,0,0,0,0,0,0,0,0,0,0
A108,F000000001,0,0,0,0,0,0,0,0,0,0,0,0,0,0,0,0,0,0,0,0,0,0,0,0,0,0,0,0,0,0,0,0,0,0,0,0,0,0,0,0,0,0,0,0,0,0,0,0
M250,F000000001,0,0,0,0,0,0,0,0,0,0,0,0,0,0,0,0,0,0,0,0,0,0,0,0,0,0,0,0,0,0,0,0,0,0,0,0,0,0,0,0,0,0,0,0,0,0,0,0
NES202,F000000001,110,70,0,0,110,78.2,0,0,100,105,0,20,100,76,0,20,100,57,0,100,100,79,0,40,100,48,0,100,100,0,0,30,100,0,0,100,140,0,0,35,140,0,0,80,150,0,0,57
NEK067,F000000001,70,61.5,0,0,70,41,0,0,60,56,0,0,60,23,0,0,60,43,0,20,60,44,0,20,60,65,0,20,60,0,0,60,60,0,0,20,70,0,0,40,70,0,0,40,70,0,0,43
NET079,F000000001,50,0,0,0,50,0,0,0,40,0,0,0,40,0,0,0,40,0,0,40,40,0,0,80,40,0,0,40,40,0,0,60,40,0,0,0,50,0,0,20,50,0,0,20,50,0,0,71
NEJ053,F000000001,50,24,0,0,50,0,0,0,40,0,0,0,40,0,0,0,40,30,0,0,40,22,0,0,40,22,0,24,40,0,0,42,40,0,0,0,50,0,0,44,50,0,0,22,50,0,0,22
NEN086,F000000001,80,175,0,0,80,154.5,0,0,70,165.8,0,0,70,176.2,0,0,70,194.5,0,0,70,209.9,0,0,70,191.5,0,0,70,0,0,20,70,0,0,70,80,0,0,120,80,0,0,138,80,0,0,119
NEM023,F000000001,70,56,0,40,70,95,0,60,60,29.95,0,20,60,60,0,40,60,62,0,60,60,30,0,40,60,77,0,20,60,0,0,60,60,0,0,60,80,0,0,63,80,0,0,46,80,0,0,62
M104,F000000001,140,136,0,164,140,97,0,262,140,74,0,60,140,74,0,0,140,22,0,120,140,44,0,116,160,45,0,185,160,0,0,182,160,0,0,155,160,0,0,200,160,0,0,98,160,0,0,114
S283,F000000001,150,174,0,99,150,203.5,0,120,150,130.95,0,98,150,134,0,70,150,134,0,55,150,125,0,78,170,130,0,70,170,0,0,122,170,0,0,120,180,0,0,94,180,0,0,153,180,0,0,177
S348,F000000001,100,115,0,135,100,101.5,0,152,80,84.95,0,30,80,30,0,40,80,60,0,30,80,52,0,20,80,105,0,30,80,0,0,50,80,0,0,60,100,0,0,129.5,100,0,0,149.5,100,0,0,149
C100,F000000001,70,39,0,58,70,30,0,20,60,30,0,40,60,30,0,19,60,0,0,40,60,30,0,20,60,0,0,20,60,0,0,20,60,0,0,37.5,80,0,0,58,80,0,0,60,80,0,0,0
NED020,F000000001,50,17,0,18,50,31,0,19,40,36,0,38,40,-0.05,0,20,40,15,0,20,40,15,0,0,40,20,0,20,40,0,0,20,40,0,0,20,50,0,0,20,50,0,0,0,50,0,0,35
S240,F000000001,110,181,0,60,110,142.5,0,120,100,93,0,60,100,65,0,60,100,43,0,40,100,43,0,60,120,46,0,40,120,0,0,58,120,0,0,100,140,0,0,117,140,0,0,97,140,0,0,93
T068,F000000001,40,41,0,40,40,21,0,40,40,25,0,40,40,67,0,0,40,0,0,0,40,30,0,15,40,25,0,0,40,0,0,0,40,0,0,20,40,0,0,20,40,0,0,45,40,0,0,42
NET067,F000000001,90,204,0,60,90,176.5,0,20,80,56.65,0,58,80,120,0,0,80,65,0,80,80,95,0,95,80,90,0,70,80,0,0,100,80,0,0,80,100,0,0,90,100,0,0,120,100,0,0,165
NES199,F000000001,60,42,0,0,60,56,0,0,40,30,0,20,40,35,0,0,40,25,0,20,40,30,0,40,40,25,0,0,40,0,0,20,40,0,0,17.5,60,0,0,35,60,0,0,30,60,0,0,42
NEA162,F000000001,40,40,0,0,40,20,0,0,40,-1.15,0,0,40,0,0,0,40,0,0,0,40,0,0,0,40,0,0,0,40,0,0,20,40,0,0,40,60,0,0,50,60,0,0,30,60,0,0,50
NEI014,F000000001,130,121,0,0,130,149,0,0,120,80.7,0,0,120,76.8,0,0,120,64,0,0,120,63.95,0,0,140,100,0,0,140,0,0,47,140,0,0,83,150,0,0,100.5,150,0,0,96,150,0,0,157
NEL033,F000000001,140,107.5,0,0,140,71,0,0,130,65.95,0,0,130,44,0,0,130,55,0,0,130,47,0,0,130,71,0,0,130,0,0,40,130,0,0,64,140,0,0,68,140,0,0,63.5,160,0,0,102
NEA073,F000000001,0,0,0,0,0,0,0,20,0,0,0,10,0,0,0,0,0,0,0,0,0,0,0,0,0,0,0,0,0,0,0,0,0,0,0,0,0,0,0,0,0,0,0,0,0,0,0,0
NEA028,F000000001,80,76.5,0,78,80,44,0,79.5,60,40,0,40,60,40,0,60,60,40,0,60,60,30,0,45,60,60,0,80,60,0,0,60,60,0,0,80,80,0,0,80,80,0,0,57,100,0,0,100
NEA097,F000000001,40,0,0,20,40,0,0,35,40,0,0,0,40,0,0,15,40,0,0,20,40,0,0,0,40,0,0,0,40,0,0,15,40,0,0,40,40,0,0,40,40,0,0,40,60,0,0,40
NEA050,F000000001,40,40,0,14,40,20,0,40,40,0,0,20,40,0,0,0,40,0,0,20,40,0,0,20,40,0,0,0,40,0,0,30,40,0,0,20,40,0,0,20,40,0,0,40,40,0,0,40
NEA076,F000000001,60,0,0,21,60,0,0,40,40,20,0,20,40,20,0,0,40,20,0,35,40,20,0,35,40,0,0,0,40,0,0,20,40,0,0,40,60,0,0,40,60,0,0,40,60,0,0,20
NED018,F000000001,60,58,0,40,60,80,0,60,60,80,0,40,60,79.85,0,40,40,59.45,0,39.5,40,40,0,20,40,80,0,40,60,0,0,35,60,0,0,58,60,0,0,80,60,0,0,39.5,60,0,0,100
G072,F000000001,180,220,0,190,180,386,0,180,180,240,0,140,180,220,0,180,180,220,0,180,180,240,0,153,180,240,0,155,180,0,0,178,180,0,0,220,180,0,0,180,200,0,0,210,220,0,0,306
H068,F000000001,300,480,0,294,300,419.9,0,294,300,320,0,176,320,438.5,0,335,340,380,0,295.5,340,500,0,217,340,520,0,288,360,0,0,320,360,0,0,435,300,0,0,300,340,0,0,420,360,0,0,500
NEH031,F000000001,80,60,0,77.5,80,40,0,60,60,19.9,0,40,60,20,0,40,60,40,0,40,60,20,0,38,60,40,0,60,80,0,0,40,80,0,0,59,80,0,0,100,100,0,0,80,120,0,0,100
J139,F000000001,40,20,0,0,40,40,0,10,40,0,0,19.5,40,20,0,20,40,20,0,0,40,0,0,20,40,20,0,19.5,40,0,0,20,40,0,0,18,40,0,0,20,40,0,0,20,60,0,0,39.95
J082,F000000001,360,540,0,293,360,359.75,0,447,320,378.75,0,195.5,340,519.5,0,307,340,479.85,0,427,340,519.9,0,296,340,390,0,317,360,0,0,440,360,0,0,360,360,0,0,400,360,0,0,400,380,0,0,520
NEM099,F000000001,80,75,0,120,80,102,0,80,60,79.65,0,60,60,100,0,80,60,80,0,58,60,79.8,0,60,60,80,0,65,60,0,0,71,60,0,0,65,80,0,0,91,80,0,0,80,100,0,0,160
M325,F000000001,0,0,0,40,0,0,0,40,0,0,0,39.5,0,0,0,40,0,0,0,40,0,0,0,20,0,0,0,0,0,0,0,0,0,0,0,0,0,0,0,0,0,0,0,0,0,0,0,0
NEM008,F000000001,60,40,0,50,60,79.45,0,80,60,79.95,0,15,60,39.75,0,60,60,80,0,60,60,60,0,60,60,59.9,0,60,60,0,0,60,60,0,0,80,60,0,0,80,60,0,0,60,80,0,0,60
NEM025,F000000001,60,40,0,59.5,60,40,0,40,40,59.95,0,40,40,20,0,40,40,40,0,40,40,40,0,40,40,20,0,40,40,0,0,20,40,0,0,58,60,0,0,40,60,0,0,40,60,0,0,60
NEN050,F000000001,60,80,0,60,60,60,0,58,60,59.9,0,36,60,59.8,0,60,60,80,0,38,60,60,0,40,60,20,0,40,60,0,0,40,60,0,0,40,60,0,0,60,60,0,0,60,80,0,0,120
S078,F000000001,140,190.5,0,115,140,204,0,117,140,180,0,50,140,300,0,70,140,367,0,80,140,419,0,90,140,420,0,75,140,0,0,70,140,0,0,137,140,0,0,205,140,0,0,139.75,140,0,0,167.55
A162,F000000001,60,98,0,35.5,60,85,0,60,60,39.95,0,20,60,60,0,60,60,40,0,40,60,40,0,20,60,100,0,60,80,0,0,40,80,0,0,40,60,0,0,100,60,0,0,60,80,0,0,137.9
NEA059,F000000001,80,60,0,120,80,40,0,120,80,60,0,60,80,58.15,0,60,80,40,0,60,80,40,0,40,80,20,0,80,80,0,0,40,80,0,0,78,80,0,0,83,100,0,0,80,100,0,0,80
NEA027,F000000001,40,78,0,20,40,80,0,20,40,60,0,20,40,80,0,20,40,39.9,0,40,40,40,0,17,40,100,0,0,40,0,0,30,40,0,0,40,40,0,0,40,40,0,0,40,60,0,0,59
B014,F000000001,400,300,0,617.5,400,260,0,520,300,219.6,0,400,340,219.5,0,535,360,198.5,0,414,360,160,0,302,360,139.85,0,315,400,0,0,250,400,0,0,280,400,0,0,220,400,0,0,379.8,400,0,0,380
NEB018,F000000001,60,40,0,20,60,60,0,60,60,40,0,0,60,60,0,20,60,40,0,40,60,20,0,40,60,40,0,20,60,0,0,40,60,0,0,40,60,0,0,20,60,0,0,60,60,0,0,80
NEC024,F000000001,60,0,0,136,60,0,0,134.5,60,20,0,75,60,0,0,55,60,0,0,0,60,0,0,0,60,0,0,0,80,0,0,0,80,0,0,0,60,0,0,59,80,0,0,0,100,0,0,0
NED036,F000000001,40,40,0,55,40,20,0,20,40,40,0,20,40,0,0,0,40,0,0,35,40,0,0,0,40,0,0,0,60,0,0,30,60,0,0,35,40,0,0,20,40,0,0,40,60,0,0,20
M238,F000000001,80,100,0,77.5,80,120,0,114.5,80,59.8,0,80,80,39.7,0,60,60,20,0,20,60,60,0,60,80,40,0,100,80,0,0,65,80,0,0,60,80,0,0,60,80,0,0,80,100,0,0,72
NEP021,F000000001,60,60,0,57.5,60,40,0,50.5,60,20,0,37,60,20,0,70,60,50,0,54,60,20,0,0,60,20,0,0,60,0,0,35,60,0,0,40,60,0,0,40,80,0,0,40,80,0,0,41
P224,F000000001,60,60,0,20,60,59.9,0,40,60,39.85,0,0,60,80,0,40,60,20,0,20,60,60,0,20,60,20,0,15,60,0,0,40,60,0,0,60,60,0,0,60,60,0,0,59.95,60,0,0,79.95
R096,F000000001,160,160,0,134.5,160,180,0,180,140,115.85,0,83,140,140,0,120,140,100,0,42,140,80,0,100,140,140,0,120,160,0,0,100,160,0,0,155,160,0,0,160,180,0,0,180,180,0,0,254
R010,F000000001,40,0,0,40,40,20,0,20,40,20,0,0,60,0,0,0,60,0,0,0,60,0,0,0,60,0,0,10,60,0,0,20,60,0,0,20,40,0,0,40,60,0,0,40,60,0,0,20
S113,F000000001,40,40,0,20,40,40,0,40,40,20,0,20,40,20,0,40,40,20,0,20,40,39.95,0,20,40,39.8,0,20,40,0,0,20,40,0,0,20,40,0,0,20,40,0,0,60,60,0,0,40
S012,F000000001,60,20,0,80,60,0,0,60,60,-0.15,0,40,60,20,0,0,80,0,0,17,80,20,0,0,80,0,0,15,80,0,0,10,80,0,0,38,60,0,0,0,60,0,0,115,80,0,0,40
S329,F000000001,80,40,0,90,80,59.9,0,122.5,80,59.5,0,10,80,20,0,40,80,-0.45,0,20,80,0,0,52,80,60,0,29,80,0,0,100,80,0,0,58,80,0,0,60,80,0,0,70,80,0,0,80
S019,F000000001,40,40,0,20,40,40,0,20,40,40,0,20,40,20,0,20,40,20,0,40,40,40,0,20,40,40,0,40,40,0,0,20,40,0,0,40,40,0,0,40,40,0,0,20,40,0,0,40
NES132,F000000001,60,60,0,40,60,48,0,30,60,60,0,15,60,79.95,0,20,60,59.75,0,20,60,60,0,14,60,20,0,20,60,0,0,20,60,0,0,60,60,0,0,40,60,0,0,20,60,0,0,60
S344,F000000001,0,0,0,0,0,0,0,20,0,0,0,15,0,0,0,0,0,0,0,0,0,0,0,0,0,0,0,0,0,0,0,0,0,0,0,0,0,0,0,0,0,0,0,0,0,0,0,0
S142,F000000001,0,0,0,20,0,0,0,40,0,0,0,40,0,0,0,20,0,0,0,20,0,0,0,0,0,0,0,0,0,0,0,0,0,0,0,0,0,0,0,0,0,0,0,0,0,0,0,0
M400,F000000001,0,0,0,91,0,0,0,59.5,0,0,0,0,0,0,0,0,0,0,0,0,0,0,0,0,0,0,0,0,0,0,0,0,0,0,0,0,0,0,0,0,0,0,0,0,0,0,0,0
NEM088,F000000001,0,0,0,19.5,0,0,0,30,0,0,0,0,0,0,0,0,0,0,0,0,0,0,0,0,0,0,0,0,0,0,0,0,0,0,0,0,0,0,0,0,0,0,0,0,0,0,0,0
NEA116,F000000001,0,0,0,60,0,0,0,60,0,0,0,40,0,0,0,0,0,0,0,0,0,0,0,0,0,0,0,0,0,0,0,0,0,0,0,0,0,0,0,0,0,0,0,0,0,0,0,0
B245,F000000001,0,0,0,0,0,0,0,0,0,0,0,0,0,0,0,0,0,0,0,0,0,0,0,0,0,0,0,0,0,0,0,0,0,0,0,0,0,0,0,0,0,0,0,0,0,0,0,0
NEG014,F000000001,0,0,0,0,0,0,0,0,0,0,0,0,0,0,0,0,0,0,0,0,0,0,0,0,0,0,0,0,0,0,0,0,0,0,0,0,0,0,0,0,0,0,0,0,0,0,0,0
I002,F000000001,0,0,0,0,0,0,0,0,0,0,0,0,0,0,0,0,0,0,0,0,0,0,0,0,0,0,0,0,0,0,0,0,0,0,0,0,0,0,0,0,0,0,0,0,0,0,0,0
S403,F000000001,0,0,0,0,0,0,0,0,0,0,0,0,0,0,0,0,0,0,0,0,0,0,0,0,0,0,0,0,0,0,0,0,0,0,0,0,0,0,0,0,0,0,0,0,0,0,0,0
NEH033,F000000001,40,36,0,40,40,20,0,40,40,19.8,0,20,40,0,0,0,40,20,0,20,40,20,0,20,40,20,0,20,40,0,0,40,40,0,0,40,40,0,0,40,60,0,0,40,60,0,0,60
NEM116,F000000001,60,79,0,59,60,40,0,20,40,39.85,0,40,40,19.6,0,0,40,40,0,60,40,60,0,30,40,40,0,15,60,0,0,40,60,0,0,20,60,0,0,75,60,0,0,35,60,0,0,95
NER092,F000000001,40,80,0,40,40,39,0,40,40,20,0,15,40,40,0,40,40,40,0,20,40,40,0,20,40,60,0,0,40,0,0,49,40,0,0,38,40,0,0,40,60,0,0,40,60,0,0,60
NES182,F000000001,40,0,0,35,40,35,0,35,40,0,0,35,40,35,0,0,40,35,0,35,40,0,0,20,40,0,0,0,40,0,0,35,40,0,0,0,40,0,0,55,40,0,0,35,40,0,0,55
NEJ044,F000000001,40,20,0,58,40,60,0,20,20,0,0,40,40,0,0,19.5,20,0,0,0,20,0,0,36,40,0,0,20,40,0,0,0,40,0,0,20,40,0,0,40,40,0,0,15,40,0,0,0
NEU018,F000000001,40,40,0,20,40,20,0,20,20,40,0,20,40,20,0,20,40,40,0,0,40,0,0,15,40,20,0,20,40,0,0,0,40,0,0,38,40,0,0,18,40,0,0,14.5,40,0,0,20
NEH035,F000000001,80,120,0,40,80,78.9,0,80,60,77.7,0,80,60,78.65,0,80,80,99.95,0,60,80,80,0,58,80,80,0,68,80,0,0,70,80,0,0,66,80,0,0,80,80,0,0,113.95,80,0,0,180
NES190,F000000001,80,100,0,40,80,80,0,80,80,100,0,58.5,80,60,0,99.5,80,140,0,79.5,80,120,0,60,80,80,0,59.5,80,0,0,80,80,0,0,120,80,0,0,100,80,0,0,259.5,100,0,0,181
NEM125,F000000001,60,20,0,0,60,40,0,35,40,20,0,10,40,0,0,0,60,20,0,20,60,0,0,20,60,0,0,55,60,0,0,58,60,0,0,20,60,0,0,40,60,0,0,0,60,0,0,0
NEH037,F000000001,40,34,0,0,40,40,0,57.5,40,20,0,20,40,0,0,20,40,0,0,40,40,0,0,19.5,40,0,0,20,40,0,0,40,40,0,0,20,40,0,0,20,40,0,0,40,40,0,0,59.5
NES198,F000000001,40,15,0,0,40,20,0,0,40,20,0,40,40,20,0,20,40,20,0,20,40,0,0,20,40,0,0,35,40,0,0,40,40,0,0,20,40,0,0,40,40,0,0,40,40,0,0,21
NEO009,F000000001,60,40,0,0,60,20,0,0,60,40,0,0,60,60,0,60,60,40,0,40,60,40,0,20,60,20,0,60,60,0,0,40,60,0,0,40,60,0,0,60,80,0,0,40,80,0,0,60
NEP118,F000000001,40,19.5,0,0,40,19.95,0,0,40,0,0,0,40,0,0,0,40,0,0,0,40,0,0,0,40,0,0,0,40,0,0,20,40,0,0,40,40,0,0,38,40,0,0,40,40,0,0,40
NES242,F000000001,40,20,0,0,40,0,0,0,40,-0.2,0,0,60,0,0,0,20,0,0,0,20,0,0,0,40,0,0,0,40,0,0,0,40,0,0,20,40,0,0,40,40,0,0,40,40,0,0,60
NER117,F000000001,40,40,0,0,40,20,0,0,40,40,0,0,40,40,0,0,40,0,0,0,40,20,0,0,40,20,0,0,40,0,0,0,40,0,0,0,40,0,0,35,40,0,0,55,40,0,0,35
NEM162,F000000001,40,20,0,0,40,0,0,0,20,19.9,0,0,20,0,0,0,40,0,0,0,40,20,0,0,40,0,0,0,40,0,0,0,40,0,0,0,40,0,0,0,40,0,0,20,40,0,0,20
NEH047,F000000001,40,80,0,0,40,120,0,0,20,100,0,0,20,100,0,0,40,40,0,0,40,79.7,0,0,40,80,0,0,40,0,0,0,40,0,0,0,40,0,0,0,40,0,0,40,40,0,0,99.8
NEA177,F000000001,20,98.5,0,0,20,60,0,0,20,19.95,0,0,40,20,0,0,60,19.5,0,0,60,20,0,0,60,0,0,0,60,0,0,0,60,0,0,0,60,0,0,0,60,0,0,40,60,0,0,80
NES262,F000000001,40,60,0,0,40,20,0,0,40,60,0,0,40,60,0,0,40,60,0,0,40,99.95,0,0,40,159.85,0,0,40,0,0,0,40,0,0,0,40,0,0,0,40,0,0,20,40,0,0,40
NES267,F000000001,60,158,0,0,60,80,0,0,60,0,0,0,60,0,0,0,100,0,0,0,100,0,0,0,100,0,0,0,100,0,0,0,100,0,0,0,60,0,0,0,60,0,0,0,60,0,0,99.95
NEB077,F000000001,220,293,0,200,220,317.25,0,176.5,160,196.1,0,98,140,135.9,0,100,140,182.2,0,40,140,230.9,0,99,140,159.95,0,172,160,0,0,150,160,0,0,219,220,0,0,249,260,0,0,230,260,0,0,339.4
NEB065,F000000001,480,291,0,480.5,480,326,0,535,340,229.5,0,270,300,254.95,0,250.5,300,225,0,249,300,249.5,0,168.5,300,320,0,229.5,320,0,0,218.5,320,0,0,206,480,0,0,277,480,0,0,256.9,480,0,0,335
D093,F000000001,400,649,0,300,400,520,0,260,360,536.85,0,220,260,560,0,160,300,635,0,203,300,420,0,175,320,510,0,329,320,0,0,269,320,0,0,449,400,0,0,530,460,0,0,551.5,460,0,0,787
H005,F000000001,80,0,0,80,80,40,0,74,60,35,0,55,60,0,0,52,60,0,0,52.5,60,0,0,20,60,0,0,37,60,0,0,0,60,0,0,16,80,0,0,20,80,0,0,20,80,0,0,19.8
J016,F000000001,80,80,0,80,80,100,0,80,80,59.9,0,100,80,40,0,100,80,40,0,64,80,60,0,40,80,60,0,60,80,0,0,59,80,0,0,57,80,0,0,100,80,0,0,80,100,0,0,105
M073,F000000001,220,300,0,221,220,255.65,0,218,160,197,0,100,140,214.95,0,100,140,219.95,0,100,140,179.95,0,100,140,200,0,128,160,0,0,107.5,160,0,0,84,180,0,0,140,220,0,0,223.4,220,0,0,294.9
N091,F000000001,260,220,0,254,260,159.55,0,237.5,200,79.6,0,138,160,139.5,0,140,160,70,0,118,160,120,0,90,160,119.55,0,168.5,160,0,0,159,160,0,0,237,260,0,0,300,280,0,0,240,280,0,0,390
NES064,F000000001,0,29,0,18,0,20,0,18.5,0,15,0,0,0,38,0,15,0,20,0,0,0,0,0,15,0,20,0,15,0,0,0,19,0,0,0,9,0,0,0,19.5,0,0,0,35,0,0,0,30
S458,F000000001,60,56,0,39.5,60,60,0,20,60,0,0,50,40,0,0,40,40,0,0,38,40,0,0,40,40,0,0,20,40,0,0,29,40,0,0,58,60,0,0,110,80,0,0,39.95,100,0,0,69.9
U022,F000000001,600,740,440,594,600,679.45,400,620,500,539.4,340,440,460,579.15,0,520,460,454.8,320,392,460,459.5,280,348,480,519.95,300,398,480,0,300,456,480,0,360,547,600,0,340,700,600,0,460,704.85,600,0,480,988.8
NES042,F000000001,60,180,0,0,60,220,0,20,60,119.9,0,40,60,175.95,0,20,60,169.45,0,40,60,143,0,40,60,140,0,39,60,0,0,68.5,60,0,0,70.5,60,0,0,64.5,60,0,0,110,100,0,0,160
NEH024,F000000001,60,0,0,19.5,60,40,0,0,60,19.95,0,0,40,0,0,0,40,20,0,75,40,0,0,75,40,0,0,39,60,0,0,30,60,0,0,46.5,60,0,0,80,60,0,0,69.85,80,0,0,49
NEJ009,F000000001,360,240,0,289.5,360,217,0,294,340,160,0,160,360,163.4,0,260,320,285.5,0,216,320,304,0,80,320,247.95,0,120,320,0,0,229,320,0,0,207,360,0,0,241.5,400,0,0,254.5,400,0,0,284.9
M391,F000000001,0,0,0,0,0,0,0,0,0,0,0,0,0,0,0,0,0,0,0,0,0,0,0,0,0,0,0,0,0,0,0,0,0,0,0,0,0,0,0,0,0,0,0,0,0,0,0,0
NEB095,F000000001,60,67,0,57.5,60,80,0,58,60,39.9,0,57,60,60,0,58,60,60,0,18,60,77,0,20,60,40,0,57,60,0,0,38.5,60,0,0,55,60,0,0,88,80,0,0,137,100,0,0,120
A144,F000000001,120,167,0,87.5,130,207.1,0,124.5,120,74.45,0,112.5,120,112.5,0,105,120,94.85,0,94,120,117,0,72.5,120,113,0,107.5,130,0,0,115,140,0,0,135,140,0,0,176.5,140,0,0,194.95,140,0,0,242.5
B036,F000000001,1320,1029.7,1200,1204,1200,1015,1200,1049,1120,716.45,1100,616,1120,857.15,0,840,1120,743.95,1000,767.5,1170,509.6,800,626.05,1170,778,900,732,1225,0,1000,670.5,1250,0,1000,764,1250,0,1200,759.5,1250,0,1200,822.5,1400,0,1500,1126.85
B038,F000000001,300,320,0,235,300,429.5,0,292.5,220,294,0,182.5,220,245.45,0,190,220,191.95,0,221.5,220,225,0,198.5,220,264.75,0,215.5,350,0,0,300,300,0,0,290.5,300,0,0,330.5,300,0,0,282.5,370,0,0,356.5
D164,F000000001,100,92.5,0,60,80,143,0,80,80,72.4,0,57.5,80,62.45,0,60,80,37.45,0,55,80,40,0,20,80,82,0,60,80,0,0,60,80,0,0,75,100,0,0,75,100,0,0,125,100,0,0,115
G095,F000000001,40,37.5,0,0,60,57.5,0,59.5,80,19,0,50.5,80,47,0,40,80,30,0,40,80,53.5,0,53,80,56,0,36,60,0,0,38,50,0,0,40,40,0,0,37.5,40,0,0,57.5,70,0,0,40
J015,F000000001,1550,1635.5,1500,1411.5,2000,1996.7,1500,1807.5,1500,2224.8,1400,1145,1500,1486.4,0,1030,1500,1412.35,1200,1021,1500,1406.85,950,899,1500,1641.5,1050,982.5,1600,0,1250,1175.5,1600,0,1250,1196,1600,0,1450,1462.5,1600,0,1500,1513.5,1700,0,1900,2043.5
J045,F000000001,160,350,0,40,120,315,0,70,100,174.6,0,35,100,279.6,0,180,100,279.95,0,179,100,119.9,0,315,100,245,0,195,300,0,0,260,300,0,0,280,300,0,0,315,300,0,0,260,300,0,0,332.5
K132,F000000001,140,188.5,0,114.5,115,192.3,0,112,140,160,0,119,140,145,0,92.5,140,167.5,0,95,140,154,0,130,140,206.5,0,120,115,0,0,104.5,165,0,0,141,180,0,0,159.5,180,0,0,172.5,180,0,0,217
L029,F000000001,220,270,0,127,140,354.5,0,135.5,120,246.4,0,95,120,185,0,90,120,240,0,152.5,120,152.45,0,90,120,232.5,0,179.5,200,0,0,182.5,220,0,0,217.5,180,0,0,225,180,0,0,322,200,0,0,386.5
P166,F000000001,380,553,0,329,500,552.4,0,414.5,300,349.85,0,240,300,371.95,0,254,300,425.5,0,275,300,385.3,0,288.5,300,420.6,0,271,350,0,0,337.5,360,0,0,350,500,0,0,406.5,500,0,0,451,500,0,0,534.05
S036,F000000001,160,250.5,0,130,170,210.5,0,167,140,197.15,0,105,140,204.5,0,127.5,140,144.65,0,100,140,109.85,0,105,140,173.95,0,115,170,0,0,163.5,190,0,0,180,150,0,0,219,150,0,0,244.7,150,0,0,287.25
S245,F000000001,140,272.5,0,120,155,278,0,150,120,349.55,0,85,120,268.75,0,100,120,243.2,0,105,120,202.4,0,109,120,241,0,140,140,0,0,130,170,0,0,160,170,0,0,214,170,0,0,185,170,0,0,247.1
NET036,F000000001,120,199.5,0,90,110,255,0,110,100,194.6,0,75,100,171.7,0,85,100,212.35,0,110,100,226.9,0,90,100,237.5,0,70,110,0,0,94.5,140,0,0,122,130,0,0,170,130,0,0,172.45,150,0,0,230
A134,F000000001,60,38.5,0,55,60,42.25,0,40,60,37.5,0,20,60,34.9,0,20,60,20,0,50,60,36.5,0,27,60,20,0,27.5,40,0,0,37.5,80,0,0,40,50,0,0,37.5,50,0,0,40,100,0,0,60
D028,F000000001,80,52.5,0,0,80,90,0,0,100,35,0,75,100,0,0,80,100,0,0,40,100,0,0,55,100,0,0,54.5,80,0,0,0,100,0,0,20,100,0,0,35,100,0,0,55,100,0,0,55.9
G029,F000000001,120,112.55,0,95,110,99.25,0,107.5,100,87.5,0,65,100,72.45,0,62.5,100,77.5,0,75,100,58.85,0,49,100,94.5,0,77.5,120,0,0,105,105,0,0,100.5,200,0,0,131,200,0,0,112.5,200,0,0,125.4
N066,F000000001,220,402.5,0,185,130,302.65,0,127.5,140,264.8,0,140,140,197.45,0,97.5,140,225,0,170,140,133,0,172.5,140,256.5,0,132.5,170,0,0,150,210,0,0,205,250,0,0,273,250,0,0,209.95,300,0,0,360
P049,F000000001,60,0,0,0,20,0,0,0,60,0,0,0,60,0,0,0,60,0,0,0,60,20,0,20,60,0,0,19,50,0,0,0,100,0,0,20,50,0,0,0,50,0,0,0,100,0,0,0
NEN068,F000000001,100,102,0,0,110,105,0,0,100,69.95,0,67.5,100,105,0,55,100,70,0,85,100,35,0,72,100,70,0,105,120,0,0,105,120,0,0,70,100,0,0,90,100,0,0,140,70,0,0,174.9
NEK065,F000000001,550,570,0,0,510,537.5,0,0,450,427.5,0,0,450,441.5,0,300,450,305,0,354,450,399,0,283,450,383.5,0,300,360,0,0,346,400,0,0,555,400,0,0,517.5,400,0,0,437.5,500,0,0,595
NEN076,F000000001,60,52.5,0,0,100,92.5,0,0,100,51.5,0,0,100,77.45,0,35,100,70,0,72.5,100,40,0,55,100,93,0,56,80,0,0,60,120,0,0,49,60,0,0,49,60,0,0,60,100,0,0,40
A156,F000000001,30,40,0,30,30,35,0,33,15,44.9,0,15,15,59.95,0,15,15,44.95,0,30,15,55,0,15,15,60,0,15,30,0,0,15,30,0,0,30,30,0,0,15,30,0,0,27,40,0,0,14.45
A161,F000000001,950,1109,500,649.5,950,1192.55,450,807,750,922.6,400,500,750,898.3,0,710,650,909.8,350,710,650,1002.95,265,705,650,794.6,350,805,850,0,400,804,1000,0,450,925.5,1150,0,500,1008,1150,0,500,1102,1450,0,500,1189.05
B006,F000000001,100,110,0,104,100,135,0,149,100,74.75,0,60,75,93.1,0,105,75,74.95,0,75,75,90,0,64.5,75,80,0,44.5,120,0,0,95,120,0,0,144,150,0,0,153.5,150,0,0,119.5,160,0,0,144.5
D026,F000000001,30,20,0,0,30,15,0,12.5,30,10,0,0,30,9.9,0,0,20,15,0,0,20,0,0,0,20,0,0,0,30,0,0,0,30,0,0,0,30,0,0,0,30,0,0,59.5,30,0,0,19.9
NED009,F000000001,90,135,0,45,90,90,0,71.85,60,89.45,0,45,60,59.5,0,45,50,60,0,60,50,60,0,45,50,110,0,45,75,0,0,75,105,0,0,109,120,0,0,132,120,0,0,121,140,0,0,119.65
M024,F000000001,300,372.5,0,323,300,302.8,0,320,250,346.4,0,205,275,159.15,0,137.5,225,252.45,0,175,225,246.3,0,170,225,214.6,0,225,270,0,0,185.5,350,0,0,280.5,360,0,0,275,360,0,0,320,450,0,0,401.95
M029,F000000001,600,679,415,524,600,710,350,598.5,500,527.7,350,363,500,517.9,0,502,450,591.2,285,500,450,574.05,220,390,450,555,300,422,550,0,300,474,700,0,350,485,750,0,370,653,750,0,370,558.5,850,0,430,765.7
M340,F000000001,30,45,0,15,30,34,0,30,20,29.7,0,15,20,28.9,0,0,20,30,0,15,20,30,0,15,20,29.7,0,15,30,0,0,15,30,0,0,27,45,0,0,25,45,0,0,45,50,0,0,45
NEP046,F000000001,170,222,0,105,170,200,0,120,150,129.15,0,90,150,164.6,0,135,135,119.35,0,150,135,121,0,125,135,65,0,155,175,0,0,165,250,0,0,195,250,0,0,215,250,0,0,220,250,0,0,225
NER081,F000000001,45,55,0,30,45,45,0,45,35,29.7,0,15,35,29,0,45,30,29,0,30,30,20,0,45,30,35,0,30,45,0,0,15,50,0,0,30,45,0,0,60,45,0,0,49,60,0,0,45
NER067,F000000001,100,168,0,114.5,100,199.65,0,95,85,112.3,0,75,85,112.5,0,77.5,85,117.5,0,70,85,131.45,0,57.5,85,158,0,140,100,0,0,136,120,0,0,99,145,0,0,100,145,0,0,90,175,0,0,132
NES090,F000000001,150,248,0,60,150,320.5,0,90,150,178.65,0,30,150,202.9,0,60,135,184.8,0,60,135,179.85,0,60,135,290,0,45,150,0,0,60,200,0,0,101,200,0,0,147.5,200,0,0,186,200,0,0,200.85
S354,F000000001,30,20,0,30,30,14,0,30,30,15,0,15,30,15,0,15,30,15,0,15,30,15,0,15,30,0,0,30,30,0,0,30,45,0,0,25,30,0,0,30,30,0,0,15,35,0,0,15
M428,F000000001,50,50,0,15,50,59.95,0,55,40,79.95,0,30,40,75,0,30,30,58.25,0,50,30,59.65,0,35,30,80,0,30,45,0,0,45,50,0,0,36,45,0,0,53,45,0,0,57,70,0,0,79.95
NER053,F000000001,45,56,0,45,45,55,0,30,35,0,0,30,35,0,0,15,30,0,0,15,30,0,0,30,30,0,0,15,40,0,0,30,60,0,0,31,45,0,0,55,45,0,0,40,75,0,0,74
NES003,F000000001,20,20,0,15,20,20,0,30,20,0,0,15,20,0,0,15,20,0,0,15,20,0,0,0,20,0,0,15,20,0,0,15,30,0,0,0,30,0,0,23,30,0,0,15,30,0,0,30
NEK062,F000000001,50,58,0,0,50,75,0,0,50,74.7,0,30,50,74.45,0,15,45,60,0,30,45,44.9,0,30,45,104.75,0,45,60,0,0,30,75,0,0,46,75,0,0,59,75,0,0,46,90,0,0,59.7
NEG056,F000000001,90,87,0,0,90,65,0,0,75,59.4,0,0,75,42.9,0,60,60,45,0,30,60,74.95,0,15,60,60,0,30,75,0,0,50,105,0,0,60,120,0,0,67,120,0,0,95,140,0,0,104.7
NEB123,F000000001,30,35,0,0,30,15,0,0,30,35,0,0,30,30,0,0,30,30,0,0,30,15,0,0,30,15,0,0,30,0,0,15,45,0,0,40,45,0,0,20,45,0,0,20,45,0,0,30
NER113,F000000001,60,55,0,0,60,20,0,0,45,50,0,0,45,68,0,0,45,57.7,0,0,45,39.95,0,0,45,40,0,0,45,0,0,0,75,0,0,45,90,0,0,25,90,0,0,72,100,0,0,75
NEA175,F000000001,30,45,0,0,30,60,0,0,30,29.9,0,0,30,30,0,0,20,15,0,0,20,30,0,0,20,30,0,0,30,0,0,0,30,0,0,0,45,0,0,0,45,0,0,15,60,0,0,30
A095,F000000001,2000,1877,1200,918,2000,1927,1200,1120,1520,1388.05,1000,665,1500,1069.7,0,560,1500,1088.35,700,875,1300,1044.95,550,872.2,1300,1402,700,1081.6,1500,0,1100,1225,2200,0,1000,1906,2200,0,1000,1604,2000,0,900,2158.3,3000,0,1200,2687.25
A045,F000000001,250,145,0,175,250,150,0,245,200,117.95,0,140,250,72.95,0,105,250,115,0,140,210,110,0,105,210,115,0,105,250,0,0,195,210,0,0,217,210,0,0,105,250,0,0,175,300,0,0,185
NEB086,F000000001,175,105,0,245,175,150,0,140,140,108,0,105,175,69.5,0,70,175,142,0,140,150,70,0,140,150,140,0,140,175,0,0,140,210,0,0,155,210,0,0,175,175,0,0,240,300,0,0,182.95
NEB079,F000000001,70,35,0,70,70,75,0,35,70,34.45,0,70,70,35,0,17.5,70,35,0,35,70,35,0,35,70,35,0,35,70,0,0,50,70,0,0,35,70,0,0,70,70,0,0,105,105,0,0,70
B170,F000000001,175,290,0,70,175,232.85,0,68,105,224.75,0,35,175,200,0,70,175,223.9,0,70,150,184,0,75,150,324.95,0,140,175,0,0,210,175,0,0,175,175,0,0,245,175,0,0,210,250,0,0,244.65
NEB051,F000000001,105,145,0,70,105,185,0,55,105,109.7,0,70,105,80,0,35,105,110,0,105,105,73,0,35,105,105,0,105,105,0,0,105,105,0,0,107,105,0,0,127,105,0,0,139.5,140,0,0,160
B147,F000000001,175,320,0,175,175,145,0,105,150,139.95,0,105,175,57.6,0,95,175,110,0,70,175,75,0,70,175,115,0,90,175,0,0,210,210,0,0,140,210,0,0,280,175,0,0,245,350,0,0,245
NEC036,F000000001,175,70,0,105,175,35,0,140,150,35,0,35,175,69.9,0,35,175,69.2,0,105,175,70,0,70,175,0,0,70,175,0,0,210,200,0,0,70,200,0,0,140,175,0,0,105,250,0,0,-3.45
NED056,F000000001,70,75,0,65,70,125,0,85,70,34.5,0,35,70,55,0,50,70,40,0,70,70,70,0,112,70,175,0,55,70,0,0,50,105,0,0,140,105,0,0,105,70,0,0,70,105,0,0,100
NEH022,F000000001,300,408,0,280,300,535,0,280,210,354.5,0,210,300,305.8,0,245,300,345.9,0,245,300,289.75,0,175,300,445,0,245,300,0,0,245,400,0,0,355,400,0,0,460,300,0,0,426.7,500,0,0,513
M185,F000000001,210,388,0,140,210,278,0,140,210,268.7,0,105,210,194.7,0,140,210,300.85,0,175,210,179.45,0,105,210,225,0,170,210,0,0,175,210,0,0,235,210,0,0,265,210,0,0,218,300,0,0,384.95
NER018,F000000001,105,100,0,35,105,140,0,140,70,104.5,0,105,105,105,0,65,105,105,0,40,105,69.65,0,20,105,105,0,40,105,0,0,70,105,0,0,105,105,0,0,140,105,0,0,175,150,0,0,210
R033,F000000001,105,75,0,70,105,105,0,105,70,70,0,35,105,52.35,0,40,105,94.5,0,70,105,70,0,70,105,110,0,105,105,0,0,70,105,0,0,105,105,0,0,140,105,0,0,140,150,0,0,140
S082,F000000001,4950,5011.5,4410,3530,4950,5087,4430,3895,4550,4318.75,3950,2795,4465,3402.5,0,2440,4465,3483.15,3135,3055,4315,3478.3,2565,3048,4300,3870.5,3105,3500,4450,0,3465,3781,4950,0,3930,4006,4900,0,3860,4098,4900,0,3320,5078,5080,0,4300,5632.25
S293,F000000001,100,105,0,85,100,105,0,50,70,70,0,90,100,78,0,100,100,80,0,90,100,40,0,77.5,100,200,0,56,100,0,0,137,105,0,0,105,105,0,0,85,100,0,0,105,105,0,0,140
B108,F000000001,210,0,0,695,210,0,0,626,150,0,0,280,210,0,0,140,210,0,0,0,175,0,0,0,175,0,0,0,210,0,0,0,210,0,0,0,210,0,0,0,210,0,0,0,350,0,0,0
B077,F000000001,140,150,0,175,140,115,0,105,105,104.85,0,70,140,74.95,0,70,140,80,0,35,140,39.95,0,70,140,120,0,70,140,0,0,105,140,0,0,140,140,0,0,105,140,0,0,120,210,0,0,215
I010,F000000001,140,175,0,70,140,154.9,0,140,140,75,0,70,140,105,0,35,140,70,0,70,140,89.95,0,70,140,115,0,70,140,0,0,70,140,0,0,0,140,0,0,105,140,0,0,70,140,0,0,140
M146,F000000001,105,70,0,35,105,70,0,70,70,69.8,0,35,105,76.95,0,70,105,78,0,35,105,80,0,35,105,78,0,70,105,0,0,70,105,0,0,75,105,0,0,105,105,0,0,72.5,175,0,0,69.95
M129,F000000001,300,410,0,70,300,444,0,175,250,377.3,0,210,300,295.7,0,147.5,300,334.65,0,210,300,271.1,0,210,300,325,0,175,300,0,0,175,350,0,0,320,350,0,0,323,300,0,0,280,350,0,0,418.55
S459,F000000001,70,70,0,20,70,74.55,0,20,35,34.95,0,35,70,34.95,0,15,70,0,0,55,70,35,0,35,70,35,0,35,70,0,0,70,70,0,0,35,70,0,0,70,70,0,0,0,70,0,0,0
NES076,F000000001,140,402,0,152,140,395,0,70,70,214.05,0,140,140,164.55,0,105,140,202.7,0,105,140,145,0,35,140,105,0,35,140,0,0,70,135,0,0,105,135,0,0,145,140,0,0,70,140,0,0,323
S577,F000000001,385,361,0,280,385,500,0,280,300,479.85,0,245,385,364,0,372,385,350,0,433,360,335,0,287,360,275,0,230,385,0,0,345,400,0,0,562,400,0,0,425,385,0,0,481.05,435,0,0,464
NEJ042,F000000001,140,70,0,102,140,105,0,140,140,104.9,0,105,140,113,0,35,140,104,0,105,140,70,0,70,140,70,0,105,140,0,0,105,140,0,0,105,140,0,0,105,140,0,0,35,140,0,0,34.95
NEM107,F000000001,170,170,0,175,170,285,0,210,140,109.85,0,105,170,69.95,0,70,170,140,0,140,170,104.75,0,105,170,174.5,0,140,170,0,0,105,175,0,0,140,175,0,0,140,170,0,0,210,210,0,0,175
NES187,F000000001,105,175,0,35,105,139.9,0,80,70,104.85,0,55,105,90,0,65,105,85,0,75,105,105,0,75,105,105,0,95,105,0,0,175,105,0,0,90,105,0,0,95,105,0,0,120,105,0,0,140
NES188,F000000001,175,172,0,70,175,210,0,175,105,140,0,70,175,140,0,105,175,210,0,105,175,175,0,105,175,210,0,105,175,0,0,140,210,0,0,216,210,0,0,175,175,0,0,175,210,0,0,175
NEK061,F000000001,50,0,0,0,50,0,0,0,50,0,0,70,50,0,0,0,50,0,0,35,50,0,0,0,50,0,0,35,50,0,0,52,35,0,0,55,35,0,0,0,50,0,0,0,70,0,0,0
NET076,F000000001,50,20,0,0,50,49,0,0,30,17.45,0,0,50,20,0,15,50,50,0,15,50,17.5,0,20,50,32.5,0,35,50,0,0,20,35,0,0,35,35,0,0,15,50,0,0,35,35,0,0,50
NES210,F000000001,140,210,0,0,140,210,0,0,105,104.75,0,0,140,69.15,0,0,140,103.2,0,35,140,67.55,0,105,140,70,0,105,140,0,0,140,175,0,0,185,175,0,0,140,140,0,0,132.5,210,0,0,210
NEA161,F000000001,210,468,0,0,210,308,0,0,150,139.8,0,0,210,110,0,0,210,120,0,0,210,105,0,0,210,120,0,0,210,0,0,35,210,0,0,224,210,0,0,149,210,0,0,165,300,0,0,280
NEK077,F000000001,140,175,0,0,140,140,0,0,105,69.95,0,0,140,127.55,0,0,140,107.95,0,0,140,69.6,0,0,140,105,0,0,140,0,0,35,140,0,0,152,140,0,0,210,140,0,0,110,210,0,0,212
NES228,F000000001,105,139.5,0,0,105,140,0,0,70,69.55,0,0,105,121,0,0,105,145,0,0,105,104.4,0,0,105,142,0,0,105,0,0,35,105,0,0,105,105,0,0,140,105,0,0,105,105,0,0,140
NET090,F000000001,70,0,0,0,70,70,0,0,70,35,0,0,70,20,0,0,70,34,0,0,70,0,0,0,70,0,0,0,70,0,0,0,105,0,0,0,105,0,0,0,70,0,0,0,105,0,0,0
NES263,F000000001,105,140,0,0,105,140,0,0,70,104.85,0,0,105,152.95,0,0,105,79.35,0,0,105,69.5,0,0,105,70,0,0,105,0,0,0,70,0,0,0,70,0,0,0,105,0,0,0,210,0,0,145
NEB142,F000000001,50,50,0,0,50,73.45,0,0,50,54.6,0,0,35,59,0,0,35,70,0,0,35,45,0,0,50,74.5,0,0,50,0,0,0,50,0,0,0,100,0,0,0,100,0,0,0,100,0,0,100
NEM174,F000000001,35,35,0,0,35,20,0,0,35,17.5,0,0,35,18,0,0,35,25,0,0,35,37.5,0,0,35,57.5,0,0,35,0,0,0,35,0,0,0,35,0,0,0,35,0,0,0,35,0,0,20
NEA098,F000000001,165,250.5,0,115.5,165,203.4,0,194.5,130,141.5,0,179.5,100,227.5,0,35,130,163.5,0,174,115,177.5,0,151.9,150,151,0,154.5,175,0,0,137.5,175,0,0,145.5,175,0,0,173.25,150,0,0,91.5,175,0,0,127
NEA072,F000000001,200,204.5,0,215.5,200,256.5,0,176,165,177.5,0,107.5,115,190.5,0,140,165,97.5,0,162,150,137.5,0,182.5,200,150,0,208.5,250,0,0,228,250,0,0,192.5,250,0,0,202.5,200,0,0,167.5,250,0,0,263.5
K150,F000000001,105,145,0,72.5,105,117.5,0,60,105,105,0,32.5,60,70,0,52.5,90,55,0,87.5,75,67.5,0,52.5,90,62.5,0,52,125,0,0,73.5,125,0,0,164.5,125,0,0,172.5,105,0,0,185,150,0,0,162.5
NEM061,F000000001,140,102,0,53,140,70,0,66,105,107,0,47,90,107.5,0,120,90,32,0,117,90,48,0,135,105,64,0,100,115,0,0,203,115,0,0,200,115,0,0,137.5,70,0,0,139.5,140,0,0,135
N065,F000000001,0,0,0,65,0,0,0,55,0,0,0,62.5,0,0,0,29,0,0,0,55,0,0,0,32.5,0,0,0,27.5,0,0,0,60,0,0,0,45,0,0,0,57.5,0,0,0,85,0,0,0,30
R079,F000000001,300,600,0,239,300,332.5,0,157.5,250,262.5,0,180,215,326,0,175,240,266,0,294.5,200,226.5,0,207.5,300,340,0,300,325,0,0,320,325,0,0,405.5,325,0,0,412.5,250,0,0,499.9,325,0,0,360
K122,F000000001,30,15,0,120,30,0,0,120,30,35,0,90,30,-0.1,0,0,30,0,0,35,30,0,0,15,30,0,0,45,45,0,0,35,45,0,0,70,45,0,0,80,30,0,0,0,60,0,0,35
R159,F000000001,60,0,0,59.5,60,0,0,45,55,0,0,60,45,0,0,0,60,0,0,0,45,0,0,0,45,0,0,0,60,0,0,0,60,0,0,15,60,0,0,15,45,0,0,0,60,0,0,0
S191,F000000001,60,0,0,15,60,60,0,75,60,80,0,45,45,42.5,0,66,60,30,0,87.5,60,0,0,0,60,0,0,50,90,0,0,67.5,90,0,0,45,90,0,0,15,45,0,0,15,90,0,0,30
S189,F000000001,30,0,0,17.5,30,17.5,0,35.5,30,0,0,16,25,0,0,27.5,30,0,0,0,30,0,0,0,30,0,0,0,45,0,0,0,45,0,0,0,45,0,0,15,30,0,0,0,45,0,0,0
NET043,F000000001,50,95,0,70,50,90,0,90,50,56,0,120,30,95,0,55,50,57.5,0,0,45,30,0,15,50,30,0,30,60,0,0,50,60,0,0,51,60,0,0,78,50,0,0,56.5,60,0,0,73.25
NEK063,F000000001,30,43,0,0,30,33.5,0,0,30,24,0,11.5,30,39,0,0,30,26,0,40,30,11.5,0,32,30,41,0,41,45,0,0,42.5,45,0,0,31.5,45,0,0,67,30,0,0,58,30,0,0,23
NES206,F000000001,200,181,0,0,200,180.5,0,0,175,82.5,0,0,150,138.5,0,0,150,180.5,0,48.5,150,129,0,27.5,150,189.5,0,99,175,0,0,171,175,0,0,149,175,0,0,209,160,0,0,130,180,0,0,178.5
NES222,F000000001,115,183.5,0,0,115,131,0,0,115,110.5,0,0,115,165.75,0,0,125,91,0,0,125,118.25,0,0,135,173,0,0,150,0,0,149.5,150,0,0,115.35,150,0,0,118.5,130,0,0,107,175,0,0,116.45
NEB139,F000000001,45,47.5,0,0,45,50,0,0,30,20,0,0,30,20,0,0,30,5,0,0,30,0,0,0,45,0,0,0,50,0,0,0,50,0,0,0,50,0,0,0,50,0,0,0,70,0,0,50
NEM172,F000000001,60,47.5,0,0,60,95,0,0,60,60,0,0,60,85,0,0,60,75,0,0,45,65,0,0,60,80,0,0,60,0,0,0,60,0,0,0,60,0,0,0,60,0,0,0,60,0,0,30
NEY006,F000000001,50,87,0,0,50,80,0,0,50,45,0,0,30,45,0,0,30,30,0,0,40,30,0,0,60,45,0,0,70,0,0,0,70,0,0,0,70,0,0,0,50,0,0,0,70,0,0,36.5
B220,F000000001,30,0,0,0,30,0,0,0,30,0,0,0,15,0,0,0,15,0,0,0,25,0,0,0,30,0,0,0,30,0,0,0,30,0,0,0,30,0,0,0,30,0,0,0,30,0,0,0
M324,F000000001,30,0,0,0,30,0,0,0,30,0,0,0,15,0,0,0,15,0,0,0,15,0,0,0,30,0,0,0,30,0,0,0,30,0,0,0,30,0,0,0,15,0,0,0,30,0,0,0
NEA024,F000000001,30,9,0,14,30,20,0,14,15,18,0,0,15,20,0,14,15,10,0,40,15,10,0,0,15,7,0,14,15,0,0,14,30,0,0,14,30,0,0,14,30,0,0,14,30,0,0,27
NEA070,F000000001,35,0,0,0,35,0,0,70,35,-0.05,0,0,35,0,0,0,35,35,0,0,35,0,0,35,35,35,0,0,35,0,0,0,35,0,0,0,35,0,0,0,35,0,0,0,35,0,0,40
NED066,F000000001,30,14,0,57,30,28,0,14,30,27,0,56,30,28,0,14,30,0,0,14,40,14,0,11,40,11,0,3,50,0,0,0,60,0,0,0,60,0,0,41,30,0,0,0,30,0,0,42
NEK045,F000000001,70,53,0,56,70,69,0,55,30,0,0,42,30,27,0,0,30,53.5,0,68,30,-0.05,0,106,30,0,0,13,30,0,0,84,60,0,0,28,60,0,0,70,30,0,0,98,70,0,0,95
NEL002,F000000001,40,27,0,42.95,40,8,0,24.5,15,13.5,0,27.5,15,0,0,13.5,15,0,0,52.5,15,13.5,0,62,15,0,0,12,30,0,0,13.5,30,0,0,27,30,0,0,13.5,50,0,0,2.5,40,0,0,26
NEM017,F000000001,300,339.5,0,213,300,369.5,0,246,250,368.8,0,159.25,160,178.95,0,170,250,261.4,0,276.5,180,194.2,0,160.5,180,246,0,292,225,0,0,300.5,275,0,0,321.5,275,0,0,290,250,0,0,214,300,0,0,417
NET055,F000000001,50,49.5,0,111.5,50,78,0,125,30,24,0,80,30,0,0,14.6,30,0,0,47.4,35,0,0,0,35,62,0,76,60,0,0,62.5,80,0,0,20,80,0,0,137.5,60,0,0,105,50,0,0,14
NEA011,F000000001,50,45,0,14,50,53,0,28,30,31,0,42,15,64,0,0,30,38,0,14,15,26,0,0,15,22,0,14,30,0,0,37.5,50,0,0,62.5,50,0,0,91.5,50,0,0,56.5,50,0,0,48
NEB052,F000000001,35,0,0,65.75,35,35,0,0,35,35,0,0,35,0,0,0,35,70,0,35,35,40,0,0,35,38,0,0,35,0,0,0,35,0,0,0,35,0,0,0,35,0,0,0,35,0,0,0
NEH002,F000000001,70,28,0,42,70,28,0,70,40,14,0,42,30,97,0,14,40,54.3,0,55,40,0,0,42,40,42,0,55,40,0,0,84,60,0,0,69,60,0,0,42,45,0,0,25,70,0,0,40.35
NEK007,F000000001,60,0,0,65.4,60,37.5,0,27.5,45,42,0,52,30,42,0,0,45,51.5,0,41,30,28,0,41,30,56,0,27,45,0,0,28,45,0,0,41,45,0,0,29.5,45,0,0,28,60,0,0,28
NET010,F000000001,0,0,0,210,0,0,0,175,0,0,0,70,0,0,0,0,0,0,0,0,0,0,0,0,0,0,0,0,0,0,0,0,0,0,0,0,0,0,0,0,0,0,0,0,0,0,0,0
NEL030,F000000001,130,251,0,0,130,193,0,0,80,135.75,0,0,60,94.15,0,52.5,80,66.1,0,92.5,75,84,0,69.5,75,78.5,0,68,75,0,0,82.5,100,0,0,155,100,0,0,148.15,120,0,0,83.65,130,0,0,172.95
NED087,F000000001,250,457,0,0,250,495.5,0,0,200,322,0,0,150,244.85,0,0,200,302.75,0,0,150,203.45,0,109,150,81,0,96,145,0,0,276.5,180,0,0,368.5,180,0,0,439.5,200,0,0,295.8,250,0,0,558.4
NED092,F000000001,100,166,0,0,100,118.5,0,0,70,56,0,0,50,94.75,0,0,70,52,0,0,70,41.7,0,0,70,83,0,0,100,0,0,42,130,0,0,84,130,0,0,112,145,0,0,70,100,0,0,158
NET087,F000000001,50,212.9,0,0,50,109.5,0,0,50,69,0,0,30,82.75,0,0,50,28,0,0,30,0,0,0,30,0,0,0,50,0,0,41,50,0,0,28,50,0,0,83,45,0,0,82,50,0,0,186
NET088,F000000001,90,122.5,0,0,90,80,0,0,55,34.9,0,0,35,35,0,0,55,75,0,0,35,80,0,0,35,120,0,0,105,0,0,0,100,0,0,105,100,0,0,105,100,0,0,107.85,90,0,0,80
NEY005,F000000001,40,47,0,0,40,39,0,0,15,28,0,0,15,27.5,0,0,15,14,0,0,15,14,0,0,15,13,0,0,30,0,0,0,30,0,0,14,30,0,0,42,30,0,0,25,40,0,0,41
NEA178,F000000001,70,105,0,0,70,105,0,0,35,34.8,0,0,35,0,0,0,35,0,0,0,35,0,0,0,35,0,0,0,70,0,0,0,100,0,0,0,100,0,0,0,70,0,0,0,70,0,0,70
NES261,F000000001,200,380,0,0,200,489,0,0,140,328.4,0,0,100,119.7,0,0,140,240,0,0,120,149,0,0,120,373.5,0,0,130,0,0,0,150,0,0,0,150,0,0,0,130,0,0,14,200,0,0,318
D098,F000000001,200,79,0,199,200,120,0,174,200,119.9,0,75,150,114.6,0,35,150,155,0,35,150,40,0,105,150,80,0,80,150,0,0,0,200,0,0,70,200,0,0,70,200,0,0,0,200,0,0,75
L069,F000000001,250,45,0,81.5,250,70,0,90.5,250,69.85,0,68,200,104.5,0,20,200,110,0,0,200,17.5,0,0,200,93,0,0,200,0,0,0,250,0,0,0,250,0,0,0,250,0,0,0,250,0,0,0
N094,F000000001,60,0,0,0,60,0,0,0,60,0,0,0,60,0,0,0,60,0,0,0,60,0,0,0,60,0,0,0,60,0,0,20,60,0,0,17.5,60,0,0,0,60,0,0,0,60,0,0,0
NER025,F000000001,150,0,0,30,150,0,0,10,150,0,0,0,100,0,0,0,100,0,0,20,100,0,0,0,100,0,0,0,100,0,0,0,150,0,0,0,150,0,0,0,150,0,0,0,150,0,0,15
S281,F000000001,150,40,0,107,150,110,0,126.45,150,40,0,142.7,120,70,0,140,120,74,0,70,120,72,0,102.5,120,75,0,35,120,0,0,70,150,0,0,40,150,0,0,35,150,0,0,80,150,0,0,154
NEE022,F000000001,60,0,0,0,60,37,0,0,60,0,0,20,70,5,0,0,70,15,0,0,70,-0.1,0,0,70,0,0,34,70,0,0,0,60,0,0,0,60,0,0,0,60,0,0,0,60,0,0,0
NEG067,F000000001,130,179,0,0,130,117,0,0,130,85,0,0,100,120,0,0,100,155,0,0,100,119.9,0,0,100,120,0,0,100,0,0,70,130,0,0,0,130,0,0,0,130,0,0,70,130,0,0,185
NEG020,F000000001,0,0,0,0,0,0,0,0,0,0,0,0,0,0,0,0,0,0,0,0,0,0,0,0,0,0,0,0,0,0,0,0,0,0,0,0,0,0,0,0,0,0,0,0,0,0,0,0
NER006,F000000001,0,0,0,0,0,0,0,0,0,0,0,0,0,0,0,0,0,0,0,0,0,0,0,0,0,0,0,0,0,0,0,0,0,0,0,0,0,0,0,0,0,0,0,0,0,0,0,0
NEG015,F000000001,100,58,0,34,100,85,0,40,100,57.5,0,65,80,75,0,50,80,40,0,75,80,17.5,0,82.5,100,40,0,57.5,100,0,0,55,100,0,0,73,100,0,0,124.5,100,0,0,90,100,0,0,102.5
NEH020,F000000001,200,210,0,125,200,167.45,0,140,200,170,0,125,200,195,0,130,200,162.5,0,87.5,200,122.5,0,105,200,135,0,82.5,200,0,0,101,200,0,0,139,250,0,0,172.5,300,0,0,157.5,300,0,0,240
NEH014,F000000001,100,87.5,0,92.5,100,82.5,0,117.5,100,49.85,0,50,100,30,0,50,100,19.8,0,125,100,15,0,40,100,20,0,30,100,0,0,75,100,0,0,125,150,0,0,125,200,0,0,40,200,0,0,60
S186,F000000001,200,200,0,75.5,200,170,0,110,200,106.5,0,80,200,204.9,0,0,200,117.3,0,50,200,95,0,119.5,200,107,0,129.5,200,0,0,140,250,0,0,155,200,0,0,167.5,200,0,0,170,200,0,0,257.45
G097,F000000001,70,40,0,33,70,92.5,0,30,70,35,0,10,60,32.5,0,30,60,20,0,17.5,60,27.5,0,15,70,40,0,20,70,0,0,20,80,0,0,35,70,0,0,40,80,0,0,34,80,0,0,49.5
G035,F000000001,200,34.5,0,178,200,60,0,110,200,57.35,0,97,200,99.95,0,138,200,80,0,92.5,200,60,0,123,200,75,0,102.5,200,0,0,131.5,200,0,0,102,250,0,0,75,300,0,0,100,300,0,0,125
H012,F000000001,80,84,0,40,80,40,0,40,80,90,0,40,80,79.75,0,40,80,39.95,0,20,80,25,0,40,80,40,0,0,80,0,0,55,80,0,0,40,80,0,0,40,80,0,0,40,80,0,0,62
J085,F000000001,60,40,0,10,60,96.85,0,20,60,40,0,15,60,64.8,0,30,60,20,0,20,60,19.85,0,20,60,-0.2,0,20,60,0,0,15,50,0,0,27,60,0,0,40,50,0,0,59.85,50,0,0,40
K075,F000000001,300,277.5,0,222.5,300,242.5,0,230,300,211.5,0,130,250,254.3,0,180,250,187.2,0,170,250,164.55,0,132.5,300,145,0,233,300,0,0,257.5,350,0,0,275,350,0,0,267.5,400,0,0,304.9,400,0,0,334.4
NEK041,F000000001,80,20,0,58,80,52.95,0,40,80,75,0,15,60,34.95,0,45,60,0,0,35,60,29.5,0,27,80,0,0,40,80,0,0,33,80,0,0,20,80,0,0,30,80,0,0,10,80,0,0,10
K052,F000000001,0,0,0,0,0,0,0,0,0,0,0,0,0,0,0,0,0,0,0,0,0,0,0,0,0,0,0,0,0,0,0,0,0,0,0,0,0,0,0,0,0,0,0,0,0,0,0,0
NES195,F000000001,40,32.5,0,0,40,45,0,15,40,28,0,10,40,30,0,10,40,19.95,0,35,40,0,0,20,40,20,0,25,40,0,0,20,40,0,0,20,40,0,0,20,40,0,0,30,40,0,0,35
NEB109,F000000001,50,0,0,0,50,0,0,0,50,0,0,0,50,0,0,0,50,0,0,22.5,50,0,0,10,50,0,0,0,50,0,0,0,50,0,0,20,50,0,0,0,50,0,0,0,50,0,0,0
NEG063,F000000001,80,70,0,0,80,62.5,0,0,80,67.5,0,0,80,60,0,0,80,57.5,0,0,80,20,0,0,80,60,0,35,80,0,0,62,80,0,0,36,80,0,0,67.5,80,0,0,66.5,80,0,0,88
NED094,F000000001,40,0,0,0,40,0,0,0,40,0,0,0,40,0,0,0,40,0,0,0,40,0,0,0,40,0,0,0,40,0,0,20,40,0,0,0,40,0,0,0,40,0,0,15,40,0,0,0
NEA086,F000000001,30,50,0,15,30,30,0,30,30,45,0,45,30,24.25,0,25,30,40,0,33,30,19.7,0,25,30,40,0,30,30,0,0,15,30,0,0,50,50,0,0,25,50,0,0,69,50,0,0,29.6
NEB042,F000000001,200,275,0,110,200,214.4,0,175,200,299.95,0,175,200,250,0,175,200,254.85,0,169,200,254.9,0,90,200,319.4,0,140,200,0,0,105,200,0,0,160,250,0,0,175,250,0,0,204.95,300,0,0,250
NEF001,F000000001,40,35,0,35,40,69.95,0,35,40,35,0,35,40,35,0,55,40,0,0,35,40,25,0,0,40,35,0,35,40,0,0,35,40,0,0,35,50,0,0,35,50,0,0,35,50,0,0,70
NEK054,F000000001,80,44,0,66,80,44.9,0,62.5,80,45,0,64,50,44.65,0,45,50,45,0,42.5,50,45,0,25,80,45,0,45,80,0,0,55,80,0,0,28,80,0,0,47.5,80,0,0,89.5,80,0,0,56
NEM048,F000000001,50,35,0,37.5,50,0,0,40,50,20,0,35,50,34.75,0,30,50,0,0,37.5,50,50,0,50,50,0,0,37,50,0,0,52.5,50,0,0,55,60,0,0,77.5,60,0,0,77.95,80,0,0,44
NEM071,F000000001,100,302.5,0,42,100,302.5,0,70,100,208.5,0,22,100,157.35,0,50,100,166.45,0,99.5,100,144.5,0,204,100,130,0,75,100,0,0,100,100,0,0,40,200,0,0,95,200,0,0,100,200,0,0,110
N008,F000000001,150,195,0,58.5,150,220,0,57.5,150,194.6,0,35,100,105,0,57.5,100,109.85,0,212,100,162,0,181,150,80,0,147.5,150,0,0,212.5,150,0,0,192,200,0,0,244,200,0,0,200,250,0,0,197.95
NEN046,F000000001,100,110,0,73,100,127.45,0,70,100,90,0,60,100,65,0,60,100,53,0,37.5,100,55,0,37.5,100,40,0,55,100,0,0,93,100,0,0,76.5,100,0,0,91.5,100,0,0,89.5,100,0,0,173.5
NEP064,F000000001,350,370,0,220,350,485,0,275.5,350,300.55,0,210,300,249.5,0,130,300,289.2,0,175.5,300,274.95,0,147,350,345,0,90,350,0,0,267.5,350,0,0,258,400,0,0,335,400,0,0,392,400,0,0,454.95
NEP007,F000000001,80,0,0,69.5,80,0,0,68,80,0,0,70,80,0,0,70,80,0,0,0,80,0,0,0,80,0,0,0,80,0,0,0,80,0,0,0,60,0,0,0,60,0,0,0,60,0,0,0
NER066,F000000001,50,144.5,0,37.5,50,122.5,0,37.5,50,102.5,0,0,60,96.8,0,20,60,110,0,61.5,60,119.95,0,92.5,50,145,0,55,50,0,0,57.5,50,0,0,75,60,0,0,167,60,0,0,95,100,0,0,112.5
S172,F000000001,200,295,0,129.5,200,261,0,155,200,254.6,0,112.5,150,150.55,0,152.5,150,182.9,0,186.5,150,163.8,0,165,200,235.45,0,214.5,200,0,0,220,200,0,0,180,200,0,0,209,200,0,0,277,200,0,0,281.35
S035,F000000001,350,182,0,175,350,212,0,250,350,159.75,0,165,300,167.95,0,75,300,158.85,0,247.5,300,89.95,0,165,350,160,0,163,350,0,0,115,350,0,0,140,400,0,0,110,400,0,0,215,450,0,0,225
NES166,F000000001,150,326,0,130,150,304.5,0,134.5,150,308,0,102.5,100,249.9,0,105,100,250.1,0,76,100,215,0,90,150,303.9,0,103.5,150,0,0,145.5,150,0,0,127,250,0,0,110,250,0,0,219.65,250,0,0,218.45
NEB054,F000000001,80,45,0,47.5,80,65,0,34.5,80,10,0,47.5,60,20,0,40,60,37,0,19,60,45,0,20,80,30,0,51,80,0,0,47,80,0,0,50,100,0,0,15,100,0,0,35,100,0,0,40
B090,F000000001,50,35,0,14,50,42.5,0,54,50,35,0,30,50,15,0,60,50,35,0,55,50,17.5,0,50,50,20,0,15,50,0,0,45,50,0,0,60,50,0,0,35,50,0,0,34,80,0,0,50
NEB020,F000000001,100,77.5,0,49.5,100,70,0,105,100,97.5,0,60,100,49.95,0,70,100,54.9,0,55,100,45,0,70,100,60,0,99.5,100,0,0,72.5,100,0,0,57,150,0,0,93,150,0,0,114.25,200,0,0,144.35
J046,F000000001,350,340,0,306.5,350,381.3,0,140,350,390.6,0,166,300,302.3,0,132.5,300,297,0,155,300,252.5,0,147,350,275,0,165,350,0,0,155,350,0,0,247.5,400,0,0,233,400,0,0,278.5,450,0,0,354.3
J095,F000000001,40,15,0,10.5,40,15,0,29,40,0,0,0,40,15,0,0,40,0,0,0,40,0,0,0,40,0,0,0,40,0,0,0,40,0,0,0,60,0,0,0,60,0,0,0,60,0,0,30
K063,F000000001,450,208,0,313.5,450,270,0,174.5,450,181.75,0,232,400,153.85,0,197.5,400,129.95,0,200,400,217.45,0,142.5,450,193,0,160,450,0,0,244.5,450,0,0,224,500,0,0,282.5,500,0,0,304,500,0,0,347.5
L093,F000000001,40,92.5,0,12,40,109.9,0,35,40,54.85,0,30,40,29.95,0,15,40,-0.15,0,0,40,40,0,35,40,40,0,46.5,40,0,0,40,40,0,0,35,80,0,0,77.5,80,0,0,99.5,80,0,0,77.15
L048,F000000001,40,41.5,0,71,40,87.5,0,63.5,40,31,0,45,40,50,0,55,40,55,0,20,40,25,0,0,40,40,0,0,40,0,0,34.5,40,0,0,40,60,0,0,17,60,0,0,55,80,0,0,67.5
M134,F000000001,50,100,0,35.5,50,102.5,0,35,50,99.95,0,0,50,70,0,15,50,90,0,27,50,100,0,15,50,75,0,65,50,0,0,40,50,0,0,94,60,0,0,35,60,0,0,90,100,0,0,112
M414,F000000001,150,130,0,116.5,150,184,0,107.5,150,102.45,0,122.5,150,97.5,0,80,150,75,0,85.5,150,79.5,0,85,150,75,0,100,150,0,0,105,150,0,0,95,150,0,0,125,150,0,0,143,200,0,0,200
M031,F000000001,250,314,0,77,250,419.35,0,156,250,202.45,0,81.5,200,211.55,0,70,200,150,0,102,200,225,0,122.5,250,209.75,0,70,250,0,0,40,250,0,0,215,400,0,0,375,400,0,0,446.95,450,0,0,517.9
O025,F000000001,20,0,0,5,20,0,0,0,20,0,0,0,20,0,0,0,20,0,0,0,20,0,0,0,20,0,0,0,20,0,0,0,20,0,0,5,20,0,0,0,20,0,0,0,20,0,0,0
S555,F000000001,150,105.5,0,109.5,150,101.7,0,116,150,60,0,90,150,99.3,0,102.5,150,100,0,77.5,150,99.9,0,75,150,55,0,60,150,0,0,80,150,0,0,53,200,0,0,102,200,0,0,120,200,0,0,109.9
S494,F000000001,20,45,0,20,20,29.95,0,35,20,34.9,0,0,20,14.85,0,0,20,30,0,0,20,15,0,0,20,20,0,0,20,0,0,0,20,0,0,0,20,0,0,0,20,0,0,5,20,0,0,18
NES092,F000000001,50,45,0,5,50,55,0,50,50,65,0,52.5,50,51.5,0,20,50,34.95,0,50,50,35,0,52.5,50,35,0,40,50,0,0,0,50,0,0,0,50,0,0,15,50,0,0,10,50,0,0,77.5
S050,F000000001,30,0,0,0,30,0,0,0,30,0,0,0,20,0,0,15,20,0,0,15,20,0,0,0,30,0,0,0,30,0,0,0,30,0,0,0,40,0,0,0,40,0,0,17,40,0,0,0
S210,F000000001,100,35,0,94.5,100,65,0,80,100,94.95,0,70,100,87.5,0,35,100,110.9,0,55,100,90,0,40,100,54.9,0,55.35,100,0,0,77.5,100,0,0,41,100,0,0,90,100,0,0,81.5,100,0,0,130
NET044,F000000001,400,440,0,267,400,450.7,0,365,400,240.95,0,304.5,350,246.6,0,185,350,224.3,0,190,350,206.7,0,125,400,204.55,0,155,400,0,0,142.5,400,0,0,204.5,400,0,0,247.5,400,0,0,314.75,400,0,0,406.8
B031,F000000001,0,0,0,0,0,0,0,0,0,0,0,0,0,0,0,0,0,0,0,0,0,0,0,0,0,0,0,0,0,0,0,0,0,0,0,0,0,0,0,0,0,0,0,0,0,0,0,0
NEM122,F000000001,50,90,0,17.5,50,87,0,53.5,50,82.1,0,60,50,94.95,0,60,50,108.45,0,60,50,35,0,55,50,120,0,57.5,50,0,0,77.5,50,0,0,78,80,0,0,76.5,80,0,0,70,80,0,0,75
NEB108,F000000001,40,0,0,0,40,0,0,0,40,0,0,20,40,0,0,0,40,0,0,37.5,40,0,0,0,40,0,0,17.5,40,0,0,37,40,0,0,0,40,0,0,0,40,0,0,0,40,0,0,0
NES205,F000000001,50,43,0,0,50,44.6,0,0,50,32.5,0,0,50,14.95,0,0,50,25,0,30,50,45,0,30,50,15,0,18,50,0,0,30,50,0,0,0,80,0,0,25,80,0,0,34.85,80,0,0,38
NEO013,F000000001,20,0,0,0,20,0,0,0,20,0,0,0,20,0,0,0,20,0,0,0,20,0,0,0,20,0,0,15,20,0,0,0,20,0,0,15,20,0,0,0,20,0,0,0,20,0,0,0
NEB118,F000000001,40,15,0,0,40,25,0,0,40,15,0,0,40,15,0,0,40,15,0,0,40,0,0,0,40,15,0,15,40,0,0,15,40,0,0,15,80,0,0,30,80,0,0,15,80,0,0,25
NEG041,F000000001,100,79,0,45,100,90,0,50,100,37.5,0,43,50,57,0,30,50,30,0,45,50,15,0,30,60,40,0,45,60,0,0,50,60,0,0,90,100,0,0,71,100,0,0,78.5,100,0,0,140
J012,F000000001,450,705.4,0,485,450,768,0,517,450,664.6,0,367,400,591.45,0,350,400,595.6,0,220,400,397.35,0,399.5,500,598.3,0,469.1,500,0,0,479,500,0,0,465,600,0,0,532.5,650,0,0,656.9,650,0,0,949
M413,F000000001,80,22,0,15,80,0,0,0,80,0,0,0,40,0,0,11,40,0,0,52.5,40,0,0,0,40,0,0,20,40,0,0,35,40,0,0,20,70,0,0,40,70,0,0,18,70,0,0,62.9
NEP083,F000000001,100,175,0,140,100,129.1,0,158,100,109.6,0,70,60,74.95,0,35,60,89.5,0,50,60,55,0,40,100,122.2,0,83,100,0,0,75.5,100,0,0,20,100,0,0,0,100,0,0,203,100,0,0,212
P211,F000000001,50,52.5,0,54,50,59,0,37.5,50,18,0,0,50,20,0,10,50,60,0,19,50,23,0,30.5,50,54.95,0,17,50,0,0,38,50,0,0,59,60,0,0,40,60,0,0,64.5,60,0,0,114
NEP077,F000000001,350,356.5,0,230,350,373,0,198,350,249.55,0,139,250,205,0,200,250,218.65,0,227,250,165.85,0,168.5,300,273.45,0,210,300,0,0,225,300,0,0,293.5,450,0,0,360.5,500,0,0,370.85,500,0,0,301.8
NEP082,F000000001,80,64,0,20,80,57.5,0,19,80,41.75,0,23,50,41,0,40,50,35.95,0,35,50,50,0,50,50,39.8,0,32.5,50,0,0,37,50,0,0,74,80,0,0,99,80,0,0,81,80,0,0,63.9
NER086,F000000001,40,0,0,15,40,0,0,15,40,0,0,18,40,0,0,0,40,0,0,0,40,0,0,15,40,0,0,0,40,0,0,17,40,0,0,0,40,0,0,0,40,0,0,15,40,0,0,17.5
S060,F000000001,550,679.5,450,510,550,597,450,362,550,527.65,400,424,400,497.05,0,384.5,400,318.25,300,500,400,395.6,300,454,500,538.35,350,455,500,0,450,440,500,0,450,433,650,0,500,512,700,0,500,640.5,700,0,600,858.05
S185,F000000001,550,434,0,245,550,534.5,0,285,550,359,0,230,400,271.5,0,256,400,364.3,0,316,400,266.5,0,327,450,295,0,323,450,0,0,319,450,0,0,427,650,0,0,347,700,0,0,439.5,700,0,0,635.15
G081,F000000001,50,0,0,15,50,0,0,0,50,0,0,0,40,0,0,15,40,0,0,30,40,0,0,15,40,0,0,15,40,0,0,27.5,40,0,0,34.5,100,0,0,25,100,0,0,13,100,0,0,0
K026,F000000001,100,0,0,40,100,0,0,38,100,0,0,10,70,0,0,0,70,0,0,0,70,6.5,0,0,80,5,0,10,80,0,0,20,80,0,0,20,100,0,0,20,100,0,0,22,100,0,0,0
L013,F000000001,450,232.5,0,292,450,263,0,406.5,450,141.75,0,343,350,156.35,0,178,350,160.5,0,90,350,235,0,107,400,238.6,0,127.5,400,0,0,145.5,400,0,0,202,500,0,0,254.5,550,0,0,279.5,550,0,0,210.15
S457,F000000001,100,78,0,59,100,70,0,22,100,40.5,0,45,50,52.5,0,39,50,54.5,0,20,50,45,0,37,70,88.5,0,40,70,0,0,70,70,0,0,62,100,0,0,97,150,0,0,67,150,0,0,108
NED076,F000000001,100,47.5,0,0,100,35,0,10,100,44,0,48,60,35,0,43,60,29.9,0,47.5,60,20,0,30,80,20,0,32,80,0,0,77.5,80,0,0,57,100,0,0,73,150,0,0,51,150,0,0,35.5
NES193,F000000001,100,57,0,0,100,50,0,22,100,55.5,0,33,50,29.95,0,24.5,50,15,0,30,50,20,0,15,60,12.5,0,30,60,0,0,43,60,0,0,48,100,0,0,49,150,0,0,45.5,150,0,0,94
NEO010,F000000001,100,17.45,0,0,100,0,0,0,100,0,0,0,60,29.85,0,20,60,0,0,80,60,25,0,80,80,58.75,0,36.5,80,0,0,57,80,0,0,55,100,0,0,48,150,0,0,50,150,0,0,33
NEC055,F000000001,150,136,0,0,150,180,0,0,150,91.95,0,0,80,34.9,0,0,80,104,0,0,80,20,0,0,100,80,0,0,100,0,0,22,100,0,0,70,100,0,0,130,150,0,0,175,150,0,0,150
NEB144,F000000001,0,105,0,0,0,35,0,0,0,51,0,0,0,64.6,0,0,0,59.9,0,0,0,33,0,0,0,70,0,0,0,0,0,0,0,0,0,0,0,0,0,0,0,0,0,0,0,0,0,65
NET007,F000000001,0,0,0,0,0,0,0,0,0,0,0,0,0,0,0,0,0,0,0,0,0,0,0,0,0,0,0,0,0,0,0,0,0,0,0,0,0,0,0,0,0,0,0,0,0,0,0,0
L097,F000000001,0,0,0,0,0,0,0,0,0,0,0,0,0,0,0,0,0,0,0,0,0,0,0,0,0,0,0,0,0,0,0,0,0,0,0,0,0,0,0,0,0,0,0,0,0,0,0,0
NET014,F000000001,0,0,0,0,0,0,0,0,0,0,0,0,0,0,0,0,0,0,0,0,0,0,0,0,0,0,0,0,0,0,0,0,0,0,0,0,0,0,0,0,0,0,0,0,0,0,0,0
A146,F000000001,200,285,0,260,150,302.2,0,164,150,241.4,0,118,150,227.15,0,135,150,256.3,0,158,150,229.9,0,152,200,210,0,133,200,0,0,222.5,200,0,0,307,200,0,0,320,200,0,0,270,250,0,0,381
B145,F000000001,80,185,0,22,80,75,0,27,80,74.45,0,25,80,34,0,27,80,75,0,37.5,80,56.8,0,63,80,70,0,30,80,0,0,70,100,0,0,70,100,0,0,74.5,100,0,0,60,100,0,0,69.5
B012,F000000001,80,119.5,0,11.5,80,94.25,0,30,80,61.75,0,23.5,80,59.75,0,13.5,80,65.25,0,5,80,47.5,0,27.5,80,50,0,14,80,0,0,27.5,80,0,0,81.5,80,0,0,88,80,0,0,48,100,0,0,44.5
NEB024,F000000001,100,134.75,0,102.5,100,120.75,0,51,100,98.25,0,30.5,100,111,0,47.5,100,90.75,0,38.75,100,91.5,0,62.5,100,112,0,78.5,100,0,0,130.5,100,0,0,182,120,0,0,187,120,0,0,218.5,150,0,0,187.75
C027,F000000001,1000,1653,850,1065,900,1901.25,850,967,900,1179.3,850,790,800,1411.45,0,615,800,1522.85,600,752,800,1225,600,795.25,1000,1342.5,650,604,1000,0,650,767.5,1200,0,1000,1398,1400,0,1000,1266.25,1400,0,850,1593,1500,0,1000,2475.95
NED014,F000000001,200,48.15,0,178.05,200,66,0,162,200,74.95,0,200.25,150,20,0,145,150,0,0,102,150,0,0,66.5,200,0,0,106.5,200,0,0,132.5,200,0,0,217.5,200,0,0,137.25,200,0,0,207.15,250,0,0,120.75
E002,F000000001,600,575,400,450,500,630,400,445,500,498,400,310,400,452.65,0,355,400,584.05,300,369.5,400,616.35,300,383,600,864.5,320,337.5,600,0,320,508,600,0,400,624,650,0,450,628,650,0,400,620.5,650,0,450,831
NEK048,F000000001,100,136.5,0,53.15,100,250.75,0,80.15,100,134.25,0,89.9,80,145.25,0,59.05,80,121.6,0,46.9,80,137.95,0,73.8,100,109.5,0,72.7,100,0,0,87.75,120,0,0,139.4,120,0,0,168.65,120,0,0,129.15,120,0,0,214.8
NEK053,F000000001,50,52.25,0,0,60,20.75,0,0,60,60,0,0,40,26.25,0,0,40,11.25,0,0,40,14.75,0,0,50,9.75,0,6,50,0,0,5,40,0,0,8.75,40,0,0,3.75,40,0,0,54.75,40,0,0,8.25
M263,F000000001,150,308.4,0,219.1,120,252.75,0,206.85,120,290.5,0,75.95,100,248.9,0,121.35,100,182.5,0,86.05,100,112.5,0,111,150,126.4,0,44.95,150,0,0,44.4,120,0,0,188.45,150,0,0,150.35,150,0,0,181.25,150,0,0,340.1
P079,F000000001,150,213.6,0,252.25,180,302.25,0,202.45,180,177,0,115,150,199.75,0,132.55,150,161.95,0,188.25,150,167.75,0,135.75,150,152.75,0,132.75,150,0,0,160.6,200,0,0,203.8,250,0,0,264.65,250,0,0,228.4,250,0,0,290.75
S179,F000000001,800,1037,600,540.65,650,1078.6,600,627.35,650,835.8,600,271.2,600,623.3,0,411.1,600,501.8,450,302.5,600,465.25,450,300.1,800,609.4,500,412.55,800,0,500,377.25,900,0,600,1002.55,1000,0,650,885.6,1000,0,600,1196.2,1200,0,650,1450.45
S070,F000000001,40,15,0,28,40,15,0,0,40,10,0,17,40,0,0,30,40,10,0,0,40,0,0,15,40,30,0,0,40,0,0,0,40,0,0,15,40,0,0,0,40,0,0,0,40,0,0,0
Z004,F000000001,60,89,0,16.5,60,110.7,0,52.5,60,55,0,82,60,44,0,0,60,16,0,45.5,60,28.75,0,43,60,31,0,55.25,60,0,0,61.55,60,0,0,54.75,60,0,0,77.75,60,0,0,72.7,60,0,0,134.6
P138,F000000001,50,105,0,0,50,70,0,0,50,83.15,0,0,50,79.85,0,0,50,65,0,0,50,74.8,0,24,50,74.8,0,24,50,0,0,38,50,0,0,83.5,50,0,0,68,50,0,0,92,50,0,0,145.5
A082,F000000001,400,290.75,0,603.2,350,165,0,337.7,350,227.5,0,264.95,300,130.75,0,223.95,300,262.25,0,183.25,300,56.5,0,145,400,334.65,0,161.95,400,0,0,110.35,400,0,0,265,450,0,0,387.05,450,0,0,420.35,450,0,0,500.55
A048,F000000001,400,593.6,0,202.5,400,808.5,0,82.15,400,529.2,0,371.05,400,452.95,0,251.75,400,371.25,0,177.25,400,370.6,0,0,400,433.35,0,136.5,400,0,0,368.75,550,0,0,451,550,0,0,494.25,550,0,0,569.5,550,0,0,662.55
C011,F000000001,250,318,0,197,200,285,0,215,200,266.5,0,220,200,214.45,0,172.5,200,214.3,0,112.5,200,220,0,137,250,229.85,0,165,250,0,0,211.5,250,0,0,241,250,0,0,295,250,0,0,385,300,0,0,394.85
L035,F000000001,150,173.15,0,51.3,140,129.25,0,90.8,140,86.9,0,58,100,88.5,0,4.5,100,43.25,0,19.25,100,42.5,0,73.25,150,60.65,0,8.5,150,0,0,13.25,150,0,0,58.4,150,0,0,59.3,150,0,0,172.85,150,0,0,202.2
S220,F000000001,100,112.25,0,21.25,100,78.25,0,0,100,67,0,0,80,71.75,0,0,80,42.5,0,0,80,0,0,0,100,0,0,0,100,0,0,10,100,0,0,97,100,0,0,86.5,100,0,0,101,100,0,0,96.5
NEC017,F000000001,40,47,0,0,40,63,0,0,40,68.75,0,0,40,50,0,0,40,63,0,0,40,61.85,0,0,40,35,0,0,40,0,0,0,40,0,0,0,40,0,0,0,40,0,0,17,40,0,0,87.5
B086,F000000001,60,15,0,30.5,60,15,0,10,50,20,0,15,50,4.5,0,16.5,50,5,0,1.5,50,6.5,0,18.35,60,6.5,0,0,60,0,0,0,60,0,0,17.5,100,0,0,0,100,0,0,40,100,0,0,10
D080,F000000001,50,15,0,15,40,30,0,0,40,14.9,0,0,40,32,0,15,40,17.5,0,0,40,20.1,0,19,40,20,0,0,40,0,0,0,40,0,0,15,50,0,0,15,50,0,0,15,50,0,0,10
D011,F000000001,150,82,0,197.5,100,40,0,123.5,70,69.9,0,131,70,78.95,0,113.5,70,96.5,0,124,70,23.5,0,157.5,100,51.35,0,112.5,100,0,0,117,150,0,0,84.5,200,0,0,72,200,0,0,100.5,200,0,0,118
D012,F000000001,800,1089,850,1064.15,800,975,850,905.25,750,740,850,655.75,750,663,0,427.75,750,703,550,527,750,616.25,550,598.75,800,721.5,750,545,800,0,750,739,800,0,1000,1226.75,900,0,1000,1150,900,0,850,1305,900,0,1000,1497.5
D072,F000000001,60,0,0,13,60,13,0,0,60,13,0,28.5,60,19.95,0,13,60,-0.15,0,14,60,20,0,14,60,0,0,14,60,0,0,12,60,0,0,24,60,0,0,0,60,0,0,14,60,0,0,14
J026,F000000001,60,15,0,17.5,60,20,0,17.5,50,20,0,25,50,20,0,20,50,20,0,19,50,25,0,17.5,60,40,0,37,60,0,0,20,60,0,0,14,60,0,0,12,60,0,0,23.4,60,0,0,22.5
M070,F000000001,80,72.5,0,122.5,80,42,0,35,60,52.5,0,43,60,40,0,38,60,57.5,0,65,60,20,0,52,80,41.6,0,42.5,80,0,0,35,80,0,0,110,80,0,0,94.5,80,0,0,103,80,0,0,123.5
R039,F000000001,100,140,0,55,100,85,0,57.5,60,74.75,0,45,60,80,0,60,60,115,0,41,60,79.5,0,76,100,54,0,52.5,100,0,0,120.5,100,0,0,116,100,0,0,160,100,0,0,178,100,0,0,100
NER026,F000000001,80,20,0,40,60,40,0,35,50,-0.45,0,0,50,15,0,20,50,15,0,0,50,15,0,22,60,30,0,20,60,0,0,20,60,0,0,20,80,0,0,42,80,0,0,0,80,0,0,20
A054,F000000001,350,312.5,0,222,300,347,0,107.5,300,281.25,0,175,300,128.8,0,145,300,151.4,0,131,300,207.95,0,147.6,300,279.5,0,126,300,0,0,212,350,0,0,255,400,0,0,315,400,0,0,325,400,0,0,405
B101,F000000001,60,17,0,30,60,30,0,35,50,-0.05,0,13,50,35,0,20,50,20,0,25,50,35,0,15,60,0,0,0,60,0,0,15,60,0,0,15,100,0,0,35,100,0,0,45,100,0,0,35
NEP088,F000000001,0,0,0,0,0,0,0,0,0,0,0,0,0,0,0,0,0,0,0,16,0,0,0,0,0,0,0,0,0,0,0,0,0,0,0,0,0,0,0,0,0,0,0,0,0,0,0,0
NES073,F000000001,50,0,0,21.5,40,17,0,20,40,17,0,17,40,15,0,15,40,0,0,18,40,15,0,0,40,17,0,0,40,0,0,15,40,0,0,0,50,0,0,30,50,0,0,18,50,0,0,15
NES161,F000000001,40,20,0,35,40,15,0,0,40,20,0,20,40,12,0,0,40,5.5,0,15,40,8.5,0,20,40,5,0,0,40,0,0,0,40,0,0,0,40,0,0,15,40,0,0,0,40,0,0,15
NET032,F000000001,50,15,0,21,40,20,0,29,40,19.8,0,18,40,0,0,20,40,0,0,3,40,20,0,21.5,40,0,0,17.5,40,0,0,20,40,0,0,0,50,0,0,40,50,0,0,17.5,50,0,0,0
NER096,F000000001,80,54.5,0,0,50,35,0,20,40,37.35,0,35,40,33,0,30,40,37,0,15,40,15,0,37.5,60,37.5,0,30,60,0,0,32.5,60,0,0,55,100,0,0,37,100,0,0,45,100,0,0,39.95
NEB114,F000000001,80,34,0,0,60,17.5,0,0,50,54.5,0,0,50,0,0,0,50,45,0,0,50,40,0,1.5,50,28,0,35,50,0,0,35,50,0,0,38,80,0,0,55,80,0,0,57,80,0,0,21.8
NEL036,F000000001,50,0,0,0,50,20,0,0,50,-0.05,0,0,50,20,0,0,50,0,0,0,50,15,0,0,50,14.7,0,0,50,0,0,0,50,0,0,0,50,0,0,20,50,0,0,40,50,0,0,40
NEL015,F000000001,150,347.5,0,83,150,130,0,41.5,150,143.5,0,68,200,164.5,0,147.5,200,218.5,0,169,250,260,0,211,250,329.5,0,215,300,0,0,271,300,0,0,252.75,400,0,0,370.5,300,0,0,198.5,300,0,0,455.5
NEM064,F000000001,150,166.5,0,102,150,126,0,115.5,150,57,0,56.5,140,51,0,104,150,95,0,83,150,87,0,104,130,43,0,93.5,100,0,0,81,150,0,0,82.5,200,0,0,176.5,200,0,0,141,200,0,0,172.5
M111,F000000001,40,21,0,16,40,16,0,32,40,21,0,0,50,27,0,41,40,30.95,0,32,40,41.9,0,21,80,5,0,62.5,60,0,0,42,60,0,0,42,80,0,0,62.5,80,0,0,31,80,0,0,16
NEM058,F000000001,160,199,0,145.5,160,163.5,0,124,160,149.5,0,82.5,160,204.5,0,104,160,183,0,123,100,152,0,83.5,120,166,0,83,140,0,0,124.5,160,0,0,124.5,160,0,0,126,160,0,0,127,160,0,0,194
NEM065,F000000001,120,157,0,105,120,84,0,83.5,120,42,0,62.5,120,127,0,82.5,120,107,0,104.5,120,84,0,62.5,150,106,0,125.5,150,0,0,125,150,0,0,125.5,160,0,0,142,160,0,0,73.5,160,0,0,84
NER085,F000000001,60,121,0,52,60,74,0,50.5,60,64,0,41,60,104.85,0,41,60,75,0,41,60,106.95,0,42,60,69.5,0,42,120,0,0,100.5,100,0,0,75.5,130,0,0,97.5,130,0,0,58.5,130,0,0,105
NES054,F000000001,100,154.5,0,21,100,161,0,76,100,84,0,25.5,150,164.5,0,62,150,-0.1,0,62.5,150,0,0,68,120,32.5,0,87,180,0,0,144,200,0,0,176,300,0,0,263,250,0,0,182,250,0,0,190.5
A163,F000000001,100,47.5,0,44,100,67.25,0,44,100,51.5,0,12,100,59.5,0,28,100,65.5,0,56,70,95.5,0,30,70,55,0,19.5,100,0,0,74,100,0,0,76,100,0,0,83.5,100,0,0,30.5,100,0,0,78
A164,F000000001,1000,1100.75,0,1535.2,1000,997.25,0,1429.5,1000,662,0,732,1000,1173.35,0,762.25,800,1010.2,0,776.5,600,1135.5,0,407.25,800,1308.75,0,728.5,900,0,0,840.25,900,0,0,754.5,950,0,0,915,950,0,0,853.75,950,0,0,1049.5
B138,F000000001,250,348,0,114,250,276.5,0,107,250,97.5,0,102.75,250,254.5,0,93,250,209.7,0,153.5,280,246,0,87,190,255.5,0,112,210,0,0,177.5,350,0,0,216.25,350,0,0,329.5,350,0,0,250.25,350,0,0,387.5
D111,F000000001,100,49.5,0,61,100,44.5,0,55,100,12,0,16,100,48,0,6,60,30,0,23,80,60,0,19.65,80,60,0,44,50,0,0,27.5,100,0,0,33,60,0,0,33,60,0,0,27.5,60,0,0,49.5
NED054,F000000001,100,59,0,51,100,43,0,30,100,21,0,30.5,100,102.5,0,51,100,47,0,42,100,72,0,62,80,103.5,0,38,100,0,0,52.5,100,0,0,39.5,80,0,0,53,80,0,0,31,80,0,0,43
D110,F000000001,200,168,0,104,200,84,0,196.5,200,79,0,62.5,200,121,0,165.5,200,121,0,103.5,200,84,0,41,150,121,0,83,180,0,0,137.5,180,0,0,124.5,150,0,0,125.5,150,0,0,125.5,150,0,0,148
G015,F000000001,450,459,0,324,450,216,0,270.5,450,176,0,161.5,450,401.5,0,249.5,400,319,0,317.5,350,201,0,201.5,300,271,0,275,400,0,0,366,400,0,0,319.5,400,0,0,366.5,400,0,0,364,400,0,0,526
NEJ016,F000000001,100,102,0,60,100,64,0,41,100,61,0,0,100,60,0,5,100,53,0,31.5,100,73,0,50,100,82,0,31,80,0,0,50,80,0,0,40,100,0,0,78.5,100,0,0,30,100,0,0,108.5
J057,F000000001,350,384.25,0,256.5,350,305.95,0,302.5,350,224.5,0,212.5,350,415.75,0,219,250,325.95,0,153,350,423.5,0,129.75,250,325.5,0,152,280,0,0,253.5,350,0,0,309,230,0,0,196.5,270,0,0,231,270,0,0,340.25
L014,F000000001,60,31,0,51,60,16,0,10.5,60,10,0,0,60,21,0,32,60,24,0,28,60,62,0,30,60,70.5,0,24,30,0,0,6,60,0,0,26,60,0,0,32.5,60,0,0,21,60,0,0,10
M298,F000000001,150,106,0,92.5,150,74,0,93,150,85,0,44,150,108,0,104.5,150,76,0,76,150,118,0,74.5,140,174,0,105,150,0,0,113,150,0,0,136,170,0,0,146,170,0,0,113.5,170,0,0,189
M422,F000000001,40,21,0,0,40,32,0,20,40,21,0,0,40,10,0,10,40,21.9,0,10,40,6,0,20.5,40,43,0,0,40,0,0,16,40,0,0,10,40,0,0,15.5,40,0,0,26.5,40,0,0,10
M017,F000000001,150,157,0,73.5,150,98.5,0,73.5,150,58,0,38.5,150,124,0,37.75,100,150.5,0,42,150,168.25,0,24,120,222.5,0,56,140,0,0,109.5,200,0,0,168.5,130,0,0,93.5,130,0,0,84,130,0,0,191.5
M249,F000000001,250,163.75,0,176,250,120.5,0,129.5,250,52,0,115,250,121.5,0,129.5,250,102.5,0,117,250,109.5,0,120.5,200,140,0,107.5,180,0,0,127.5,200,0,0,118.5,130,0,0,97,130,0,0,107.5,130,0,0,132.45
M273,F000000001,300,261.25,0,217,300,210.5,0,236,300,156.25,0,150.3,300,200.25,0,127.75,300,254.8,0,194.5,270,257.5,0,161.75,200,263,0,101,280,0,0,218.25,220,0,0,176.75,250,0,0,217,250,0,0,204.25,250,0,0,260
NEM068,F000000001,120,48,0,112,120,42,0,63.5,120,19,0,53.5,120,60,0,66.5,120,25,0,47,120,12,0,38,100,19,0,34,80,0,0,52,80,0,0,41.5,70,0,0,38,70,0,0,40.5,70,0,0,34.5
NEM012,F000000001,100,84,0,61.5,100,29,0,10,100,21,0,0,50,32,0,16,100,21.5,0,32,100,11,0,32,100,65.5,0,41,80,0,0,44.75,80,0,0,50,80,0,0,63,80,0,0,41,80,0,0,83.85
M341,F000000001,60,41,0,20.5,60,37,0,21,60,32,0,9.5,60,21,0,0,80,49,0,52,60,67.45,0,10,60,80,0,0,80,0,0,41.5,80,0,0,42,80,0,0,63,80,0,0,28.5,80,0,0,84.5
R110,F000000001,60,0,0,46,60,0,0,20.5,60,0,0,20,120,0,0,102.5,80,0,0,57,60,0,0,42,60,0,0,0,60,0,0,0,60,0,0,0,60,0,0,0,60,0,0,0,60,0,0,0
R145,F000000001,100,80,0,38.5,100,92.5,0,38,100,42,0,32.5,100,55.5,0,47.4,100,53,0,75,100,93.5,0,60,100,43.5,0,40,120,0,0,105.5,80,0,0,40,80,0,0,62.5,80,0,0,0,80,0,0,54
R117,F000000001,400,242.95,0,359.5,400,149,0,132,400,92,0,74,340,199,0,104.5,360,214.5,0,166,400,168,0,88,200,164.75,0,80.5,310,0,0,294,250,0,0,195,380,0,0,353,380,0,0,217,380,0,0,363.9
T059,F000000001,200,295,0,139,200,238.65,0,108.4,200,178.1,0,50,200,236.5,0,94,200,250.7,0,167.5,200,244.25,0,158,200,242,0,179.5,260,0,0,236,300,0,0,261.25,280,0,0,246,280,0,0,234.55,280,0,0,321.25
NES185,F000000001,70,130.5,0,64,70,79.5,0,68,70,35,0,35,70,63.4,0,48,70,96.5,0,46,70,113.25,0,32.5,70,187.5,0,46,70,0,0,42,100,0,0,73.25,100,0,0,52,100,0,0,39.5,100,0,0,192
NED082,F000000001,60,83.25,0,0,60,69,0,0,60,70,0,0,60,47.5,0,20,60,60,0,41,60,94.5,0,21,60,85.5,0,32,60,0,0,36,100,0,0,70,100,0,0,54,100,0,0,78,100,0,0,87.45
NEA137,F000000001,40,63,0,0,40,8,0,0,40,10.5,0,0,40,7.5,0,20.5,40,14,0,17.5,40,28,0,12.5,40,9,0,9,30,0,0,6.5,40,0,0,15,40,0,0,19,40,0,0,5,40,0,0,30.5
NEN075,F000000001,150,194.5,0,0,150,177.5,0,0,150,55.5,0,0,150,206.65,0,39.7,180,154.2,0,154,150,228.5,0,128,150,220,0,118,160,0,0,138.05,230,0,0,126.25,150,0,0,110,150,0,0,117.5,150,0,0,161.5
NEG059,F000000001,40,10,0,0,40,21,0,0,40,5,0,0,40,21,0,0,40,21,0,11,40,20,0,11,40,11,0,11,40,0,0,0,40,0,0,0,40,0,0,10,40,0,0,11,40,0,0,5
NED089,F000000001,50,84,0,0,50,42,0,0,50,42,0,0,50,104.5,0,0,50,43,0,0,50,83.95,0,0,50,63,0,42,60,0,0,41.5,80,0,0,62.5,80,0,0,68,80,0,0,62.5,80,0,0,62.95
NEG069,F000000001,60,10,0,0,60,52,0,0,60,0,0,0,60,16,0,0,60,29.5,0,0,60,29.25,0,0,60,11.5,0,0,60,0,0,0,80,0,0,25.75,80,0,0,43.5,80,0,0,16,80,0,0,43.1
NEJ059,F000000001,60,57,0,0,60,52.5,0,0,60,20,0,0,60,0,0,0,60,6.25,0,0,60,8,0,0,50,8,0,0,50,0,0,0,80,0,0,0,80,0,0,25.75,150,0,0,90,150,0,0,110.5
NED100,F000000001,150,67,0,0,150,74,0,0,150,49.5,0,0,100,107.5,0,0,120,119,0,0,100,91.5,0,0,150,132,0,0,120,0,0,0,70,0,0,0,70,0,0,15,90,0,0,64.5,90,0,0,87.5
NER126,F000000001,50,93,0,0,50,55,0,0,50,43.5,0,0,50,81.5,0,0,40,114.5,0,0,50,118,0,0,50,119.5,0,0,40,0,0,0,60,0,0,0,60,0,0,0,80,0,0,51,80,0,0,76
NEB132,F000000001,100,203.5,0,0,100,148.5,0,0,100,76.5,0,0,100,213.75,0,0,100,201,0,0,60,203.5,0,0,70,218.5,0,0,60,0,0,0,80,0,0,0,80,0,0,0,80,0,0,70,80,0,0,197.5
NES259,F000000001,50,25.75,0,0,50,16.5,0,0,50,15,0,0,50,22.5,0,0,50,26,0,0,50,18,0,0,50,25,0,0,40,0,0,0,60,0,0,0,60,0,0,0,60,0,0,22,60,0,0,31
NEN043,F000000001,60,84.5,0,0,60,42,0,40,60,32.5,0,20,60,70.5,0,20,60,66,0,40.5,60,46,0,15,60,42,0,21,60,0,0,21,60,0,0,41,60,0,0,41,100,0,0,42,90,0,0,81
A165,F000000001,90,131,0,20,170,97,0,40,80,67,0,10,100,100,0,40,80,93,0,22,60,70,0,10,60,158,0,50,100,0,0,66,130,0,0,59,130,0,0,91,110,0,0,58,145,0,0,136
A030,F000000001,750,1012.5,0,468.75,750,644.25,0,554,750,451.25,0,277,670,440.75,0,360.55,650,504.75,0,322.3,650,681.5,0,309.5,540,797.5,0,374,600,0,0,409.5,800,0,0,496.5,800,0,0,700,780,0,0,561,1030,0,0,1025.25
NEB053,F000000001,40,0,0,0,40,0,0,10,40,0,0,0,40,0,0,10,40,0,0,0,40,0,0,0,40,0,0,4.55,40,0,0,0,40,0,0,0,40,0,0,0,40,0,0,0,20,0,0,0
NEG016,F000000001,120,62.5,0,99,100,20,0,61,100,15.8,0,41,100,27,0,40,100,24.5,0,40.5,100,28,0,51.5,60,34,0,21.5,80,0,0,37.5,100,0,0,41,100,0,0,42,100,0,0,42.5,70,0,0,59.5
J075,F000000001,0,0,0,10,0,0,0,40,0,0,0,10,0,0,0,10,0,0,0,20,0,0,0,10,0,0,0,0,0,0,0,30,0,0,0,20,0,0,0,0,0,0,0,0,0,0,0,0
J024,F000000001,130,117.5,0,105.5,100,97.5,0,36.25,150,110,0,60,120,140,0,40,100,70,0,40,100,110,0,45,60,105,0,20,60,0,0,30,110,0,0,50,150,0,0,110,130,0,0,50,150,0,0,134.65
NEJ027,F000000001,40,26,0,10,60,33.75,0,50,60,25.5,0,6,60,25,0,0,60,38.5,0,20,80,3.5,0,0,60,19,0,20,60,0,0,34.5,60,0,0,29.5,80,0,0,37.5,60,0,0,22.5,50,0,0,33.5
J076,F000000001,60,37,0,39,60,13.25,0,48,60,25.5,0,25,60,21,0,10,80,35.5,0,41.5,80,43,0,0,60,15,0,25,40,0,0,16.5,60,0,0,26,80,0,0,42.5,60,0,0,22,40,0,0,32
K137,F000000001,130,96,0,61.5,120,42,0,81.5,150,51,0,62,150,84.5,0,104.5,80,63,0,53,80,70,0,41.5,100,135.35,0,73,110,0,0,73,160,0,0,113.5,130,0,0,57,150,0,0,84,85,0,0,73
K136,F000000001,100,40,0,50,60,31,0,20,60,27,0,10,60,30,0,20,40,20,0,20,60,40,0,10,40,35,0,20,80,0,0,41,60,0,0,20,60,0,0,20,70,0,0,30,40,0,0,30
NEN005,F000000001,100,60.05,0,50,100,52,0,51.5,90,61,0,8,100,70.75,0,61.5,80,81,0,50,80,81.5,0,0,80,93,0,50.5,80,0,0,49.5,100,0,0,52,120,0,0,82.5,120,0,0,42.5,90,0,0,85.9
P174,F000000001,140,142,0,89.5,130,79.5,0,72,110,69,0,27.5,120,66.5,0,33.5,120,113,0,74.5,80,40,0,18,60,153.5,0,15.5,80,0,0,44.5,150,0,0,47.5,150,0,0,56,110,0,0,52.5,170,0,0,167.5
P035,F000000001,90,80,0,20,120,112.5,0,40,120,60,0,20,50,80,0,20,70,160,0,30,70,142.5,0,30,70,90,0,50,90,0,0,60,120,0,0,60,100,0,0,40,150,0,0,80,90,0,0,87.5
R144,F000000001,150,131.5,0,117.5,150,70.5,0,92.5,150,60,0,70,140,90,0,105,120,78,0,60,100,75.5,0,37.5,110,76,0,90,170,0,0,129.5,150,0,0,75,150,0,0,77.25,150,0,0,86,120,0,0,115
R108,F000000001,270,167,0,145,270,130,0,227.5,270,59.5,0,104.8,200,130,0,100.5,200,200,0,96,180,170,0,90,150,186.5,0,70.5,140,0,0,109.5,310,0,0,275,300,0,0,262,380,0,0,325,320,0,0,312.5
R102,F000000001,60,0,0,30,60,0,0,20,60,0,0,0,40,0,0,0,40,0,0,2.5,40,0,0,2.5,40,0,0,0,40,0,0,10,40,0,0,0,40,0,0,0,40,0,0,2.5,30,0,0,10
NES043,F000000001,60,0,0,30,60,0,0,0,60,0,0,0,40,0,0,0,40,0,0,0,40,0,0,0,40,0,0,0,40,0,0,0,40,0,0,0,40,0,0,0,40,0,0,0,30,0,0,0
S451,F000000001,30,0,0,10.5,30,10,0,0,30,0,0,0,30,4.5,0,0,30,0,0,0,30,12,0,0,30,8,0,0,30,0,0,0,30,0,0,0,30,0,0,10,30,0,0,10,30,0,0,10
T072,F000000001,240,227.5,0,155,220,160.5,0,150,220,60,0,107,150,116,0,100,200,100,0,87,200,187.5,0,90,130,313.75,0,53.5,170,0,0,123.5,220,0,0,148.5,270,0,0,232.5,220,0,0,93.5,260,0,0,249
NET070,F000000001,200,228.45,0,0,200,143,0,40,200,131.95,0,91,120,100,0,81.5,120,148,0,84,220,87,0,135,140,218.5,0,124.5,160,0,0,147.5,200,0,0,115,200,0,0,163,200,0,0,158.5,200,0,0,198
NEC050,F000000001,220,230.45,0,0,220,183,0,0,200,141.5,0,0,110,146.5,0,0,120,127.35,0,0,80,164.7,0,30,100,120,0,69,200,0,0,193.5,140,0,0,63,240,0,0,217,230,0,0,189,280,0,0,270
NER032,F000000001,0,0,0,0,0,0,0,0,0,0,0,0,0,0,0,0,0,0,0,0,0,0,0,0,0,0,0,0,0,0,0,0,0,0,0,0,0,0,0,0,0,0,0,0,0,0,0,0
NES020,F000000001,0,0,0,0,0,0,0,0,0,0,0,0,0,0,0,0,0,0,0,0,0,0,0,0,0,0,0,0,0,0,0,0,0,0,0,0,0,0,0,0,0,0,0,0,0,0,0,0
NEA030,F000000001,60,62.5,0,21,40,21,0,20,70,42,0,21,60,63,0,41.5,60,63,0,41.5,40,21,0,16,90,43,0,63,90,0,0,62.5,80,0,0,48.5,85,0,0,62.5,60,0,0,42,60,0,0,58
NEJ002,F000000001,100,79,0,72.5,160,63,0,138.5,130,21,0,72.5,170,57.75,0,141.5,80,-0.4,0,57,120,0,0,84,90,0,0,63,140,0,0,99.5,120,0,0,78.5,150,0,0,121,120,0,0,104.5,100,0,0,84
K158,F000000001,40,40.5,0,32,30,20.5,0,16,50,0,0,15,60,21,0,32,40,0,0,16,40,21,0,15.5,40,16.5,0,15.5,40,0,0,15.5,40,0,0,16,60,0,0,31.5,40,0,0,21,40,0,0,21
NEM069,F000000001,40,17,0,27,50,9,0,31.5,40,16,0,10,40,19,0,17,50,9,0,24,40,8.5,0,20,40,9,0,15,60,0,0,39,40,0,0,16.5,40,0,0,20,30,0,0,16.5,40,0,0,15.5
NEM070,F000000001,80,84,0,41,100,42,0,81.5,80,62.5,0,51.5,80,79,0,62.5,80,61.6,0,58,60,42,0,20.5,80,21,0,63,60,0,0,42,80,0,0,62,80,0,0,59,90,0,0,79,80,0,0,84.5
P152,F000000001,70,62.5,0,39,80,63,0,56.5,90,63,0,53,80,69,0,46.5,90,84,0,63,60,168,0,20.5,80,63,0,57,60,0,0,40.5,100,0,0,58,80,0,0,58,100,0,0,84,70,0,0,104.9
NER060,F000000001,250,141.3,0,144,240,79,0,207.5,160,42,0,63,90,104.5,0,63,100,84,0,82,100,104,0,62,80,103,0,62.5,130,0,0,104,100,0,0,62,100,0,0,83.5,120,0,0,105,250,0,0,147
S277,F000000001,40,21,0,0,40,21,0,0,40,0,0,10.5,40,0,0,16,60,0,0,36.5,60,0,0,21,60,0,0,37,60,0,0,42,40,0,0,16,80,0,0,53,50,0,0,37,40,0,0,42
NEA045,F000000001,550,564.5,0,416,500,515,0,426,450,493.5,0,196.5,470,548,0,419,400,540.5,0,353,350,554.5,0,257.5,400,616.65,0,332,500,0,0,401.5,560,0,0,451,550,0,0,493,650,0,0,632,550,0,0,699.5
NEA062,F000000001,40,23,0,5,40,12,0,23.5,60,5,0,6,40,19,0,11,40,0,0,12,40,0,0,12,40,0,0,13,40,0,0,12,40,0,0,5,40,0,0,11,30,0,0,13,40,0,0,28
A022,F000000001,220,305,0,139,250,153.5,0,220.5,170,202,0,116.5,150,207,0,112,160,204.5,0,132,130,164.5,0,86,120,160.1,0,90.5,200,0,0,147.5,200,0,0,165.5,250,0,0,225,280,0,0,264,220,0,0,309.5
A127,F000000001,40,35.5,0,10,40,8,0,22,50,9,0,6,40,25,0,7.5,40,14.5,0,15.5,40,25,0,28,50,16,0,26,30,0,0,7,40,0,0,18,40,0,0,19.5,30,0,0,12,40,0,0,24.5
A077,F000000001,180,105,0,98.5,180,104.5,0,146,160,126,0,108.5,200,143.5,0,165,90,125.8,0,63,100,105.5,0,79,100,147,0,63,220,0,0,182.5,150,0,0,126,150,0,0,125,170,0,0,146.5,180,0,0,146.5
NEB001,F000000001,80,65,0,0,40,5,0,0,40,21,0,0,40,61,0,0,50,42,0,16,40,21,0,5,30,16.5,0,0,40,0,0,15,40,0,0,5,40,0,0,0,40,0,0,0,80,0,0,62.95
NED004,F000000001,120,80.5,0,64,60,72.5,0,43,60,90.5,0,10,70,60,0,42,50,55,0,31,60,65,0,24.5,60,33.5,0,29.5,60,0,0,37,70,0,0,41,90,0,0,68.5,70,0,0,58.5,120,0,0,52.5
D091,F000000001,200,64,0,151.5,260,32.5,0,235.5,150,38,0,102,180,75,0,146,100,71,0,81,120,21,0,51.5,130,42,0,101.5,100,0,0,60,200,0,0,99.5,110,0,0,79.5,60,0,0,46,200,0,0,172
NEG009,F000000001,70,65.5,0,40,40,27.5,0,25,50,50.5,0,0,60,37,0,32,80,13,0,60.5,80,52.5,0,28.5,40,18,0,0,60,0,0,44.5,60,0,0,26,50,0,0,37,40,0,0,25,70,0,0,47
H053,F000000001,80,63,0,48,80,16,0,74,70,27,0,4.5,100,32,0,67.5,70,35.15,0,41,70,35.65,0,52,65,36,0,39,80,0,0,48,80,0,0,45.5,60,0,0,37,60,0,0,45.5,80,0,0,47.5
K014,F000000001,60,52,0,31,80,54,0,71.5,40,49,0,10,70,66,0,0,40,28,0,0,40,38.5,0,21,60,35,0,31,70,0,0,56.5,70,0,0,24.5,75,0,0,59,80,0,0,70,60,0,0,66
M200,F000000001,120,162,0,62,130,105,0,122.5,150,84,0,42,130,127,0,82.5,80,99.95,0,42,90,63,0,21,90,84.5,0,63,130,0,0,120,120,0,0,63,150,0,0,120.5,190,0,0,169,120,0,0,224.5
M151,F000000001,0,0,0,16,0,0,0,31,0,0,0,16,0,0,0,0,0,0,0,0,0,0,0,0,0,0,0,0,0,0,0,0,0,0,0,0,0,0,0,0,0,0,0,0,0,0,0,0
NER044,F000000001,60,0,0,46.5,20,0,0,0,80,20.5,0,0,40,5,0,10,50,41.5,0,37,50,20.5,0,0,45,7,0,21,40,0,0,0,40,0,0,0,40,0,0,0,50,0,0,32,60,0,0,16
R014,F000000001,120,62,0,98.5,120,37,0,103,100,21,0,32,130,79,0,73,120,57,0,95,100,42.5,0,41.5,80,42,0,48,100,0,0,53,80,0,0,37,130,0,0,79,120,0,0,97,120,0,0,74.5
S373,F000000001,0,0,0,0,0,0,0,0,0,0,0,0,0,0,0,20.5,0,0,0,0,0,0,0,0,0,0,0,16,0,0,0,0,0,0,0,14,0,0,0,0,0,0,0,0,0,0,0,0
NES140,F000000001,0,0,0,21,0,0,0,35,0,0,0,20.5,0,0,0,41.5,0,0,0,16,0,0,0,0,0,0,0,58,0,0,0,36,0,0,0,36,0,0,0,0,0,0,0,0,0,0,0,0
S392,F000000001,80,21,0,49.5,70,0,0,52,100,21,0,37,70,37,0,21,70,0,0,32,90,0,0,20.5,50,21,0,21,80,0,0,42,100,0,0,63,70,0,0,52,60,0,0,42,80,0,0,52.5
NES058,F000000001,40,38.5,0,21,40,17,0,10,60,24,0,10,60,8.5,0,30.5,40,29,0,26.5,50,15,0,12,40,30.5,0,23,30,0,0,15.5,50,0,0,19,40,0,0,21,60,0,0,39,40,0,0,23.5
T033,F000000001,80,84,0,41,140,84,0,124,80,63,0,21,120,63,0,82.5,60,42,0,42,80,42,0,63,90,63.5,0,62.5,100,0,0,83.5,100,0,0,42,80,0,0,62.5,90,0,0,63.5,80,0,0,85
U015,F000000001,60,62.5,0,21,60,16,0,42,60,42,0,0,50,42,0,21,50,42,0,21,50,63,0,21,50,84,0,21,70,0,0,42,50,0,0,21,50,0,0,21,40,0,0,21,60,0,0,84
NEA147,F000000001,50,60.5,0,0,40,50,0,0,60,56,0,0,40,44,0,0,40,40,0,0,40,26,0,22,40,32,0,16,70,0,0,44,60,0,0,34,80,0,0,55,55,0,0,37,50,0,0,81
NEB120,F000000001,80,113.5,0,0,40,86,0,0,60,72.5,0,0,50,96.5,0,0,50,108,0,0,60,88.5,0,0,60,128.5,0,0,60,0,0,32.5,60,0,0,32.5,110,0,0,84,120,0,0,91,80,0,0,70.45
NES224,F000000001,60,41.95,0,0,40,42,0,0,60,21,0,0,50,42,0,0,50,42,0,0,40,42.5,0,0,60,42,0,0,60,0,0,42,90,0,0,63,40,0,0,21,65,0,0,42,60,0,0,63
NEB145,F000000001,40,54,0,0,40,41,0,0,50,37,0,0,20,56.35,0,0,40,47,0,0,40,43.5,0,0,40,25.5,0,0,40,0,0,0,60,0,0,0,60,0,0,0,30,0,0,0,40,0,0,31
T046,F000000001,0,0,0,0,0,0,0,0,0,0,0,0,0,0,0,0,0,0,0,0,0,0,0,0,0,0,0,0,0,0,0,0,0,0,0,0,0,0,0,0,0,0,0,0,0,0,0,0
B151,F000000001,40,30.75,0,17,40,18,0,0,40,18,0,0,40,0,0,0,40,0,0,12,40,0,0,15,60,0,0,29,60,0,0,36,40,0,0,0,40,0,0,18,60,0,0,36,60,0,0,35.5
NEC038,F000000001,120,104.2,0,89.85,120,38.8,0,62,120,20,0,27,100,34.85,0,75.5,100,16,0,58.25,60,5.75,0,62.5,80,6,0,113.75,80,0,0,128,60,0,0,51.7,60,0,0,20.25,80,0,0,94.25,80,0,0,104.5
NEC039,F000000001,160,91.4,0,115,160,77.85,0,210.15,160,75.75,0,73.55,100,40.5,0,41,100,53.6,0,95.5,60,57.5,0,73.9,80,136.4,0,94,80,0,0,91.25,60,0,0,75.25,60,0,0,75.25,80,0,0,61,80,0,0,176.45
F001,F000000001,80,75,0,63,80,133,0,54,80,28,0,36,40,69,0,0,40,66.95,0,38,40,53,0,79,60,75,0,141,60,0,0,169.5,40,0,0,91,40,0,0,54,60,0,0,70,60,0,0,72
NEH010,F000000001,160,71.45,0,73.75,160,142.35,0,107.9,160,53.95,0,38,120,59.75,0,78,120,56.5,0,83.25,80,69.8,0,73.85,80,23.35,0,70.75,80,0,0,103,80,0,0,97.5,80,0,0,103.95,80,0,0,75,80,0,0,152.7
J047,F000000001,40,65,0,68,40,84,0,36,40,36,0,18,40,71,0,0,40,59,0,57,40,34,0,18,60,59,0,72,60,0,0,86,40,0,0,37,40,0,0,68,60,0,0,62,60,0,0,32.9
NEK047,F000000001,20,0,0,49.5,20,17,0,12,20,0,0,0,20,0,0,0,20,0,0,0,20,0,0,0,20,10,0,0,20,0,0,0,20,0,0,0,20,0,0,23,20,0,0,0,20,0,0,0
L040,F000000001,40,19,0,36,40,38,0,0,40,18,0,0,40,18,0,0,40,17.8,0,19,40,18,0,0,40,0,0,36,40,0,0,39,40,0,0,36,40,0,0,0,40,0,0,18,40,0,0,38
NEL019,F000000001,120,20,0,278.2,120,59,0,185,120,0,0,66.15,80,0,0,78,80,-0.2,0,134.5,40,0,0,68,40,0,0,65,40,0,0,92.5,40,0,0,86.5,40,0,0,82,40,0,0,48,40,0,0,107.1
NEM100,F000000001,40,0,0,0,40,50,0,34,40,0,0,0,40,0,0,0,40,37,0,18,40,0,0,18,40,0,0,12,40,0,0,35,40,0,0,18,40,0,0,18,40,0,0,0,40,0,0,24
M141,F000000001,40,0,0,81,40,0,0,60,40,0,0,38,40,0,0,20,40,0,0,0,40,0,0,0,40,0,0,19.5,40,0,0,0,40,0,0,0,40,0,0,0,40,0,0,0,40,0,0,0
NEN051,F000000001,100,0,0,92,100,16.5,0,65,100,0,0,0,100,0,0,68,100,0,0,108,60,0,0,42,80,0,0,35,80,0,0,98,60,0,0,99.5,60,0,0,0,80,0,0,105.5,80,0,0,19.95
NER074,F000000001,40,36,0,19,40,20,0,20,40,17.75,0,0,40,20,0,0,40,18,0,0,40,0,0,18,40,0,0,37,40,0,0,36,40,0,0,0,40,0,0,18,40,0,0,35,40,0,0,18.4
NER046,F000000001,20,17.5,0,36,20,54,0,36,20,17.45,0,0,20,20,0,0,20,41,0,0,20,18,0,0,20,19,0,0,20,0,0,57,20,0,0,91,20,0,0,26,20,0,0,12.5,20,0,0,19
NER045,F000000001,60,80,0,54,60,118,0,52,60,92.25,0,18,60,110.85,0,59,60,46.95,0,74,40,34.5,0,56,40,77,0,18,40,0,0,72,40,0,0,18,40,0,0,38,40,0,0,33,40,0,0,38.95
V001,F000000001,120,82.75,0,55.85,120,95,0,38,120,-1.3,0,0,80,0,0,54,80,0,0,68,80,-0.15,0,68,100,0,0,67.3,100,0,0,114,80,0,0,72,80,0,0,56,100,0,0,56,100,0,0,96.9
V003,F000000001,60,42,0,42,60,83.95,0,42,60,42,0,21,60,41.95,0,21,60,62.75,0,46,60,63,0,41,80,42,0,43,80,0,0,63,60,0,0,57.95,60,0,0,44.5,80,0,0,57.5,80,0,0,42
C069,F000000001,20,0,0,0,20,0,0,56,20,0,0,0,20,0,0,0,20,0,0,0,20,0,0,0,20,0,0,0,20,0,0,0,20,0,0,0,20,0,0,0,20,0,0,0,20,0,0,0
A170,F000000001,20,0,0,18,20,18,0,0,20,0,0,0,20,17.15,0,0,20,0,0,18,20,16,0,0,20,0,0,15,20,0,0,0,20,0,0,18,20,0,0,18,20,0,0,18,20,0,0,16
NEA071,F000000001,40,34.5,0,16,40,84.75,0,33.5,40,37.4,0,9,40,37.5,0,24.5,40,54,0,18,40,35.5,0,24,40,107.1,0,56.75,40,0,0,24.5,40,0,0,30.9,40,0,0,39,40,0,0,60.5,40,0,0,70.5
B160,F000000001,20,16,0,18,20,18,0,0,20,17,0,0,20,18,0,0,20,18,0,18,20,17.5,0,34,20,36,0,0,20,0,0,18,20,0,0,18,20,0,0,0,20,0,0,18,20,0,0,-1.05
B118,F000000001,40,19,0,18,40,0,0,18,40,53.95,0,0,40,0,0,0,40,0,0,0,40,0,0,18,60,0,0,17,60,0,0,37,40,0,0,18,40,0,0,18,60,0,0,18,60,0,0,36
C079,F000000001,20,0,0,18,20,19,0,18,20,0,0,0,20,0,0,0,20,-0.5,0,0,20,0,0,0,20,0,0,18,20,0,0,18,20,0,0,20,20,0,0,0,20,0,0,18,20,0,0,19
C063,F000000001,20,0,0,18,20,0,0,0,20,0,0,0,20,0,0,18,20,0,0,10,20,16,0,0,20,0,0,10,20,0,0,20,20,0,0,17.5,20,0,0,17.5,20,0,0,17,20,0,0,0
C068,F000000001,20,64,0,36,20,53.5,0,0,20,28.05,0,10,20,36,0,0,20,36,0,0,20,15,0,0,20,19.5,0,0,20,0,0,0,20,0,0,0,20,0,0,36,20,0,0,67,20,0,0,70
C086,F000000001,20,29.45,0,36,20,17,0,31,20,17.5,0,0,20,18,0,0,20,-0.1,0,0,20,23,0,0,20,16.5,0,0,20,0,0,0,20,0,0,0,20,0,0,0,20,0,0,0,20,0,0,34
NED030,F000000001,20,0,0,10,20,0,0,10,20,0,0,0,20,0,0,0,20,0,0,0,20,0,0,0,20,0,0,0,20,0,0,0,20,0,0,0,20,0,0,0,20,0,0,0,20,0,0,0
NEJ017,F000000001,120,76.5,0,50,120,69.5,0,47.75,120,75,0,32.5,100,44,0,16,100,48.5,0,39,60,51,0,27,80,20.5,0,38.5,80,0,0,81,60,0,0,37,60,0,0,43,80,0,0,60,80,0,0,99.5
K104,F000000001,80,102,0,129.5,80,84,0,130.5,80,73.5,0,54.5,80,45,0,0,80,60,0,102,80,52,0,54.5,100,62,0,58.25,100,0,0,46.5,80,0,0,68.5,80,0,0,113.7,100,0,0,55.15,100,0,0,62
K151,F000000001,140,67.5,0,42,140,109.6,0,62,140,17.8,0,18,100,51.9,0,80,100,20.75,0,99,60,63,0,62,80,45.65,0,113.85,80,0,0,104,60,0,0,82,60,0,0,61.5,80,0,0,113.35,80,0,0,138.5
L037,F000000001,20,28,0,0,20,54,0,12.5,20,5.9,0,0,20,26.5,0,0,20,19,0,0,20,22.5,0,0,20,0,0,0,20,0,0,18,20,0,0,0,20,0,0,6,20,0,0,5,20,0,0,25
L043,F000000001,20,0,0,15,20,0,0,0,20,0,0,0,20,0,0,0,20,0,0,0,20,0,0,0,20,0,0,0,20,0,0,0,20,0,0,0,20,0,0,0,20,0,0,0,20,0,0,0
L060,F000000001,40,34,0,36,40,54,0,36,40,35,0,10,40,18,0,36,40,18,0,18,40,30,0,18,40,29.65,0,36,40,0,0,54,40,0,0,36,40,0,0,0,40,0,0,0,40,0,0,18
NEM084,F000000001,80,0,0,39,80,0,0,24,80,0,0,21,80,0,0,0,80,0,0,0,60,0,0,0,60,0,0,0,60,0,0,0,60,0,0,0,60,0,0,0,60,0,0,0,60,0,0,0
NEM050,F000000001,20,0,0,12,20,9,0,121.5,20,4,0,15.85,20,0,0,0,20,0,0,0,20,0,0,0,20,0,0,0,20,0,0,0,20,0,0,0,20,0,0,0,20,0,0,0,20,0,0,0
M038,F000000001,20,0,0,18,20,21,0,3,20,0,0,0,20,20,0,0,20,1,0,0,20,0,0,0,20,0,0,0,20,0,0,0,20,0,0,0,20,0,0,0,20,0,0,0,20,0,0,0
NEM075,F000000001,60,-0.05,0,89.5,60,0,0,159.5,60,0,0,33,20,0,0,0,20,0,0,0,20,0,0,0,20,0,0,12,20,0,0,63,20,0,0,43.5,20,0,0,22,20,0,0,12,20,0,0,21
M068,F000000001,20,20.25,0,0,20,7.5,0,0,20,9.5,0,0,20,13,0,0,20,0,0,0,20,0,0,0,20,0,0,0,20,0,0,0,20,0,0,0,20,0,0,0,20,0,0,0,20,0,0,0
NEM078,F000000001,20,0,0,0,20,0,0,35.5,20,0,0,0,20,0,0,0,20,0,0,0,20,0,0,0,20,0,0,0,20,0,0,0,20,0,0,0,20,0,0,0,20,0,0,0,20,0,0,0
P001,F000000001,60,45,0,19,60,32,0,40,60,-2.65,0,0,60,18,0,0,60,0,0,47,60,0,0,15,80,0,0,0,80,0,0,39,60,0,0,16,60,0,0,52,80,0,0,16,80,0,0,33.75
P125,F000000001,80,15,0,22.5,80,55.45,0,12,80,29.5,0,8.8,80,5.5,0,0,80,3,0,21,60,0,0,0,80,0,0,34,80,0,0,29.5,60,0,0,23,60,0,0,36.25,80,0,0,36.5,80,0,0,67.65
P128,F000000001,20,0,0,0,20,0,0,18,20,0,0,0,20,0,0,0,20,0,0,0,20,0,0,0,20,0,0,0,20,0,0,0,20,0,0,0,20,0,0,0,20,0,0,0,20,0,0,0
P093,F000000001,20,18,0,20,20,0,0,33,20,0,0,0,20,18,0,0,20,0,0,34,20,0,0,-3.75,20,22.1,0,0,20,0,0,0,20,0,0,0,20,0,0,0,20,0,0,0,20,0,0,5
R002,F000000001,40,0,0,40,40,0,0,77.9,40,0,0,0,40,0,0,0,40,0,0,0,40,0,0,0,40,0,0,0,40,0,0,24.5,40,0,0,67.5,40,0,0,63,40,0,0,66,40,0,0,27
S280,F000000001,20,0,0,0,20,0,0,20,20,0,0,0,20,0,0,0,20,0,0,0,20,0,0,0,20,0,0,0,20,0,0,0,20,0,0,0,20,0,0,0,20,0,0,0,20,0,0,0
NET003,F000000001,20,0,0,18,20,0,0,36,20,0,0,36,20,0,0,0,20,0,0,0,20,0,0,0,40,0,0,0,40,0,0,0,20,0,0,0,20,0,0,0,40,0,0,0,40,0,0,0
NEB147,F000000001,20,20,0,0,20,0,0,0,20,0,0,0,20,19,0,0,20,0,0,0,20,0,0,0,20,0,0,0,20,0,0,0,20,0,0,0,20,0,0,0,20,0,0,0,20,0,0,0
NES178,F000000001,80,30,0,52,80,70,0,72,80,13.85,0,34,80,68,0,39,80,30.05,0,52,80,13.5,0,18,80,44.5,0,69,80,0,0,52,80,0,0,36,80,0,0,48.5,80,0,0,35,80,0,0,35
NEB102,F000000001,120,77.5,0,0,120,59.7,0,44.75,120,22.75,0,15,80,82.35,0,290,80,63.1,0,142.5,40,26.5,0,25.55,40,14.5,0,54,40,0,0,110.75,40,0,0,74.85,40,0,0,51.75,40,0,0,116.25,40,0,0,66.5
NET069,F000000001,60,35.95,0,0,60,36,0,20,60,15.45,0,18,60,37.75,0,0,60,0,0,36,60,0,0,50,80,0,0,72,80,0,0,74,60,0,0,18,60,0,0,18,80,0,0,20,80,0,0,71.1
NEM133,F000000001,380,647,0,0,380,466,0,0,380,364.5,0,0,300,299.85,0,90,300,328.55,0,235.4,200,339.55,0,197,300,319.25,0,381.8,300,0,0,360.45,200,0,0,326.7,200,0,0,423.1,300,0,0,588.35,300,0,0,467.5
NEC049,F000000001,60,19,0,0,60,60,0,0,60,19,0,0,60,21,0,0,60,0,0,37.5,60,42,0,0,80,-0.15,0,40,80,0,0,38,60,0,0,40,60,0,0,58,80,0,0,40,80,0,0,60
NEA144,F000000001,40,32.35,0,0,40,45,0,0,40,26.5,0,0,40,23.5,0,0,40,0,0,17,40,0,0,0,60,0,0,17,60,0,0,20,40,0,0,19,40,0,0,17,60,0,0,24,60,0,0,38
NEM142,F000000001,20,16,0,0,20,12,0,0,20,17.45,0,0,20,0,0,0,20,12,0,0,20,23,0,0,20,12.5,0,6,20,0,0,18,20,0,0,6,20,0,0,12,20,0,0,6,20,0,0,6
NEA150,F000000001,40,18,0,0,40,56,0,0,40,14.7,0,0,40,17.5,0,0,40,16,0,0,40,36.5,0,0,60,0,0,18,60,0,0,17,40,0,0,0,40,0,0,36,60,0,0,34,60,0,0,19.2
NEB115,F000000001,40,44,0,0,40,31.5,0,0,40,16.95,0,0,40,37,0,0,40,18,0,0,40,18,0,0,40,38,0,37,40,0,0,19,40,0,0,20,40,0,0,39,40,0,0,35,40,0,0,16.5
NEG064,F000000001,40,49.5,0,0,40,19,0,0,40,17.5,0,0,40,0,0,0,40,20,0,0,40,0,0,0,60,0,0,0,60,0,0,38,40,0,0,18,40,0,0,18,60,0,0,38,60,0,0,18
NEM146,F000000001,20,53,0,0,20,43,0,0,20,34.65,0,0,20,33,0,0,20,44,0,0,20,7.95,0,0,20,30,0,0,20,0,0,69.5,20,0,0,19,20,0,0,18,20,0,0,53,20,0,0,41
NEM148,F000000001,20,49,0,0,20,52,0,0,20,0,0,0,20,34,0,0,20,0,0,0,20,18,0,0,20,0,0,0,20,0,0,0,20,0,0,20,20,0,0,0,20,0,0,18,20,0,0,0
NEC057,F000000001,100,40.85,0,0,100,147.5,0,0,100,83.4,0,0,60,41.9,0,0,60,67.75,0,0,40,63,0,0,40,91.5,0,0,40,0,0,0,40,0,0,42,40,0,0,106,40,0,0,63,40,0,0,126.5
A121,F000000001,0,0,0,0,0,0,0,0,0,0,0,0,0,0,0,0,0,0,0,0,0,0,0,0,0,0,0,0,0,0,0,0,0,0,0,0,0,0,0,0,0,0,0,0,0,0,0,0
B129,F000000001,20,0,0,0,20,0,0,0,20,0,0,0,20,0,0,0,20,0,0,0,20,0,0,0,20,0,0,0,20,0,0,0,20,0,0,0,20,0,0,0,20,0,0,0,20,0,0,0
D127,F000000001,0,0,0,0,0,0,0,0,0,0,0,0,0,0,0,0,0,0,0,0,0,0,0,0,0,0,0,0,0,0,0,0,0,0,0,0,0,0,0,0,0,0,0,0,0,0,0,0
D041,F000000001,0,0,0,0,0,0,0,0,0,0,0,0,0,0,0,0,0,0,0,0,0,0,0,0,0,0,0,0,0,0,0,0,0,0,0,0,0,0,0,0,0,0,0,0,0,0,0,0
NEK039,F000000001,0,0,0,0,0,0,0,0,0,0,0,0,0,0,0,0,0,0,0,0,0,0,0,0,0,0,0,0,0,0,0,0,0,0,0,0,0,0,0,0,0,0,0,0,0,0,0,0
P086,F000000001,0,0,0,0,0,0,0,0,0,0,0,0,0,0,0,0,0,0,0,0,0,0,0,0,0,0,0,0,0,0,0,0,0,0,0,0,0,0,0,0,0,0,0,0,0,0,0,0
NEZ008,F000000001,20,71,0,0,20,33,0,0,20,0,0,0,20,0,0,0,20,0,0,0,20,0,0,0,20,0,0,0,20,0,0,0,20,0,0,0,20,0,0,0,20,0,0,0,20,0,0,0
I003,F000000001,0,0,0,0,0,0,0,0,0,0,0,0,0,0,0,0,0,0,0,0,0,0,0,0,0,0,0,0,0,0,0,0,0,0,0,0,0,0,0,0,0,0,0,0,0,0,0,0
A006,F000000001,450,392,0,280,420,258.5,0,360,450,218.5,0,245,420,212.35,0,118,420,242.35,0,143.5,350,224.5,0,147,400,201.5,0,164,450,0,0,231,420,0,0,229,500,0,0,369,600,0,0,346,650,0,0,371.35
A033,F000000001,280,188.9,0,213.5,300,160,0,241,280,94.65,0,184,250,127.5,0,162,250,140,0,132.5,200,124.15,0,104,220,110,0,139,300,0,0,196,300,0,0,155,400,0,0,205,400,0,0,220,400,0,0,254.95
NEA091,F000000001,40,54.95,0,30,70,20,0,42,40,40,0,9,40,41.5,0,20,40,40,0,9,40,33,0,26,40,46,0,25.5,40,0,0,55.5,70,0,0,35,70,0,0,40,70,0,0,65,70,0,0,65
NEB078,F000000001,80,45,0,67.5,80,41,0,40,80,28,0,19,80,43,0,19,80,33,0,20.5,80,35,0,15,80,40,0,51,90,0,0,24.5,80,0,0,62.5,80,0,0,54.5,80,0,0,45.5,80,0,0,70
NEB043,F000000001,160,132.95,0,95,150,143.5,0,101,160,102.85,0,73,140,136.75,0,84.5,140,116,0,111.5,140,69.1,0,96,140,94,0,77.5,160,0,0,118,150,0,0,79,150,0,0,77.5,250,0,0,85,300,0,0,130.4
B021,F000000001,3200,2458.25,3000,1654.15,3100,1611.75,3000,1666,3150,1146.45,3000,1254.5,2900,1778.4,0,2065.1,2900,1861.5,2500,1793.8,2600,1728.15,2000,1657.4,2700,1731.75,2500,2188.5,3300,0,2500,3165.5,3300,0,2750,4064.1,3300,0,3500,3783.65,3500,0,3500,2803.65,3800,0,3750,2401.05
E001,F000000001,120,143.5,0,105,170,92.5,0,130.75,120,25,0,85,120,55,0,75,120,55.5,0,60,120,40,0,55,130,40,0,85,120,0,0,110,170,0,0,100.5,170,0,0,146,170,0,0,115,170,0,0,140.25
F005,F000000001,100,103.95,0,40,120,30.5,0,61,100,36.5,0,20,100,44,0,43,100,22.5,0,46,100,35.95,0,23,110,40.5,0,46,100,0,0,68,120,0,0,40,150,0,0,86,150,0,0,97,150,0,0,97
G017,F000000001,500,343.5,0,466.5,500,241.5,0,516.3,500,255.5,0,332.75,400,262.4,0,396.5,400,231.35,0,259.5,300,231.75,0,197,330,260.75,0,272.25,500,0,0,385.75,500,0,0,351.5,600,0,0,429.25,600,0,0,396.25,600,0,0,427.2
NEJ039,F000000001,20,10,0,30,30,0,0,30,20,0,0,0,30,0,0,0,30,0,0,10,30,0,0,15,30,0,0,5,20,0,0,0,50,0,0,0,50,0,0,5,50,0,0,17.5,50,0,0,27.5
K031,F000000001,300,226,0,113,300,182.5,0,147.5,300,127.5,0,73,300,109.5,0,109,300,151,0,90.5,200,150.5,0,81.5,220,164,0,92.5,300,0,0,160,300,0,0,142.5,350,0,0,262.5,350,0,0,244,400,0,0,281.4
K066,F000000001,600,501.4,0,364,650,350,0,534,600,275.75,0,265.5,500,457.3,0,340.5,500,347.85,0,324.5,400,421.95,0,229.75,400,400.5,0,269,500,0,0,356,500,0,0,339.5,600,0,0,501,600,0,0,501.5,700,0,0,501.45
L051,F000000001,70,62.5,0,90.25,90,56,0,69.5,70,13.5,0,27.5,70,48.5,0,32.5,70,43,0,28,70,0,0,0,70,-0.1,0,49,80,0,0,63,90,0,0,37.5,100,0,0,96.5,100,0,0,77.5,100,0,0,60
M427,F000000001,80,60,0,88.5,100,30,0,57.5,80,25,0,36,110,15,0,43.5,110,37.5,0,30,110,30,0,30,130,0,0,35,100,0,0,103,100,0,0,84.5,150,0,0,60,150,0,0,95,150,0,0,39
M085,F000000001,80,50,0,119,100,23.5,0,87.5,80,23.5,0,62,100,25,0,107.5,100,28,0,85,100,38.5,0,74.6,120,20,0,95,100,0,0,114.5,100,0,0,97.25,130,0,0,99,130,0,0,104,130,0,0,58.75
M143,F000000001,300,188.1,0,313,500,180,0,501,300,118.5,0,146.5,300,206.35,0,254,300,222.5,0,310,300,162.45,0,421,350,332.85,0,275,300,0,0,327.4,500,0,0,378.5,550,0,0,222,550,0,0,156,650,0,0,171.7
M429,F000000001,200,124.5,0,106,200,85,0,87,200,104.5,0,56.5,200,97,0,89.5,200,-0.1,0,106.5,200,0,0,52.5,200,-0.3,0,55,200,0,0,90,200,0,0,119.5,200,0,0,99,200,0,0,161.5,200,0,0,157.5
NEP079,F000000001,50,59.95,0,10,80,30,0,25,50,25.5,0,20,80,10,0,10,80,20,0,15,80,15,0,10,80,30,0,20,50,0,0,33,80,0,0,34,80,0,0,72.5,80,0,0,85,80,0,0,60
R093,F000000001,450,223.5,0,177.25,400,236.5,0,150.5,450,130.6,0,165.25,350,190.75,0,162,350,229.15,0,186,350,150.35,0,141,400,118.85,0,142.5,450,0,0,200.7,400,0,0,150.5,450,0,0,198.5,450,0,0,271.5,450,0,0,308.45
R070,F000000001,900,453.75,400,396,900,386,400,809.5,900,336.15,400,475.5,800,510.2,0,713.5,800,699.15,350,1916,700,749.15,350,932,800,1358.5,350,862,900,0,350,906,900,0,400,813.5,900,0,500,494.5,950,0,500,306,1100,0,600,466.3
S029,F000000001,600,402.25,750,461.5,700,406.25,750,651,600,301.25,750,361.5,500,400.95,0,667,500,325.55,500,757,450,316.2,500,340.75,500,316.25,500,444.5,550,0,500,598.5,550,0,700,567.5,600,0,1000,597.5,700,0,1000,501.5,800,0,1000,512.5
S038,F000000001,180,134.25,0,140.7,200,95.5,0,307.25,180,47.5,0,151.5,170,163,0,157.75,170,202,0,142.75,170,153.75,0,195.5,200,103.25,0,268.25,180,0,0,195.25,200,0,0,152.75,200,0,0,205.5,200,0,0,141,200,0,0,119
NEA034,F000000001,50,51.5,0,12.5,60,30,0,32,50,25,0,10,40,25,0,23,40,10,0,0,40,20,0,17,40,25,0,23,50,0,0,25,60,0,0,10,60,0,0,74,60,0,0,30,60,0,0,45
A132,F000000001,50,17.5,0,10,30,15,0,10,50,12,0,0,40,0,0,22.5,40,5,0,5,40,17.5,0,5.5,40,0,0,15,50,0,0,10,30,0,0,20,30,0,0,15,30,0,0,25,30,0,0,25
C005,F000000001,900,725.45,0,1067,1000,488,0,847,900,360.85,0,335.75,900,659.6,0,476,900,357.05,0,361.5,700,577.3,0,273,800,378.25,0,381,1000,0,0,523.5,1000,0,0,1159.5,1200,0,0,863.5,1400,0,0,595.75,1500,0,0,624
NEC020,F000000001,70,33,0,115,100,43.4,0,124.5,70,30,0,30,70,33,0,84,70,30,0,0,70,10,0,23.5,10,0,0,39,70,0,0,51.5,100,0,0,37,150,0,0,75,150,0,0,62.4,150,0,0,60
D016,F000000001,0,0,0,77,150,0,0,112,0,0,0,18,0,0,0,0,0,0,0,10,0,0,0,0,0,6,0,9,0,0,0,0,150,0,0,29,150,0,0,78,150,0,0,94.5,150,0,0,0
E025,F000000001,40,101.5,0,10,60,20.5,0,10,40,20,0,10,40,25.5,0,17,40,21.5,0,0,40,15,0,8,60,11,0,15,40,0,0,28,60,0,0,9.5,60,0,0,20,60,0,0,20,60,0,0,26
F011,F000000001,100,70,0,98.5,120,50,0,50,100,30,0,56.65,100,30,0,45,100,42.5,0,60,100,45,0,60,110,40,0,35,100,0,0,61,120,0,0,67.5,150,0,0,100.5,150,0,0,80,150,0,0,61
H055,F000000001,20,5,0,15,50,0,0,35,20,0,0,20,30,0,0,0,30,5,0,10,30,0,0,20,40,0,0,0,20,0,0,0,50,0,0,5,50,0,0,10,50,0,0,0,50,0,0,5
H041,F000000001,380,380.95,0,274.5,380,261,0,346,380,148.55,0,168,380,258.8,0,190.5,380,202.9,0,155,300,215.45,0,96.5,340,179.45,0,205,380,0,0,218,380,0,0,199,400,0,0,290,400,0,0,356.5,400,0,0,359.6
J002,F000000001,1000,527.75,0,341,1000,302,0,530.75,1000,264.75,0,134.5,800,265.05,0,240.5,800,203.35,0,214.5,700,318.8,0,192,750,252.75,0,177.75,1000,0,0,363.95,1000,0,0,665,1200,0,0,725.5,1300,0,0,526,1550,0,0,807.65
J007,F000000001,500,0,0,83.5,500,0,0,298,500,0,0,107.5,400,0,0,233.5,400,0,0,350,400,0,0,189.5,410,0,0,228.05,500,0,0,255,500,0,0,245.5,500,0,0,346,500,0,0,450.5,500,0,0,331
J031,F000000001,700,376.5,0,386,700,278,0,435.1,700,309,0,246.5,600,317.2,0,314,600,400,0,295.5,450,372,0,202.75,470,368.85,0,347.5,600,0,0,509.55,600,0,0,408,650,0,0,521,700,0,0,622.25,750,0,0,610.5
K111,F000000001,50,0,0,0,70,0,0,0,50,0,0,0,50,0,0,253.78,50,8421.47,0,0,50,0,0,0,50,0,0,0,80,0,0,306,70,0,0,0,70,0,0,0,70,0,0,0,70,0,0,0
NEL006,F000000001,300,156.5,0,267.5,350,108.5,0,188.5,300,103.55,0,140,300,61.6,0,191.5,300,151,0,152,200,154.05,0,128,220,115.5,0,132.5,300,0,0,153,350,0,0,106.5,400,0,0,135.5,400,0,0,105.5,400,0,0,30.85
N047,F000000001,50,-0.1,0,25,60,0,0,20,50,0,0,7,80,0,0,38,80,0,0,9.5,80,0,0,14,100,0,0,10,60,0,0,9,60,0,0,54.5,60,0,0,103.5,60,0,0,55,60,0,0,20
P034,F000000001,50,20,0,20,70,41.5,0,40,50,34,0,33,80,36,0,23,80,0,0,53,80,23,0,0,80,23,0,0,50,0,0,0,70,0,0,20,70,0,0,0,70,0,0,0,70,0,0,56.5
R069,F000000001,30,30,0,20,50,10,0,6,30,0,0,0,50,39.5,0,29,50,5,0,10,50,0,0,23,50,0,0,14.5,30,0,0,55,50,0,0,41,50,0,0,26,50,0,0,21,50,0,0,0
NES137,F000000001,20,38,0,40.5,50,10,0,17.5,20,12.5,0,15,40,15,0,20,40,5,0,10,40,12.5,0,7.5,40,3.5,0,7.5,20,0,0,5,60,0,0,5,60,0,0,14.5,60,0,0,22,60,0,0,25
S097,F000000001,300,178.65,0,238.5,320,149.5,0,230.5,300,86,0,108,300,69.75,0,132.5,300,78.85,0,101,250,100.45,0,70,300,125.5,0,78,300,0,0,195.5,350,0,0,145,400,0,0,232,400,0,0,271,450,0,0,263.5
T032,F000000001,250,181,0,192.5,270,95,0,189,250,92,0,122,250,97.25,0,113,250,101.8,0,87.5,200,102.5,0,54,230,121,0,111.5,250,0,0,128,300,0,0,92.5,300,0,0,151,300,0,0,201,300,0,0,202.45
V024,F000000001,60,30,0,27.5,70,20,0,95,60,15,0,65,60,20,0,33,60,15,0,31,60,15,0,5,60,25,0,28.5,60,0,0,52,100,0,0,52.5,100,0,0,50,100,0,0,75,100,0,0,57.5
NEA120,F000000001,1000,394.05,0,0,800,299,0,2026.75,950,276.5,0,1190.75,950,320.95,0,3209,950,67.95,0,3133.5,700,0,0,1820.25,700,0,0,1397,700,0,0,1509.5,700,0,0,1217,700,0,0,727,700,0,0,464.75,700,0,0,397.15
NEC044,F000000001,40,42.5,0,0,40,37,0,20.5,40,58,0,23,40,-1.1,0,61,40,62.25,0,23,40,2.5,0,12,50,25,0,26,40,0,0,29,40,0,0,0,40,0,0,10,40,0,0,31,40,0,0,16
NEJ051,F000000001,120,80.5,0,0,140,20,0,0,120,10,0,2.5,120,5,0,7.5,120,0,0,7.5,120,20,0,10,120,10,0,15,130,0,0,47,140,0,0,39.5,140,0,0,93.5,140,0,0,120,140,0,0,96.5
NEJ049,F000000001,20,10,0,0,50,10,0,12.5,20,7.5,0,15,30,0,0,5,30,5,0,0,30,5,0,0,40,10,0,10,20,0,0,10,50,0,0,15,50,0,0,15,50,0,0,25,50,0,0,10
NEJ050,F000000001,150,107.05,0,0,150,109.5,0,75,150,96.85,0,78,150,82.45,0,96.5,150,61.5,0,57.5,150,65,0,49.5,150,69,0,91,150,0,0,94,150,0,0,37,150,0,0,89.5,150,0,0,106,150,0,0,146.5
NER103,F000000001,140,126.5,0,0,150,127.75,0,0,140,89.5,0,0,160,93,0,94.5,160,69.5,0,27.5,160,70,0,50,180,58,0,70,140,0,0,80.25,150,0,0,143.75,200,0,0,122,200,0,0,126,250,0,0,134.5
NEH040,F000000001,100,100,0,0,120,50,0,0,100,24,0,0,100,50,0,13,100,28,0,15,100,42.5,0,15,110,57.5,0,25,100,0,0,40,120,0,0,25,120,0,0,75,120,0,0,85,120,0,0,82
NEN077,F000000001,120,50,0,0,100,30,0,0,120,35,0,0,120,29,0,0,120,38,0,34,120,31,0,31,130,31.5,0,45,140,0,0,45,100,0,0,60,100,0,0,77.5,100,0,0,121,100,0,0,55.5
NES211,F000000001,300,250.9,0,0,350,204,0,0,300,130.7,0,0,300,184.7,0,0,300,226.6,0,36,200,156.75,0,62,240,221.5,0,66,300,0,0,94,350,0,0,128.5,400,0,0,157,400,0,0,222,450,0,0,230.7
NET083,F000000001,40,15,0,0,50,19,0,0,40,20.5,0,0,50,39.7,0,0,50,0,0,0,50,0,0,23,50,0,0,23,40,0,0,18.5,60,0,0,0,60,0,0,22.5,60,0,0,34,60,0,0,19.95
NEN088,F000000001,20,27,0,0,30,10,0,0,20,0,0,0,30,10,0,0,30,5,0,0,30,0,0,0,30,6,0,0,20,0,0,0,30,0,0,5,30,0,0,6,30,0,0,10,30,0,0,7.5
NES237,F000000001,20,5,0,0,20,5,0,0,20,0,0,0,30,0,0,0,30,0,0,0,30,0,0,0,30,0,0,0,20,0,0,0,40,0,0,7.5,40,0,0,27.5,40,0,0,7.5,40,0,0,11
NEA182,F000000001,250,307.5,0,0,350,222.9,0,0,350,163,0,0,350,135.5,0,0,350,151.5,0,0,300,117,0,0,320,103.5,0,0,450,0,0,0,500,0,0,0,550,0,0,0,650,0,0,0,700,0,0,170
NES218,F000000001,0,0,0,0,30,0,0,0,0,0,0,0,0,0,0,0,0,0,0,0,0,0,0,0,0,0,0,12.5,0,0,0,0,30,0,0,0,30,0,0,0,30,0,0,0,30,0,0,0
G041,F000000001,800,715,0,661,800,685,0,626,600,244,0,278,600,353,0,823,600,217,0,1479.5,600,172,0,1543,600,90,0,1537,1230,0,0,799,1230,0,0,1327,1230,0,0,1642,1230,0,0,890,1230,0,0,955
NEH007,F000000001,80,22,0,23,80,22,0,9,80,22,0,9,80,22,0,0,80,0,0,10,80,22,0,20,100,0,0,60,80,0,0,19,80,0,0,20,80,0,0,42,80,0,0,22,80,0,0,22
P115,F000000001,120,66,0,79,120,68,0,55,120,69,0,18,120,80,0,37,120,69,0,39,120,60,0,42,120,58.5,0,62,120,0,0,49,120,0,0,40,120,0,0,90,120,0,0,46,120,0,0,66
S265,F000000001,80,69,0,22,80,23,0,18,80,0,0,18,80,26,0,9,100,72,0,40,80,0,0,10,80,72,0,34,80,0,0,31,80,0,0,31,80,0,0,76,80,0,0,30,80,0,0,46
NEW003,F000000001,80,0,0,40,80,0,0,27,80,0,0,28,80,0,0,0,80,0,0,54,80,0,0,34,80,0,0,52,80,0,0,30,80,0,0,20.5,80,0,0,61,80,0,0,32,80,0,0,46
D104,F000000001,0,0,0,0,0,0,0,0,0,10,0,0,0,0,0,0,0,0,0,0,0,0,0,10,0,0,0,0,0,0,0,0,0,0,0,0,0,0,0,0,0,0,0,0,0,0,0,0
A075,F000000001,0,0,0,0,0,0,0,0,0,0,0,0,0,0,0,9,0,0,0,0,0,0,0,20,0,0,0,0,0,0,0,0,0,0,0,0,0,0,0,0,0,0,0,0,0,0,0,0
A015,F000000001,0,0,0,201,0,0,0,95,0,0,0,89,0,0,0,150,0,0,0,94,0,0,0,0,0,0,0,0,0,0,0,0,0,0,0,0,0,0,0,0,0,0,0,0,0,0,0,0
B215,F000000001,150,0,0,0,150,0,0,0,150,0,0,49,150,0,0,40,150,0,0,20,150,0,0,40,150,0,0,20,150,0,0,0,150,0,0,0,150,0,0,0,150,0,0,0,150,0,0,0
B071,F000000001,80,30,0,17,80,60,0,27,80,32,0,36,80,30,0,47,80,30,0,38,80,84,0,29,80,95.5,0,38,80,0,0,50,80,0,0,40,80,0,0,70,80,0,0,50,80,0,0,53
NED057,F000000001,50,51,0,22,50,23,0,0,50,55,0,18,50,69,0,11,50,23,0,15,50,30,0,20,50,0,0,22,50,0,0,0,50,0,0,21,50,0,0,41,50,0,0,44,50,0,0,48
D049,F000000001,40,0,0,22,40,0,0,40,40,0,0,18,40,0,0,41.5,40,0,0,0,40,0,0,0,40,0,0,22,40,0,0,20,40,0,0,30,40,0,0,30,40,0,0,0,40,0,0,0
G064,F000000001,250,100,0,132,250,140,0,90,250,160,0,99,250,145,0,90,250,106,0,150,250,122,0,120,250,108,0,124,250,0,0,108,250,0,0,110,250,0,0,160,250,0,0,125,250,0,0,135
G046,F000000001,50,13,0,25,50,17,0,0,50,0,0,0,50,0,0,0,50,13,0,18,50,0,0,0,50,0,0,0,50,0,0,10,50,0,0,10,50,0,0,6,50,0,0,28,50,0,0,18
J090,F000000001,80,22,0,22,80,92,0,27,80,20,0,18,80,66,0,0,80,53,0,22,80,44,0,42,80,44,0,42,80,0,0,30,80,0,0,20,80,0,0,72,80,0,0,0,80,0,0,45
P228,F000000001,0,0,0,0,0,0,0,9,0,0,0,49.5,0,0,0,40,0,0,0,0,0,23,0,0,0,23,0,0,0,0,0,0,0,0,0,0,0,0,0,0,0,0,0,0,0,0,0,0
S324,F000000001,80,24,0,21,80,20,0,18,80,30,0,18,80,0,0,18,80,12,0,19,80,12,0,20,120,12,0,0,80,0,0,50,80,0,0,10,80,0,0,47,80,0,0,35,80,0,0,22
S239,F000000001,0,0,0,10,0,0,0,0,0,0,0,0,0,0,0,0,0,0,0,0,0,0,0,0,0,0,0,0,0,0,0,0,0,0,0,0,0,0,0,0,0,0,0,0,0,0,0,0
S196,F000000001,120,23,0,49,120,69,0,0,120,20,0,18,120,68,0,10,120,66,0,20,120,23,0,20,120,47,0,20,120,0,0,20,120,0,0,30,120,0,0,20,120,0,0,32,120,0,0,78
S248,F000000001,80,45,0,40,80,46,0,29,80,48,0,31,80,25,0,0,80,52,0,36,80,42,0,68,100,54,0,44,80,0,0,32,80,0,0,55,80,0,0,64,80,0,0,47,80,0,0,95
S203,F000000001,300,142,0,150,300,142,0,213,300,166,0,81,300,154,0,135,300,167,0,126,300,196,0,201,300,207,0,186,300,0,0,90,300,0,0,180,300,0,0,180,300,0,0,92,400,0,0,190
S319,F000000001,50,0,0,0,50,22,0,0,50,0,0,0,50,5,0,0,50,20,0,15,50,10,0,20,50,23,0,22,90,0,0,0,90,0,0,17,90,0,0,0,90,0,0,17.5,90,0,0,0
S237,F000000001,0,0,0,0,0,0,0,9,0,0,0,0,0,0,0,0,0,0,0,0,0,0,0,0,0,0,0,0,0,0,0,0,0,0,0,0,0,0,0,0,0,0,0,0,0,0,0,0
S274,F000000001,150,80,0,60,150,80,0,45,150,80,0,36,150,80,0,27,150,100,0,64,150,80,0,43,150,160,0,66,150,0,0,49,150,0,0,90,150,0,0,80,150,0,0,72,150,0,0,82
T006,F000000001,100,90,0,32,100,56,0,18,100,35,0,15,100,0,0,33,100,0,0,55,100,0,0,28,100,0,0,30,100,0,0,20,100,0,0,30,100,0,0,55,100,0,0,20,100,0,0,43
T029,F000000001,200,196,0,88,200,168,0,68,200,154,0,113.5,200,110,0,89,200,186,0,97,200,166,0,168,220,250,0,192,200,0,0,58,200,0,0,138,200,0,0,150,200,0,0,91,300,0,0,177
NEG046,F000000001,40,22,0,37,40,46,0,50,40,23,0,40,40,22,0,39,40,39,0,59,40,20,0,56,40,19.5,0,45,40,0,0,30,40,0,0,0,40,0,0,0,40,0,0,22,40,0,0,-0.05
NEB103,F000000001,200,87,0,0,200,172,0,29,200,74,0,54,200,158,0,72,200,130,0,86.5,200,140,0,86,200,277,0,93,200,0,0,29,200,0,0,122,200,0,0,182,200,0,0,66,200,0,0,198
NES203,F000000001,100,87,0,0,100,88,0,0,100,66,0,0,100,110,0,47,100,88,0,56,100,66,0,58,100,133,0,80,140,0,0,49,140,0,0,60,140,0,0,62,140,0,0,66,140,0,0,65
NEH039,F000000001,0,0,0,0,0,0,0,0,0,15,0,0,0,22,0,18,0,0,0,27,0,0,0,9,0,0,0,0,0,0,0,10,0,0,0,0,0,0,0,0,0,0,0,0,0,0,0,15
NEL031,F000000001,1160,1007,0,0,1160,1024,0,0,1160,1050,0,0,1160,1057,0,183,1240,1176,0,236,1160,1298.5,0,0,1240,1682,0,226,1410,0,0,129,1410,0,0,270,1410,0,0,502,1410,0,0,580,1510,0,0,755
NED084,F000000001,0,0,0,0,0,0,0,0,0,0,0,0,0,0,0,0,0,0,0,10,0,0,0,0,0,0,0,0,0,0,0,0,0,0,0,0,0,0,0,0,0,0,0,0,0,0,0,0
NED085,F000000001,60,45,0,0,60,53,0,0,60,53,0,0,60,58,0,0,60,30,0,41,60,60,0,43,80,30,0,44,60,0,0,50,60,0,0,61,60,0,0,50,60,0,0,48,60,0,0,45
NEM135,F000000001,140,45,0,0,140,69,0,0,140,45,0,0,140,94,0,0,140,48,0,105,140,69,0,42,140,115,0,0,160,0,0,0,160,0,0,0,160,0,0,0,160,0,0,0,160,0,0,108
NEJ052,F000000001,60,46,0,0,60,46,0,0,60,45,0,0,60,22,0,0,60,0,0,20,60,22,0,20,60,23,0,20,80,0,0,20,80,0,0,0,80,0,0,15,80,0,0,22,80,0,0,22
NEA149,F000000001,0,0,0,0,0,0,0,0,0,0,0,0,0,0,0,0,0,0,0,0,0,0,0,0,0,0,0,0,0,0,0,0,0,0,0,0,0,0,0,0,0,0,0,0,0,0,0,0
A026,F000000001,0,0,0,0,0,0,0,0,0,0,0,0,0,0,0,0,0,0,0,0,0,0,0,0,0,0,0,0,0,0,0,0,0,0,0,0,0,0,0,0,0,0,0,0,0,0,0,0
S315,F000000001,0,0,0,0,0,0,0,0,0,0,0,0,0,0,0,0,0,0,0,0,0,20,0,0,0,42,0,0,0,0,0,0,0,0,0,0,0,0,0,0,0,0,0,0,0,0,0,0
S216,F000000001,0,0,0,0,0,0,0,0,0,0,0,0,0,0,0,0,0,0,0,0,0,0,0,0,0,0,0,0,0,0,0,0,0,0,0,0,0,0,0,0,0,0,0,0,0,0,0,0
B001,F000000001,0,0,0,0,0,0,0,0,0,0,0,0,0,0,0,0,0,0,0,0,0,0,0,0,0,0,0,0,0,0,0,0,0,0,0,0,0,0,0,0,0,0,0,0,0,0,0,0
M132,F000000001,80,63,0,62,80,30,0,22,80,20,0,9,50,20,0,139,50,30,0,36,50,23,0,36,50,41,0,31,50,0,0,40,80,0,0,69.5,80,0,0,30,80,0,0,60,100,0,0,52
NEN047,F000000001,50,58,0,20,50,63,0,30.5,50,42,0,26,30,42,0,250.5,30,63,0,60,30,21.5,0,25,30,42,0,20,30,0,0,30,50,0,0,50,50,0,0,45,50,0,0,55,50,0,0,40
L021,F000000001,520,269,0,188,520,354,0,310,420,166,0,235,370,362.5,0,81,440,460,0,355,440,442,0,265,440,519,0,281,440,0,0,244,520,0,0,231,420,0,0,417,520,0,0,294,520,0,0,249
R123,F000000001,20,10,0,20,20,21,0,18,20,11,0,18,10,11,0,0,10,22,0,10,10,22,0,10,10,11,0,20,10,0,0,19,20,0,0,10,20,0,0,10,20,0,0,15,40,0,0,10
R148,F000000001,0,0,0,66,0,0,0,0,0,0,0,18,0,0,0,0,0,0,0,0,0,0,0,0,0,0,0,0,0,0,0,0,0,0,0,0,0,0,0,0,0,0,0,0,0,0,0,0
S218,F000000001,0,0,0,0,0,0,0,25,0,0,0,19,0,0,0,0,0,0,0,0,0,0,0,0,0,0,0,0,0,0,0,0,0,0,0,0,0,0,0,0,0,0,0,0,0,0,0,0
NEK068,F000000001,120,41,0,0,120,19,0,0,120,48,0,0,90,27,0,0,100,55,0,38,100,61,0,53.5,100,60,0,45.5,100,0,0,45.5,120,0,0,81,120,0,0,70,120,0,0,36,140,0,0,52
NEP113,F000000001,200,202,0,0,200,160,0,0,200,134,0,0,180,120,0,0,200,136,0,107,200,108,0,136,200,157,0,154,200,0,0,134,200,0,0,191,200,0,0,226,200,0,0,140,220,0,0,170
NEW004,F000000001,30,30,0,0,30,20,0,0,30,20,0,0,20,20,0,0,20,20,0,0,20,20,0,0,20,10,0,0,20,0,0,33,30,0,0,18,30,0,0,12,30,0,0,12,30,0,0,12
NEL034,F000000001,80,23,0,0,80,0,0,0,80,0,0,0,50,12,0,0,50,23,0,0,50,23,0,0,50,23,0,0,50,0,0,0,80,0,0,15,80,0,0,20,80,0,0,38,100,0,0,44
S161,F000000001,0,0,0,0,0,0,0,0,0,0,0,0,0,0,0,0,0,0,0,0,0,0,0,0,0,0,0,0,0,0,0,0,0,0,0,0,0,0,0,0,0,0,0,0,0,0,0,0
K004,F000000001,0,0,0,0,0,0,0,0,0,0,0,0,0,0,0,0,0,0,0,0,0,0,0,0,0,0,0,0,0,0,0,0,0,0,0,0,0,0,0,0,0,0,0,0,0,0,0,0
NEK009,F000000001,110,175,0,175,70,175,0,140,70,174,0,210,70,70,0,35,70,-70,0,175,70,0,0,105,70,0,0,140,100,0,0,70,100,0,0,107,100,0,0,70,100,0,0,70,100,0,0,70
NEK002,F000000001,700,560,0,0,700,770,0,35,700,455,0,0,300,525,0,70,300,150,0,700,400,289.1,0,210,300,395,0,385,400,0,0,385,700,0,0,740,700,0,0,745,700,0,0,745,700,0,0,735
NEN019,F000000001,500,560,0,210,500,315,0,455,400,525,0,490,300,700,0,70,300,280,0,420,300,220,0,280,300,430,0,350,400,0,0,210,400,0,0,465,400,0,0,470,500,0,0,423,500,0,0,525
NES139,F000000001,1300,1540,0,700,1300,1160,0,840,1000,1050,0,875,900,1265,0,385,900,1060,0,630,900,935,0,805,900,1660,0,700,1300,0,0,455,1300,0,0,1385,1200,0,0,1067,1500,0,0,1488,1500,0,0,980
T077,F000000001,100,105,0,175,100,105,0,140,100,105,0,105,70,70,0,70,70,105,0,35,70,105,0,105,70,140,0,70,70,0,0,70,100,0,0,70,100,0,0,35,100,0,0,70,100,0,0,140
NEC009,F000000001,100,0,0,0,100,35,0,70,100,0,0,35,100,0,0,0,100,0,0,0,100,0,0,35,100,0,0,0,100,0,0,0,100,0,0,35,100,0,0,35,100,0,0,0,100,0,0,35
NEC025,F000000001,100,140,0,70,100,105,0,105,100,70,0,70,70,105,0,35,70,105,0,0,70,105,0,35,70,0,0,70,70,0,0,70,100,0,0,70,100,0,0,70,100,0,0,70,100,0,0,140
C119,F000000001,700,420,0,385,700,350,0,560,600,69.9,0,455,180,285,0,0,180,140,0,0,180,195,0,175,180,240,0,105,300,0,0,245,300,0,0,105,300,0,0,280,300,0,0,180,300,0,0,209.95
G114,F000000001,250,105,0,251,250,35,0,308.5,250,70,0,197,200,35,0,160,200,140,0,229.5,100,70,0,70,200,210,0,105,200,0,0,35,200,0,0,35,200,0,0,70,200,0,0,35,200,0,0,35
NEG010,F000000001,9500,12181,11800,10015,9500,12912,11800,12420,9000,13443,11800,9237,8500,12878,0,9997,8500,7626,11200,12012,8500,8933,11200,10325,8500,11437,11200,6975,8500,0,11800,8068,9000,0,11800,8236,9000,0,11800,9423,9500,0,11800,9331,9500,0,13000,9967
NEK010,F000000001,140,245,0,170,140,245,0,105,140,210,0,175,100,105,0,105,100,175,0,175,100,105,0,169.2,100,105,0,210,100,0,0,175,110,0,0,107,210,0,0,175,200,0,0,212,200,0,0,175
S377,F000000001,200,315,0,0,200,140,0,70,200,0,0,0,100,0,0,0,100,0,0,0,100,0,0,35,100,105,0,35,150,0,0,0,200,0,0,0,200,0,0,0,200,0,0,35,200,0,0,35
NET033,F000000001,100,35,0,35,100,140,0,70,100,105,0,0,100,33.65,0,0,100,0,0,70,100,35,0,35,100,70,0,35,100,0,0,0,150,0,0,35,150,0,0,40,150,0,0,35,150,0,0,35
NEV002,F000000001,500,805,0,315,500,560,0,175,500,416.5,0,525,400,140,0,105,400,0,0,700,400,145,0,420,400,465,0,525,500,0,0,350,500,0,0,424,500,0,0,562,600,0,0,457,600,0,0,490
NEY002,F000000001,100,105,0,35,100,70,0,70,100,70,0,70,70,35,0,35,70,35,0,0,70,34.6,0,35,70,70,0,0,70,0,0,70,100,0,0,35,100,0,0,70,100,0,0,35,100,0,0,105
NEN085,F000000001,500,1020,0,0,400,420,0,0,400,280,0,0,300,69.9,0,0,300,0,0,0,300,0,0,0,300,0,0,0,400,0,0,35,400,0,0,490,400,0,0,707,400,0,0,395,400,0,0,805
NEK085,F000000001,200,595,0,0,140,420,0,0,140,385,0,0,140,245,0,0,140,175,0,0,140,180,0,0,140,140,0,0,140,0,0,0,140,0,0,0,140,0,0,105,100,0,0,250,100,0,0,420
NEJ062,F000000001,200,315,0,0,100,280,0,0,100,70,0,0,100,420,0,0,100,105,0,0,100,138.75,0,0,100,420,0,0,100,0,0,0,100,0,0,0,100,0,0,0,100,0,0,35,100,0,0,210
M215,F000000001,250,139,0,316,210,165,0,460.5,200,110,0,257,200,128,0,88,200,119,0,207,200,97,0,142,200,79,0,69,250,0,0,53,250,0,0,258,250,0,0,215,250,0,0,214,250,0,0,215
S432,F000000001,250,482,0,105,210,255,0,762.5,200,192,0,241,200,460.5,0,18,200,354,0,163,200,268,0,84.5,200,296,0,93,250,0,0,136,250,0,0,123,250,0,0,173,250,0,0,235,250,0,0,361
D131,F000000001,70,0,0,36.5,70,30,0,52.5,70,0,0,48,70,29,0,0,70,12,0,22,70,30,0,0,70,0,0,0,100,0,0,0,100,0,0,47,100,0,0,55,100,0,0,14,100,0,0,36
E041,F000000001,70,15,0,55,70,0,0,59,70,0,0,78,70,58,0,23,70,12,0,30,70,0,0,68,70,15,0,15,70,0,0,0,70,0,0,0,100,0,0,32,100,0,0,0,100,0,0,0
G141,F000000001,300,900,0,412,300,742,0,820,200,454,0,283,200,588,0,119,200,321,0,434,200,135,0,158,200,558,0,245.5,350,0,0,91,350,0,0,160,400,0,0,54,400,0,0,0,400,0,0,327
H054,F000000001,250,324,0,281,200,150,0,367,150,193,0,196,150,85,0,0,150,94,0,183.5,150,84,0,142,150,111,0,23,300,0,0,18,300,0,0,18,300,0,0,171,300,0,0,238,300,0,0,179
H132,F000000001,250,570,0,250,200,450,0,273,150,73.8,0,192,150,323,0,57,150,289,0,126,150,367,0,105,150,336,0,35,350,0,0,38,350,0,0,154,350,0,0,449,400,0,0,572,400,0,0,386
L067,F000000001,350,169,0,69.5,350,134.5,0,197,200,65,0,84,200,89,0,0,200,54,0,66,200,59,0,53,200,45,0,57,350,0,0,18,350,0,0,100,350,0,0,229,350,0,0,164,350,0,0,80
NEM014,F000000001,200,164,0,264,200,165,0,189,200,92.5,0,224,200,180,0,169.5,200,104,0,441,200,71,0,196,200,227,0,163,250,0,0,162,250,0,0,269,250,0,0,142,250,0,0,201.5,250,0,0,142
T053,F000000001,300,105,0,595,200,58,0,1139,300,50,0,380,300,175,0,0,300,199,0,490,300,158,0,379,300,126,0,201,400,0,0,152,400,0,0,229,500,0,0,149,500,0,0,41,500,0,0,0
NET012,F000000001,5000,6646,5750,5429,5000,5846.5,4750,6611.05,4000,2406.6,4750,2071.15,4000,4652.5,0,1147.5,4000,3798.05,3000,4287.3,4000,3763,3000,1760.3,4000,5526.15,3000,2573,4000,0,4000,4179.9,4000,0,5000,3924.4,4500,0,5000,5897.35,5000,0,6000,6679.85,5000,0,6000,5062.95
NEG047,F000000001,1600,925,0,731,1700,1074.6,0,1974,1500,564,0,2139.35,1500,1017.5,0,383.5,1500,1186,0,1203.95,1500,199.5,0,1279.25,1500,1289,0,978.5,1800,0,0,1241.5,1800,0,0,517,2000,0,0,2594.25,2000,0,0,1345.5,2000,0,0,2004
NEE023,F000000001,600,754,0,0,600,690,0,0,350,678.95,0,120,350,762,0,18,350,621,0,267,350,385,0,108,350,703,0,106,600,0,0,222,600,0,0,625.25,700,0,0,977,700,0,0,1016.5,700,0,0,707
NEN074,F000000001,80,45,0,0,70,15,0,0,70,15,0,0,70,58,0,0,70,24,0,36,70,12,0,0,70,30,0,17,70,0,0,18,70,0,0,18,100,0,0,36,100,0,0,36,100,0,0,15
NEA143,F000000001,500,637,0,0,400,395,0,0,250,213,0,0,250,406,0,0,250,346,0,41.5,250,318,0,142.5,250,173,0,146,400,0,0,102,400,0,0,404,400,0,0,681,400,0,0,365,400,0,0,388
NEE025,F000000001,200,158,0,0,200,90,0,0,200,75,0,0,200,710.25,0,0,200,706,0,0,200,597.85,0,106,200,213,0,230,350,0,0,77.1,350,0,0,72,350,0,0,359,350,0,0,209.5,350,0,0,156.5
NER108,F000000001,150,120,0,0,150,75,0,0,150,18,0,0,150,42,0,0,150,96,0,0,150,42,0,72.5,150,89,0,70,150,0,0,71,150,0,0,89,150,0,0,143,150,0,0,108,150,0,0,128
NES220,F000000001,70,35,0,0,70,62,0,0,70,113,0,0,70,34,0,0,70,51,0,0,70,26,0,0,70,30,0,0,100,0,0,20,100,0,0,0,100,0,0,0,100,0,0,19,100,0,0,21
NEC053,F000000001,110,0,0,0,100,0,0,0,70,0,0,0,70,0,0,0,70,50,0,0,70,15,0,0,70,0,0,0,110,0,0,0,110,0,0,68,100,0,0,33,100,0,0,0,100,0,0,0
NEF008,F000000001,100,135,0,0,100,107,0,0,100,15,0,0,100,58,0,0,100,41,0,0,100,0,0,0,100,30,0,0,100,0,0,36,100,0,0,0,100,0,0,72,100,0,0,33,100,0,0,153
NEU025,F000000001,100,105,0,0,100,525,0,0,100,190,0,0,100,122.95,0,0,100,514,0,0,100,443,0,0,100,214,0,0,150,0,0,0,150,0,0,0,150,0,0,0,100,0,0,0,100,0,0,0
S483,F000000001,60,21,0,0,60,42,0,0,60,63,0,0,60,63,0,0,90,0,0,0,60,42,0,0,100,30,0,0,100,0,0,0,100,0,0,0,150,0,0,0,150,0,0,0,150,0,0,0
BHA025,F000000001,60,42,0,47,60,63,0,1.5,60,84,0,20,60,21,0,21,90,21,0,20,60,21,0,21,100,42,0,42,90,0,0,0,90,0,0,21,100,0,0,48.5,100,0,0,42,100,0,0,61
BHL001,F000000001,100,110,0,22,100,123,0,34.95,100,124,0,0,100,49,0,31,120,21,0,0,100,63,0,20,150,65.95,0,29,150,0,0,42,150,0,0,42,150,0,0,63,150,0,0,70,150,0,0,114.5
A272,F000000001,30,21,0,60.5,30,0,0,13,30,0,0,0,30,0,0,5,50,0,0,0,30,0,0,0,60,0,0,0,30,0,0,21,30,0,0,21,50,0,0,0,50,0,0,0,50,0,0,37
BHA016,F000000001,300,263.25,0,456,300,277,0,221.05,300,627.45,0,266.2,250,268.05,0,150.25,250,165.85,0,101.5,250,156,0,110.25,350,151.4,0,97,350,0,0,77.6,350,0,0,60.55,500,0,0,173.15,500,0,0,192.25,500,0,0,352.5
BHY005,F000000001,100,64.5,0,52.5,100,176.5,0,52.5,100,206.5,0,53.5,100,92,0,58.5,120,15,0,9.35,100,42,0,41,150,63,0,21,150,0,0,42,150,0,0,21,200,0,0,49.5,200,0,0,79,200,0,0,98.7
BHT003,F000000001,50,21,0,50,50,21,0,0,50,25,0,30,50,0,0,0,90,23.5,0,0,50,0,0,0,100,21,0,0,100,0,0,0,100,0,0,21,100,0,0,31,100,0,0,30,100,0,0,30
BHM041,F000000001,100,43.8,0,130,100,78.5,0,76.25,100,84.75,0,77.7,100,59,0,51,120,18.5,0,68,100,26,0,30,150,40,0,21,150,0,0,21,150,0,0,5,200,0,0,63,200,0,0,61,200,0,0,151.2
BHM051,F000000001,150,84,0,120,150,213,0,154.1,120,206,0,121,120,147,0,51,150,63,0,47,120,29,0,128.5,150,21,0,91.5,150,0,0,63,150,0,0,84,250,0,0,63,250,0,0,105,250,0,0,155
BHS095,F000000001,50,0,0,104,50,0,0,79.3,50,42,0,30,50,0,0,0,60,0,0,0,50,0,0,0,100,0,0,0,120,0,0,0,120,0,0,21,150,0,0,0,150,0,0,21,150,0,0,21
BHR063,F000000001,50,21,0,27,50,21,0,8.5,50,21,0,20,50,21,0,0,60,0,0,9,50,0,0,9,60,0,0,15,100,0,0,1,100,0,0,9,100,0,0,0,100,0,0,21,100,0,0,21
BHS126,F000000001,60,68,0,30,60,126,0,35,60,131,0,70.5,60,42,0,36,90,21,0,30,60,28.5,0,25,90,21,0,15,100,0,0,15,100,0,0,20,150,0,0,91,150,0,0,37,150,0,0,51
BHD013,F000000001,30,21,0,0,30,0,0,16,30,0,0,0,50,0,0,0,50,0,0,0,50,0,0,0,50,0,0,0,60,0,0,0,60,0,0,0,60,0,0,0,60,0,0,0,60,0,0,21
BHM090,F000000001,100,84,0,10,100,135,0,10,100,226,0,0,100,42,0,0,50,92,0,0,100,42,0,0,150,63,0,0,30,0,0,0,30,0,0,21,200,0,0,21,200,0,0,63,200,0,0,71
BHH012,F000000001,0,0,0,11,0,0,0,0,0,0,0,0,0,0,0,0,60,0,0,0,0,0,0,21,60,0,0,0,50,0,0,0,50,0,0,0,50,0,0,0,50,0,0,0,60,0,0,0
BHR065,F000000001,50,0,0,0,30,42,0,0,50,63,0,0,30,21,0,0,30,0,0,0,30,0,0,0,100,0,0,0,30,0,0,0,30,0,0,0,30,0,0,0,30,0,0,0,30,0,0,0
BHM100,F000000001,60,0,0,0,50,0,0,0,60,0,0,0,60,0,0,0,60,0,0,0,60,0,0,0,60,0,0,0,90,0,0,0,90,0,0,0,90,0,0,0,100,0,0,0,100,0,0,0
BHJ034,F000000001,100,42,0,0,100,229.6,0,0,100,365,0,0,150,63,0,0,100,42,0,0,150,105,0,0,150,83,0,0,100,0,0,0,100,0,0,0,400,0,0,0,400,0,0,0,400,0,0,0
BHJ035,F000000001,50,21,0,0,50,21,0,0,50,21,0,0,50,20,0,0,30,21,0,0,50,21,0,0,40,21,0,0,30,0,0,0,30,0,0,0,50,0,0,0,60,0,0,0,50,0,0,0
BHS165,F000000001,50,10,0,0,30,25.5,0,0,30,55,0,0,30,0,0,0,30,0,0,0,30,0,0,0,30,0,0,0,30,0,0,0,30,0,0,0,50,0,0,0,50,0,0,0,50,0,0,0
BHR077,F000000001,100,17.5,0,0,100,107,0,0,100,92,0,0,100,58,0,0,50,42,0,0,100,21,0,0,50,21,0,0,40,0,0,0,40,0,0,0,120,0,0,0,150,0,0,0,150,0,0,0
G083,F000000001,72,72,0,46,125,125,0,60,156,156,0,124,100,73,0,91,80,42,0,61,70,63,0,30,70,42,0,61,120,0,0,70,130,0,0,97,150,0,0,80,150,0,0,119,150,0,0,121
BHS158,F000000001,41,41,0,10,105,105,0,0,83,104,0,20,60,42,0,0,60,0,0,21,40,43,0,21,60,25,0,21,60,0,0,22,100,0,0,20,120,0,0,37,130,0,0,60,130,0,0,62
S411,F000000001,67.3,67.3,0,0,77,77,0,0,160,157.9,0,8,70,51,0,0,60,12.5,0,0,50,51,0,10,40,38.5,0,8,60,0,0,25,80,0,0,44,100,0,0,40,110,0,0,23,100,0,0,98
BHB054,F000000001,84,84,0,53.5,259,259,0,36.5,137.4,137.4,0,72,120,62,0,33,100,0,0,21,100,21,0,0,100,25,0,50,120,0,0,42,250,0,0,114,260,0,0,75,260,0,0,82,280,0,0,169
BHD002,F000000001,90,90,0,35,150,150,0,80,130,130,0,90,70,60,0,20,70,59.3,0,20,60,49.1,0,20,60,80,0,30,80,0,0,30,150,0,0,70,150,0,0,50,150,0,0,70,160,0,0,110
BHG006,F000000001,42,42,0,10,105,105,0,20,115,115,0,50,60,84,0,20,50,52,0,10,40,83,0,19,50,42,0,10,60,0,0,10,80,0,0,10,100,0,0,40,110,0,0,30,120,0,0,41
I034,F000000001,7.5,7.5,0,20,7.5,7.5,0,0,0,0,0,0,10,0,0,0,10,10,0,0,10,0,0,0,10,0,0,0,10,0,0,0,10,0,0,0,10,0,0,20,10,0,0,16.65,10,0,0,5
BHM012,F000000001,87,87,0,30,45,45,0,40,62.75,62.75,0,60,50,30,0,30,50,41,0,54,50,31.65,0,30.45,50,10,0,20,50,0,0,17.5,60,0,0,72,80,0,0,76.65,80,0,0,30,100,0,0,101
R126,F000000001,159.5,159.5,0,0,163.35,163.35,0,10,144,154,0,30,120,120.55,0,20,100,51,0,30,80,127.5,0,20,100,7.5,0,30,130,0,0,46,150,0,0,25,170,0,0,140.5,180,0,0,88.5,200,0,0,145
S369,F000000001,46,46,0,37.5,89,89,0,0,78.5,103.5,0,60,70,11.5,0,30,60,52,0,20,60,21,0,10,60,50,0,0,70,0,0,40,100,0,0,40,100,0,0,42,100,0,0,56.45,110,0,0,103.5
S410,F000000001,271.5,271.5,0,111.55,311,311,0,97.5,330,343,0,166.75,250,229.5,0,213,230,127,0,78,210,108.45,0,120.75,250,94,0,133.25,250,0,0,156.5,250,0,0,180.15,300,0,0,182.25,350,0,0,150.5,350,0,0,370.5
BHS007,F000000001,195.4,195.4,0,30,180.65,180.65,0,22.5,167,167,0,40,70,104,0,20,60,45.95,0,20,50,41.55,0,10,70,0,0,0,70,0,0,0,180,0,0,47,180,0,0,48,180,0,0,51,180,0,0,119.5
S363,F000000001,20,20,0,5,15,15,0,5,10,10,0,10,20,5.85,0,0,20,15,0,0,20,0,0,0,20,0,0,0,20,0,0,10,20,0,0,15,20,0,0,15,20,0,0,10,20,0,0,14.65
BHS033,F000000001,441,441,0,160,462,462,0,216,407,439.2,0,224,400,248,0,125,360,0,0,40,350,42,0,120,350,202.45,0,297,400,0,0,357,460,0,0,303,500,0,0,383,500,0,0,438,550,0,0,504
U025,F000000001,199,199,0,20,165,165,0,5,130,140,0,15.5,50,64.5,0,0,50,27.5,0,0,40,0,0,0,40,19.5,0,0,50,0,0,19,170,0,0,10,170,0,0,17,170,0,0,36,170,0,0,60
A152,F000000001,461,461,0,361.75,546.5,546.5,0,401,818,652.65,0,316,450,420,0,210,450,319,0,90,400,218,0,168.5,400,255.95,0,200,450,0,0,320,550,0,0,460,550,0,0,469,550,0,0,565,600,0,0,552.95
BHC006,F000000001,20,20,0,0,41.85,41.85,0,0,21,42,0,0,20,0,0,0,20,0,0,0,20,0,0,10,20,0,0,0,20,0,0,0,40,0,0,20,40,0,0,20,40,0,0,40,40,0,0,0
G099,F000000001,219,219,0,71,188,188,0,132,209,209,0,35,150,168,0,120,140,84,0,50,130,71,0,32,150,105.05,0,33.3,150,0,0,50.15,200,0,0,93,200,0,0,100,200,0,0,115,250,0,0,221
BHG012,F000000001,41,41,0,10,42,42,0,0,0,0,0,0,20,0,0,0,20,0,0,0,20,0,0,0,20,0,0,0,20,0,0,0,40,0,0,16,40,0,0,20,40,0,0,20,40,0,0,42
BHH009,F000000001,20,20,0,10,0,0,0,0,21,21,0,0,20,0,0,0,20,0,0,0,20,0,0,10,20,0,0,0,20,0,0,0,20,0,0,30,20,0,0,0,20,0,0,16,20,0,0,0
BHK018,F000000001,92,92,0,20,70.5,70.5,0,10,178,157,0,20,70,46,0,0,60,96,0,10,50,66,0,30,50,88,0,45,80,0,0,61,70,0,0,87,70,0,0,78,70,0,0,98.5,70,0,0,130
BHM066,F000000001,82,82,0,0,126,126,0,0,104,103.7,0,0,80,104,0,0,70,42,0,0,60,42,0,10,50,62,0,0,80,0,0,0,130,0,0,0,130,0,0,10,130,0,0,20,130,0,0,49
BHM004,F000000001,217,217,0,19.5,247,247,0,47,380,401.5,0,0,200,246,0,51.5,160,112,0,23,150,165.15,0,40,150,162,0,10,200,0,0,22.5,250,0,0,102.95,250,0,0,146,250,0,0,120,300,0,0,251.5
P173,F000000001,0,0,0,20,63,63,0,49,0,147,0,110,80,21,0,40,60,42,0,30,60,42,0,50,100,63,0,41,80,0,0,0,100,0,0,0,150,0,0,0,150,0,0,0,150,0,0,0
S544,F000000001,84,84,0,30,42,42,0,36.5,21,42,0,45,40,42,0,20,40,21,0,20,40,45.55,0,40,40,25,0,20,40,0,0,20,60,0,0,57,60,0,0,60,60,0,0,42,60,0,0,43
BHS005,F000000001,105,105,0,0,167.9,167.9,0,40,126,146.8,0,70,120,21,0,51.5,100,0,0,6.05,80,0,0,0,100,42,0,60,130,0,0,0,170,0,0,96.5,170,0,0,96,170,0,0,81,170,0,0,99.5
BHF006,F000000001,41.85,41.85,0,0,158,158,0,0,189,231,0,0,120,63,0,0,100,37,0,0,80,42,0,0,120,21,0,0,120,0,0,0,160,0,0,0,160,0,0,120,160,0,0,106,160,0,0,141.9
BHM107,F000000001,0,0,0,0,63,63,0,0,42,41.9,0,0,40,0,0,0,40,0,0,0,40,0,0,0,40,0,0,0,40,0,0,0,80,0,0,0,80,0,0,0,80,0,0,0,80,0,0,0
BHM108,F000000001,0,0,0,0,19,19,0,0,0,0,0,0,20,0,0,0,20,0,0,0,20,0,0,0,20,0,0,0,20,0,0,0,40,0,0,0,40,0,0,0,40,0,0,0,40,0,0,0
A178,F000000001,502,501.5,0,196.45,616,615.5,0,190,700,684.5,0,164.55,300,178,0,150,250,262.85,0,95,300,332,0,263,350,569.95,0,282.5,350,0,0,185,300,0,0,193.6,400,0,0,461,450,0,0,487,500,0,0,712.25
BHB007,F000000001,102.5,102.5,0,89.65,135,135,0,140,150,150,0,50,100,102.5,0,90,100,75,0,40,100,73.2,0,70,100,121.5,0,107.5,100,0,0,60,100,0,0,45,100,0,0,107,100,0,0,130,100,0,0,95
BHI002,F000000001,20,20,0,0,21,21,0,0,40,41,0,0,40,60,0,0,20,40,0,0,40,21,0,0,100,41,0,0,100,0,0,20,100,0,0,20,100,0,0,40,100,0,0,30,100,0,0,21
BHK042,F000000001,117,112.5,0,40,224.5,64.5,0,10,110,37.5,0,17,100,0,0,30,100,0,0,15,100,0,0,18,100,0,0,87.5,100,0,0,46,150,0,0,50,100,0,0,95.5,150,0,0,81,200,0,0,110
BHK041,F000000001,112.5,117,0,60,64.5,224.5,0,70,80,329.45,0,40,50,49.5,0,25,50,107.5,0,19,80,91.3,0,69,50,225,0,100,50,0,0,77,80,0,0,94,50,0,0,72,100,0,0,70,100,0,0,128
BHM001,F000000001,114.5,114.5,0,41.1,120,120,0,105,120,117,0,25,100,89.25,0,37.5,100,56.5,0,14.5,100,23.5,0,75,100,70.5,0,100,100,0,0,75,100,0,0,113.95,100,0,0,110,100,0,0,98.5,100,0,0,101
BHM058,F000000001,1598.5,1598.5,0,510.4,2198.5,2188.2,0,796,1250,1600,0,648,500,613.7,0,401.5,500,754.85,0,173.75,800,670.95,0,553.5,1000,1084.9,0,886.75,1000,0,0,903.5,1000,0,0,981,1200,0,0,1254.5,1700,0,0,1211,2000,0,0,1724.8
BHM084,F000000001,16,16,0,20,63,63,0,0,75,126,0,0,60,40,0,0,50,40,0,0,50,20.95,0,0,60,60,0,0,50,0,0,0,60,0,0,0,100,0,0,20,150,0,0,77,200,0,0,70
BHS038,F000000001,1005.5,1005.5,0,371.75,1358.25,1358.25,0,522.5,1200,1070,0,356.8,500,500.6,0,344,600,277.1,0,300,700,412,0,608.95,700,921.2,0,511.7,800,0,0,593.65,900,0,0,500.55,1000,0,0,800,1200,0,0,821,1500,0,0,1382.35
BHS047,F000000001,60,60,0,30,105,105,0,40,85,115,0,10,50,22.5,0,0,50,37.5,0,0,50,25,0,0,50,45,0,0,50,0,0,0,50,0,0,20.65,80,0,0,36,100,0,0,40,100,0,0,100
BHS131,F000000001,54,54,0,0,22,22,0,0,40,20,0,0,40,40,0,0,200,20,0,0,200,42,0,0,200,41,0,0,100,0,0,0,40,0,0,0,40,0,0,16,40,0,0,36,250,0,0,20
BHS149,F000000001,207,207,0,68.65,172.5,172.5,0,105,150,127.5,0,70,80,97.5,0,80,80,90,0,40,100,185,0,78.25,120,152,0,78.5,100,0,0,64.5,100,0,0,77,150,0,0,159.5,170,0,0,150,200,0,0,178.7
BHM404,F000000001,158.5,0,0,0,148.5,0,0,0,150,0,0,0,100,0,0,0,100,0,0,0,100,0,0,0,120,0,0,0,100,0,0,0,100,0,0,0,150,0,0,0,150,0,0,0,150,0,0,0
BHR214,F000000001,591,0,0,0,561.5,0,0,0,650,0,0,0,250,0,0,0,200,0,0,0,300,0,0,0,350,0,0,0,250,0,0,0,200,0,0,0,350,0,0,0,400,0,0,0,450,0,0,0
BHS162,F000000001,348,348,0,0,427.5,427.5,0,0,500,356,0,0,150,103,0,0,200,105,0,0,200,84,0,0,250,166,0,0,300,0,0,200,350,0,0,271,350,0,0,356.25,400,0,0,298.5,450,0,0,453.5
BHS443,F000000001,20,0,0,0,60,0,0,0,40,0,0,0,40,0,0,0,40,0,0,0,40,0,0,0,40,0,0,0,40,0,0,0,40,0,0,0,40,0,0,0,40,0,0,0,40,0,0,0
BHM104,F000000001,341.5,341.5,0,0,322.5,322.5,0,0,300,349.5,0,0,120,147.5,0,0,100,208.8,0,0,150,177.05,0,0,200,215.5,0,67.5,300,0,0,94.5,281,0,0,116,280,0,0,172.2,320,0,0,227.5,350,0,0,275
BHA190,F000000001,45,0,0,0,105,0,0,0,50,0,0,0,50,0,0,0,50,0,0,0,50,0,0,0,50,0,0,0,50,0,0,0,50,0,0,0,50,0,0,0,50,0,0,0,100,0,0,0
BHR191,F000000001,202.5,0,0,0,257.5,0,0,0,300,0,0,0,50,0,0,0,50,0,0,0,50,0,0,0,50,0,0,0,100,0,0,0,100,0,0,0,100,0,0,0,100,0,0,0,100,0,0,0
BHM106,F000000001,20,20,0,0,20,20,0,0,40,63,0,0,40,20,0,0,40,40,0,0,40,0,0,0,40,39,0,0,70,0,0,0,70,0,0,0,70,0,0,0,70,0,0,0,100,0,0,0
BHA068,F000000001,100,0,0,0,100,0,0,0,100,42,0,0,75,0,0,0,75,0,0,0,75,0,0,0,100,0,0,0,100,0,0,0,100,0,0,0,200,0,0,0,200,0,0,0,300,0,0,0
BHB061,F000000001,200,0,0,0,200,0,0,0,200,147,0,0,150,42,0,0,150,21,0,0,150,0,0,0,200,21,0,0,200,0,0,0,200,0,0,0,300,0,0,0,350,0,0,0,400,0,0,0
BHB010,F000000001,150,0,0,0,150,21,0,0,150,84,0,0,75,0,0,0,75,0,0,0,75,0,0,0,150,0,0,0,150,0,0,0,150,0,0,0,150,0,0,0,150,0,0,0,150,0,0,0
BHC008,F000000001,150,37,0,0,150,90,0,41,150,90,0,107.5,75,50,0,63,75,61,0,20,75,0,0,42,150,0,0,21,150,0,0,0,150,0,0,21,200,0,0,42,200,0,0,62,200,0,0,110
BHG029,F000000001,150,42,0,16,150,76,0,15.5,150,45.65,0,16,50,0,0,63,50,42,0,42,50,42,0,0,150,0,0,21,150,0,0,-6.85,150,0,0,42,200,0,0,41,200,0,0,21,200,0,0,41
BHG031,F000000001,150,41,0,20,150,78,0,0,150,135,0,62,50,84,0,36,50,84,0,42,50,62.5,0,42,150,69,0,42,150,0,0,21,150,0,0,83,150,0,0,42,150,0,0,41.5,150,0,0,20
BHJ015,F000000001,50,42,0,38,50,0,0,22,50,42,0,46,50,0,0,0,50,0,0,0,50,0,0,21,50,0,0,0,50,0,0,25,50,0,0,0,100,0,0,0,100,0,0,0,100,0,0,0
BHM077,F000000001,50,0,0,0,50,0,0,0,50,0,0,0,50,0,0,0,50,0,0,0,50,0,0,20,50,0,0,0,50,0,0,21,50,0,0,0,75,0,0,21,150,0,0,21,75,0,0,25.1
BHM085,F000000001,75,21,0,0,75,62,0,16,75,20,0,0,75,0,0,21,75,20,0,21,75,0,0,0,75,0,0,0,75,0,0,21,75,0,0,0,100,0,0,21,100,0,0,0,100,0,0,0
BHM105,F000000001,75,0,0,0,75,16,0,0,75,38,0,0,75,0,0,0,75,0,0,0,75,0,0,0,75,0,0,0,75,0,0,0,75,0,0,20,75,0,0,0,150,0,0,0,125,0,0,20.4
BHM094,F000000001,80,0,0,0,80,25,0,0,80,27,0,21,80,0,0,11,80,25,0,21,80,0,0,0,80,0,0,0,80,0,0,0,80,0,0,0,100,0,0,20,100,0,0,0,200,0,0,21
N143,F000000001,150,45.95,0,41,150,109,0,25,150,149,0,0,75,62,0,0,75,-0.05,0,21,75,42,0,21,150,66.9,0,21,150,0,0,21,150,0,0,0,150,0,0,21,150,0,0,42,150,0,0,105
BHN007,F000000001,100,31,0,0,100,52,0,0,100,0,0,0,50,61.95,0,0,50,42,0,31,50,0,0,8,100,0,0,84,100,0,0,42,100,0,0,20,100,0,0,63,100,0,0,41,100,0,0,72.75
BHP016,F000000001,100,10,0,15,100,0,0,0,100,0,0,0,50,0,0,0,50,0,0,0,50,0,0,21,100,0,0,0,100,0,0,21,100,0,0,0,150,0,0,37,150,0,0,41,150,0,0,38.5
BHP034,F000000001,100,26,0,20,100,10,0,20,100,26,0,21,50,0,0,34.5,50,26,0,0,50,0,0,29,100,21,0,0,100,0,0,0,100,0,0,21,100,0,0,21,100,0,0,0,100,0,0,29.05
BHS075,F000000001,50,0,0,0,50,0,0,0,50,0,0,0,50,0,0,0,50,0,0,0,50,0,0,0,50,0,0,42,50,0,0,21,50,0,0,0,50,0,0,0,100,0,0,0,100,0,0,0
BHS103,F000000001,400,244,0,238.5,400,326.1,0,267.5,400,460,0,303.5,250,251,0,219,250,240.95,0,105,250,126,0,123,300,129.7,0,84,300,0,0,109,350,0,0,126,450,0,0,147,500,0,0,229,650,0,0,257
BHS114,F000000001,150,5,0,0,150,60,0,0,150,30,0,21,100,0,0,21,100,0,0,0,100,0,0,21,100,0,0,21,100,0,0,0,150,0,0,21,150,0,0,20,150,0,0,0,150,0,0,0
BHS092,F000000001,70,0,0,0,70,0,0,21,70,42,0,20,70,0,0,0,70,0,0,0,70,21,0,0,70,0,0,0,70,0,0,0,70,0,0,15,200,0,0,20,200,0,0,0,200,0,0,0
C112,F000000001,60,0,0,7.5,60,0,0,10,60,0,0,0,20,13.85,0,0,20,6.5,0,0,20,0,0,0,60,0,0,0,60,0,0,10,60,0,0,0,80,0,0,0,80,0,0,10,100,0,0,0
J114,F000000001,30,0,0,0,30,10,0,9,30,10,0,0,20,0,0,0,20,0,0,0,20,0,0,0,30,10,0,0,30,0,0,0,30,0,0,0,60,0,0,0,60,0,0,0,80,0,0,0
S474,F000000001,0,0,0,0,0,0,0,0,0,0,0,0,0,0,0,0,0,0,0,0,0,0,0,0,0,0,0,0,0,0,0,0,0,0,0,0,0,0,0,0,0,0,0,0,0,0,0,0
P187,F000000001,50,0,0,0,50,0,0,0,50,0,0,0,50,0,0,0,75,0,0,0,75,0,0,0,50,0,0,0,50,0,0,0,50,0,0,0,50,0,0,0,50,0,0,0,50,0,0,0
C135,F000000001,40,0,0,0,40,0,0,0,40,0,0,0,25,0,0,0,25,0,0,0,25,0,0,0,40,0,0,0,40,0,0,0,40,0,0,0,60,0,0,0,60,0,0,0,75,0,0,0
M426,F000000001,0,0,0,0,0,0,0,0,0,0,0,0,0,0,0,0,0,0,0,0,0,0,0,0,0,0,0,0,0,0,0,0,0,0,0,0,0,0,0,0,0,0,0,0,0,0,0,0
N163,F000000001,100,117.7,0,0,100,21,0,0,100,5,0,0,50,0,0,0,50,18.05,0,0,50,0,0,0,100,21,0,0,100,0,0,0,100,0,0,0,150,0,0,0,150,0,0,0,150,0,0,0
BHK008,F000000001,50,0,0,7.5,50,0,0,0,50,0,0,6,50,0,0,0,30,0,0,0,30,0,0,0,50,0,0,0,50,0,0,0,50,0,0,0,75,0,0,0,75,0,0,0,80,0,0,0
BHB015,F000000001,0,0,0,0,0,0,0,0,0,0,0,0,0,0,0,0,0,0,0,0,0,0,0,0,0,0,0,0,0,0,0,0,0,0,0,0,0,0,0,0,0,0,0,0,0,0,0,0
BHR009,F000000001,40,0,0,0,40,0,0,0,40,0,0,0,25,0,0,0,25,0,0,0,25,0,0,0,40,0,0,0,40,0,0,0,40,0,0,0,50,0,0,0,50,0,0,0,75,0,0,0
BHA023,F000000001,0,0,0,0,0,0,0,0,0,0,0,0,0,0,0,0,0,0,0,0,0,0,0,0,0,0,0,0,0,0,0,0,0,0,0,0,0,0,0,0,0,0,0,0,0,0,0,0
BHS046,F000000001,30,0,0,0,30,0,0,0,30,0,0,0,20,0,0,0,20,0,0,0,20,0,0,0,30,0,0,0,30,0,0,0,30,0,0,0,30,0,0,0,30,0,0,0,30,0,0,0
M378,F000000001,80,0,0,0,80,0,0,9.5,80,0,0,38.75,75,0,0,10,60,0,0,20,60,0,0,15,80,0,0,0,80,0,0,0,80,0,0,0,100,0,0,0,100,0,0,0,125,0,0,0
S517,F000000001,100,0,0,0,100,0,0,0,100,0,0,0,125,0,0,0,75,0,0,0,75,0,0,0,100,0,0,0,100,0,0,0,100,0,0,0,150,0,0,0,150,0,0,0,175,0,0,0
BHN001,F000000001,50,0,0,0,50,0,0,0,50,0,0,0,50,0,0,0,30,0,0,0,30,0,0,0,50,0,0,0,50,0,0,0,50,0,0,0,75,0,0,0,75,0,0,0,80,0,0,0
BHA006,F000000001,0,0,0,0,0,0,0,0,0,0,0,0,0,0,0,0,0,0,0,0,0,0,0,0,0,0,0,0,0,0,0,0,0,0,0,0,0,0,0,0,0,0,0,0,0,0,0,0
BHV004,F000000001,50,0,0,0,50,0,0,0,50,0,0,0,50,0,0,0,50,0,0,0,50,0,0,0,50,0,0,0,50,0,0,0,50,0,0,0,60,0,0,0,60,0,0,0,75,0,0,0
BHK001,F000000001,50,0,0,0,50,0,0,0,50,0,0,0,50,0,0,0,75,0,0,0,75,0,0,0,50,0,0,0,50,0,0,0,50,0,0,0,50,0,0,0,50,0,0,0,50,0,0,0
BHM002,F000000001,40,0,0,0,40,0,0,0,40,0,0,0,50,0,0,0,25,0,0,0,25,0,0,0,40,0,0,0,40,0,0,0,40,0,0,0,60,0,0,0,60,0,0,0,75,0,0,0
BHV001,F000000001,0,0,0,0,0,0,0,0,0,0,0,0,0,0,0,0,0,0,0,0,0,0,0,0,0,0,0,0,0,0,0,0,0,0,0,0,0,0,0,0,0,0,0,0,0,0,0,0
BHN005,F000000001,50,0,0,10,50,0,0,10,50,0,0,7,50,0,0,0,30,0,0,0,30,0,0,0,50,0,0,0,50,0,0,0,50,0,0,0,60,0,0,0,60,0,0,0,75,0,0,0
BHC004,F000000001,50,0,0,0,50,0,0,0,50,0,0,0,20,0,0,0,20,0,0,0,20,0,0,0,50,0,0,0,50,0,0,0,50,0,0,0,60,0,0,0,60,0,0,0,75,0,0,0
BHJ012,F000000001,60,0,0,0,60,0,0,0,60,0,0,0,50,0,0,0,30,0,0,0,30,0,0,0,60,0,0,0,60,0,0,0,60,0,0,0,80,0,0,0,80,0,0,0,100,0,0,0
BHK017,F000000001,75,19.5,0,0,75,10,0,0,75,0,0,0,75,20,0,10,60,0,0,0,60,0,0,10,75,0,0,10,75,0,0,0,75,0,0,0,100,0,0,30.5,100,0,0,0,125,0,0,0
BHC007,F000000001,75,0,0,26,75,26,0,71,75,40,0,60,75,34,0,20,60,20,0,20,60,0,0,21,75,20.35,0,20,75,0,0,42,75,0,0,10.5,100,0,0,33.5,100,0,0,28.1,125,0,0,32.5
BHM068,F000000001,30,0,0,0,30,0,0,0,30,0,0,0,25,0,0,0,20,0,0,0,20,0,0,0,30,0,0,0,30,0,0,0,30,0,0,0,60,0,0,0,60,0,0,0,60,0,0,0
BHS093,F000000001,75,11,0,0,75,0,0,0,75,20,0,0,75,10,0,0,60,26.75,0,0,60,20.5,0,0,75,0,0,0,75,0,0,0,75,0,0,0,90,0,0,0,90,0,0,0,100,0,0,0
BHA047,F000000001,50,0,0,0,50,0,0,0,50,0,0,30,50,0,0,0,50,0,0,0,50,0,0,0,50,0,0,0,50,0,0,0,50,0,0,0,50,0,0,0,50,0,0,0,75,0,0,0
BHS107,F000000001,50,0,0,0,50,0,0,0,50,0,0,0,75,0,0,0,50,0,0,0,50,0,0,0,50,0,0,0,50,0,0,0,50,0,0,0,50,0,0,0,50,0,0,0,50,0,0,0
BHB046,F000000001,75,0,0,0,75,0,0,10,75,0,0,0,50,0,0,0,50,0,0,0,50,0,0,0,75,0,0,0,75,0,0,0,75,0,0,15,75,0,0,0,75,0,0,0,80,0,0,0
BHC003,F000000001,30,0,0,0,30,11,0,0,30,10,0,0,20,0,0,0,20,0,0,0,20,0,0,0,30,10,0,10,30,0,0,0,30,0,0,0,60,0,0,8,60,0,0,0,60,0,0,13
BHN011,F000000001,30,18.65,0,20,30,0,0,10,30,15.5,0,10,25,18.5,0,10,25,6.5,0,0,25,0,0,0,30,0,0,0,30,0,0,10,30,0,0,5,30,0,0,21,30,0,0,4,30,0,0,0
BHM060,F000000001,50,0,0,0,50,0,0,0,50,0,0,0,25,0,0,0,25,0,0,0,25,0,0,0,50,0,0,0,50,0,0,0,50,0,0,0,50,0,0,0,50,0,0,0,75,0,0,0
BHR046,F000000001,50,0,0,0,50,0,0,5,50,0,0,0,50,0,0,0,30,0,0,0,30,0,0,0,50,0,0,0,50,0,0,0,50,0,0,0,50,0,0,0,50,0,0,0,60,0,0,0
BHR044,F000000001,75,0,0,0,75,0,0,0,75,0,0,0,50,0,0,0,50,0,0,0,50,0,0,0,75,0,0,0,75,0,0,0,75,0,0,0,80,0,0,0,80,0,0,0,100,0,0,0
BHJ018,F000000001,40,62,0,9.25,40,10,0,17.5,40,0,0,23.95,25,0,0,10,30,0,0,12.5,30,0,0,7.5,40,0,0,7.5,40,0,0,7.5,40,0,0,0,60,0,0,7,60,0,0,10,75,0,0,53
BHK024,F000000001,80,29.5,0,32.2,80,51,0,32.5,80,35.75,0,57.5,75,30,0,37.5,50,7.5,0,18.75,50,10,0,28.5,80,19.75,0,31,80,0,0,27.5,80,0,0,25,100,0,0,48.5,100,0,0,23.75,125,0,0,48.75
BHM042,F000000001,0,0,0,0,0,0,0,0,0,0,0,0,0,0,0,0,0,0,0,0,0,0,0,0,0,0,0,0,0,0,0,0,0,0,0,0,0,0,0,0,0,0,0,0,0,0,0,0
BHK021,F000000001,75,0,0,0,75,0,0,37.5,75,30,0,7.5,50,10,0,0,25,18.5,0,0,25,0,0,0,75,0,0,2.5,75,0,0,5,75,0,0,0,100,0,0,0,100,0,0,0,125,0,0,0
BHA052,F000000001,65,0,0,0,65,0,0,5,65,0,0,0,50,0,0,0,40,0,0,0,40,0,0,0,65,0,0,0,65,0,0,0,65,0,0,0,80,0,0,0,80,0,0,0,100,0,0,0
BHJ028,F000000001,50,0,0,0,50,14,0,10,50,22,0,18.75,55,18,0,10,40,0,0,0,40,0,0,0,50,14,0,0,50,0,0,4.4,50,0,0,15.5,60,0,0,0,60,0,0,13,75,0,0,19.5
BHM083,F000000001,60,6,0,0,60,29.75,0,10,60,40.5,0,30,25,8,0,10,30,0,0,22.5,30,17,0,10,60,0,0,0,60,0,0,0,60,0,0,21.9,60,0,0,12,60,0,0,0,75,0,0,40.85
BHA055,F000000001,30,0,0,0,30,0,0,0,30,0,0,0,20,0,0,0,20,0,0,0,20,0,0,0,30,0,0,0,30,0,0,0,30,0,0,0,30,0,0,0,30,0,0,0,30,0,0,0
BHN026,F000000001,75,0,0,0,75,0,0,0,75,0,0,21,50,0,0,7.5,30,0,0,0,30,0,0,0,75,0,0,20,75,0,0,0,75,0,0,4.75,100,0,0,0,100,0,0,5,100,0,0,0
BHT007,F000000001,50,0,0,0,50,0,0,0,50,0,0,0,25,0,0,0,25,0,0,0,25,0,0,0,50,0,0,0,50,0,0,0,50,0,0,5,75,0,0,0,75,0,0,0,80,0,0,0
BHK039,F000000001,50,0,0,10,50,20.5,0,10,50,2,0,20,25,0,0,7.5,25,15,0,7.5,25,0,0,0,50,7.5,0,10,50,0,0,7.5,50,0,0,0,60,0,0,10,60,0,0,0,70,0,0,10
BHA064,F000000001,30,0,0,0,30,0,0,10,30,0,0,0,25,0,0,0,25,0,0,0,25,0,0,0,30,0,0,0,30,0,0,0,30,0,0,0,30,0,0,0,30,0,0,0,35,0,0,0
J107,F000000001,75,0,0,0,75,0,0,20,75,0,0,78,50,0,0,42,40,0,0,0,40,0,0,7.5,75,0,0,2.5,75,0,0,10,75,0,0,0,75,0,0,0,75,0,0,0,100,0,0,0
A192,F000000001,125,61,0,0,125,62.75,0,70,125,161,0,75,100,45,0,56,50,51.05,0,40.5,50,50,0,52,125,80,0,57.25,125,0,0,63,125,0,0,65.5,125,0,0,63,125,0,0,57.5,160,0,0,71
D122,F000000001,50,0,0,0,50,31,0,10,50,0,0,21,30,10,0,0,30,10,0,0,30,0,0,10,50,10,0,0,50,0,0,0,50,0,0,0,50,0,0,0,50,0,0,15,50,0,0,0
M318,F000000001,50,0,0,0,50,0,0,0,50,0,0,5,30,0,0,0,30,0,0,0,30,0,0,0,50,0,0,0,50,0,0,0,50,0,0,0,50,0,0,0,50,0,0,0,60,0,0,0
C114,F000000001,75,42,0,16,75,62,0,30,75,62,0,30,30,10,0,31,30,20,0,10,30,9.95,0,21,75,41,0,21,75,0,0,21,75,0,0,21,80,0,0,36,80,0,0,25,100,0,0,61
U023,F000000001,125,0,0,20,125,0,0,50,125,0,0,57.5,50,0,0,72,50,0,0,40,50,0,0,10,125,0,0,31,125,0,0,30,125,0,0,26,150,0,0,35,150,0,0,9.5,150,0,0,0
BHS023,F000000001,30,0,0,10,30,9,0,0,30,0,0,15,25,0,0,0,25,0,0,0,25,0,0,0,30,0,0,0,30,0,0,0,30,0,0,0,30,0,0,0,30,0,0,0,50,0,0,0
BHM008,F000000001,50,29,0,17.5,50,10,0,0,50,19,0,20,45,10,0,10,30,10,0,10,30,0,0,0,50,0,0,12.5,50,0,0,2.5,50,0,0,5,70,0,0,7.5,70,0,0,7.5,80,0,0,25.5
BHC001,F000000001,50,41,0,0,50,40,0,20,50,30,0,41,45,20,0,31,30,20,0,10,30,30,0,10,50,30,0,21,50,0,0,25,50,0,0,21,70,0,0,15,70,0,0,25,80,0,0,48.75
BHR008,F000000001,30,0,0,0,30,0,0,0,30,0,0,0,30,0,0,0,25,0,0,0,25,0,0,0,30,0,0,0,30,0,0,0,30,0,0,0,30,0,0,0,30,0,0,0,30,0,0,0
BHP001,F000000001,150,0,0,0,150,0,0,9.15,150,0,0,7.5,75,0,0,0,75,0,0,0,75,0,0,0,150,0,0,0,150,0,0,0,150,0,0,0,150,0,0,0,150,0,0,0,150,0,0,0
BHS032,F000000001,150,0,0,17.5,150,0,0,62.5,150,56.45,0,70,80,18.8,0,21,75,0,0,30,75,0,0,30,150,0,0,0,150,0,0,10,150,0,0,17.5,150,0,0,15,150,0,0,0,150,0,0,23
BHS109,F000000001,30,0,0,0,30,0,0,0,30,0,0,0,25,0,0,0,30,0,0,0,30,0,0,0,30,0,0,0,30,0,0,0,30,0,0,0,30,0,0,0,30,0,0,0,30,0,0,0
BHM032,F000000001,55,0,0,0,55,0,0,0,55,0,0,0,45,0,0,31,45,0,0,0,45,0,0,0,55,0,0,8.75,55,0,0,0,55,0,0,15,60,0,0,20,60,0,0,11,75,0,0,23
BHS089,F000000001,55,19,0,24.75,55,0,0,7.5,55,40,0,31.5,45,10,0,31,45,14.5,0,20,45,27,0,30.5,55,20,0,21,55,0,0,7.5,55,0,0,42.5,60,0,0,30,60,0,0,25,80,0,0,36.6
BHB053,F000000001,50,10,0,28.75,50,28.75,0,18.75,50,35,0,0,45,14.85,0,10,45,0,0,10,45,0,0,0,50,0,0,0,50,0,0,0,50,0,0,0,60,0,0,0,60,0,0,0,80,0,0,0
BHN027,F000000001,50,0,0,0,50,0,0,20,50,0,0,21,50,0,0,0,45,0,0,31,45,0,0,13.5,50,0,0,24,50,0,0,1,50,0,0,0,60,0,0,0,60,0,0,0,75,0,0,0
C120,F000000001,75,100,0,110,100,163.6,0,46,125,126,0,100.5,50,83.5,0,46,50,42,0,21,50,63,0,21,75,63,0,41,75,0,0,42,100,0,0,42,60,0,0,41,60,0,0,63,100,0,0,105
K193,F000000001,75,0,0,51,75,0,0,0,75,0,0,66,60,21,0,0,60,42,0,7.5,50,21,0,22.5,70,21,0,21,70,0,0,0,60,0,0,23.5,50,0,0,0,50,0,0,16,60,0,0,0
M312,F000000001,75,63,0,160,100,173,0,85,100,207,0,68.5,150,84,0,91.5,100,41.45,0,21,100,21,0,42,150,42,0,0,125,0,0,21,100,0,0,63,125,0,0,21,200,0,0,41,200,0,0,73
M419,F000000001,100,0,0,71,75,42,0,60,50,145.95,0,17.5,100,21,0,0,50,0,0,0,50,0,0,0,50,0,0,0,50,0,0,0,50,0,0,0,50,0,0,0,75,0,0,0,80,0,0,0
M411,F000000001,75,48.5,0,60,75,105,0,46,100,84,0,41,125,83.7,0,25,50,63,0,0,50,63,0,0,50,63,0,21,25,0,0,0,25,0,0,0,25,0,0,21,50,0,0,63,100,0,0,42
M317,F000000001,125,0,0,200,100,126,0,22,100,42,0,0,150,42,0,142,75,0,0,0,75,151,0,0,100,0,0,130,100,0,0,25,75,0,0,0,100,0,0,0,125,0,0,162,150,0,0,42
BHK019,F000000001,50,65.5,0,37.5,50,51,0,22.5,50,74,0,55,50,89.75,0,0,50,24,0,0,50,43.5,0,0,50,51,0,0,50,0,0,0,50,0,0,9.5,50,0,0,23,75,0,0,16,80,0,0,36
BHH004,F000000001,50,20,0,50,50,81.55,0,20,75,126,0,0,75,53,0,0,50,21,0,0,50,0,0,0,50,0,0,0,50,0,0,0,25,0,0,21,50,0,0,0,50,0,0,16,80,0,0,16
BHC012,F000000001,75,0,0,60,50,0,0,40,75,0,0,39,75,21,0,67,75,0,0,0,50,0,0,42,75,0,0,0,25,0,0,0,50,0,0,83,75,0,0,0,50,0,0,16,50,0,0,21
BHV016,F000000001,25,0,0,0,25,0,0,0,25,0,0,0,50,0,0,0,50,0,0,0,50,0,0,0,50,0,0,0,25,0,0,0,25,0,0,0,50,0,0,0,50,0,0,0,50,0,0,0
BHG030,F000000001,30,21,0,30,50,28.85,0,63.75,50,73,0,77.5,25,59.9,0,20,25,21,0,0,25,21,0,0,30,0,0,15,25,0,0,0,25,0,0,42,25,0,0,17,50,0,0,28,50,0,0,49.5
A278,F000000001,100,0,0,8,100,0,0,0,100,10,0,0,150,10,0,0,100,4.9,0,0,75,13.5,0,0,125,19,0,0,100,0,0,0,75,0,0,21,100,0,0,0,100,0,0,0,100,0,0,0
J123,F000000001,0,0,0,0,0,0,0,0,0,0,0,0,0,0,0,0,0,0,0,0,0,0,0,0,0,0,0,0,0,0,0,0,0,0,0,0,0,0,0,0,0,0,0,0,0,0,0,0
M299,F000000001,50,0,0,0,50,28,0,0,50,4.5,0,0,50,13,0,0,25,9.9,0,0,25,0,0,0,50,7.5,0,21,25,0,0,42,25,0,0,20,50,0,0,0,25,0,0,0,25,0,0,0
M300,F000000001,25,0,0,0,25,0,0,0,25,0,0,0,25,0,0,0,25,0,0,0,25,0,0,0,25,0,0,0,25,0,0,0,25,0,0,0,25,0,0,0,25,0,0,0,25,0,0,0
BHC005,F000000001,0,0,0,0,0,0,0,0,0,0,0,0,0,0,0,0,0,0,0,0,0,0,0,0,0,0,0,0,0,0,0,0,0,0,0,0,0,0,0,0,0,0,0,0,0,0,0,0
BHM018,F000000001,25,0,0,0,25,0,0,0,25,7.5,0,0,25,1.6,0,0,25,0,0,0,25,0,0,0,25,21,0,0,25,0,0,0,25,0,0,0,25,0,0,0,25,0,0,0,25,0,0,0
BHP006,F000000001,25,0,0,0,25,0,0,0,25,0,0,0,25,0,0,0,25,0,0,0,25,0,0,0,25,0,0,0,25,0,0,0,25,0,0,0,25,0,0,0,25,0,0,0,25,0,0,0
BHR019,F000000001,25,0,0,0,25,0,0,0,25,0,0,0,25,0,0,0,25,0,0,0,25,0,0,0,25,0,0,0,25,0,0,0,25,0,0,0,25,0,0,0,25,0,0,0,25,0,0,0
BHA020,F000000001,0,0,0,0,0,0,0,0,0,0,0,0,0,0,0,0,0,0,0,0,0,0,0,0,0,0,0,0,0,0,0,0,0,0,0,0,0,0,0,0,0,0,0,0,0,0,0,0
BHL005,F000000001,25,0,0,0,25,0,0,0,25,0,0,0,25,0,0,0,25,0,0,0,25,0,0,0,25,0,0,0,25,0,0,0,25,0,0,0,25,0,0,0,25,0,0,0,25,0,0,0
BHB032,F000000001,75,0,0,0,100,0,0,0,100,0,0,0,75,0,0,0,75,0,0,0,75,0,0,0,50,0,0,0,100,0,0,0,100,0,0,0,75,0,0,0,25,0,0,0,100,0,0,0
BHS078,F000000001,25,0,0,0,25,0,0,0,25,0,0,0,25,0,0,0,25,0,0,0,25,0,0,0,25,0,0,0,25,0,0,0,25,0,0,0,25,0,0,0,25,0,0,0,25,0,0,0
BHV008,F000000001,0,0,0,0,0,0,0,0,0,0,0,0,0,0,0,0,0,0,0,0,0,0,0,0,0,0,0,0,0,0,0,0,0,0,0,0,0,0,0,0,0,0,0,0,0,0,0,0
BHM055,F000000001,25,0,0,0,25,0,0,0,25,0,0,0,25,0,0,0,25,0,0,0,25,0,0,0,25,0,0,0,25,0,0,0,25,0,0,0,25,0,0,0,25,0,0,0,25,0,0,0
BHR043,F000000001,25,0,0,20,25,21,0,0,25,37,0,0,25,0,0,0,25,17.5,0,0,25,0,0,15,25,0,0,0,25,0,0,0,25,0,0,0,25,0,0,0,25,0,0,0,25,0,0,0
BHA041,F000000001,25,0,0,0,25,9,0,0,25,0,0,0,25,0,0,0,25,0,0,0,25,0,0,0,25,0,0,0,25,0,0,0,25,0,0,0,25,0,0,0,25,0,0,0,25,0,0,0
BHS097,F000000001,25,0,0,0,25,0,0,0,25,7.5,0,0,25,0,0,0,25,0,0,0,25,0,0,0,25,0,0,0,25,0,0,0,25,0,0,0,25,0,0,0,25,0,0,0,25,0,0,0
BHJ020,F000000001,0,0,0,0,0,0,0,0,0,0,0,0,0,0,0,0,0,0,0,0,0,0,0,0,0,0,0,0,0,0,0,0,0,0,0,0,0,0,0,0,0,0,0,0,0,0,0,0
BHR058,F000000001,0,0,0,0,0,0,0,0,0,0,0,0,0,0,0,0,0,0,0,0,0,0,0,0,0,0,0,0,0,0,0,0,0,0,0,0,0,0,0,0,0,0,0,0,0,0,0,0
BHS111,F000000001,0,0,0,0,0,0,0,0,0,0,0,0,0,0,0,0,0,0,0,0,0,0,0,0,0,0,0,0,0,0,0,0,0,0,0,0,0,0,0,0,0,0,0,0,0,0,0,0
BHS132,F000000001,0,0,0,95,0,0,0,20,0,0,0,145,0,0,0,0,0,0,0,0,0,0,0,0,0,0,0,0,0,0,0,0,0,0,0,0,0,0,0,0,0,0,0,0,0,0,0,0
BHM086,F000000001,0,0,0,0,0,0,0,0,0,0,0,0,0,0,0,0,0,0,0,0,0,0,0,0,0,0,0,0,0,0,0,0,0,0,0,0,0,0,0,0,0,0,0,0,0,0,0,0
BHM102,F000000001,100,0,0,0,125,0,0,0,125,49.3,0,0,125,13.75,0,0,100,5,0,66,75,0,0,0,100,0,0,0,100,0,0,60,75,0,0,31.5,100,0,0,0,100,0,0,0,100,0,0,0
I026,F000000001,200,0,0,74.5,200,0,0,122,175,0,0,0,150,0,0,0,150,0,0,0,150,0,0,0,250,0,0,0,150,0,0,0,200,0,0,107,200,0,0,21,300,0,0,164.8,300,0,0,86.5
BHG018,F000000001,200,225,0,186.25,200,261.5,0,82.5,175,536.75,0,69.4,150,63,0,82.5,150,28.5,0,64.25,150,21,0,208,250,0,0,72.75,150,0,0,30,200,0,0,52.5,200,0,0,7.5,300,0,0,0,300,0,0,58.5
P182,F000000001,50,0,0,16,100,0,0,70.5,100,0,0,22.5,100,0,0,7.5,50,0,0,28.75,50,0,0,7.5,75,0,0,15,50,0,0,22.5,50,0,0,13,75,0,0,0,75,0,0,0,60,0,0,14.1
G134,F000000001,75,0,0,37.5,100,0,0,65.5,100,0,0,40,75,0,0,15,75,0,0,30,50,0,0,44,100,0,0,8,50,0,0,32,50,0,0,4.5,50,0,0,7,25,0,0,7,50,0,0,6.85
BHM054,F000000001,75,15,0,17.5,75,15.5,0,29,75,45,0,42.5,75,45,0,22.5,50,22.5,0,0,75,30,0,12.5,50,37.5,0,0,75,0,0,22.5,50,0,0,13.5,50,0,0,20.75,50,0,0,15,75,0,0,13.8
A259,F000000001,50,29,0,138.75,75,43.5,0,111,100,41,0,87.25,75,0,0,51,50,4.75,0,22.5,50,0,0,32.5,50,2.5,0,43.5,50,0,0,7.5,25,0,0,18.15,50,0,0,15,75,0,0,37.5,60,0,0,30
B266,F000000001,25,0,0,0,25,0,0,13.75,25,0,0,0,25,0,0,12.5,25,0,0,0,25,0,0,0,25,0,0,0,25,0,0,0,25,0,0,0,25,0,0,0,25,0,0,0,25,0,0,0
BHS077,F000000001,0,0,0,0,0,0,0,0,0,0,0,0,0,0,0,0,0,0,0,0,0,0,0,0,0,0,0,0,0,0,0,0,0,0,0,0,0,0,0,0,0,0,0,0,0,0,0,0
A174,F000000001,25,16.7,0,0,25,14.55,0,0,25,22.5,0,0,25,22.5,0,0,25,15,0,0,25,14,0,0,25,0,0,0,25,0,0,0,25,0,0,0,25,0,0,0,25,0,0,12.25,50,0,0,26.65
K175,F000000001,25,0,0,0,25,0,0,0,25,0,0,0,25,0,0,0,25,0,0,0,25,0,0,0,25,0,0,0,25,0,0,0,25,0,0,0,25,0,0,0,25,0,0,0,30,0,0,0
G086,F000000001,0,0,0,0,0,0,0,0,0,0,0,0,0,0,0,0,0,0,0,0,0,0,0,3.15,0,0,0,0,0,0,0,0,0,0,0,0,0,0,0,0,0,0,0,0,0,0,0,0
S375,F000000001,25,0,0,0,25,0,0,0,25,0,0,0,25,0,0,0,25,0,0,0,25,0,0,0,25,0,0,0,25,0,0,0,25,0,0,0,25,0,0,0,25,0,0,0,30,0,0,0
BHS076,F000000001,0,0,0,0,0,0,0,0,0,0,0,0,0,0,0,0,0,0,0,0,0,0,0,0,0,0,0,0,0,0,0,0,0,0,0,0,0,0,0,0,0,0,0,0,0,0,0,0
BHH006,F000000001,0,0,0,0,0,0,0,0,0,0,0,0,0,0,0,0,0,0,0,0,0,0,0,0,0,0,0,0,0,0,0,0,0,0,0,0,0,0,0,0,0,0,0,0,0,0,0,0
P201,F000000001,25,53.5,0,33.75,25,120.75,0,15,25,141.8,0,5,25,45,0,21.25,25,7.5,0,12.5,25,0,0,7.5,25,7.5,0,6.25,25,0,0,7.9,25,0,0,38.35,25,0,0,27.5,25,0,0,48.75,50,0,0,53.15
M256,F000000001,25,70,0,0,25,84,0,0,25,49.5,0,0,25,36,0,0,25,58.1,0,0,25,42,0,5.7,25,70.45,0,5,25,0,0,12.5,25,0,0,7.5,25,0,0,0,25,0,0,0,50,0,0,0
BHJ005,F000000001,0,0,0,0,0,0,0,0,0,0,0,0,0,0,0,0,0,0,0,0,0,0,0,0,0,0,0,0,0,0,0,0,0,0,0,0,0,0,0,0,0,0,0,0,0,0,0,0
BHS040,F000000001,25,9.25,0,21,25,32.5,0,10,25,26.05,0,20,25,26.5,0,5,25,9.5,0,5,25,6.5,0,0,25,3.5,0,5,25,0,0,0,25,0,0,12.25,25,0,0,6.25,25,0,0,5,50,0,0,10.05
BHN008,F000000001,25,0,0,7.5,25,0,0,7.5,25,0,0,0,20,0,0,0,20,0,0,0,20,0,0,0,20,0,0,0,20,0,0,0,20,0,0,0,20,0,0,0,20,0,0,0,20,0,0,0
K145,F000000001,0,0,0,0,0,0,0,0,0,0,0,1.55,0,0,0,0,0,0,0,14.15,0,0,0,0,0,0,0,0,0,0,0,0,0,0,0,0,0,0,0,0,0,0,0,0,0,0,0,0
K134,F000000001,0,0,0,0,0,0,0,0,0,0,0,0,0,0,0,0,0,0,0,0,0,0,0,0,0,0,0,0,0,0,0,0,0,0,0,0,0,0,0,0,0,0,0,0,0,0,0,0
H060,F000000001,0,0,0,0,0,0,0,0,0,0,0,0,0,0,0,0,0,0,0,0,0,0,0,0,0,0,0,0,0,0,0,0,0,0,0,0,0,0,0,0,0,0,0,0,0,0,0,0
S380,F000000001,50,0,0,41.25,50,7.5,0,82.5,50,23.75,0,52.5,75,0,0,6.5,50,0,0,15,50,23.3,0,0,75,0,0,0,50,0,0,0,50,0,0,0,25,0,0,0,25,0,0,7.5,80,0,0,0
BHA030,F000000001,0,0,0,0,0,0,0,0,0,0,0,0,0,0,0,0,0,0,0,0,0,0,0,0,0,0,0,0,0,0,0,0,0,0,0,0,0,0,0,0,0,0,0,0,0,0,0,0
BHB014,F000000001,25,0,0,0,25,0,0,0,25,0,0,0,20,0,0,0,20,0,0,0,20,0,0,0,20,0,0,0,20,0,0,0,20,0,0,0,20,0,0,0,20,0,0,0,20,0,0,0
BHN028,F000000001,25,0,0,58.5,25,0,0,0,25,0,0,0,20,0,0,0,20,0,0,0,20,0,0,0,20,0,0,0,20,0,0,0,20,0,0,0,20,0,0,0,20,0,0,0,30,0,0,0
BHM093,F000000001,25,0,0,0,25,0,0,0,25,0,0,0,20,0,0,0,20,0,0,0,20,0,0,0,20,0,0,0,20,0,0,0,20,0,0,0,20,0,0,0,20,0,0,0,20,0,0,0
BHA063,F000000001,0,0,0,15,0,0,0,7.5,0,0,0,14.8,0,0,0,0,0,0,0,0,0,0,0,0,0,0,0,0,0,0,0,0,0,0,0,0,0,0,0,0,0,0,0,0,0,0,0,0
D160,F000000001,21,21,0,0,21,42,0,10,21,0,0,10,21,19.25,0,17.5,21,21,0,0,21,21,0,21,21,0,0,0,21,0,0,21,21,0,0,0,21,0,0,21,21,0,0,0,21,0,0,21
A244,F000000001,84,0,0,0,84,0,0,0,84,37,0,0,84,21,0,0,84,21,0,0,84,0,0,0,84,42,0,0,84,0,0,0,84,0,0,21,84,0,0,0,84,0,0,0,84,0,0,0
A247,F000000001,105,63,0,120,105,147,0,85,105,21,0,112.5,105,0,0,118,105,0,0,84,105,0,0,104.6,105,21,0,109,105,0,0,84,105,0,0,82,105,0,0,101,105,0,0,97,105,0,0,117
BHG001,F000000001,84,63,0,40,84,41.45,0,0,84,59,0,30,84,17,0,42,84,0,0,63,84,0,0,22,84,0,0,42,84,0,0,42,84,0,0,42,84,0,0,36,84,0,0,59,84,0,0,57
BHG023,F000000001,42,0,0,10,42,42,0,15,42,23,0,0,42,0,0,21,42,31,0,0,42,21,0,0,42,21,0,0,42,0,0,21,42,0,0,21,42,0,0,17,42,0,0,21,42,0,0,21
BHJ007,F000000001,21,41.5,0,0,21,21,0,40,21,21,0,0,21,42,0,11,21,0,0,16,21,25,0,21,21,21,0,42,21,0,0,21,21,0,0,0,21,0,0,21,21,0,0,21,21,0,0,20
K176,F000000001,42,42,0,0,42,0,0,0,42,21,0,0,42,0,0,0,42,0,0,0,42,0,0,0,42,0,0,21,42,0,0,0,42,0,0,0,42,0,0,0,42,0,0,0,42,0,0,0
M399,F000000001,21,0,0,0,21,21,0,0,21,22,0,24,21,0,0,0,21,0,0,0,21,22,0,0,21,0,0,0,21,0,0,0,21,0,0,0,21,0,0,0,21,0,0,0,21,0,0,0
M350,F000000001,42,0,0,0,42,21,0,0,42,46,0,21,42,0,0,21,42,21,0,0,42,0,0,42,42,0,0,21,42,0,0,0,42,0,0,21,42,0,0,17,42,0,0,21,42,0,0,0
P212,F000000001,42,0,0,30,42,25,0,31,42,0,0,20,42,0,0,21,42,-0.05,0,0,42,0,0,21,42,0,0,0,42,0,0,21,42,0,0,10,42,0,0,10,42,0,0,21,42,0,0,27
S525,F000000001,63,21,0,0,63,42,0,0,63,31,0,10,63,0,0,0,63,25,0,0,63,21,0,21,63,25,0,0,63,0,0,21,63,0,0,21,63,0,0,15,63,0,0,21,63,0,0,21
BHS054,F000000001,63,21,0,30,63,42,0,35,63,60,0,32.5,63,55,0,42,63,42,0,21,63,42,0,43,63,42,0,42,63,0,0,42,63,0,0,42,63,0,0,42,63,0,0,41,63,0,0,42
S526,F000000001,63,21,0,30,63,42,0,0,63,67,0,31,63,33,0,21,63,25,0,0,63,21,0,42,63,42,0,42,63,0,0,21,63,0,0,32,63,0,0,21,63,0,0,21,63,0,0,31
BHS052,F000000001,42,0,0,10,42,21,0,20,42,40,0,0,42,0,0,0,42,12,0,0,42,21,0,0,42,21,0,0,42,0,0,0,42,0,0,0,42,0,0,0,42,0,0,0,42,0,0,20.5
T095,F000000001,21,0,0,0,21,21,0,0,21,0,0,0,21,22,0,0,21,21,0,0,21,0,0,0,21,21,0,0,21,0,0,0,21,0,0,0,21,0,0,0,21,0,0,0,21,0,0,0
BHA008,F000000001,63,21,0,30,63,73.5,0,40,63,41,0,30,63,49,0,20,63,38,0,15,63,0,0,25,63,30,0,15,63,0,0,21,63,0,0,21,63,0,0,0,63,0,0,21,63,0,0,31
BHK005,F000000001,20,5,0,0,20,0,0,0,20,16,0,0,20,10,0,15,20,17.5,0,0,20,7,0,10,20,6.9,0,5,20,0,0,10,20,0,0,10,20,0,0,17.5,20,0,0,10,20,0,0,15
M357,F000000001,21,21,0,20,21,0,0,0,21,42,0,32,21,0,0,10,21,21,0,42,21,0,0,10,21,21,0,21,21,0,0,20,21,0,0,0,21,0,0,21,21,0,0,0,21,0,0,0
A277,F000000001,31,26,0,0,31,21,0,10,31,31,0,0,31,0,0,0,31,0,0,0,31,0,0,0,31,0,0,0,31,0,0,0,31,0,0,0,31,0,0,0,31,0,0,0,31,0,0,0
BHB018,F000000001,42,0,0,20,42,21,0,30,42,34.35,0,11,42,25,0,21,42,0,0,0,42,0,0,21,42,25,0,21,42,0,0,0,42,0,0,21,42,0,0,21,42,0,0,27.5,42,0,0,21
B233,F000000001,63,35,0,0,63,42,0,0,63,67,0,0,63,21,0,0,63,0,0,0,63,22,0,0,63,0,0,0,63,0,0,5,63,0,0,5,63,0,0,21,63,0,0,5,63,0,0,11
D136,F000000001,21,21,0,40,21,21,0,0,21,22,0,20,21,21,0,20,21,0,0,21,21,10,0,0,21,25,0,21,21,0,0,21,21,0,0,0,21,0,0,25,21,0,0,0,21,0,0,21
BHJ006,F000000001,21,0,0,0,21,63,0,36,21,42,0,0,21,43,0,20,21,21,0,21,21,24,0,21,21,18.7,0,21,21,0,0,20,21,0,0,0,21,0,0,21,21,0,0,21,21,0,0,37.9
J133,F000000001,42,0,0,50,42,43,0,40,42,30,0,74,42,10,0,25,42,10,0,35,42,10,0,25,42,21,0,10,42,0,0,15,42,0,0,20,42,0,0,5,42,0,0,12,42,0,0,26.5
BHK027,F000000001,42,21,0,20,42,0,0,10,42,46,0,0,42,0,0,27,42,25,0,0,42,0,0,15,42,25,0,0,42,0,0,0,42,0,0,0,42,0,0,0,42,0,0,10,42,0,0,0
BHP023,F000000001,42,10,0,10,42,0,0,10,42,44.5,0,0,42,20.5,0,0,42,30,0,0,42,0,0,5,42,0,0,0,42,0,0,0,42,0,0,10,42,0,0,10,42,0,0,10,42,0,0,10
BHP022,F000000001,63,0,0,40,63,0,0,0,63,25,0,0,63,0,0,0,63,0,0,0,63,0,0,0,63,0,0,0,63,0,0,5,63,0,0,0,63,0,0,0,63,0,0,5,63,0,0,0
BHS008,F000000001,21,21,0,70,21,0,0,0,21,21,0,21,21,22,0,10,21,0,0,0,21,0,0,20,21,0,0,0,21,0,0,21,21,0,0,0,21,0,0,21,21,0,0,18,21,0,0,10
S531,F000000001,300,105,0,170,300,265.55,0,210,300,280.8,0,84,300,149,0,173.5,300,142,0,147,300,21,0,157.5,300,0,0,84,300,0,0,84,300,0,0,206,300,0,0,40.2,300,0,0,116,300,0,0,157.65
S535,F000000001,21,21,0,50,21,42,0,30,21,42,0,40,21,21,0,40,21,25,0,15,21,0,0,26,21,21,0,21,21,0,0,21,21,0,0,5,21,0,0,21,21,0,0,40,21,0,0,21
BHS118,F000000001,21,21,0,60,21,42,0,50,21,52,0,31,21,21,0,36,21,0,0,5,21,21,0,21,21,25,0,21,21,0,0,0,21,0,0,21,21,0,0,21,21,0,0,21,21,0,0,33
BHM095,F000000001,834,0,0,0,834,0,0,0,834,0,0,0,834,0,0,0,834,0,0,0,834,0,0,0,834,0,0,0,834,0,0,0,834,0,0,0,834,0,0,0,834,0,0,0,834,0,0,0
D096,F000000001,50,0,0,0,50,0,0,5,50,0,0,7.5,40,0,0,0,40,0,0,6,40,0,0,5,50,0,0,0,75,0,0,6.25,75,0,0,0,75,0,0,9,100,0,0,0,125,0,0,6.25
L094,F000000001,150,0,0,22.5,150,25,0,30,150,69.75,0,30,125,16,0,0,125,21,0,15,125,0,0,15,150,0,0,0,125,0,0,25,150,0,0,12.5,150,0,0,15,125,0,0,5,160,0,0,0
BHN029,F000000001,75,0,0,17.5,75,0,0,65,75,0,0,0,50,0,0,0,50,0,0,0,50,0,0,0,75,0,0,0,75,0,0,16.4,75,0,0,0,100,0,0,0,75,0,0,0,125,0,0,0
O022,F000000001,100,0,0,71.25,100,82.3,0,0,100,109.5,0,36.25,75,41.5,0,0,75,22.5,0,0,75,0,0,0,100,10,0,10,75,0,0,51,130,0,0,143,125,0,0,87,130,0,0,39.5,150,0,0,0
R146,F000000001,75,0,0,0,75,0,0,0,75,0,0,0,60,0,0,0,60,0,0,0,60,0,0,17.5,75,0,0,35,75,0,0,0,75,0,0,0,75,0,0,0,75,0,0,0,100,0,0,0
BHS043,F000000001,75,15,0,22.5,75,31,0,62.5,75,30,0,50,50,18.5,0,0,50,0,0,30,50,25,0,30,75,26.5,0,20,100,0,0,31,100,0,0,23.5,100,0,0,15.1,125,0,0,2.5,130,0,0,0
BHR022,F000000001,75,0,0,15,75,0,0,0,75,0,0,0,50,0,0,0,50,0,0,0,50,0,0,0,75,0,0,9,100,0,0,5,75,0,0,0,100,0,0,9,75,0,0,0,100,0,0,0
BHA058,F000000001,75,17.5,0,0,75,32.5,0,0,75,42,0,17.5,50,21,0,0,50,21,0,30,50,25.8,0,0,75,21,0,21,100,0,0,15,75,0,0,25,100,0,0,26,75,0,0,0,100,0,0,0
BHA060,F000000001,55,0,0,17,55,21,0,87.5,55,21,0,0,45,21,0,0,45,42,0,0,45,33.05,0,30,55,42,0,10,75,0,0,15,100,0,0,6,120,0,0,11,120,0,0,4,150,0,0,0
BHB037,F000000001,75,0,0,60,75,18.85,0,83.25,75,43.25,0,30.25,50,32.75,0,15,50,32.75,0,47.25,50,21,0,11.25,75,7.5,0,5,75,0,0,11.25,100,0,0,10,120,0,0,10,120,0,0,10,150,0,0,26.95
BHB048,F000000001,50,0,0,37.5,50,0,0,30,50,0,0,0,40,0,0,0,40,0,0,0,40,0,0,0,50,0,0,0,75,0,0,0,75,0,0,0,75,0,0,0,75,0,0,0,75,0,0,0
B157,F000000001,50,0,0,0,50,0,0,0,50,0,0,0,40,0,0,0,40,0,0,0,40,0,0,0,50,0,0,0,75,0,0,0,75,0,0,0,75,0,0,0,75,0,0,0,75,0,0,0
BHB009,F000000001,200,0,0,165,200,5.7,0,90,200,0,0,15,160,21,0,5,160,0,0,8.95,160,0,0,18.7,200,0,0,26.9,225,0,0,0,250,0,0,5,220,0,0,0,230,0,0,8.2,250,0,0,0
B156,F000000001,50,0,0,13.75,50,0,0,6.75,50,0,0,6.25,40,0,0,0,40,0,0,0,40,0,0,5,50,0,0,0,50,0,0,0,50,0,0,0,75,0,0,0,75,0,0,0,75,0,0,0
BHD012,F000000001,75,26,0,0,75,0,0,28.5,75,0,0,16.75,50,0,0,0,50,0,0,0,50,0,0,0,70,0,0,7.5,70,0,0,21.25,70,0,0,11.35,80,0,0,6.5,80,0,0,0,100,0,0,0
BHG005,F000000001,250,0,0,43.5,250,99,0,45,250,116,0,29,200,63,0,5,200,99.5,0,0,200,152,0,7.5,250,83,0,64.5,225,0,0,53,230,0,0,222,220,0,0,161.5,220,0,0,42.5,250,0,0,54.95
BHG028,F000000001,50,0,0,0,50,0,0,13,50,0,0,0,35,0,0,0,35,0,0,0,35,0,0,0,50,0,0,0,50,0,0,2,50,0,0,0,75,0,0,0,75,0,0,0,75,0,0,0
BHJ024,F000000001,60,0,0,0,60,0,0,0,60,0,0,0,45,0,0,0,45,0,0,0,45,0,0,5,60,0,0,0,60,0,0,7.5,60,0,0,0,75,0,0,0,75,0,0,5,60,0,0,0
BHJ008,F000000001,50,0,0,0,50,0,0,22.5,50,0,0,7.5,40,0,0,5,40,0,0,0,40,0,0,0,50,0,0,0,50,0,0,0,50,0,0,0,75,0,0,0,75,0,0,0,60,0,0,0
BHK003,F000000001,50,20,0,25,50,30,0,130.2,50,5,0,27.5,35,6.25,0,0,35,21,0,0,35,0,0,15,50,0,0,0,50,0,0,0,60,0,0,0,75,0,0,15,75,0,0,6,75,0,0,17.5
BHK023,F000000001,75,0,0,103.4,75,0,0,65,75,0,0,8.4,50,0,0,0,50,0,0,0,50,0,0,0,50,0,0,0,75,0,0,0,50,0,0,0,75,0,0,0,75,0,0,0,60,0,0,0
K140,F000000001,75,0,0,0,75,0,0,74,75,0,0,18.5,50,0,0,0,50,0,0,45,50,0,0,27.5,75,0,0,25.75,75,0,0,21,75,0,0,0,75,0,0,0,75,0,0,11.2,60,0,0,15.7
M398,F000000001,75,0,0,2.5,75,0,0,0,75,21,0,0,30,0,0,0,30,21,0,0,30,0,0,0,75,0,0,0,75,0,0,0,75,0,0,0,75,0,0,0,75,0,0,0,75,0,0,0
BHM013,F000000001,75,0,0,30,75,23,0,37.5,75,17,0,52.5,31,6.25,0,0,31,7.5,0,0,31,0,0,6.25,75,0,0,0,75,0,0,0,75,0,0,0,75,0,0,15,75,0,0,5,75,0,0,0
BHM024,F000000001,50,0,0,0,50,0,0,0,50,14.65,0,0,30,37,0,0,30,31.85,0,0,30,47,0,5,50,55,0,0,75,0,0,0,75,0,0,0,75,0,0,0,50,0,0,0,75,0,0,0
BHM009,F000000001,50,0,0,0,50,0,0,56.25,50,21,0,0,35,0,0,0,35,0,0,0,35,0,0,0,50,0,0,0,75,0,0,20,60,0,0,0,75,0,0,0,75,0,0,0,75,0,0,0
BHM021,F000000001,50,0,0,10,50,0,0,0,50,0,0,0,30,0,0,0,30,0,0,0,30,21,0,0,50,0,0,0,75,0,0,0,75,0,0,16,75,0,0,4,75,0,0,18.25,75,0,0,15
BHN018,F000000001,60,7.5,0,43.75,60,0,0,28.5,60,37.5,0,10.5,40,15,0,6.25,40,0,0,0,40,7.5,0,15,60,0,0,16.5,75,0,0,51,60,0,0,41,75,0,0,17.5,75,0,0,0,75,0,0,0
BHO006,F000000001,50,0,0,0,50,0,0,0,50,0,0,0,40,0,0,0,40,0,0,0,40,0,0,0,50,0,0,0,75,0,0,0,75,0,0,0,75,0,0,30,75,0,0,0,75,0,0,0
BHO005,F000000001,50,0,0,0,50,0,0,10,50,0,0,0,40,0,0,0,40,0,0,0,40,0,0,0,50,0,0,0,75,0,0,0,60,0,0,0,75,0,0,0,75,0,0,0,75,0,0,0
R131,F000000001,50,6.25,0,0,50,16,0,27.5,50,21,0,1.5,40,6.25,0,0,40,6.25,0,10,40,6.25,0,5,50,0,0,11,50,0,0,9,75,0,0,11,75,0,0,21.5,75,0,0,0,75,0,0,0
BHS003,F000000001,50,0,0,20,50,20,0,46.75,50,30,0,0,40,33.5,0,0,40,29,0,2.5,40,30,0,0,50,35.7,0,0,50,0,0,0,60,0,0,0,75,0,0,8,75,0,0,17.3,75,0,0,5
BHS006,F000000001,50,0,0,0,50,0,0,0,50,0,0,0,40,5,0,0,40,2.5,0,0,40,0,0,10,50,10,0,6.25,50,0,0,0,50,0,0,4,75,0,0,4.8,75,0,0,1.5,75,0,0,4.75
BHS001,F000000001,50,0,0,7.5,50,0,0,30,50,0,0,0,40,0,0,0,40,0,0,0,40,0,0,0,50,0,0,0,50,0,0,0,50,0,0,0,75,0,0,0,75,0,0,0,75,0,0,0
BHS035,F000000001,50,0,0,20,50,0,0,32.5,50,0,0,22.5,40,0,0,0,40,0,0,10,40,0,0,5,50,0,0,0,50,0,0,15,50,0,0,5,75,0,0,0,50,0,0,0,75,0,0,7.5
BHS123,F000000001,50,0,0,10,50,0,0,7.5,50,21,0,0,40,0,0,0,40,0,0,6.25,40,0,0,0,50,0,0,15,50,0,0,0,50,0,0,5,75,0,0,2.5,75,0,0,0,75,0,0,0
BHS073,F000000001,50,7.5,0,0,50,13.5,0,0,50,0,0,0,45,0,0,0,45,0,0,0,45,7.5,0,0,50,6.5,0,0,50,0,0,0,50,0,0,0,75,0,0,13.75,75,0,0,14.4,60,0,0,13
BHS145,F000000001,50,0,0,20,50,0,0,20,50,0,0,15,40,0,0,0,40,0,0,3,40,0,0,0,50,0,0,15,50,0,0,0,50,0,0,0,75,0,0,21,75,0,0,0,60,0,0,0
BHS106,F000000001,50,15,0,45,50,49.5,0,41.5,50,28.5,0,33.5,40,2.5,0,0,40,15,0,5,40,19.85,0,6.25,50,38,0,18.5,50,0,0,13.5,50,0,0,20,75,0,0,57.5,75,0,0,17.5,60,0,0,18
BHS141,F000000001,50,0,0,0,50,0,0,0,50,0,0,15,45,0,0,0,45,21,0,0,45,21,0,0,50,21,0,0,50,0,0,20,50,0,0,11.5,75,0,0,51.5,75,0,0,0,100,0,0,0
BHN032,F000000001,75,0,0,0,75,0,0,0,75,22.5,0,0,60,6.25,0,0,60,0,0,0,60,20.5,0,0,60,14.5,0,20,60,0,0,7.5,60,0,0,0,75,0,0,5,75,0,0,2.5,100,0,0,0
BHJ033,F000000001,75,7.5,0,0,75,67,0,0,75,88,0,0,60,0,0,0,60,12.5,0,0,60,36,0,0,75,78,0,0,75,0,0,0,100,0,0,0,115,0,0,39,125,0,0,16,125,0,0,0
BHP020,F000000001,50,0,0,0,50,0,0,0,50,0,0,0,30,0,0,0,30,0,0,0,30,0,0,0,40,0,0,0,60,0,0,0,60,0,0,0,50,0,0,0,75,0,0,0,100,0,0,0
BHJ038,F000000001,0,0,0,0,50,0,0,0,50,0,0,0,30,37,0,0,30,0,0,0,30,0,0,0,40,42,0,0,50,0,0,0,50,0,0,0,50,0,0,0,50,0,0,0,75,0,0,0
BHL014,F000000001,0,0,0,0,50,0,0,0,50,20.9,0,0,40,21,0,0,40,21,0,0,40,42,0,0,30,42,0,0,50,0,0,0,50,0,0,0,50,0,0,0,50,0,0,0,80,0,0,0
WBT036,F000000001,1820,2162.45,2056.25,2056.25,1820,2295.35,1800,1842.7,1320,1967.3,1750,968.25,990,1899.85,1386,45,990,1594.8,1450,238.25,1160,1703.8,1550,506.75,1160,1751.8,1750,1517.6,1320,0,1800,1554.25,1650,0,2000,1706.15,1650,0,2150,2345.7,1650,0,2300,1787.75,1990,0,2500,2110.5
WBD057,F000000001,830,1016.15,660,661,840,963.9,700,680.25,610,937.7,700,763,450,732.5,400,533,450,542.3,480,445.5,530,788.4,700,729.25,530,764.35,700,408.5,610,0,700,335.5,760,0,800,569,760,0,900,882.5,770,0,900,820.5,900,0,1000,861.5
B172,F000000001,500,342,600,600,500,541.9,500,334.5,360,493.65,600,322.5,270,293.9,400,212,270,207,400,268,320,267.95,400,244,320,344,600,312,360,0,500,284.5,450,0,650,273.75,450,0,700,368,450,0,800,406,550,0,1000,373.25
M181,F000000001,380,397,339,339,390,404.35,400,400.85,280,322.65,250,226.25,210,362.35,150,48.25,210,300,150,126.8,250,303.4,200,129.5,250,197.75,250,206.25,280,0,400,204,350,0,500,242.75,350,0,600,398,350,0,600,324.75,420,0,600,414.65
A145,F000000001,370,463.2,272,272,380,464.1,400,348.5,270,460.55,200,198.75,200,467.2,100,3,200,355.25,120,67.75,240,417.1,150,101.75,240,380.25,200,241.5,270,0,400,322,340,0,500,330.25,340,0,600,404.5,340,0,600,301.25,400,0,600,413.9
WBJ009,F000000001,280,100,262,262,290,61.5,150,199,210,0,200,290.85,150,0,150,166,150,0,150,151.05,180,0,200,202,180,0,200,229.5,210,0,200,163,260,0,200,180,260,0,250,205,260,0,350,42,330,0,400,62.2
A184,F000000001,280,158.5,193,193,290,110.5,500,473.5,210,105.45,200,278.5,150,106.5,150,72,150,118.5,150,107,180,126.25,150,142,180,171,200,113.45,210,0,500,131.5,260,0,600,120,260,0,700,153,260,0,700,103,320,0,700,150.9
S467,F000000001,280,153,212,212,270,213,150,160,200,201,200,240,150,134,200,115,150,156,200,120.65,180,203,200,176,180,160.5,200,140,200,0,200,162.5,250,0,300,178.95,250,0,300,184,250,0,350,153,290,0,350,151
WBK031,F000000001,240,131,193,193,240,116,150,166,170,151,150,201,130,118,100,155.5,130,109,100,124.35,150,103,150,132,150,107,150,135,170,0,200,110,220,0,250,131.5,220,0,250,126.5,210,0,310,116.25,250,0,350,152
M241,F000000001,99.62264151,50,101.65,101.65,100,37,150,111,70,46,150,91.5,60,64.75,100,9,60,3,100,26.5,70,40,100,51,70,47.5,150,48.5,70,0,150,57.5,80,0,300,57.75,80,0,350,43.5,90,0,400,25,110,0,400,65
R157,F000000001,60,0,0,0,60,0,50,60,40,42,50,22,30,0,50,32,30,0,50,16,40,0,50,61,40,0,50,24,50,0,50,54,60,0,100,34,60,0,100,46,50,0,150,10,70,0,200,60
A212,F000000001,40,0,134,134,30,0,50,40,30,0,100,0,20,0,50,0,20,0,50,0,30,0,50,20,30,0,100,0,20,0,100,32,30,0,200,0,30,0,200,0,40,0,200,0,40,0,200,0
WBM067,F000000001,0,0,0,0,0,0,0,0,0,0,0,0,0,0,0,0,0,0,0,0,0,0,0,0,0,0,0,0,0,0,0,0,0,0,0,0,0,0,0,0,0,0,0,0,0,0,0,0
WBM191,F000000001,0,0,0,0,0,0,0,0,0,0,0,0,0,0,0,0,0,0,0,0,0,0,0,0,0,0,0,0,0,0,0,0,0,0,0,0,0,0,0,0,0,0,0,0,0,0,0,0
WBS089,F000000001,0,0,0,0,0,0,0,0,0,0,0,0,0,0,0,0,0,0,0,0,0,0,0,0,0,0,0,0,0,0,0,0,0,0,0,0,0,0,0,0,0,0,0,0,0,0,0,0
R114,F000000001,2000,1471.05,2277.5,2277.5,1900,1778.25,2000,2257,1660,1501.5,1500,1668.25,1000,1026.1,1050,815,1000,1017.15,1100,923,1250,1054.2,1300,1537.5,1240,1361.65,1400,1292.25,1320,0,1500,1183.35,1820,0,2200,854.5,1820,0,2200,1808.5,1830,0,2300,1399.25,2000,0,2350,1947
S596,F000000001,840,1011.2,686.3,686.3,800,833.5,900,922.45,700,932.4,600,424.8,420,708.6,420,98.15,420,626.75,420,234,520,658.2,500,315,520,544.2,600,657.25,560,0,600,671.5,770,0,700,775.6,770,0,800,935.05,760,0,800,794.35,840,0,900,1016.65
P106,F000000001,820,590,1158,1158,790,579.45,900,907,690,520.7,800,967,410,422.3,500,634,410,327,500,502,520,321,600,781.5,520,520,700,619,550,0,800,519.3,760,0,1150,403,760,0,1200,313,750,0,1200,323.25,820,0,1300,358.5
S343,F000000001,700,602.75,594,594,680,516,400,430.5,590,489.25,400,781,350,428.4,250,378,350,425.05,250,437.5,450,330.5,250,804.5,450,393.45,300,401,470,0,400,373.5,650,0,600,505.5,650,0,600,630,650,0,600,422,720,0,600,356.25
P147,F000000001,670,413,830,830,640,519,500,534.7,560,432,400,797,340,222,300,259,340,360,300,328,420,306,350,578,420,476,350,392,450,0,400,344,620,0,800,344,620,0,1000,338,610,0,1000,433,670,0,1000,572
WBN030,F000000001,650,361,392,392,620.0881057,506,500,618,540,544,500,630,320,145,250,219,320,360,300,265,400,351,300,452,410,445,400,420,430,0,400,362,600,0,350,436,600,0,400,491,590,0,400,381.5,640,0,500,851
WBJ036,F000000001,500,321,384,384,480,301,440,447,420,310,420,420.5,250,201,250,100,250,143,300,243,320,201,350,376,320,411,350,339,340,0,370,360,470,0,400,301,470,0,450,384,470,0,450,301,510,0,450,382
WBL019,F000000001,470,235,401,401,449.8678414,302.5,400,485,390,341,400,497,240,109,250,146,240,180,300,187,290,201,350,358.85,290,260,300,330,310,0,400,239,430,0,400,256,430,0,500,307,430,0,500,209,470,0,500,259
C085,F000000001,400,319,460,460,380,344,300,302,330,224,300,256,200,208,200,96,200,156,200,176,240,220,200,240,240,248,250,244,260,0,300,201,360,0,400,256,360,0,400,301,360,0,400,280,390,0,400,260
S340,F000000001,340,308.7,278.2,278.2,330,324.4,300,207,280,368.5,250,378,170,204.25,200,203,170,72,200,177.5,220,76,200,244,210,208.5,250,181,230,0,250,164,320,0,300,202.5,320,0,400,306,310,0,400,93,340,0,400,297.55
WBM204,F000000001,320,202,284,284,310,207,330,343,260,301,330,220,160,105,200,40,160,101,250,80,200,166,270,220,200,202,270,163,210,0,330,201,290,0,210,200,290,0,250,208,290,0,250,201,310,0,300,173
S478,F000000001,280,232,187.5,187.5,270,303,200,200,230,257,200,255,140,152,150,143,140,151,150,108,170,123,150,201,170,183,200,146,190,0,200,156,260,0,200,164,260,0,250,164,250,0,300,145,280,0,300,146
L073,F000000001,270,159,159,159,260,203,150,131,220,159,150,213.5,130,132,100,149,130,72,100,143,170,66,100,272,170,111,150,90.5,180,0,150,108,240,0,160,136,240,0,200,236.5,240,0,200,195,270,0,200,111
WBA072,F000000001,250,90,172.5,172.5,240,109,250,216,210,90,250,405.45,130,57,150,202,130,55,150,150,160,0,150,190.5,160,82,150,87,170,0,250,75,230,0,150,104,230,0,200,101,230,0,200,74,260,0,300,62
S462,F000000001,250,157,234,234,240,184,150,155.6,210,165,150,193,130,84,100,155,130,101,100,112,160,89,100,152,160,72,100,144,170,0,150,128,230,0,200,100,230,0,250,116,230,0,300,181,260,0,300,160
T057,F000000001,240,156,173.3,173.3,230,152,150,121,200,230,150,270,120,172,100,163,120,150.95,100,142,150,65,100,235,150,155,100,128,170,0,150,131,220,0,200,52,220,0,300,101,220,0,400,120,240,0,500,99.8
WBG021,F000000001,220,145,243.25,243.25,210,185,200,181,180,170,200,206,110,101,150,64,110,101,150,79,130,102,150,128,130,127,150,112,140,0,200,80,200,0,250,80,200,0,300,108,200,0,350,108,210,0,350,132
M229,F000000001,200,201,188,188,200,214,200,243,170,170,150,140,100,150.95,100,63,100,101,100,49,130,154.5,100,132.5,130,226,150,121,130,0,150,153,180,0,200,88.3,180,0,250,102,190,0,250,52,210,0,350,116
WBM053,F000000001,200,201,176,176,200,153,150,160,170,169,150,190,100,108,100,68,100,102,100,68,130,100.85,100,129,130,122,200,85,130,0,150,68,180,0,200,111,180,0,250,134,190,0,250,103,210,0,300,129
WBM072,F000000001,200,103,126,126,180,192,100,123,160,101.05,100,140,90,149.5,50,101,90,103,50,23,120,73,50,134.9,120,156.5,50,99,130,0,100,107,170,0,150,81,170,0,200,140,180,0,200,147,190,0,200,160.5
WBM031,F000000001,140,48,136,136,130,63.5,130,128,120,121,100,140,70,58,80,15,70,70,80,63,90,55.4,80,84,80,88,80,69,100,0,100,59,130,0,150,52,130,0,200,46,130,0,300,70,140,0,300,52
WBM205,F000000001,120,22,157,158,110,33,100,103,100,48,100,120,50,52,100,28,50,82,100,55,70,36,100,86,70,0,100,80,80,0,100,36,100,0,100,32,100,0,150,32,110,0,150,49,120,0,208,21
WBP051,F000000001,70,26,101,101,80,31,40,20,70,44,40,78.5,40,19,20,36,40,17,20,20,50,38,20,32,40,21,20,20,50,0,40,37,70,0,100,40,70,0,100,62.5,70,0,100,34.2,70,0,200,42
WBB023,F000000001,40,0,78,78,30,0,70,69,30,0,70,55,20,0,50,37,20,0,50,15,30,0,50,17,20,0,50,0,30,0,70,0,30,0,80,0,30,0,100,0,40,0,100,0,40,0,100,0
S382,F000000001,40,0,56,56,30,0,50,40,30,0,50,40,20,0,50,0,20,0,50,10,30,0,50,10,20,0,50,0,30,0,50,60,30,0,50,0,30,0,50,0,40,0,50,0,40,0,50,0
WBB071,F000000001,40,20,60,60,30,20,30,19,30,20,30,20,20,0,20,20,20,20,20,0,30,0,20,20,20,10,20,0,30,0,30,0,30,0,60,0,30,0,100,0,40,0,100,25,40,0,100,20
S341,F000000001,40,0,73,73,30,0,50,40,30,0,50,15,20,0,50,0,20,0,50,0,30,0,50,20,20,0,50,0,30,0,50,0,30,0,80,0,30,0,100,0,40,0,100,0,40,0,100,0
WBR057,F000000001,40,32,40,40,30,16,0,0,30,32,0,32,20,32,0,0,20,24,0,0,30,17,0,0,20,103,0,0,30,0,0,10,30,0,40,16,30,0,100,0,40,0,112,10,40,0,112,-0.05
B148,F000000001,40,0,12,12,30,16,10,10,30,16,10,0,20,0,10,16,20,-0.25,10,0,30,0,10,16,20,0,10,0,30,0,10,10,30,0,20,0,30,0,50,16,40,0,50,0,40,0,50,0
S321,F000000001,0,0,0,0,0,0,0,0,0,16,0,0,0,20,0,0,0,56,0,0,0,16,0,0,0,50,0,0,0,0,0,0,0,0,0,0,0,0,0,0,0,0,0,0,0,0,0,0
WBR054,F000000001,300,168,210,210,400,201,500,307.85,300,201.5,300,166,200,67.5,100,70,200,101.5,150,135.5,400,102.5,150,340,150,105,150,110,200,0,150,155,300,0,200,42,300,0,200,201,400,0,200,202,400,0,200,152
WBH019,F000000001,400,255,585,585,400,353,500,485,400,302,400,410,300,201,100,155,300,154,150,280.55,400,152,150,591,350,201,150,301.5,300,0,150,218,400,0,250,314,400,0,250,307,400,0,250,320,400,0,250,302
R132,F000000001,1500,1214,1812,1811.65,1200,1282.5,2000,1813,1200,1057.5,1200,1600,800,519.5,500,983,1000,706,700,938.5,1200,581,800,1429.5,1100,798,800,908,700,0,850,529.5,1000,0,1200,830,1000,0,1200,651.5,1000,0,1200,717,1200,0,1500,652
S141,F000000001,500,260,391,392,500,312,500,270,500,107.5,300,242,400,154,100,32,400,102,200,107,400,95,200,885.5,400,127,200,392.5,300,0,150,156,600,0,350,132,500,0,350,202,800,0,350,270,1200,0,400,305
S588,F000000001,200,217,165,165,350,214,250,370,300,202.5,200,185,150,201,130,106,150,152,100,110,300,190.8,100,237,250,120,100,205,200,0,100,107,200,0,200,149,250,0,200,208,300,0,200,204,400,0,250,205
WBP050,F000000001,300,215,200,200,300,238,250,220,300,201,200,280,200,130,70,120,300,110,100,152,300,125,100,311,250,154,100,207.5,300,0,100,202.5,200,0,200,154,300,0,200,151,350,0,200,111.5,400,0,200,232
B190,F000000001,750,659,751,751.45,1000,1010.5,1200,1715,700,1001.5,400,539,650,600,300,420,600,610,350,512,900,633,400,879.5,700,517,500,709,800,0,600,746.5,650,0,700,597,800,0,700,743.5,750,0,700,618,1000,0,800,700.05
D162,F000000001,200,110,120,120,400,210,150,283,300,210,200,352,150,110,100,102,150,100,100,100,200,140,150,185,150,220,150,124,200,0,150,152,150,0,200,50,150,0,200,60,200,0,250,75,200,0,250,42
WBD067,F000000001,100,0,0,0,200,20,0,0,100,22.5,0,0,100,21,0,0,100,0,0,0,100,21,0,0,50,20,0,0,100,0,0,0,100,0,0,0,100,0,0,0,100,0,0,0,100,0,0,0
D037,F000000001,300,122,365,264,500,102,400,435,300,0,300,217,150,0,150,70,150,0,150,111.5,250,0,200,229.5,200,0,200,210.5,250,0,200,201,200,0,200,153,300,0,200,107,200,0,300,105,500,0,300,45
D025,F000000001,900,758,879,979,1000,851,1000,1380,1000,872,1100,1202,700,610,500,655,700,541,550,770,1100,577,650,1104,1100,730,800,1067.5,1100,0,1000,1077,1000,0,1200,889,1200,0,1300,903,1000,0,1300,614,1200,0,1400,1066.5
G074,F000000001,1000,858.5,802,802,1200,1104,1100,1712,700,1011.5,1000,642,400,613,400,205,500,555.5,400,484,1000,623,500,990.5,900,307,650,892.5,900,0,800,854.5,700,0,900,660.5,1000,0,1100,934,950,0,1200,868,1250,0,1400,1209
K129,F000000001,100,10,87,87,300,0,150,50,50,0,100,0,50,0,50,0,50,0,50,0,50,0,50,0,50,0,50,20.5,50,0,50,0,50,0,50,20,50,0,50,0,100,0,100,13,100,0,150,15
L085,F000000001,200,102,252,172,300,106,200,201,300,112,200,247,100,107,100,60,150,102,100,110,150,60,150,141.5,200,105,150,162,200,0,150,152,150,0,150,102,150,0,150,100,200,0,200,102,300,0,250,106
L079,F000000001,200,30,70,70,300,40,100,130,150,50,100,95,100,30,50,40,100,40,50,10,100,52,100,71,50,70,100,20,50,0,100,15,50,0,150,10,50,0,150,20,50,0,200,10,50,0,200,10
WBM098,F000000001,300,312,260,160,500,303.5,450,487,300,402,150,430,150,154,100,52,200,202.5,100,202,300,319,150,291,300,151.5,150,352,250,0,150,202,350,0,200,378,350,0,200,304,400,0,250,301,400,0,400,304
M212,F000000001,500,516,600,540,600,545,500,710,400,493.5,500,550,300,180,300,260,200,214.65,300,170,350,260,300,348,350,298,400,399,300,0,400,256.5,300,0,450,250.5,400,0,500,220,500,0,600,260,600,0,600,291
WBN046,F000000001,300,316,216,216,400,320,250,275,250,279,200,151,150,101.5,100,102,150,120,100,100,250,160,100,234,200,210,150,180,300,0,150,235,300,0,150,230.5,300,0,200,220,400,0,250,202,400,0,300,207
N098,F000000001,1500,1299,1800,1981.8,1500,2215.5,2200,2670.4,1500,1606,2200,2205.5,750,1006.5,1500,554,1000,1008,1500,942.5,1600,1923,1700,1555,1400,907.25,2000,1614.5,1400,0,2300,1283,1500,0,2500,1481,2000,0,2600,1533.2,2300,0,2800,1137,2500,0,3000,2292
P111,F000000001,2200,1659.5,2700,2720,2500,2058.5,3000,3612,2000,2002.5,3000,3202.5,1700,1500,1900,1436,1450,1000,2000,1566.5,2350,1176,2300,2633,1800,1677,2500,2070.5,1900,0,3000,2001,2000,0,3300,1606,2500,0,3500,1970,3000,0,3700,1642,3500,0,4000,2543
S345,F000000001,200,80,130,130,300,50,150,177,150,70,100,90,100,45,50,50,100,42,50,60,150,15,50,102,100,22,100,100,150,0,100,95,100,0,100,74,150,0,100,110,200,0,150,102,300,0,200,65
S561,F000000001,300,157,252,322,500,317,250,392,300,240,200,495,200,202,150,160,200,131,150,161,300,153,150,285,250,202,150,248,300,0,150,259,250,0,150,181,350,0,250,302,400,0,300,127,400,0,300,386
S568,F000000001,50,0,30,30,200,0,50,50,50,10,50,20,50,20,30,40,50,10,50,10,50,0,50,56,50,0,50,61,50,0,50,30,50,0,50,40,50,0,39,30,50,0,100,10,50,0,150,0
WBD049,F000000001,200,110,175,175,400,130,300,303,300,67.5,300,50,100,0,200,16,100,0,200,40,150,20,200,102,100,30,200,54,100,0,200,50,150,0,300,82,150,0,500,105,150,0,500,109,150,0,500,101
WBS164,F000000001,400,310,300,249,400,302,350,302,350,302,300,286,150,110,120,102,250,105,100,202,350,101,100,309,250,201,150,231,250,0,150,206,350,0,200,301,350,0,400,305,400,0,400,320,400,0,500,312
WBT050,F000000001,200,156,0,0,200,102,0,0,200,80.5,0,20,100,36,0,40,100,10,0,42,100,50,0,70,100,35,0,104,150,0,0,102,150,0,0,101,150,0,0,125,250,0,0,112,300,0,0,112
WBD066,F000000001,100,30,0,0,200,52,0,0,100,86.5,0,0,100,22,0,0,100,22,0,0,100,25,0,0,100,34,0,0,100,0,0,0,100,0,0,0,100,0,0,0,100,0,0,0,100,0,0,0
WBM223,F000000001,200,0,0,0,500,0,0,0,200,0,0,0,200,0,0,0,100,0,0,0,100,0,0,0,100,0,0,0,100,0,0,0,200,0,0,0,200,0,0,0,200,0,0,0,200,0,0,0
S464,F000000001,0,0,0,0,0,0,0,0,0,0,0,0,0,0,0,0,0,0,0,0,0,0,0,0,0,0,0,0,0,0,0,0,0,0,0,0,0,0,0,0,0,0,0,0,0,0,0,0
H069,F000000001,350,221,356.5,356.5,330,144,433.6,433.6,250,207.85,350,195.9,230,153,300,130,210,70,300,94,210,0,300,178,230,0,350,185,330,0,380,175,350,0,400,47,370,0,450,23,370,0,470,63,380,0,520,301
A203,F000000001,0,0,9,9,0,0,42,42,0,0,40,24,0,0,30,16,0,0,20,19,0,0,20,4,0,0,30,13.8,0,0,40,0,0,0,50,0,0,0,60,0,0,0,70,0,0,0,70,0
B263,F000000001,0,0,0,0,0,0,0,0,0,0,0,0,0,0,0,0,0,0,0,0,0,0,0,0,0,0,0,0,0,0,0,0,0,0,0,0,0,0,0,0,0,0,0,0,0,0,0,0
WBA011,F000000001,30,0,21,21,30,0,17.5,17.5,30,33,30,28,30,5,30,21,30,0,30,37,30,0,30,5,30,0,40,16,30,0,50,26,50,0,50,0,50,0,60,0,50,0,70,0,50,0,70,0
WBS035,F000000001,400,172,166,166,370,244.95,196.35,196.35,300,251.65,150,139,250,87.5,100,47,230,207,100,128,230,110.5,100,117.8,250,75,120,151.2,370,0,150,170,420,0,180,165,480,0,200,131.5,500,0,220,145.9,500,0,240,305
G124,F000000001,0,0,54.5,54.5,0,0,34,34,0,0,30,49.25,0,0,30,10,0,0,50,37,0,0,50,51,0,0,60,34,0,0,60,44,0,0,70,32,0,0,80,0,0,0,90,0,0,0,100,0
P222,F000000001,100,69,32.5,32.5,80,42,36,36,50,60,30,0,50,22,30,16,50,0,30,0,50,0,30,0,50,0,30,0,80,0,30,0,120,0,50,16,120,0,60,58,120,0,70,85,150,0,80,80
R210,F000000001,320,126.5,260.5,260.5,300,65.8,277,277,200,105,200,152,180,64,150,115,150,22,150,50,150,4,150,157,180,0,160,243.8,300,0,170,201,350,0,200,68,350,0,220,10.5,350,0,240,54,400,0,250,195
R211,F000000001,0,0,0,0,0,0,21,21,0,0,30,0,0,0,30,22,0,0,30,0,0,0,30,0,0,0,30,0,0,0,40,0,0,0,50,0,0,0,60,0,0,0,80,0,0,0,100,0
R212,F000000001,200,152.5,249.45,249.45,180,115,133.5,133.5,120,63,150,151,100,59,100,73,80,0,100,28,80,9,130,86,100,0,150,113,180,0,160,91.5,230,0,180,42.5,230,0,200,16,230,0,220,84,250,0,230,153
G127,F000000001,150,61,67,67,130,25,52.95,52.95,100,49.5,50,40,80,38,30,2,80,13,60,23,80,3,60,31,80,0,70,40,130,0,80,36,160,0,90,58,160,0,100,19,160,0,110,40,200,0,130,135.25
B248,F000000001,50,0,0,0,50,0,17,17,30,0,50,54,30,7,50,17,30,0,30,0,30,0,30,19,30,0,50,21,50,0,80,22,50,0,100,0,50,0,120,0,50,0,140,11,70,0,150,15
N149,F000000001,50,0,54,54,50,12,0,0,30,48.5,130,119.45,30,25,100,0,30,23,80,10,30,3,80,8.3,30,4,80,0,50,0,80,0,50,0,100,0,50,0,120,0,50,0,130,34.2,70,0,140,15
P225,F000000001,30,0,218.3,218.3,30,16,58.5,58.5,30,19,50,60.7,30,0,50,50,30,0,50,26,30,0,60,5,30,0,70,65,30,0,80,85,50,0,100,36,50,0,120,0,50,0,130,0,50,0,140,0
M359,F000000001,0,0,0,0,30,0,0,0,30,0,0,0,30,0,0,0,30,0,0,0,30,0,0,0,30,0,0,0,30,0,0,0,50,0,0,0,50,0,0,0,50,0,0,0,80,0,0,0
M363,F000000001,0,0,0,0,0,0,0,0,0,0,0,0,0,0,0,0,0,0,0,0,0,0,0,0,0,0,0,0,0,0,0,0,0,0,0,0,0,0,0,0,0,0,0,0,0,0,0,0
WBM005,F000000001,100,97,119.2,119.2,80,83,99.5,99.5,50,87,100,42.5,50,79,70,60,30,41.4,80,41,30,15,80,65,50,0,80,102,80,0,90,100,100,0,110,35.5,100,0,120,0,120,0,130,52,150,0,140,114.5
WBG015,F000000001,50,0,0,0,50,0,0,0,50,0,50,15.5,50,0,30,0,30,0,30,37,30,0,30,32,50,0,30,58,50,0,40,65,50,0,50,43,50,0,60,16,60,0,70,77,70,0,90,0
WBD013,F000000001,0,0,0,0,0,0,0,0,0,0,0,0,0,0,0,0,0,0,0,0,0,0,0,0,0,0,0,0,0,0,0,0,0,0,0,0,0,0,0,0,0,0,0,0,0,0,0,0
WBS074,F000000001,30,16,31.95,31.95,30,16,26.1,26.1,30,32,30,0,30,0,30,10,30,7,30,16,30,0,30,0,30,8,30,15,30,0,30,8,30,0,50,0,30,0,60,0,50,0,70,4,70,0,70,16
WBR049,F000000001,100,21,112.5,112.5,100,6,121,121,70,43,100,20,50,28,70,0,50,10,70,39.6,50,0,80,22,50,0,100,42,100,0,120,43,120,0,150,36,120,0,180,16,120,0,200,63,150,0,220,106
WBM124,F000000001,0,7,63,63,0,0,56,56,0,0,60,23,0,0,30,0,0,0,40,16,0,0,40,0,0,0,40,0,0,0,50,0,0,0,60,0,0,0,80,0,0,0,100,0,0,0,120,0
WBR064,F000000001,300,109,244,235.3,300,56.5,203.9,203.9,250,18,250,132,230,0,150,51.85,200,0,150,3.25,200,49.5,160,36.05,230,17,180,6,300,0,180,101,330,0,200,125.2,380,0,220,33.3,400,0,240,101,450,0,250,303
WBM180,F000000001,50,0,0,0,50,0,0,0,30,0,0,0,30,0,0,0,30,0,0,0,30,0,0,0,30,0,0,0,50,0,0,0,50,0,0,0,50,0,0,0,60,0,0,0,70,0,0,0
WBI014,F000000001,30,0,60,60,30,0,30,30,30,0,30,30,30,0,30,0,30,0,30,11,30,0,30,19,30,0,50,31,30,0,60,39,50,0,70,31,50,0,90,0,80,0,100,0,100,0,110,0
WBS175,F000000001,0,0,0,0,0,0,0,0,0,0,0,0,0,0,0,0,0,0,0,0,0,0,0,0,0,0,0,0,0,0,0,0,0,0,0,0,0,0,0,0,0,0,0,0,0,0,0,0
WBN074,F000000001,0,0,37,37,0,0,42.35,42.35,0,0,50,0,0,0,50,20,0,0,30,16,0,0,30,0,0,0,30,16,0,0,40,8,0,0,50,0,0,0,60,0,0,0,70,0,0,0,70,0
WBS188,F000000001,120,41.5,105.5,105.5,100,14,44.5,44.5,100,69.5,40,18,80,41,30,33,80,38.5,40,31.5,80,6,40,63,80,0,50,60.95,100,0,60,32,120,0,80,15,150,0,100,24,150,0,100,51.5,180,0,110,62.95
WBB091,F000000001,120,0,273,273,100,0,206.5,206.5,100,0,250,0,80,0,150,0,50,0,200,0,50,0,210,42,80,0,250,0,100,0,260,0,130,0,280,0,160,0,300,117.5,180,0,320,63,200,0,350,52
WBM206,F000000001,350,23,656.6,656.6,330,0,421.7,421.7,320,0,400,419.7,320,0,300,88.85,250,0,350,227,250,0,370,301.8,320,0,400,339.65,330,0,420,317.85,380,0,450,94,450,0,480,16,450,0,500,85,450,0,550,134.5
WBN076,F000000001,30,5,79,79,30,0,0,0,30,0,50,42,30,10,50,0,30,0,50,0,30,0,50,0,30,0,60,15,30,0,70,94,30,0,90,38,50,0,100,0,50,0,110,0,50,0,120,23
WBP063,F000000001,100,32,137.5,137.5,80,32,328,328,80,21.5,300,9,60,76,200,0,50,0,200,0,50,4,200,0,60,0,200,74,80,0,230,136,100,0,250,49,120,0,270,0,130,0,290,10,150,0,300,94
WBS192,F000000001,0,0,147,147,0,0,59.9,59.9,0,0,50,65,0,0,50,42,0,0,50,17,0,0,60,0,0,0,70,23.5,0,0,80,17,0,0,100,0,0,0,130,0,0,0,150,0,0,0,160,0
WBT049,F000000001,50,0,94.05,94.05,50,0,27,27,50,0,50,77.95,30,0,30,31,30,0,80,22.5,30,0,80,11,30,0,90,12,50,0,100,0,50,0,120,0,60,0,140,0,60,0,150,0,70,0,150,0
WBB093,F000000001,50,20,28,28,50,0,16,16,50,12,30,0,30,41,30,7.5,30,10,30,16,30,0,30,18,30,0,30,10,50,0,40,21,50,0,50,34,70,0,60,10,70,0,70,18,100,0,80,51
WBH030,F000000001,50,0,53.5,53.5,50,0,41,41,40,0,50,0,40,0,50,0,30,0,50,0,30,0,50,0,40,0,60,0,50,0,70,0,50,0,80,0,60,0,90,0,70,0,100,0,100,0,120,0
WBM212,F000000001,0,0,84,84,0,0,59,59,0,32,60,21,0,32,30,22.5,0,0,50,9.5,0,0,50,63,0,0,60,20,0,0,60,43,0,0,80,22,0,0,100,0,0,0,110,0,0,0,120,0
WBM214,F000000001,50,2,0,0,50,0,0,0,30,0,0,16.5,30,0,0,0,30,0,0,0,30,0,0,0,30,0,0,0,50,0,0,0,50,0,0,0,50,0,0,0,50,0,0,28,80,0,0,27
WBB096,F000000001,30,0,0,0,30,32,0,0,30,32,0,0,30,0.5,0,0,30,0,0,0,30,21,0,0,30,0,0,0,30,0,0,120,50,0,0,116,70,0,0,16,80,0,0,0,100,0,0,37
WBH034,F000000001,100,16,0,0,100,87,0,0,80,74,0,0,70,42,0,0,50,48.5,0,0,50,27,0,0,70,23.55,0,0,100,0,0,64,100,0,0,42,100,0,0,42,100,0,0,52,100,0,0,88
WBR090,F000000001,30,0,0,0,30,18.5,0,0,30,15,0,0,30,0,0,0,30,0,0,0,30,0,0,0,30,0,0,0,30,0,0,84,30,0,0,168,50,0,0,0,100,0,0,42,100,0,0,13
WBH038,F000000001,50,0,0,0,50,0,0,0,50,0,0,0,30,0,0,0,30,0,0,0,30,0,0,0,30,0,0,0,50,0,0,0,70,0,0,43,70,0,0,37,80,0,0,16,80,0,0,0
WBH036,F000000001,30,10,0,0,30,63,0,0,30,91,0,0,30,53.5,0,0,30,31,0,0,30,14,0,0,30,0,0,0,30,0,0,0,30,0,0,74,50,0,0,79,70,0,0,0,80,0,0,0
S500,F000000001,0,0,0,0,0,0,0,0,0,0,0,0,0,0,0,0,0,0,0,0,0,0,0,0,0,0,0,0,0,0,0,0,0,0,0,0,0,0,0,0,0,0,0,0,0,0,0,0
A229,F000000001,50,2,0,0,30,0,0,0,20,0,50,33,20,0,50,5,20,0,50,0,20,0,50,24,20,0,50,0,30,0,50,0,40,0,50,0,50,0,50,0,50,0,50,0,50,0,50,0
S507,F000000001,0,0,0,0,0,0,0,0,0,0,0,0,0,0,0,0,0,0,0,0,0,0,0,0,0,0,0,0,0,0,0,0,0,0,0,0,0,0,0,0,0,0,0,0,0,0,0,0
N111,F000000001,30,0,0,0,30,1,0,0,20,0,32,0,20,0,32,0,20,0,32,0,20,0,32,6,30,0,32,21.5,50,0,32,22,60,0,32,0,70,0,32,0,70,0,32,0,70,0,32,0
S429,F000000001,0,0,0,0,0,0,0,0,0,0,0,0,0,0,0,0,0,0,0,0,0,0,0,0,0,0,0,0,0,0,0,0,0,0,0,0,0,0,0,0,0,0,0,0,0,0,0,0
M326,F000000001,0,0,82.5,82.5,0,0,46,46,0,0,101,30,0,0,101,8,0,0,101,0,0,0,101,0,0,0,101,0,0,0,101,0,0,0,101,0,0,0,151,0,0,0,101,0,0,0,201,0
M329,F000000001,80,102,53,53,60,80,89.5,89.5,50,47,51,47.4,40,19,51,63,40,15,51,49,40,46,51,59,50,23,51,41,60,0,51,79,70,0,51,79.5,80,0,51,63.5,80,0,51,56,80,0,51,91
A195,F000000001,350,325.5,387.85,387.85,300,188,326.5,326.5,250,263.5,200,169,200,202,200,130.5,180,231,150,80,180,260.8,150,235,200,185.7,150,202,250,0,150,262.65,300,0,200,222.5,350,0,350,168,380,0,350,378.05,400,0,350,481
WBS033,F000000001,0,0,0,0,0,0,0,0,0,0,0,0,0,0,0,0,0,0,0,0,0,0,0,0,0,0,0,0,0,0,0,0,0,0,0,0,0,0,0,0,0,0,0,0,0,0,0,0
WBB022,F000000001,30,5,20,20,20,2,16,16,20,0,32,12,20,0,32,6,20,0,32,12,20,0,32,39,30,0,32,31,50,0,32,19,50,0,32,27.95,60,0,32,18,60,0,32,14,60,0,32,12
M379,F000000001,0,0,0,0,0,0,0,0,0,0,0,0,0,0,0,0,0,0,0,0,0,0,0,0,0,0,0,0,0,0,0,0,0,0,0,0,0,0,0,0,0,0,0,0,0,0,0,0
A221,F000000001,60,30,0,0,50,9,6,6,40,38.5,21,0,30,0,21,0,30,39,21,0,30,20,21,0,30,0,21,0,50,0,21,38,60,0,21,37.5,70,0,21,6,70,0,21,37,80,0,21,56
S524,F000000001,0,0,0,0,0,0,0,0,0,0,0,0,0,0,0,0,0,0,0,0,0,0,0,0,0,0,0,0,0,0,0,0,0,0,0,0,0,0,0,0,0,0,0,0,0,0,0,0
B235,F000000001,250,203.9,282.5,282.5,200,259.5,207.5,207.5,200,210,150,150,150,177,150,111.2,120,113.8,150,71.5,120,201.6,150,148.5,150,70.1,150,190,200,0,150,209,230,0,150,256.15,250,0,150,204,280,0,150,180,300,0,200,405.7
M358,F000000001,300,311.45,365.95,365.95,250,216,323.7,323.7,200,298,200,269,180,181,200,122.45,150,158.5,150,98.7,150,131,150,138,180,81,200,142.5,220,0,200,260,250,0,200,354.5,280,0,300,259.35,300,0,300,303,350,0,300,205
J136,F000000001,0,0,0,0,0,0,0,0,0,0,0,0,0,0,0,0,0,0,0,0,0,0,0,0,0,0,0,0,0,0,0,0,0,0,0,0,0,0,0,0,0,0,0,0,0,0,0,0
J137,F000000001,0,0,0,0,0,0,0,0,0,0,0,0,0,0,0,0,0,0,0,0,0,0,0,0,0,0,0,0,0,0,0,0,0,0,0,0,0,0,0,0,0,0,0,0,0,0,0,0
P213,F000000001,50,24.5,17,18,30,3,21,21,20,3,32,17,20,0,32,6,20,0,32,3,20,0,32,15,30,0,32,19,30,0,32,11,50,0,32,20,60,0,32,23,70,0,32,18,70,0,32,52
U029,F000000001,0,0,0,0,0,0,0,0,0,0,0,0,0,0,0,0,0,0,0,0,0,0,0,0,0,0,0,0,0,0,0,0,0,0,0,0,0,0,0,0,0,0,0,0,0,0,0,0
A255,F000000001,30,0,0,0,20,0,0,0,20,0,0,0,20,0,0,0,20,0,0,0,20,0,0,0,30,0,0,0,40,0,0,0,50,0,0,0,60,0,0,0,70,0,0,0,70,0,0,0
WBS020,F000000001,300,0,343.7,343.7,250,0,302,302,220,0,201,151,180,0,201,114,150,0,201,143.95,150,0,201,145.9,150,0,201,148,200,0,201,252.5,220,0,201,214.5,250,0,201,146.5,250,0,201,160,300,0,201,363.35
WBA007,F000000001,0,0,0,0,0,0,0,0,0,0,0,0,0,0,0,0,0,0,0,0,0,0,0,0,0,0,0,0,0,0,0,0,0,0,0,0,0,0,0,0,0,0,0,0,0,0,0,0
WBJ008,F000000001,0,0,0,0,0,0,0,0,0,0,0,0,0,0,0,0,0,0,0,0,0,0,0,0,0,0,0,0,0,0,0,0,0,0,0,0,0,0,0,0,0,0,0,0,0,0,0,0
WBR006,F000000001,0,0,0,0,0,0,0,0,0,0,0,0,0,0,0,0,0,0,0,0,0,0,0,0,0,0,0,0,0,0,0,0,0,0,0,0,0,0,0,0,0,0,0,0,0,0,0,0
WBS002,F000000001,0,0,0,0,0,0,0,0,0,0,0,0,0,0,0,0,0,0,0,0,0,0,0,0,0,0,0,0,0,0,0,0,0,0,0,0,0,0,0,0,0,0,0,0,0,0,0,0
WBS088,F000000001,0,0,0,0,0,0,0,0,0,0,0,0,0,0,0,0,0,0,0,0,0,0,0,0,0,0,0,0,0,0,0,0,0,0,0,0,0,0,0,0,0,0,0,0,0,0,0,0
WBB051,F000000001,0,0,0,0,0,0,0,0,0,0,0,0,0,0,0,0,0,0,0,0,0,0,0,0,0,0,0,0,0,0,0,0,0,0,0,0,0,0,0,0,0,0,0,0,0,0,0,0
WBM120,F000000001,20,9,36,36,20,0,16,16,20,9,16,16,20,6,16,6,20,6,16,6,20,0,16,6,20,0,16,16,30,0,16,6,30,0,16,14,30,0,16,0,30,0,16,0,30,0,16,0
WBD028,F000000001,0,0,0,0,0,0,0,0,0,0,0,0,0,0,0,0,0,0,0,0,0,0,0,0,0,0,0,0,0,0,0,0,0,0,0,0,0,0,0,0,0,0,0,0,0,0,0,0
WBB048,F000000001,100,168,156,156,70,119.4,148.8,148.8,60,114.6,101,83.55,50,6.4,101,22,40,0,51,26,40,0,51,31,50,0,51,46,80,0,101,47.5,80,0,101,58,90,0,101,56,100,0,101,71,120,0,101,104
WBA044,F000000001,0,0,33,33,0,0,0,0,0,0,32,0,0,0,32,0,0,0,32,0,0,0,32,0,0,0,32,0,0,0,32,0,0,0,32,0,0,0,32,0,0,0,32,0,0,0,32,0
WBL021,F000000001,0,0,0,0,0,0,0,0,0,0,0,0,0,0,0,0,0,0,0,0,0,0,0,0,0,0,0,0,0,0,0,0,0,0,0,0,0,0,0,0,0,0,0,0,0,0,0,0
WBA055,F000000001,100,144,98.15,98.15,70,112.5,195,195,60,66,50,5,50,37.3,50,37,40,79,50,53.2,40,40,50,89,40,46,50,90,60,0,50,88.45,60,0,50,92,70,0,50,101.65,80,0,50,104,100,0,50,118
WBI012,F000000001,0,0,0,0,0,0,0,0,0,0,32,0,0,0,32,0,0,0,32,0,0,0,32,0,0,0,32,36,0,0,32,0,0,0,32,0,0,0,32,0,0,0,32,0,0,0,32,0
WBB081,F000000001,80,101,54,54,60,109,84.5,84.5,50,77,50,50.5,40,77,50,22,30,65,50,29,30,72,50,59,30,54,50,73,50,0,50,132,50,0,50,108.2,60,0,50,77,70,0,50,151,100,0,50,115
WBR085,F000000001,400,705.95,218.15,218.15,350,555.5,128,128,320,387.5,201,188.5,300,335.5,201,34.95,280,251,201,0,280,258,201,7,300,101,201,55,350,0,201,62,380,0,201,43.5,400,0,301,201,420,0,301,213,500,0,301,502
WBD058,F000000001,0,0,76.5,76.5,0,0,67.9,67.9,0,0,32,45.5,0,0,32,5,0,1.5,32,7,0,0,32,0,0,0,32,0,0,0,32,0,0,0,32,0,0,0,32,0,0,0,32,0,0,0,32,0
WBJ041,F000000001,60,0,39.5,39.5,40,1,23.5,23.5,40,0,51,6,30,0,51,13.5,20,0,51,0,20,0,51,0,30,0,51,0,50,0,51,14,60,0,51,0,60,0,51,5,60,0,51,2,60,0,51,0
WBH037,F000000001,60,65.5,0,0,50,44.65,0,0,40,106.7,0,0,30,45.8,0,0,20,0,0,0,20,0,0,0,30,0,0,0,50,0,0,0,60,0,0,18,60,0,0,12,60,0,0,33.5,60,0,0,43.5
C091,F000000001,0,0,817.8,817.8,0,0,1000,644,0,0,850,745.05,0,0,600,96,0,0,600,60,0,0,700,228,0,0,850,192,0,0,1200,116,0,0,1300,78,0,0,1400,0,0,0,1400,0,0,0,1400,0
A148,F000000001,0,0,0,0,0,0,0,0,0,0,0,0,0,0,0,0,0,0,0,0,0,0,0,0,0,0,0,0,0,0,0,0,0,0,0,0,0,0,0,0,0,0,0,0,0,0,0,0
R128,F000000001,120,16,48,48,120,24,150,62,70,15,70,81,50,0,50,36,50,0,50,20,70,0,50,36,80,0,70,0,100,0,150,0,100,0,200,0,120,0,220,0,120,0,220,0,120,0,250,0
K124,F000000001,120,37,0,0,120,54,0,0,70,83,0,0,50,114,0,0,50,42,0,0,70,150,0,35,80,119,0,40,100,0,0,0,100,0,0,0,120,0,0,0,120,0,0,0,120,0,0,0
D120,F000000001,200,80,184,184,220,187,350,224,130,351,300,0,100,353,250,55,100,411,250,129,130,403.5,300,189,150,546.15,300,285,180,0,450,230,180,0,450,54,220,0,500,0,220,0,500,0,300,0,500,20
D106,F000000001,100,68,57,57,110,40,250,151,70,55,200,103,50,60,100,40,50,15,100,16,70,32,100,64,80,101,200,52,100,0,250,16,100,0,270,10,110,0,300,15,110,0,300,16,120,0,300,28
S371,F000000001,60,42,20,20,60,41,70,0,40,41,50,20,40,41,30,0,40,63,30,0,40,42,30,0,40,57,50,16,50,0,80,16,50,0,80,16,60,0,100,20,60,0,100,41,60,0,100,21
M412,F000000001,0,0,0,0,0,0,0,0,0,0,0,0,0,0,0,0,0,0,0,0,0,0,0,0,0,0,0,0,0,0,0,0,0,0,0,0,0,0,0,0,0,0,0,0,0,0,0,0
M417,F000000001,0,0,60,60,0,0,80,0,0,0,50,0,0,0,50,0,0,0,50,0,0,0,50,0,0,0,50,0,0,0,80,0,0,0,80,0,0,0,100,0,0,0,100,0,0,0,100,0
WBD011,F000000001,60,0,0,0,60,0,0,0,40,0,0,0,40,0,0,0,40,0,0,0,40,0,0,0,40,0,0,0,50,0,0,0,50,0,0,0,60,0,0,0,60,0,0,0,60,0,0,0
R213,F000000001,0,0,48,48,0,0,60,0,0,0,50,0,0,0,30,0,0,0,30,0,0,0,50,0,0,0,50,0,0,0,50,0,0,0,50,0,0,0,80,0,0,0,80,0,0,0,80,0
B225,F000000001,200,81,0,305,220,39,0,379,130,45,0,36,100,72.5,0,157,100,60,0,57,130,36,0,213,150,58,0,120,190,0,0,48,190,0,0,32,220,0,0,0,220,0,0,0,300,0,0,0
WBG007,F000000001,100,81,84,84,110,102,150,98,70,90,100,93,50,100,100,66,50,70,100,59,70,0,150,111,80,20,100,36,80,0,200,23,80,0,230,9,110,0,250,0,110,0,250,0,120,0,300,58
WBM013,F000000001,0,0,0,0,0,0,0,0,0,0,0,0,0,0,0,0,0,0,0,0,0,0,0,0,0,0,0,0,0,0,0,0,0,0,0,0,0,0,0,0,0,0,0,0,0,0,0,0
WBH002,F000000001,60,0,52,52,60,0,80,0,30,0,30,0,30,0,30,0,30,0,30,0,30,0,50,0,30,0,30,0,30,0,70,0,30,0,76,0,60,0,80,0,60,0,80,0,60,0,100,0
WBM010,F000000001,0,0,0,0,0,0,0,0,0,0,0,0,0,0,0,0,0,0,0,0,0,0,0,0,0,0,0,0,0,0,0,0,0,0,0,0,0,0,0,0,0,0,0,0,0,0,0,0
WBS003,F000000001,0,0,0,0,0,0,0,0,0,0,0,0,0,0,0,0,0,0,0,0,0,0,0,0,0,0,0,0,0,0,0,0,0,0,0,0,0,0,0,0,0,0,0,0,0,0,0,0
WBM041,F000000001,60,24,0,0,60,0,0,0,30,0,0,0,30,0,0,0,30,0,0,0,30,0,0,0,30,0,0,0,30,0,0,8,30,0,0,0,60,0,0,10,60,0,0,0,60,0,0,17
WBZ001,F000000001,0,0,0,0,0,55.35,0,0,0,80,0,0,0,80,0,0,0,20,0,0,0,20,0,0,0,40,0,0,0,0,0,0,0,0,0,0,0,0,0,0,0,0,0,0,0,0,0,0
WBT020,F000000001,100,125,132,132,110,84,200,166,50,30,200,64,40,60,150,36,40,20,150,16,50,10,150,50,50,26,200,65,60,0,250,47,60,0,250,18,110,0,300,73.5,110,0,300,55.85,120,0,300,132
WBL016,F000000001,0,0,0,0,0,0,0,0,0,0,0,0,0,0,0,0,0,0,0,0,0,0,0,0,0,0,0,0,0,0,0,0,0,0,0,0,0,0,0,0,0,0,0,0,0,0,0,0
WBN039,F000000001,200,217,110,110,220,265,200,108,130,311,150,63,100,265,100,40,100,282,100,100,130,239,100,81,180,347,150,80,180,0,220,69,180,0,220,62,220,0,250,93,220,0,250,108,300,0,250,173
WBN029,F000000001,80,48,29,29,100,0,50,13,40,20,50,31,40,36,20,0,40,36,20,30,40,0,50,30,40,15,50,15,60,0,100,14,60,0,100,16,100,0,120,24,100,0,120,48,120,0,150,43
WBK030,F000000001,60,24,0,0,60,8,30,16,40,20,30,20,40,10,20,0,40,10,20,16,40,10,30,0,40,16,30,10,50,0,60,16,50,0,60,8,60,0,60,7.5,60,0,60,16,60,0,60,16
WBG043,F000000001,0,0,16,16,0,0,30,0,0,0,30,0,0,0,20,16,0,0,20,0,0,0,30,0,0,0,30,0,0,0,60,0,0,0,60,0,0,0,60,0,0,0,60,0,0,0,60,0
WBN059,F000000001,0,0,1,1,0,0,20,0,0,0,20,0,0,0,20,0,0,0,20,0,0,0,30,0,0,0,20,0,0,0,60,0,0,0,60,0,0,0,60,0,0,0,60,0,0,0,60,0
WBR072,F000000001,0,0,0,0,0,0,0,0,0,0,0,0,0,0,0,0,0,0,0,0,0,0,0,0,0,0,0,0,0,0,0,0,0,0,0,0,0,0,0,0,0,0,0,0,0,0,0,0
WBM159,F000000001,50,0,20.2,20.2,50,20,30,15,30,40,30,0,30,50,20,0,30,20,20,0,30,20,30,16,30,20,30,0,30,0,60,16,30,0,60,16,50,0,60,0,50,0,60,0,50,0,60,0
WBM160,F000000001,50,16,0,0,50,13,30,15,40,0,30,16,30,0,20,0,30,0,20,0,40,0,30,0,40,0,30,0,50,0,60,10,50,0,60,8,50,0,60,0,50,0,60,0,50,0,60,8
WBZ003,F000000001,100,32,0,0,100,22,0,0,50,10,0,0,40,9,0,0,40,0,0,0,50,0,0,0,50,0,0,0,60,0,0,0,60,0,0,0,100,0,0,0,100,0,0,0,100,0,0,0
WBC014,F000000001,100,57,104,104,110,58,200,167,70,98,200,72,50,68,150,40,50,66,150,16,70,76,200,54,80,78,200,60,100,0,350,8,100,0,350,0,110,0,350,8,110,0,350,20,120,0,350,50
WBM184,F000000001,50,40,41,41,50,20,70,45,50,20,50,0,40,21,40,16,40,42,40,22,50,0,50,0,50,21,50,16,50,0,100,16,50,0,100,16,50,0,100,16,50,0,100,41,50,0,120,40
WBS165,F000000001,80,0,0,0,80,20,0,0,50,40,0,0,40,30,0,0,40,20,0,15,50,21,0,0,50,46,0,20,60,0,0,0,60,0,0,0,80,0,0,0,80,0,0,0,80,0,0,0
WBB084,F000000001,100,56,62,62,110,40,80,58,70,50,50,77,40,60,50,32,40,71.5,50,31,70,62,50,88,80,86,50,52,100,0,100,32,100,0,100,63,110,0,100,46,110,0,100,36,120,0,100,112
WBS181,F000000001,100,135,105,105,110,95,250,232,80,60,150,91,50,50,100,75,50,46,100,65,80,37,150,59,80,82,150,56,100,0,300,20,100,0,300,36,110,0,300,20,110,0,300,16,120,0,300,66
WBA077,F000000001,100,68,98,98,110,80,70,40,70,75,70,36,40,56,50,65,40,60,50,0,70,0,50,38,80,40,70,32,100,0,100,54,100,0,100,33,110,0,100,40,110,0,100,48,120,0,100,115
WBH035,F000000001,100,41,0,0,110,20,0,0,50,20,0,0,40,40,0,0,40,0,0,0,50,21,0,0,50,40,0,0,60,0,0,24,60,0,0,14,110,0,0,48,110,0,0,16,120,0,0,40
WBJ046,F000000001,50,52,0,0,50,0,0,0,40,40,0,0,40,0,0,0,40,9,0,0,40,20,0,0,40,20,0,0,50,0,0,0,50,0,0,0,50,0,0,0,50,0,0,0,50,0,0,0
WBK046,F000000001,200,101,0,0,220,110,0,0,130,114,0,0,100,150,0,0,100,39,0,0,130,100,0,0,150,151,0,0,190,0,0,0,190,0,0,0,220,0,0,0,220,0,0,0,300,0,0,0
WBR092,F000000001,200,84,0,0,220,80,0,0,130,110,0,0,100,76,0,0,100,76,0,0,130,46,0,0,150,111,0,0,190,0,0,0,190,0,0,0,220,0,0,0,220,0,0,0,300,0,0,0
B191,F000000001,50,63,137.45,137,60,29,150,161,50,10,150,84,30,10,100,53.35,40,0,100,15,50,0,150,37,50,0,150,18,50,0,150,89,50,0,275,42,50,0,300,18,50,0,350,10,60,0,400,40
L064,F000000001,50,0,222,222,60,0,150,163,30,0,200,60,30,0,120,85.2,30,0,120,45,30,0,150,91.85,30,53,200,98,40,0,270,64,40,0,375,0,50,0,400,0,60,0,450,0,60,0,480,0
K147,F000000001,0,0,0,0,0,0,0,0,0,0,0,0,20,0,0,0,0,0,0,0,0,0,0,0,0,0,0,0,0,0,0,0,0,0,0,0,0,0,0,0,0,0,0,0,0,0,0,0
U018,F000000001,0,0,0,0,0,0,0,0,0,0,0,0,0,0,0,0,0,0,0,0,0,0,0,0,0,0,0,0,0,0,0,0,0,0,0,0,0,0,0,0,0,0,0,0,0,0,0,0
A168,F000000001,0,0,0,0,0,0,0,0,0,0,0,0,0,0,0,0,0,0,0,0,0,0,0,0,0,0,0,0,0,0,0,0,0,0,0,0,0,0,0,0,0,0,0,0,0,0,0,0
A169,F000000001,0,0,0,0,0,0,0,0,0,0,0,0,0,0,0,0,0,0,0,0,0,0,0,0,0,0,0,0,0,0,0,0,0,0,0,0,0,0,0,0,0,0,0,0,0,0,0,0
M328,F000000001,0,0,0,0,0,0,0,0,0,0,0,0,0,0,0,0,0,0,0,0,0,0,0,0,0,0,0,0,0,0,0,0,0,0,0,0,0,0,0,0,0,0,0,0,0,0,0,0
L082,F000000001,50,0,78,78,70,0,100,142,30,0,120,20,20,0,80,15,20,0,80,0,30,10,100,36,40,0,120,0,40,0,140,0,40,0,280,0,60,0,300,0,70,0,300,0,70,0,350,0
K192,F000000001,50,0,62,62,60,0,100,133,20,0,80,20,20,0,30,0,20,0,30,10,30,0,100,5,50,0,80,0,50,0,80,15,50,0,100,0,60,0,150,0,80,0,150,0,80,0,180,0
WBM061,F000000001,0,0,0,0,0,0,0,0,0,0,0,0,20,0,0,0,0,0,0,0,0,0,0,0,0,0,0,0,0,0,0,0,0,0,0,0,0,0,0,0,0,0,0,0,0,0,0,0
S569,F000000001,0,0,112,112,0,0,120,150,0,0,120,16,0,0,80,16,0,0,80,0,0,0,120,16,0,0,120,10,0,0,120,0,0,0,140,0,0,0,200,0,0,0,200,0,0,0,220,0
B236,F000000001,50,0,20,20,50,10,50,55,40,0,80,52,20,0,50,20,30,0,50,0,30,0,50,32,50,0,80,0,50,0,100,0,50,0,140,0,60,0,200,0,80,0,200,0,80,0,220,10
WBA015,F000000001,0,0,0,0,0,0,0,0,0,0,0,0,0,0,0,0,0,0,0,0,0,0,0,0,0,0,0,0,0,0,0,0,0,0,0,0,0,0,0,0,0,0,0,0,0,0,0,0
WBA014,F000000001,40,0,39,39,50,0,10,10,40,40,0,10,20,0,0,0,30,11,0,0,30,2,10,16,40,0,0,0,50,0,0,7,50,0,0,0,60,0,0,0,80,0,0,0,80,0,0,0
WBL005,F000000001,60,10,55,55,70,16,70,82.95,40,78,80,16,30,4,50,8,30,21,50,25,30,7.5,70,36,50,22,80,36,70,0,80,49,70,0,100,40,80,0,100,45,90,0,100,0,90,0,100,55
WBT037,F000000001,0,0,0,0,0,0,0,0,0,0,0,0,0,0,0,0,0,0,0,0,0,0,0,0,0,0,0,0,0,0,0,0,0,0,0,0,0,0,0,0,0,0,0,0,0,0,0,0
WBN051,F000000001,100,32,135,135,100,37,150,189,40,41.7,100,32,40,53,100,20,40,54,100,30,40,52,150,41,60,48,100,47,70,0,200,35,70,0,250,70,80,0,300,64,90,0,300,32,90,0,300,120
WBP026,F000000001,100,46,48,48,100,0,40,46,40,38,50,41,40,16,50,25,40,25,50,20,50,25,40,16,70,0,50,47,80,0,100,64,80,0,120,51,90,0,150,67,100,0,150,37,100,0,150,69.5
WBM091,F000000001,0,0,47,47,0,0,20,20,0,0,50,0,0,0,30,0,0,0,30,0,0,0,20,0,0,0,50,0,0,0,80,0,0,0,100,0,0,0,150,0,0,0,150,0,0,0,150,0
WBK032,F000000001,60,32,20,20,60,37,16,16,30,32,40,16,30,32,30,10,30,32,30,42,30,57.5,16,16,50,64,40,16,60,0,60,26,60,0,80,42,70,0,100,29,80,0,100,16,80,0,100,37
WBR053,F000000001,0,0,0,0,0,0,0,0,0,0,0,0,0,0,0,0,0,0,0,0,0,0,0,0,0,0,0,0,0,0,0,0,0,0,0,0,0,0,0,0,0,0,0,0,0,0,0,0
WBJ033,F000000001,0,0,0,0,0,0,10,10,0,0,40,0,0,0,20,8,0,5,20,0,0,23.5,10,0,0,26,40,0,0,0,40,0,0,0,40,0,0,0,50,0,0,0,50,0,0,0,50,0
WBP043,F000000001,50,32,20,20,50,0,12,12,30,16,40,20,20,15,20,0,30,0,20,0,30,25.5,12,10,50,0,40,14,50,0,40,15,50,0,40,0,60,0,50,23.5,70,0,50,4,70,0,50,0
WBM154,F000000001,0,0,0,0,0,0,0,0,0,0,0,0,0,0,0,0,0,0,0,0,0,0,0,0,0,0,0,0,0,0,0,0,0,0,0,0,0,0,0,0,0,0,0,0,0,0,0,0
WBR075,F000000001,50,59,16,16,60,32,150,159,30,18,130,16,30,10,100,0,30,0,100,0,30,5,100,0,50,0,130,16,60,0,100,16,60,0,100,32,60,0,110,37,70,0,100,41,70,0,100,90
WBR081,F000000001,0,0,48,48,0,0,65,68,0,0,100,16,0,20,60,0,0,32,60,0,0,0,65,0,0,15,100,0,0,0,80,0,0,0,100,0,0,0,100,0,0,0,110,0,0,0,108,0
WBL026,F000000001,50,51,48,48,50,32,10,10,30,32,40,52,30,21,30,0,20,41,30,15,30,43,10,12,60,32,40,32,60,0,60,30,60,0,100,31,60,0,100,10.5,70,0,100,14,70,0,100,10
WBN077,F000000001,50,39,72,72,50,26,124,124,30,0,100,58,20,0,100,42,30,0,100,0,30,0,124,56,50,0,100,41,50,0,100,74,50,0,120,62,60,0,150,48,70,0,150,16,70,0,150,21
WBT048,F000000001,0,0,0,0,0,0,0,0,0,0,0,0,0,0,0,0,0,0,0,3,0,0,0,0,0,0,0,0,0,0,0,0,0,0,0,0,0,0,0,0,0,0,0,0,0,0,0,0
WBM208,F000000001,110,37,27,27,110,32,55,55,40,71,60,51,30,37,50,0,30,36.5,50,16.35,60,60.5,55,5,60,60,60,44,70,0,40,45,70,0,60,50,80,0,60,46.5,90,0,60,27,90,0,60,121.5
WBG064,F000000001,50,0,16,16,50,0,10,10,30,0,20,17,30,0,20,0,30,0,20,0,30,0,10,5,30,0,20,0,30,0,30,0,30,0,60,0,40,0,60,0,50,0,60,5,50,0,60,0
WBS196,F000000001,50,16,30,30,50,32,32,32,40,36.5,40,21,30,42,40,19.5,30,42,40,0,40,54.5,32,16,60,43,40,36,60,0,40,21,60,0,60,12,70,0,60,30,80,0,60,16,80,0,60,30
WBB094,F000000001,100,32,0,0,100,89,56,56,40,33,60,60,30,48,40,39,30,49.5,40,16,40,54.5,56,65,50,53,60,39,60,0,40,51,60,0,60,43,90,0,60,67.5,100,0,60,43.5,100,0,60,124
WBM220,F000000001,40,16,0,0,50,58,0,0,30,37,0,0,30,22,0,0,30,32,0,0,30,37,0,0,50,37,0,0,50,0,0,0,50,0,0,37,60,0,0,32,60,0,0,32,60,0,0,41
WBM221,F000000001,40,14,0,0,50,34,0,0,40,26,0,0,30,0,0,0,30,27,0,0,30,9.9,0,0,50,38,0,0,50,0,0,0,50,0,0,0,60,0,0,21,60,0,0,26,50,0,0,32
S370,F000000001,50,32,52,52,101,41.35,53,53,50,21,60,0,50,5.9,51,21,50,9,41,0,50,37,51,37,21,0,60,58,50,0,80,122,101,0,101,21,101,0,101,0,151,0,71,25,201,0,121,10
B164,F000000001,200,101.5,188,188,221,104.45,100,100,100,118,101,104.5,101,75,101,92,151,76,138,21,151,75,130,101,201,45.5,185,78,101,0,165,45.9,201,0,181,119.35,201,0,175,105,251,0,172,55.6,201,0,176,182
B260,F000000001,107,105,48,48,211,28,88,88,50,125.35,51,20,101,109,40,40,151,46,40,19.7,101,120.5,51,32,201,37,60,66,151,0,50,105,151,0,70,79,151,0,70,96,201,0,80,50.5,201,0,80,107
WBA022,F000000001,100,20,104,104,151,21,52,52,100,26,60,0,101,0,40,31,121,0,30,10,50,16,30,31,151,0,60,10,151,0,70,32,151,0,80,63,151,0,90,67,201,0,90,0,201,0,101,37
N151,F000000001,132,105.1,101,101,151,107,102,102,51,36,101,95,101,36,101,74,121,48,101,29,121,48,101,105,151,32,101,53,151,0,101,53,151,0,101,69,151,0,101,53,151,0,101,79,201,0,101,132
WBM016,F000000001,51,0,21,21,60,16,20,20,50,16,31,21,50,0,21,13,50,0,31,10,50,0,21,10,50,0,31,16,50,0,31,8,50,0,51,0,50,0,60,16,50,0,51,0,50,0,60,21
WBR005,F000000001,360,355.5,195,195,251,215.95,481.75,481.75,200,184.5,61,149,121,301.1,101,172,215,72,101,53,150,101,212,103,351,157,212,115,301,0,212,135,301,0,212,103,301,0,212,169,251,0,212,151,301,0,212,360
R230,F000000001,401,309.5,246,246,401,122,356,356,201,155,151,213,121,219,100,110,251,231.1,100,42,200,54.95,180,79,251,64,220,151.2,251,0,150,201,251,0,250,196,251,0,300,15,251,0,250,228,301,0,250,399
WBT019,F000000001,51,0,21,21,50,0,37,37,50,16,31,8,50,0,31,8,50,0,31,0,50,0,31,0,50,0,31,0,72,0,31,32,101,0,31,32,101,0,31,21,101,0,31,0,141,0,35,16
WBS044,F000000001,201,209,259.25,259.25,251,242.55,379.5,379.5,151,251,151,82,121,251.75,151,150,201,222,200,159,150,201.5,171,129.9,151,201,251,205,151,0,265,141,151,0,300,127,151,0,270,175,151,0,300,235,201,0,300,285.1
WBB043,F000000001,51,15,15,15,51,0,15,15,50,74,15,15,0,0,31,25,50,0,35,15,50,0,31,31,50,0,31,21,50,0,31,0,50,0,51,0,50,0,31,16,50,0,35,0,50,0,51,35
WBM103,F000000001,400,155.9,332,332,301,101,526,526,151,0,200,319,101,21,150,271,141,0,100,101,151,0,200,311,250,0,200,225,301,0,250,127,301,0,350,203,301,0,350,208,251,0,300,201,301,0,350,167
WBM144,F000000001,151,66,0,0,151,32,0,0,101,53,31,7,121,0,31,21,121,0,20,0,121,0,31,0,151,32,41,16,201,0,40,64,201,0,41,16,201,0,31,32,201,0,51,48,251,0,55,131
WBR065,F000000001,151,112.45,141,141,161,20,164,164,101,70,46,52,101,64.45,51,125,151,16,71,41,147,15.5,101,36,151,0,121,53,151,0,121,52,151,0,121,47,151,0,121,81.6,151,0,121,68,171,0,121,109
WBM187,F000000001,40,0,31,31,50,0,32,32,51,9,32,16,51,0,32,12,51,0,32,16,51,0,32,16,51,0,32,16,50,0,32,16,50,0,32,0,50,0,32,0,50,0,32,0,50,0,32,9
WBS169,F000000001,20,16,0,0,50,32,16,16,50,32,31,0,50,25,21,7,50,0,36,0,50,0,40,0,32,0,21,0,50,0,31,8,50,0,51,0,50,0,41,16,50,0,31,16,50,0,51,20
WBR087,F000000001,100,32,148,148,151,32,147.5,147.5,101,56,131,129,101,33.5,161,16,121,42.5,61,29.4,70,62,161,73,100,32,151,79,151,0,150,74,151,0,301,89,151,0,301,97,151,0,211,21,171,0,251,35
WBS194,F000000001,50,5,76,76,50,0,52,52,44,0,51,20,0,0,61,23,50,0,53,0,50,0,61,16,30,0,61,16,50,0,61,16,50,0,61,30,50,0,61,31,50,0,61,40,50,0,61,16
WBS197,F000000001,50,10,10,10,50,20,25,25,50,5,31,10,50,15,31,10,50,10,31,5,50,5,31,0,21,0,31,5,50,0,31,0,50,0,31,5,50,0,41,0,50,0,48,18,50,0,41,17
WBS198,F000000001,50,0,72,72,50,0,69,69,90,0,60,16,50,0,70,16,50,0,48,0,50,0,90,0,21,0,100,16,50,0,94,16,50,0,121,0,50,0,131,16,50,0,150,16,50,0,180,0
WBA087,F000000001,151,112,0,0,151,155,0,0,151,197,0,0,101,155,0,0,151,151.1,0,0,80,107.45,0,0,101,128.1,0,0,101,0,0,0,101,0,0,0,101,0,0,0,101,0,0,0,151,0,0,30
WBR094,F000000001,101,87.2,0,0,151,31,0,0,101,0,0,0,101,10,0,0,101,0,0,0,101,0,0,0,80,0,0,0,61,0,0,0,101,0,0,0,101,0,0,0,151,0,0,0,151,0,0,0
WBT056,F000000001,101,0,0,0,80,30,0,0,51,31,0,0,101,68,0,0,101,86.5,0,0,151,47,0,0,101,32,0,0,91,0,0,0,101,0,0,0,101,0,0,0,151,0,0,0,151,0,0,0
WBM096,F000000001,60,35,40,0,50,32,40,0,50,36.5,40,0,40,12,40,0,40,36,40,0,50,24,40,12,50,25,40,30,50,0,40,10,50,0,40,20,60,0,40,40,50,0,40,20,50,0,40,52
WBM097,F000000001,250,296,150,229,150,128.5,200,253,150,201,175,77,150,202,150,79,180,158,150,102,150,178.5,150,145,150,154,200,110,150,0,170,134.5,170,0,200,240,300,0,200,245,250,0,215,177,350,0,250,182
WBB052,F000000001,350,449,200,301,350,523.5,300,318,350,405,170,341,300,468,120,51,300,351.5,150,285.5,300,235,150,343.5,200,222,200,233.5,250,0,200,195.5,350,0,200,349,400,0,200,295,500,0,200,279,550,0,200,587.5
WBM131,F000000001,100,25,100,0,100,0,100,0,100,41,80,40,100,12,80,15,100,0,70,134,100,0,70,86,100,31,85,45,100,0,100,36,100,0,100,38,100,0,100,36,100,0,150,41,100,0,150,28
WBD038,F000000001,600,524,350,621,600,478,500,543,600,460,600,691,600,525,500,282,600,535,600,644,650,315,800,510,300,335.5,800,349,500,0,800,397,600,0,1000,335,900,0,1200,308,1000,0,1200,526,1150,0,1200,598
WBJ018,F000000001,80,62,150,161,100,72,150,101,60,85,140,90,80,64,140,24,80,33,100,41,80,47,120,113,90,84,120,31,100,0,200,41,100,0,150,75,100,0,175,30,150,0,200,55,180,0,200,148
WBM074,F000000001,50,10,0,0,50,0,0,0,50,14,0,0,50,12,0,0,50,0,0,22,50,13,0,25,50,16,0,0,50,0,0,13,50,0,0,14,50,0,0,41,50,0,0,41,50,0,0,26
WBM078,F000000001,120,84,100,16,80,52,100,83,80,72,80,0,80,21.5,80,0,80,11,70,18,60,21,70,29,60,35,85,0,50,0,85,20,70,0,120,10,70,0,120,20,100,0,140,99,150,0,150,104
WBP028,F000000001,250,380,50,0,150,396,90,69,150,181,100,10,180,77,100,11,160,79,80,24,150,120,80,0,50,64,200,0,80,0,100,10,180,0,100,0,270,0,150,167,300,0,150,452.5,350,0,150,472.5
WBE010,F000000001,0,0,40,0,0,44,40,0,0,51,30,10,0,10,30,0,0,0,20,0,0,0,20,0,0,0,30,0,0,0,70,0,0,0,50,0,0,0,50,0,0,0,40,0,0,0,60,11
WBR038,F000000001,0,0,50,0,0,0,125,10,0,0,100,0,0,0,100,0,0,0,100,0,0,0,50,0,0,0,150,0,0,0,100,24,0,0,100,0,0,0,110,0,0,0,120,0,0,0,120,0
WBM090,F000000001,1510,1439,550,398,800,491,770,229,960,39.5,1400,0,950,36,640,0,1250,0,1200,0,1500,0,1480,456.5,580,0,1400,72,1020,0,1400,216.5,1100,0,1600,561.5,1700,0,1850,1633.85,1700,0,1950,1185.45,1920,0,1950,1193.15
WBN028,F000000001,30,27,50,30,30,0,50,18,30,0,90,0,30,0,90,20,30,0,80,0,30,0,80,28,30,0,90,30,50,0,100,30,50,0,120,6,50,0,140,0,80,0,150,10,40,0,150,10
WBT032,F000000001,0,0,0,0,0,0,0,0,0,0,0,0,0,0,0,0,0,0,0,0,0,0,0,0,0,0,0,0,0,0,0,0,0,0,0,0,0,0,0,0,0,0,0,0,0,0,0,0
WBJ022,F000000001,80,0,130,183,80,56,350,181,80,143,150,90,80,0,150,0,90,0,100,82,120,144,50,214,100,187.5,50,29,100,0,70,36,100,0,100,36,100,0,100,42,120,0,100,44,150,0,150,28
WBP033,F000000001,0,0,30,9,0,0,30,27,0,0,20,9,0,0,20,0,0,0,30,9,0,0,30,12,0,0,50,0,0,0,50,14,0,0,50,0,0,0,30,0,0,0,40,0,0,0,40,0
WBG058,F000000001,80,134,50,80,80,75,190,88,80,56,100,80,100,43,100,0,100,10,80,54,150,12,80,206,80,25,200,43,70,0,100,30,110,0,100,47,140,0,150,80,200,0,200,60,250,0,200,98
WBP052,F000000001,0,0,0,0,0,0,0,0,0,0,0,0,0,0,0,0,0,0,0,0,0,0,0,0,0,0,0,0,0,0,0,0,0,0,0,0,0,0,0,0,0,0,0,0,0,0,0,0
WBF008,F000000001,0,0,0,0,0,0,50,0,0,0,50,0,0,0,50,0,0,0,50,0,0,0,50,0,0,0,50,0,0,0,50,0,0,0,50,0,0,0,50,0,0,0,50,0,0,0,50,0
WBT044,F000000001,50,0,0,0,30,0,0,10,0,0,0,0,40,0,0,0,50,0,0,0,80,0,0,0,0,0,0,0,0,0,0,66,0,0,0,31,0,0,0,9,0,0,0,0,0,0,0,11
WBS174,F000000001,40,0,50,53,40,0,120,17,40,0,70,0,40,35.5,70,0,40,106,70,0,50,58.75,50,0,50,13,60,0,50,0,70,0,50,0,70,0,50,0,90,0,50,0,110,0,100,0,110,0
WBP059,F000000001,30,0,50,48,30,0,140,99,30,23,100,0,30,0,100,23,30,0,100,89,40,0,50,47,30,0,50,0,30,0,85,0,30,0,100,0,30,0,200,0,30,0,120,0,20,0,120,0
WBJ040,F000000001,60,29,50,57,60,51,120,55,60,75,100,0,50,47,100,10,50,42,70,60,60,67,70,107,50,0,90,22,80,0,90,29,50,0,100,40,80,0,100,12,80,0,120,39,120,0,120,80
WBK042,F000000001,100,112,50,200,100,60,200,140,100,31,200,244,100,40,180,0,100,67,150,24,80,62,150,46,80,0,200,20,80,0,250,0,90,0,250,0,100,0,230,73,120,0,200,55,150,0,200,127
WBP062,F000000001,30,52,50,100,50,0,125,80,30,23,145,10,30,22,100,0,30,11,100,43,30,0,50,56,30,45,50,0,30,0,100,20,30,0,100,33,50,0,100,13,70,0,100,0,70,0,120,11
WBJ043,F000000001,150,103.65,0,0,140,122.5,0,36,130,50,40,58,130,48,40,40,110,74.5,120,153,180,8,120,207,100,202,80,141,180,0,150,46,250,0,150,225.5,260,0,150,182,300,0,100,133,350,0,150,181.5
WBN078,F000000001,40,12,0,0,40,0,0,27,50,0,40,18,50,0,40,0,40,0,120,0,30,13,120,0,30,13,80,0,30,0,150,0,30,0,150,0,30,0,155,0,50,0,100,0,100,0,150,24
WBP066,F000000001,40,15,0,0,40,0,0,0,40,0,0,0,40,0,0,0,40,0,0,0,40,0,0,20,40,0,0,25,70,0,0,26,70,0,0,14,70,0,0,15,80,0,0,38,150,0,0,27
WBU014,F000000001,150,84,0,0,150,35,0,0,100,96,0,0,100,45,0,0,250,85,0,0,270,116,0,0,100,73,0,0,200,0,0,0,170,0,0,0,240,0,0,0,270,0,0,64,350,0,0,225
WBA086,F000000001,250,205,0,0,200,294.5,0,0,180,318,0,0,150,304,0,0,200,201,0,0,250,200,0,0,150,202,0,0,180,0,0,0,200,0,0,0,350,0,0,0,350,0,0,0,300,0,0,117.5
WBA088,F000000001,0,0,0,0,111,0,0,0,100,50.3,0,0,50,12,0,0,50,0,0,0,50,0,0,0,100,0,0,0,50,0,0,0,100,0,0,0,50,0,0,0,50,0,0,0,50,0,0,0
WBD064,F000000001,101,78,0,0,100,64,0,6.9,100,39,0,38,100,50,0,21,100,25,0,35,100,30,0,23,100,51,0,21,100,0,0,40,100,0,0,32,100,0,0,38,100,0,0,54,100,0,0,53.9
WBD050,F000000001,51,55,0,28,50,24,0,16,50,31,0,28,50,44,0,16,50,21,0,16,50,48,0,16,50,12,0,16,50,0,0,16,50,0,0,16,50,0,0,28,50,0,0,31,50,0,0,54
H076,F000000001,48,14,0,22,100,12,0,48,32,38,0,16,32,5,0,32,32,12,0,0,32,26,0,0,32,0,0,0,32,0,0,0,32,0,0,0,32,0,0,0,32,0,0,15,32,0,0,40
WBH031,F000000001,151,27,0,0,100,62,0,16,100,75,0,15,100,26,0,0,100,0,0,0,100,12,0,0,100,0,0,0,100,0,0,0,100,0,0,0,100,0,0,82,100,0,0,70,100,0,0,101
WBK017,F000000001,151,31,0,98,150,32,0,48.5,150,85,0,53,150,90,0,53,150,44.5,0,30.85,150,12,0,28,250,38.6,0,42,150,0,0,12,250,0,0,10,150,0,0,10,150,0,0,21,150,0,0,126
L104,F000000001,64,16,0,0,64,0,0,16,48,51,0,76.05,48,32,0,0,48,50,0,0,48,35,0,0,48,32,0,32,48,0,0,16,48,0,0,0,48,0,0,31,48,0,0,53,48,0,0,48
WBL025,F000000001,51,0,0,48,106,16,0,40.8,50,60,0,53,50,0,0,16,50,40,0,26,50,12,0,45.95,50,24,0,22,50,0,0,48,50,0,0,15,50,0,0,20,50,0,0,0,50,0,0,64
WBM167,F000000001,501,175,0,205,700,189.65,0,150.6,700,421,0,88,400,400.35,0,16,700,401,0,64,700,230,0,16,1000,395.95,0,62,700,0,0,140,1000,0,0,99.95,700,0,0,73,700,0,0,314,700,0,0,602
WBM225,F000000001,0,0,0,0,60,16,0,0,100,63,0,0,84,0,0,0,100,0,0,0,100,0,0,0,258,20,0,0,100,0,0,0,258,0,0,0,100,0,0,0,100,0,0,0,100,0,0,0
WBM171,F000000001,0,0,0,38,0,0,0,6,16,25,0,20,16,20,0,0,16,0,0,0,16,4,0,0,32,0,0,0,16,0,0,22,32,0,0,20,16,0,0,21,16,0,0,21,16,0,0,2
WBM228,F000000001,0,0,0,0,0,0,0,0,0,15,0,0,0,0,0,0,100,0,0,0,100,0,0,0,200,0,0,0,100,0,0,0,200,0,0,0,100,0,0,0,100,0,0,0,100,0,0,0
WBN014,F000000001,0,6,0,10,23,12,0,0,30,12,0,0,30,13,0,6,30,12,0,11.8,30,0,0,0,30,6,0,6,30,0,0,6,30,0,0,0,30,0,0,6,30,0,0,12,30,0,0,0
N164,F000000001,51,0,0,16,150,31,0,69,150,16,0,60,16,12,0,32,150,16,0,16,150,12,0,16,200,32,0,12,150,0,0,12,200,0,0,0,150,0,0,10,150,0,0,10,150,0,0,10
WBP064,F000000001,151,32,0,83.65,300,95,0,114,300,17,0,55,50,16,0,58,300,16,0,69,300,16,0,45,600,93,0,58,300,0,0,54,600,0,0,13.9,300,0,0,25,300,0,0,56,300,0,0,62
P214,F000000001,101,46,0,32,100,36,0,42,100,80,0,28,100,31,0,0,100,40,0,28,100,9,0,28,100,24,0,24,100,0,0,64,100,0,0,10,100,0,0,22.5,100,0,0,57,100,0,0,70
WBR093,F000000001,151,4,0,0,150,39,0,0,150,124,0,0,150,103,0,0,150,24.5,0,0,150,16,0,0,150,43,0,0,150,0,0,0,150,0,0,0,150,0,0,0,150,0,0,32,150,0,0,162
WBS207,F000000001,80,29,0,0,64,32.85,0,0,64,18,0,0,64,14,0,0,64,0,0,0,64,0,0,0,100,0,0,0,64,0,0,68,100,0,0,63,64,0,0,42.8,64,0,0,50.95,64,0,0,66
WBS190,F000000001,201,116,0,101,600,101,0,209,600,139,0,111,400,89,0,101,600,86,0,57,600,22,0,107,600,13,0,87,600,0,0,92,600,0,0,154.75,600,0,0,94,600,0,0,100,600,0,0,152
WBB056,F000000001,440,252,0,256,400,169.5,0,312.5,340,284,0,299.5,150,168.5,0,225,150,106.5,0,135,0,95.5,0,152,0,125.5,0,210.5,0,0,0,227,0,0,0,400,0,0,0,222,0,0,0,216.5,0,0,0,454.5
WBN024,F000000001,50,25,0,71,60,58,0,104,80,64,0,30,30,45,0,57,30,56,0,41,0,64,0,41,0,23,0,25,0,0,0,67,0,0,0,49,0,0,0,54,0,0,0,47,0,0,0,97
WBN033,F000000001,30,45,0,156,60,25,0,94,70,12,0,82,0,0,0,61,0,0,0,42,0,0,0,27,0,80,0,24,0,0,0,52,0,0,0,10,0,0,0,27,0,0,0,0,0,0,0,12
WBN080,F000000001,30,10,0,0,30,0,0,0,40,25,0,0,30,2,0,0,30,0,0,0,0,0,0,0,0,0,0,0,0,0,0,36,0,0,0,24,0,0,0,24,0,0,0,0,0,0,0,25
WBS099,F000000001,150,87,0,115,150,150,0,121,170,149,0,107,90,67,0,45,90,83,0,32,0,61,0,48,0,70,0,114,0,0,0,102,0,0,0,0,0,0,0,52,0,0,0,86,0,0,0,139
WBC017,F000000001,0,0,0,0,0,0,0,0,16,0,0,0,16,9.5,0,0,16,0,0,0,0,0,0,0,0,0,0,0,0,0,0,0,0,0,0,0,0,0,0,0,0,0,0,0,0,0,0,0
WBD026,F000000001,80,30,0,96,80,82,0,89,80,28,0,91.5,34,45,0,34.75,40,15,0,51,0,12,0,34,0,27,0,55,0,0,0,78.5,0,0,0,27,0,0,0,49,0,0,0,27,0,0,0,72
WBD051,F000000001,130,129,0,156,200,124,0,98.2,200,174.5,0,125,80,189,0,30,80,82,0,57.5,0,111,0,81,0,108,0,60,0,0,0,89,0,0,0,59,0,0,0,71,0,0,0,75,0,0,0,212
WBK040,F000000001,110,61.2,0,135,150,80.5,0,92,150,63.5,0,78,50,57,0,96.85,50,55,0,69.5,0,25,0,91,0,118,0,91.3,0,0,0,98.1,0,0,0,74,0,0,0,114,0,0,0,24,0,0,0,131
WBM069,F000000001,30,32,0,37,30,16,0,16,32,40,0,20,20,12,0,0,20,15,0,0,0,0,0,12,0,30,0,15,0,0,0,15,0,0,0,32,0,0,0,32,0,0,0,16,0,0,0,52
WBM071,F000000001,50,45,0,79,50,0,0,32,32,0,0,31,0,0,0,10,0,32,0,40,0,0,0,31,0,0,0,15,0,0,0,12,0,0,0,16,0,0,0,52,0,0,0,33,0,0,0,30
WBM128,F000000001,170,119,0,117,165,64,0,129,120,79,0,97,80,85,0,36,80,128,0,56,0,80,0,79,0,128,0,113,0,0,0,177,0,0,0,149,0,0,0,192,0,0,0,181,0,0,0,161
WBM176,F000000001,250,93,0,151.6,160,150.9,0,171,200,185,0,139,90,114,0,71,104,87,0,52,0,133,0,85.75,0,89,0,100,0,0,0,160,0,0,0,99,0,0,0,166,0,0,0,95,0,0,0,240
WBN032,F000000001,60,40,0,78,60,20,0,123,50,55,0,0,50,110,0,15,30,33,0,67,0,48,0,41,0,116,0,60,0,0,0,42,0,0,0,61,0,0,0,34,0,0,0,46,0,0,0,211
WBS083,F000000001,120,65,0,148,105,110,0,61,120,106,0,93,80,135,0,32,80,135,0,90.6,0,108,0,68,0,142,0,65.2,0,0,0,105,0,0,0,160.1,0,0,0,125,0,0,0,75,0,0,0,202
A187,F000000001,300,39,0,116,330,136.5,0,90.5,300,85.25,0,125.8,250,216,0,105.4,250,121.25,0,55.7,251,103.4,0,112,300,86.5,0,65.1,400,0,0,68,400,0,0,59,400,0,0,97,400,0,0,62,400,0,0,103.6
WBJ050,F000000001,0,0,0,0,0,0,0,0,0,0,0,0,0,0,0,0,0,21,0,0,125,32,0,0,150,32,0,0,250,0,0,0,300,0,0,0,300,0,0,0,300,0,0,0,300,0,0,0
WBN004,F000000001,100,53,0,96,150,37,0,90,100,48,0,32,150,21,0,32,150,32,0,16,150,16,0,21,150,16,0,16,200,0,0,53,250,0,0,74,250,0,0,32,250,0,0,37,250,0,0,32
WBS231,F000000001,0,0,0,0,0,0,0,0,0,0,0,0,0,0,0,0,0,21,0,0,125,9,0,0,150,13,0,0,200,0,0,0,250,0,0,0,250,0,0,0,250,0,0,0,250,0,0,0
WBK018,F000000001,100,0,0,0,150,0,0,0,100,0,0,0,80,0,0,0,80,74,0,0,251,91,0,0,251,32,0,0,351,0,0,0,351,0,0,0,351,0,0,0,351,0,0,0,351,0,0,0
N124,F000000001,200,37,0,16,250,32,0,0,200,37,0,20,150,64,0,42,150,32,0,29,150,32,0,15,150,32,0,25,180,0,0,29,220,0,0,29,220,0,0,69,220,0,0,48,220,0,0,69
WBN013,F000000001,150,55.5,0,102,200,95.25,0,112,150,42,0,117,100,83,0,71,100,41,0,122,125,36,0,81,125,111,0,77,151,0,0,116,200,0,0,35,200,0,0,81,200,0,0,66,200,0,0,57
WBR078,F000000001,100,0,0,101,150,0,0,85,100,0,0,58,80,0,0,48,80,0,0,32,120,0,0,24,120,0,0,48,200,0,0,48,250,0,0,44,250,0,0,48,250,0,0,0,250,0,0,0
WBB092,F000000001,250,0,0,360,300,149,0,286,250,213,0,285,200,74,0,246,200,90,0,256,250,16,0,41,250,58,0,187.5,300,0,0,96,400,0,0,32,400,0,0,37,400,0,0,0,400,0,0,0
C105,F000000001,100,0,0,0,150,0,0,0,100,85,0,0,80,0,0,0,80,0,0,0,200,0,0,0,200,0,0,0,250,0,0,0,350,0,0,5,350,0,0,0,350,0,0,0,350,0,0,0
WBK045,F000000001,200,64,0,0,250,48,0,0,200,32,0,0,150,64,0,0,150,53,0,0,80,69,0,0,110,48,0,0,150,0,0,0,150,0,0,0,150,0,0,0,150,0,0,0,150,0,0,0
C125,F000000001,52,5,0,0,102,5,0,20,52,40,0,16,52,0,0,10,52,0,0,10,52,0,0,10,62,0,0,10,62,0,0,10,62,0,0,15,62,0,0,15,62,0,0,10,62,0,0,10
D163,F000000001,80,0,0,30,100,37,0,10,80,67,0,37,120,26,0,5,120,41,0,5,50,10,0,0,100,32,0,21,100,0,0,10,150,0,0,10,150,0,0,0,150,0,0,30,150,0,0,32
WBR013,F000000001,100,10,0,87,100,5,0,101,100,80,0,64,120,80,0,47,120,0,0,92,120,16,0,32,151,0,0,15,150,0,0,25.5,250,0,0,31,250,0,0,10,250,0,0,20,250,0,0,17
P163,F000000001,150,0,0,16,150,0,0,0,150,0,0,0,150,0,0,0,150,0,0,0,0,0,0,0,0,0,0,0,0,0,0,0,200,0,0,0,200,0,0,0,200,0,0,0,200,0,0,0
WBJ026,F000000001,300,0,0,0,300,0,0,0,300,0,0,0,300,0,0,0,300,0,0,0,100,0,0,0,200,0,0,0,400,0,0,0,450,0,0,0,450,0,0,0,450,0,0,0,450,0,0,0
L083,F000000001,150,0,0,112,150,42,0,80,150,32,0,85,100,53,0,16,100,64,0,48,80,37,0,16,125,0,0,48,200,0,0,58,216,0,0,48,216,0,0,0,216,0,0,5,216,0,0,132
WBR034,F000000001,50,0,0,5,50,0,0,0,50,30,0,5,50,0,0,0,50,0,0,15,50,0,0,0,16,0,0,27,16,0,0,5,36,0,0,15,36,0,0,10,36,0,0,5,36,0,0,5
WBA028,F000000001,150,0,0,48,150,0,0,5,150,0,0,0,150,0,0,10,150,0,0,16,0,0,0,16,0,0,0,0,0,0,0,0,0,0,0,0,0,0,0,16,0,0,0,0,0,0,0,0
R215,F000000001,300,0,0,60,300,0,0,46,300,0,0,20,150,0,0,10,150,0,0,10,0,0,0,10,0,0,0,5,0,0,0,5,0,0,0,5,0,0,0,0,0,0,0,0,0,0,0,0
M362,F000000001,150,0,0,26,150,0,0,5,150,0,0,21,150,0,0,5,150,0,0,10,0,0,0,10,0,0,0,15,0,0,0,20,0,0,0,15.5,0,0,0,0,0,0,0,0,0,0,0,0
G116,F000000001,100,0,0,17,100,16,0,10,100,0,0,26,150,0,0,0,150,0,0,0,0,0,0,0,0,0,0,0,0,0,0,0,0,0,0,0,0,0,0,0,0,0,0,0,0,0,0,16
A199,F000000001,50,0,0,32,50,0,0,21,50,0,0,21,50,0,0,21,50,0,0,32,0,0,0,16,0,0,0,32,0,0,0,32,0,0,0,26,0,0,0,0,0,0,0,0,0,0,0,0
S537,F000000001,250,0,0,94,250,0,0,197,250,0,0,77,50,0,0,20,50,0,0,15,0,0,0,5,0,0,0,0,0,0,0,0,0,0,0,0,0,0,0,0,0,0,0,0,0,0,0,0
P179,F000000001,0,0,0,0,0,0,0,0,0,0,0,0,0,0,0,0,0,0,0,0,0,0,0,0,120,0,0,0,120,0,0,0,300,0,0,0,300,0,0,0,300,0,0,0,300,0,0,0
A270,F000000001,70,0,0,48,70,12,0,52,70,27,0,32,120,10,0,26,120,15,0,30,20,15,0,15,20,15,0,22,20,0,0,24,100,0,0,12,100,0,0,12,100,0,0,12,100,0,0,12
WBS224,F000000001,0,0,0,0,0,0,0,0,0,0,0,0,0,21,0,0,0,48,0,0,100,16,0,0,150,37,0,0,200,0,0,0,250,0,0,0,250,0,0,0,250,0,0,0,250,0,0,0
WBM161,F000000001,32,25,0,31,32,15,0,10,32,21,0,15,32,26,0,5,32,16,0,10,51,10,0,5,50,0,0,5,50,0,0,10,65,0,0,10.5,65,0,0,15,65,0,0,10,65,0,0,15
J121,F000000001,16,16,0,64,16,32,0,45,16,0,0,47,16,16,0,16,16,16,0,31,50,32,0,16,50,32,0,12,50,0,0,26,100,0,0,16,100,0,0,0,100,0,0,31,100,0,0,16
A267,F000000001,50,32,0,64,100,37,0,57,50,16,0,58,50,32,0,16,50,48,0,48,80,64,0,0,100,112,0,32,151,0,0,32,250,0,0,24,250,0,0,43,250,0,0,16,250,0,0,80
M306,F000000001,150,0,0,87,200,0,0,26,100,79,0,49,150,58,0,28,150,0,0,22,125,16,0,20,125,0,0,10,151,0,0,36,200,0,0,52,200,0,0,0,200,0,0,15,200,0,0,0
N135,F000000001,150,16,0,80,200,32,0,128,100,106,0,64,150,16,0,85,150,16,0,80,125,32,0,48,151,32,0,32,200,0,0,90,300,0,0,95,300,0,0,48,300,0,0,16,300,0,0,153
P165,F000000001,250,160,0,176,250,111.95,0,145,200,185,0,182,250,74,0,32,250,107,0,112,150,112,0,112,250,64,0,96,351,0,0,132,351,0,0,184,351,0,0,128,351,0,0,131,351,0,0,208
WBK051,F000000001,0,0,0,0,0,0,0,0,0,0,0,0,0,0,0,0,0,16,0,0,125,46,0,0,151,0,0,0,200,0,0,0,250,0,0,0,250,0,0,0,250,0,0,0,250,0,0,0
WBN085,F000000001,0,0,0,0,0,0,0,0,0,0,0,0,0,0,0,0,0,0,0,0,125,26,0,0,151,10,0,0,250,0,0,0,250,0,0,0,250,0,0,0,250,0,0,0,250,0,0,0
WBM157,F000000001,80,0,0,96,100,0,0,37,50,0,0,32,50,10,0,32,50,16,0,48,0,0,0,0,0,0,0,32,0,0,0,48,0,0,0,32,0,0,0,16,0,0,0,32,0,0,0,32
WBM165,F000000001,80,0,0,0,100,0,0,0,50,0,0,0,50,0,0,5,50,0,0,25,0,0,0,12,0,0,0,0,0,0,0,0,0,0,0,16,0,0,0,16,0,0,0,0,0,0,0,0
S580,F000000001,250,0,0,0,250,0,0,0,200,0,0,0,120,0,0,0,120,0,0,0,0,0,0,0,0,0,0,10,0,0,0,15,200,0,0,0,200,0,0,0,200,0,0,0,200,0,0,0
WBS149,F000000001,400,0,0,303,450,0,0,140,250,15,0,121,200,0,0,32,200,0,0,16,0,0,0,32,150,0,0,15,350,0,0,36,400,0,0,0,400,0,0,21,400,0,0,0,400,0,0,0
WBS185,F000000001,200,0,0,112,250,0,0,64,150,0,0,57,100,0,0,30,100,0,0,42,0,0,0,10,0,0,0,31,0,0,0,46,0,0,0,22,0,0,0,0,0,0,0,0,0,0,0,0
WBM021,F000000001,100,0,0,0,100,0,0,0,80,0,0,0,50,0,0,0,50,0,0,0,0,0,0,0,0,0,0,0,0,0,0,0,0,0,0,16,0,0,0,0,0,0,0,0,0,0,0,0
WBG002,F000000001,150,21,0,48,150,21,0,48,100,62,0,16,70,0,0,32,0,16,0,48,125,48,0,32,151,0,0,30,250,0,0,48,300,0,0,32,300,0,0,16,300,0,0,21,300,0,0,16
WBG068,F000000001,0,0,0,0,0,0,0,0,0,0,0,0,0,62,0,0,70,74,0,0,400,14,0,0,400,18,0,0,450,0,0,0,450,0,0,0,450,0,0,0,450,0,0,0,450,0,0,0
WBJ042,F000000001,200,39,0,48,200,37,0,85,150,63,0,53,100,85,0,48,50,64,0,32,150,32,0,32,150,0,0,53,251,0,0,48,300,0,0,32,300,0,0,37,300,0,0,0,300,0,0,79
WBB105,F000000001,0,0,0,0,0,0,0,0,0,26,0,0,0,42,0,0,50,16,0,0,400,122,0,0,400,53,0,0,450,0,0,0,450,0,0,0,450,0,0,0,450,0,0,0,450,0,0,0
WBM230,F000000001,0,0,0,0,0,0,0,0,0,0,0,0,0,169,0,0,50,119,0,0,400,16,0,0,400,26,0,0,450,0,0,0,475,0,0,0,475,0,0,0,475,0,0,0,475,0,0,0
WBB098,F000000001,100,16,0,0,100,25,0,0,80,0,0,0,50,0,0,0,0,0,0,0,40,0,0,0,40,0,0,0,40,0,0,0,42,0,0,0,42,0,0,0,42,0,0,15,42,0,0,0
WBM092,F000000001,250,0,0,0,250,0,0,0,80,0,0,0,80,0,0,0,80,0,0,0,0,0,0,0,100,0,0,0,150,0,0,0,400,0,0,20,400,0,0,0,400,0,0,0,400,0,0,0
WBR098,F000000001,50,0,0,0,50,21,0,0,50,16,0,0,50,16,0,0,50,16,0,0,80,32,0,0,101,16,0,0,100,0,0,0,200,0,0,0,200,0,0,0,200,0,0,0,200,0,0,0
WBN067,F000000001,100,0,0,16,100,0,0,16,80,0,0,16,70,0,0,16,70,0,0,16,0,0,0,16,0,0,0,16,0,0,0,0,0,0,0,0,0,0,0,0,0,0,0,0,0,0,0,0
WBP042,F000000001,90,0,0,10,120,0,0,0,90,0,0,0,50,0,0,0,50,0,0,0,0,0,0,0,0,0,0,0,0,0,0,0,0,0,0,0,0,0,0,0,0,0,0,0,0,0,0,0
WBP046,F000000001,200,0,0,16,250,0,0,0,80,0,0,0,80,0,0,0,80,0,0,0,0,0,0,0,0,0,0,0,0,0,0,0,0,0,0,0,0,0,0,0,0,0,0,0,0,0,0,0
WBR080,F000000001,180,0,0,12,180,0,0,0,120,0,0,16,80,0,0,0,80,0,0,16,50,0,0,0,55,0,0,0,55,0,0,16,100,0,0,0,100,0,0,0,100,0,0,0,100,0,0,0
WBT041,F000000001,150,0,0,0,200,0,0,0,120,0,0,16,80,0,0,0,80,0,0,10,0,0,0,0,0,0,0,0,0,0,0,10,0,0,0,0,0,0,0,0,0,0,0,0,0,0,0,0
WBT045,F000000001,200,0,0,105,250,0,0,42,200,0,0,57,50,0,0,42,50,0,0,42,0,0,0,21,0,0,0,21,0,0,0,0,0,0,0,0,0,0,0,0,0,0,0,0,0,0,0,0
WBT052,F000000001,120,120,0,0,150,117,0,0,120,104,0,0,70,37,0,0,70,63,0,31,125,53,0,15,125,90,0,30,151,0,0,30,250,0,0,31,250,0,0,53,250,0,0,66,250,0,0,112
WBB073,F000000001,32,0,0,48,32,32,0,66,32,32,0,82,32,16,0,64,32,16,0,48,32,36.85,0,48,32,35,0,80,32,0,0,64,32,0,0,64,32,0,0,48,32,0,0,32,48,0,0,85
WBD048,F000000001,64,32,0,64,80,32,0,80,64,8,0,64,80,16,0,48,80,6,0,32,64,0,0,16,64,0,0,48,80,0,0,64,100,0,0,64,64,0,0,64,80,0,0,80,100,0,0,85
WBJ025,F000000001,48,0,0,0,64,0,0,0,100,101,0,0,100,64,0,0,150,90,0,0,150,61,0,0,150,19,0,0,150,0,0,0,200,0,0,0,150,0,0,0,200,0,0,0,200,0,0,0
WBK044,F000000001,100,42,0,0,120,106,0,0,120,48,0,0,120,37,0,0,120,90,0,0,120,32,0,16,120,60,0,32,120,0,0,32,150,0,0,48,100,0,0,32,150,0,0,53,150,0,0,69
WBS217,F000000001,0,0,0,0,0,64,0,0,0,53,0,0,0,48,0,0,0,53,0,0,50,16,0,0,50,48,0,0,50,0,0,0,100,0,0,0,100,0,0,0,100,0,0,0,100,0,0,0
WBM070,F000000001,64,16,0,80,64,80,0,58,48,21,0,16,48,0,0,32,48,28,0,32,48,16,0,0,48,16,0,16,48,0,0,32,48,0,0,32,48,0,0,0,48,0,0,0,48,0,0,95
WBM101,F000000001,48,0,0,32,48,0,0,0,48,0,0,0,48,0,0,0,48,0,0,0,48,0,0,0,48,0,0,0,48,0,0,0,48,0,0,0,48,0,0,0,48,0,0,0,48,0,0,0
WBM218,F000000001,80,48,0,0,80,69,0,0,80,53,0,0,80,48,0,0,80,53,0,0,80,62,0,32,80,32,0,32,80,0,0,48,100,0,0,48,80,0,0,48,100,0,0,64,100,0,0,85
WBN050,F000000001,32,0,0,0,32,0,0,0,32,0,0,0,32,0,0,0,32,0,0,0,32,0,0,0,32,0,0,0,32,0,0,0,32,0,0,0,32,0,0,0,32,0,0,0,32,0,0,0
WBR047,F000000001,32,0,0,48,16,0,0,32,16,0,0,16,16,0,0,0,16,0,0,0,16,0,0,0,16,0,0,0,16,0,0,0,32,0,0,0,32,0,0,0,32,0,0,0,32,0,0,0
WBS092,F000000001,150,64,0,48,80,101,0,0,150,90,0,0,200,19,0,0,200,50.85,0,0,200,52.95,0,0,200,79,0,0,200,0,0,0,200,0,0,80,200,0,0,16,200,0,0,0,200,0,0,48
WBS104,F000000001,32,0,0,48,16,16,0,16,16,16,0,16,16,0,0,0,16,16,0,32,16,16,0,16,16,0,0,16,16,0,0,16,16,0,0,0,16,0,0,16,16,0,0,16,16,0,0,32
WBS167,F000000001,48,0,0,0,48,0,0,0,48,0,0,0,32,0,0,0,32,0,0,0,32,0,0,0,48,0,0,0,48,0,0,0,48,0,0,0,48,0,0,0,48,0,0,0,48,0,0,0
WBS217,F000000001,0,0,0,0,80,64,0,0,80,53,0,0,80,48,0,0,64,53,0,0,80,16,0,0,80,48,0,0,80,0,0,0,100,0,0,0,100,0,0,0,100,0,0,0,100,0,0,0
S573,F000000001,400,0,0,40,500,0,0,0,500,0,0,0,500,0,0,0,500,16,0,0,500,0,0,0,600,0,0,0,600,0,0,0,500,0,0,0,500,0,0,0,500,0,0,0,500,0,0,0
WBK011,F000000001,50,0,0,32,70,0,0,19,70,0,0,0,50,16,0,0,50,16,0,0,50,16,0,0,50,0,0,0,50,0,0,0,50,0,0,0,50,0,0,0,70,0,0,0,70,0,0,0
WBS232,F000000001,0,0,0,0,0,0,0,0,0,0,0,0,0,0,0,0,0,0,0,0,100,16,0,0,100,32,0,0,150,0,0,0,150,0,0,0,150,0,0,0,200,0,0,0,200,0,0,0
WBA041,F000000001,50,13,0,37,52,22,0,0,54,8,0,0,30,0,0,0,28,0,0,0,26,0,0,0,24,32,0,8,65,0,0,0,65,0,0,0,65,0,0,16,65,0,0,0,80,0,0,0
WBB090,F000000001,30,48,0,149,32,32,0,80,34,16,0,80,16,0,0,16,14,0,0,48,12,0,0,16,10,0,0,48,45,0,0,48,45,0,0,16,45,0,0,16,45,0,0,16,60,0,0,0
WBB020,F000000001,16,0,0,16,18,0,0,16,20,16,0,0,16,0,0,0,14,0,0,16,12,0,0,0,10,0,0,0,31,0,0,0,31,0,0,0,31,0,0,0,31,0,0,0,46,0,0,10
WBD017,F000000001,16,0,0,0,18,0,0,0,20,10,0,0,16,0,0,16,14,10,0,0,12,16,0,0,10,10,0,21,31,0,0,0,31,0,0,0,31,0,0,0,31,0,0,16,46,0,0,21
WBD031,F000000001,40,0,0,69,42,0,0,69,44,0,0,85,16,0,0,80,14,0,0,64,12,0,0,31,10,0,0,64,55,0,0,16,55,0,0,16,55,0,0,32,55,0,0,16,70,0,0,0
D173,F000000001,60,16,0,208,62,0,0,120,64,16,0,96,50,54,0,48,48,18,0,48,46,18,0,31,44,6,0,80,75,0,0,176,75,0,0,32,75,0,0,32,75,0,0,64,90,0,0,16
WBG041,F000000001,100,76,0,111,102,92,0,109,104,79,0,106,100,89,0,96,98,98,0,80,96,29,0,32,94,30,0,80,115,0,0,64,115,0,0,64,115,0,0,48,115,0,0,48,130,0,0,105
WBK050,F000000001,0,0,0,0,2,0,0,0,4,0,0,0,16,8.5,0,0,14,7.5,0,0,12,7.5,0,0,10,2.5,0,0,15,0,0,0,15,0,0,0,15,0,0,0,15,0,0,0,30,0,0,0
WBJ011,F000000001,32,16,0,16,34,0,0,16,36,0,0,0,16,0,0,16,14,0,0,16,12,0,0,0,10,0,0,0,47,0,0,16,47,0,0,0,47,0,0,0,47,0,0,32,62,0,0,0
WBM217,F000000001,100,64,0,0,102,91,0,0,104,64,0,0,80,64,0,0,78,76,0,32,76,32,0,16,74,34,0,32,115,0,0,48,115,0,0,48,115,0,0,48,115,0,0,64,130,0,0,96
WBN065,F000000001,150,176,0,314,152,176,0,224,154,256,0,278,150,144,0,96,148,64,0,128,146,48,0,80,144,32,0,128,165,0,0,176,165,0,0,112,165,0,0,64,165,0,0,112,180,0,0,160
WBN022,F000000001,16,0,0,16,18,0,0,0,20,0,0,37,16,0,0,16,14,0,0,16,12,0,0,16,10,0,0,0,31,0,0,32,31,0,0,16,31,0,0,0,31,0,0,0,46,0,0,0
WBN071,F000000001,100,96,0,16,102,96,0,192,104,48,0,48,60,32,0,32,58,16,0,48,56,16,0,32,54,0,0,64,115,0,0,112,115,0,0,16,115,0,0,0,115,0,0,0,130,0,0,128
WBP048,F000000001,300,287.95,0,111,302,322,0,0,304,251,0,53,200,200,0,0,198,127,0,0,196,73,0,53,194,93,0,87,715,0,0,256,715,0,0,112,715,0,0,128,715,0,0,320,1000,0,0,465
WBP065,F000000001,100,90,0,0,102,86,0,0,104,66,0,0,80,66,0,32,78,46,0,32,76,27,0,16,74,72,0,32,115,0,0,32,115,0,0,56,115,0,0,48,115,0,0,48,130,0,0,73
WBS112,F000000001,100,32,0,122,102,5,0,58,104,0,0,16,16,50,0,16,14,18,0,48,12,6,0,16,10,6,0,40,115,0,0,48,115,0,0,24,115,0,0,16,115,0,0,48,130,0,0,64
S612,F000000001,32,16,0,32,42,53,0,0,37,16,0,32,30,0,0,0,28,10,0,0,27,32,0,0,26,16,0,0,45,0,0,32,55,0,0,11,60,0,0,32,60,0,0,32,60,0,0,20
N162,F000000001,64,31,0,117,74,59,0,0,69,102,0,92,62,51,0,0,60,101,0,32,59,0,0,164,58,16,0,65,77,0,0,88,87,0,0,33,92,0,0,5,92,0,0,16,92,0,0,16
M423,F000000001,20,0,0,56,30,0,0,21,25,0,0,0,18,0,0,16,16,0,0,0,15,0,0,0,14,0,0,0,33,0,0,0,43,0,0,0,48,0,0,0,48,0,0,0,48,0,0,0
WBA019,F000000001,64,54,0,64,74,63,0,92,69,54,0,24,62,58,0,35,60,59,0,50,59,37,0,58,58,37,0,62,77,0,0,54,87,0,0,58,92,0,0,53,92,0,0,64,92,0,0,64
WBR007,F000000001,64,66,0,154,74,106,0,181,69,54,0,91,62,58,0,36,60,56,0,31,59,56,0,96,58,43,0,69,77,0,0,88,87,0,0,120,92,0,0,160,92,0,0,123,92,0,0,48
WBA006,F000000001,70,53,0,74,80,58,0,37,75,58,0,60,68,103,0,6,66,61,0,35,65,71,0,57,64,43,0,40,83,0,0,49,93,0,0,51,98,0,0,57,98,0,0,62,98,0,0,73
WBH001,F000000001,64,32,0,78,74,32,0,133,69,53,0,113,62,69,0,22,60,53,0,38,59,16,0,45,58,0,0,93,77,0,0,141,87,0,0,63,92,0,0,86,92,0,0,38,92,0,0,157
WBP010,F000000001,20,16,0,16,30,15,0,11,25,0,0,16,18,0,0,5,16,16,0,0,15,0,0,0,14,0,0,16,33,0,0,37,43,0,0,10,48,0,0,39,48,0,0,5,48,0,0,21
WBM035,F000000001,112,0,0,100,122,0,0,98,117,0,0,58,110,0,0,51,108,0,0,72,107,0,0,6,106,0,0,48,125,0,0,48,135,0,0,37,140,0,0,10,140,0,0,10,140,0,0,9
WBM150,F000000001,48,32,0,37,58,48,0,95,53,16,0,21,46,27,0,0,44,110,0,40,43,80,0,4,42,48,0,32,61,0,0,32,71,0,0,32,76,0,0,59,76,0,0,32,76,0,0,38
WBA032,F000000001,70,53,0,83,80,43,0,152,75,63,0,131,68,61,0,58,66,64,0,71,65,48,0,75,64,37,0,52,83,0,0,76,93,0,0,60,98,0,0,69,98,0,0,84,98,0,0,65
WBM115,F000000001,20,5,0,0,30,6,0,26,25,6,0,0,18,8,0,0,16,0,0,11,15,5,0,0,14,6,0,10,33,0,0,11,43,0,0,10,48,0,0,0,48,0,0,0,48,0,0,8
WBM107,F000000001,30,14,0,21,40,23,0,4,35,10,0,0,28,0,0,11,26,13,0,40,25,16,0,6,24,11,0,8,43,0,0,12,53,0,0,6,58,0,0,6,58,0,0,10,58,0,0,0
WBN034,F000000001,70,50,0,48,80,42,0,60,75,59,0,50,68,53,0,21,66,64,0,43,65,73,0,72,64,64,0,42,83,0,0,87,93,0,0,53,98,0,0,117,98,0,0,70,98,0,0,41
WBM164,F000000001,32,24,0,24,42,16,0,22,37,16,0,8,30,16,0,0,28,16,0,6,27,21,0,0,26,0,0,15,45,0,0,0,55,0,0,21,60,0,0,16,60,0,0,16,60,0,0,0
WBS156,F000000001,202,93,0,65,212,150,0,85,207,186,0,134,200,230,0,67,198,179,0,91,197,120,0,88,196,176,0,91,215,0,0,179,225,0,0,146,230,0,0,115,230,0,0,151,230,0,0,161
WBM188,F000000001,32,16,0,0,42,0,0,16,37,53,0,0,30,0,0,16,28,0,0,16,27,16,0,32,26,15,0,0,45,0,0,48,55,0,0,16,60,0,0,64,60,0,0,0,60,0,0,66
WBD063,F000000001,32,16,0,75,42,32,0,46,37,16,0,0,30,32,0,20,28,6,0,25,27,37,0,16,26,21,0,0,45,0,0,26,55,0,0,33,60,0,0,18,60,0,0,0,60,0,0,5
A268,F000000001,0,0,0,0,0,0,0,0,0,0,0,0,0,0,0,0,0,0,0,0,0,0,0,0,0,0,0,0,0,0,0,0,0,0,0,0,0,0,0,0,0,0,0,0,0,0,0,0
A274,F000000001,0,0,0,16,0,0,0,0,0,0,0,0,0,0,0,0,0,0,0,0,0,0,0,0,0,0,0,0,0,0,0,0,0,0,0,0,0,0,0,0,0,0,0,0,0,0,0,0
C128,F000000001,0,0,0,0,0,0,0,0,0,0,0,0,0,0,0,0,0,0,0,0,0,0,0,0,0,0,0,0,0,0,0,0,0,0,0,0,0,0,0,0,0,0,0,0,0,0,0,0
M330,F000000001,0,0,0,0,0,0,0,0,0,0,0,0,0,0,0,0,0,0,0,0,0,0,0,0,0,0,0,0,0,0,0,0,0,0,0,0,0,0,0,0,0,0,0,0,0,0,0,0
M395,F000000001,50,48,0,16,50,0,0,0,50,0,0,53,40,0,0,29,16,0,0,16,50,0,0,16,80,0,0,0,80,0,0,16,150,0,0,16,150,0,0,0,150,0,0,0,150,0,0,0
M424,F000000001,0,0,0,79,0,0,0,0,0,0,0,0,0,0,0,0,0,0,0,0,0,0,0,16,0,0,0,37,0,0,0,16,0,0,0,16,0,0,0,0,0,0,0,16,0,0,0,0
S610,F000000001,0,0,0,0,0,0,0,0,0,0,0,0,0,0,0,0,0,0,0,0,0,0,0,0,0,0,0,0,0,0,0,0,0,0,0,0,0,0,0,0,0,0,0,0,0,0,0,0
S613,F000000001,0,0,0,0,0,0,0,0,0,0,0,0,0,0,0,0,0,0,0,0,0,0,0,0,0,0,0,0,0,0,0,0,0,0,0,0,0,0,0,0,0,0,0,0,0,0,0,0
WBA024,F000000001,0,0,0,0,0,0,0,0,0,0,0,0,0,0,0,8,0,0,0,21,0,0,0,21,0,0,0,3,0,0,0,7,0,0,0,0,0,0,0,0,0,0,0,0,0,0,0,0
WBB019,F000000001,0,0,0,42,0,0,0,0,0,0,0,0,0,0,0,0,0,0,0,0,0,0,0,0,0,0,0,0,0,0,0,0,0,0,0,0,0,0,0,0,0,0,0,0,0,0,0,0
WBB055,F000000001,0,0,0,117,0,0,0,85,0,0,0,16,0,0,0,48,0,0,0,32,0,0,0,48,0,0,0,45,0,0,0,48,0,0,0,149,0,0,0,111,0,0,0,16,0,0,0,0
WBD004,F000000001,50,0,0,0,50,0,0,0,50,0,0,0,50,0,0,0,50,0,0,0,50,0,0,0,50,0,0,0,50,0,0,0,100,0,0,0,100,0,0,0,100,0,0,0,100,0,0,0
WBD016,F000000001,100,64,0,186,100,64,0,48,100,48,0,149,100,96,0,16,32,48,0,48,50,0,0,64,150,32,0,96,150,0,0,50,150,0,0,80,150,0,0,32,150,0,0,64,150,0,0,64
WBE013,F000000001,0,0,0,0,0,0,0,0,0,0,0,0,0,0,0,0,0,0,0,0,0,0,0,0,0,0,0,0,0,0,0,0,0,0,0,0,0,0,0,0,0,0,0,0,0,0,0,0
WBG013,F000000001,0,0,0,0,0,0,0,0,0,0,0,0,0,0,0,0,0,0,0,0,0,0,0,0,0,0,0,0,0,0,0,0,0,0,0,0,0,0,0,0,0,0,0,0,0,0,0,0
WBJ020,F000000001,0,0,0,0,0,0,0,0,0,0,0,0,0,0,0,0,0,0,0,0,0,0,0,0,0,0,0,0,0,0,0,0,0,0,0,0,0,0,0,0,0,0,0,0,0,0,0,0
WBJ044,F000000001,100,0,0,0,100,16,0,0,100,16,0,0,100,21,0,0,100,21,0,0,32,21,0,0,150,21,0,0,150,0,0,21,150,0,0,0,150,0,0,42,150,0,0,21,150,0,0,32
WBK015,F000000001,100,16,0,16,100,32,0,26,100,16,0,48,100,0,0,16,100,16,0,16,100,16,0,0,120,0,0,5,120,0,0,28,120,0,0,16,120,0,0,16,120,0,0,32,120,0,0,48
WBK019,F000000001,0,0,0,0,0,0,0,0,0,0,0,0,0,0,0,0,0,0,0,0,0,0,0,0,0,0,0,0,0,0,0,0,0,0,0,0,0,0,0,0,0,0,0,0,0,0,0,0
WBM015,F000000001,50,0,0,0,50,0,0,0,50,0,0,0,50,0,0,0,50,0,0,0,50,0,0,0,50,0,0,0,50,0,0,0,100,0,0,0,100,0,0,0,100,0,0,0,100,0,0,0
WBM017,F000000001,100,0,0,0,100,0,0,0,100,0,0,0,50,0,0,0,50,0,0,0,100,0,0,0,100,0,0,0,100,0,0,0,150,0,0,0,150,0,0,0,150,0,0,0,150,0,0,0
WBM059,F000000001,0,0,0,0,0,0,0,0,0,0,0,0,0,0,0,0,0,0,0,0,0,0,0,0,0,0,0,0,0,0,0,0,0,0,0,0,0,0,0,0,0,0,0,0,0,0,0,0
WBM086,F000000001,50,0,0,0,50,0,0,0,50,0,0,0,20,0,0,0,32,0,0,0,16,0,0,0,50,0,0,0,50,0,0,0,100,0,0,0,100,0,0,0,100,0,0,0,100,0,0,0
WBM110,F000000001,0,0,0,0,0,0,0,0,0,0,0,0,0,0,0,0,0,0,0,0,0,0,0,0,0,0,0,0,0,0,0,0,0,0,0,0,0,0,0,0,0,0,0,0,0,0,0,0
WBM140,F000000001,0,0,0,0,0,0,0,0,0,0,0,0,0,0,0,0,0,0,0,0,0,0,0,0,0,0,0,0,0,0,0,0,0,0,0,0,0,0,0,0,0,0,0,0,0,0,0,0
WBN001,F000000001,50,0,0,0,50,0,0,0,50,0,0,0,20,0,0,0,16,0,0,0,16,0,0,0,50,0,0,0,50,0,0,0,100,0,0,0,100,0,0,0,100,0,0,0,100,0,0,0
WBN002,F000000001,0,0,0,0,0,0,0,0,0,0,0,0,0,0,0,0,0,0,0,0,0,0,0,0,0,0,0,0,0,0,0,0,0,0,0,0,0,0,0,0,0,0,0,0,0,0,0,0
WBN011,F000000001,50,0,0,0,50,0,0,0,50,0,0,0,20,0,0,0,21,0,0,0,16,0,0,0,100,0,0,0,100,0,0,0,150,0,0,0,150,0,0,0,150,0,0,0,150,0,0,0
WBN042,F000000001,0,32,0,16,0,16,0,32,0,16,0,53,0,0,0,0,0,0,0,32,0,16,0,16,0,16,0,32,0,0,0,32,0,0,0,42,0,0,0,48,0,0,0,48,0,0,0,32
WBN081,F000000001,0,128,0,0,0,64,0,0,0,48,0,0,0,48,0,0,0,37,0,0,0,0,0,0,0,16,0,0,0,0,0,0,0,0,0,0,0,0,0,0,0,0,0,0,0,0,0,154
WBP045,F000000001,0,0,0,0,0,0,0,0,0,0,0,0,0,0,0,0,0,0,0,0,0,0,0,0,0,0,0,0,0,0,0,0,0,0,0,0,0,0,0,0,0,0,0,0,0,0,0,0
WBP061,F000000001,0,0,0,16,0,0,0,6,0,0,0,0,0,0,0,0,0,0,0,0,0,0,0,0,0,0,0,0,0,0,0,0,0,0,0,0,0,0,0,0,0,0,0,0,0,0,0,0
WBR016,F000000001,0,0,0,0,0,0,0,0,0,0,0,0,0,0,0,0,0,0,0,0,0,0,0,0,0,0,0,0,0,0,0,0,0,0,0,0,0,0,0,0,0,0,0,0,0,0,0,0
WBR019,F000000001,0,0,0,0,0,0,0,0,0,0,0,0,0,0,0,0,0,0,0,0,0,0,0,0,0,0,0,0,0,0,0,0,0,0,0,0,0,0,0,0,0,0,0,0,0,0,0,0
WBS006,F000000001,0,0,0,0,0,0,0,0,0,0,0,0,0,0,0,0,0,0,0,0,0,0,0,0,0,0,0,0,0,0,0,0,0,0,0,0,0,0,0,0,0,0,0,0,0,0,0,0
WBS007,F000000001,100,0,0,0,100,0,0,0,100,0,0,0,50,0,0,0,33,0,0,0,20,0,0,0,100,0,0,0,100,0,0,0,200,0,0,0,200,0,0,0,200,0,0,0,200,0,0,0
WBS014,F000000001,0,0,0,16,0,0,0,0,0,0,0,0,0,0,0,0,0,0,0,0,0,0,0,0,0,0,0,0,0,0,0,0,0,0,0,0,0,0,0,0,0,0,0,0,0,0,0,0
WBS029,F000000001,0,0,0,0,0,0,0,0,0,0,0,0,0,0,0,0,0,0,0,0,0,0,0,0,0,0,0,0,0,0,0,0,0,0,0,0,0,0,0,0,0,0,0,0,0,0,0,0
WBS077,F000000001,0,0,0,0,0,0,0,0,0,0,0,0,0,0,0,0,0,0,0,0,0,0,0,0,0,0,0,0,0,0,0,0,0,0,0,0,0,0,0,0,0,0,0,0,0,0,0,0
WBS178,F000000001,0,0,0,0,0,0,0,0,0,0,0,0,0,0,0,0,0,0,0,0,0,0,0,0,0,0,0,0,0,0,0,0,30,0,0,0,30,0,0,0,30,0,0,0,30,0,0,0
WBT034,F000000001,0,0,0,0,0,0,0,0,0,0,0,0,0,0,0,0,0,0,0,0,0,0,0,0,0,0,0,0,0,0,0,0,0,0,0,0,0,0,0,0,0,0,0,0,0,0,0,0
WBT035,F000000001,0,0,0,0,0,0,0,0,0,0,0,0,0,0,0,0,0,0,0,0,0,0,0,0,0,0,0,0,0,0,0,0,0,0,0,0,0,0,0,0,0,0,0,0,0,0,0,0
L095,F000000001,125,0,0,32,150,0,0,0,125,0,0,0,75,0,0,0,75,0,0,0,75,0,0,0,125,0,0,0,150,0,0,16,150,0,0,0,150,0,0,0,150,0,0,0,150,0,0,0
M375,F000000001,150,15,0,0,175,80,0,0,150,48,0,0,100,16,0,0,100,0,0,0,100,0,0,0,150,0,0,0,175,0,0,0,175,0,0,0,175,0,0,0,200,0,0,0,175,0,0,0
M389,F000000001,150,0,0,0,150,0,0,0,150,53,0,0,100,16,0,0,100,32,0,0,100,53,0,0,150,0,0,16,150,0,0,0,150,0,0,0,150,0,0,0,150,0,0,0,250,0,0,0
P227,F000000001,100,24,0,0,100,0,0,0,100,0,0,0,100,0,0,0,100,0,0,0,100,0,0,0,100,0,0,0,100,0,0,16,125,0,0,0,150,0,0,0,125,0,0,0,200,0,0,37
S548,F000000001,175,64,0,32,175,26,0,37,150,48,0,0,100,56,0,0,100,2,0,42,100,32,0,16,175,32,0,58,175,0,0,32,175,0,0,32,175,0,0,42,200,0,0,32,200,0,0,64
WBA039,F000000001,150,53,0,111,200,16,0,32,150,0,0,16,150,0,0,16,150,0,0,0,100,0,0,16,150,0,0,16,175,0,0,0,250,0,0,0,250,0,0,0,250,0,0,16,300,0,0,29
WBA054,F000000001,225,101,0,111,250,111,0,88,200,90,0,101,125,48,0,16,125,8,0,0,100,0,0,0,150,0,0,48,150,0,0,48,175,0,0,48,250,0,0,48,250,0,0,48,250,0,0,48
WBA067,F000000001,150,64,0,64,150,96,0,24,150,112,0,48,100,80,0,0,100,112,0,32,100,114,0,32,150,96,0,48,150,0,0,32,175,0,0,48,250,0,0,48,200,0,0,80,250,0,0,104
WBC015,F000000001,100,0,0,32,100,0,0,0,100,64,0,0,100,32,0,0,100,12,0,0,100,0,0,0,100,0,0,0,100,0,0,0,100,0,0,0,100,0,0,0,100,0,0,0,200,0,0,0
WBD012,F000000001,250,21,0,53,250,123,0,69,250,160,0,119,250,112,0,16,250,24,0,32,250,63,0,16,225,112,0,16,200,0,0,16,200,0,0,16,200,0,0,26,200,0,0,106,300,0,0,90
WBK037,F000000001,100,31,0,61,175,16,0,16,100,16,0,48,100,0,0,0,100,0,0,10,100,0,0,15,100,0,0,16,175,0,0,32,200,0,0,16,200,0,0,16,200,0,0,32,200,0,0,16
WBL024,F000000001,150,0,0,32,175,32,0,32,150,63,0,0,100,48,0,0,100,29,0,16,100,35,0,0,100,48,0,0,175,0,0,0,200,0,0,0,250,0,0,0,200,0,0,0,200,0,0,0
WBM062,F000000001,150,80,0,101,200,37,0,74,150,96,0,64,125,80,0,64,125,80,0,48,125,80,0,48,100,75,0,64,200,0,0,48,250,0,0,64,250,0,0,64,250,0,0,16,250,0,0,80
WBM076,F000000001,150,78.3,0,117,250,45,0,76,150,102,0,64,150,43,0,51,150,66.45,0,32,150,32,0,32,100,61,0,64,175,0,0,48,250,0,0,48,250,0,0,32,250,0,0,48,250,0,0,52
WBM181,F000000001,125,0,0,85,150,16,0,32,100,0,0,48,100,0,0,0,100,0,0,16,100,0,0,0,125,0,0,0,150,0,0,0,150,0,0,0,200,0,0,0,150,0,0,0,200,0,0,13
WBM186,F000000001,125,26,0,16,125,21,0,24,125,16,0,0,125,0,0,0,100,0,0,26.5,125,16,0,32,125,47,0,24,125,0,0,32,125,0,0,37,125,0,0,32,150,0,0,16,200,0,0,25
WBN062,F000000001,100,24,0,53,100,0,0,24,75,24,0,48,75,16,0,16,75,0,0,15,75,16,0,32,100,0,0,8,100,0,0,7,100,0,0,0,100,0,0,8,100,0,0,24,150,0,0,0
WBP005,F000000001,150,0,0,16,175,0,0,16,150,0,0,16,125,53,0,16,100,16,0,0,100,16,0,0,150,10,0,0,175,0,0,0,175,0,0,0,175,0,0,0,200,0,0,0,250,0,0,0
WBS028,F000000001,100,16,0,16,125,16,0,0,100,8,0,0,100,24,0,0,100,16,0,11,100,32,0,0,100,0,0,16,125,0,0,0,150,0,0,16,175,0,0,13,150,0,0,13,200,0,0,16
WBS105,F000000001,125,27,0,32,150,32,0,24,125,12,0,29,100,0,0,0,75,0,0,0,100,0,0,0,125,0,0,0,125,0,0,16,125,0,0,0,125,0,0,17,125,0,0,0,225,0,0,12
WBS157,F000000001,150,21,0,21,175,27,0,16,150,51,0,0,100,57,0,16,75,50,0,0,100,16,0,16,100,37,0,0,100,0,0,37,150,0,0,16,150,0,0,21,150,0,0,21,200,0,0,16
WBB015,F000000001,175,85.5,0,85,175,42,0,73,200,178.5,0,104.95,175,118,0,64,150,152.5,0,90,100,50.5,0,64,150,75.5,0,116,200,0,0,112,200,0,0,124,250,0,0,64,250,0,0,107,250,0,0,207.5
WBB016,F000000001,50,13,0,53,50,10.5,0,21,50,33,0,7,50,11,0,19,50,7,0,5,50,0,0,16,50,0,0,39,50,0,0,32,50,0,0,32,50,0,0,39,50,0,0,28,50,0,0,46
WBB062,F000000001,175,151.5,0,199,175,141,0,77,150,147,0,96,150,114,0,47,150,66,0,98,100,101,0,44.5,150,140.5,0,64,150,0,0,92,150,0,0,83.5,250,0,0,98,225,0,0,101,250,0,0,201
WBB082,F000000001,75,0,0,0,75,24,0,0,75,7,0,15.5,75,0,0,0,75,5,0,0,75,0,0,0,75,0,0,0,75,0,0,0,75,0,0,0,75,0,0,15.5,75,0,0,16,75,0,0,16
WBB088,F000000001,125,23,0,39,125,65,0,0,100,0,0,34,100,0,0,15,125,0,0,0,100,0,0,33.95,125,0,0,28,100,0,0,29.6,100,0,0,0,150,0,0,48,100,0,0,0,150,0,0,18
WBB095,F000000001,75,42,0,0,75,32,0,0,75,56,0,0,75,26,0,0,75,44,0,30,75,18,0,16,75,22,0,32,75,0,0,48,75,0,0,34.5,75,0,0,54,75,0,0,36,75,0,0,41
WBD009,F000000001,75,101,0,85,75,51,0,34,75,51,0,20,75,45,0,28,75,60,0,30,75,20,0,20,75,22.5,0,57,75,0,0,80,75,0,0,60,75,0,0,42,75,0,0,32,75,0,0,75
WBH005,F000000001,50,0,0,0,50,0,0,0,50,0,0,0,50,0,0,0,50,0,0,0,50,0,0,0,50,0,0,0,50,0,0,7,50,0,0,4,50,0,0,16,75,0,0,0,75,0,0,0
WBH033,F000000001,175,0,0,0,175,0,0,0,175,0,0,0,125,0,0,0,125,0,0,0,125,0,0,0,125,0,0,40,100,0,0,47.5,175,0,0,0,200,0,0,8,200,0,0,48,250,0,0,0
WBK039,F000000001,100,0,0,108.75,150,0,0,58.5,150,0,0,69,100,0,0,30.5,100,0,0,12,100,0,0,10,100,0,0,6,150,0,0,7,150,0,0,0,150,0,0,0,150,0,0,0,150,0,0,0
WBL029,F000000001,50,30,0,0,50,49.5,0,0,75,51.5,0,0,50,35.5,0,0,50,6.5,0,0,50,10.5,0,0,50,0,0,13,75,0,0,15,75,0,0,32,75,0,0,35,75,0,0,34,75,0,0,66
WBL031,F000000001,100,30.5,0,0,100,9,0,0,100,22.5,0,0,100,16.5,0,0,75,0,0,0,75,0,0,0,75,0,0,0,75,0,0,0,100,0,0,0,100,0,0,0,100,0,0,0,125,0,0,62.5
WBM043,F000000001,150,54,0,161,200,113,0,95.35,200,223,0,141,125,127.5,0,52,125,46,0,86,100,0,0,81.95,125,0,0,83,175,0,0,84,200,0,0,45.5,250,0,0,119,200,0,0,64,250,0,0,209
WBM202,F000000001,75,33,0,29,75,21,0,9.5,100,7,0,19,75,12,0,7,75,7,0,20,75,33.5,0,7,75,7,0,19,75,0,0,21,100,0,0,30.65,100,0,0,22.5,150,0,0,20,200,0,0,28
WBM207,F000000001,100,42.4,0,52,100,17,0,31.5,100,0,0,32,100,0,0,0,100,0,0,20,100,0,0,15,100,0,0,43.7,100,0,0,23,100,0,0,20,100,0,0,13,150,0,0,40.05,200,0,0,21.85
WBN008,F000000001,125,84,0,99,150,90,0,79,150,111,0,123,125,75,0,71.85,75,46.5,0,66,100,46,0,75,75,50,0,92,150,0,0,107,125,0,0,88,125,0,0,107,125,0,0,101,150,0,0,116
WBN038,F000000001,150,35,0,15.55,175,0,0,0,175,0,0,0,150,0,0,0,150,0,0,0,75,0,0,0,150,0,0,68.65,175,0,0,32,125,0,0,42.1,125,0,0,21,125,0,0,30,125,0,0,45.95
WBN054,F000000001,75,29.55,0,21,75,20,0,0,75,32,0,32,75,0,0,0,75,21,0,0,75,0,0,16,75,29,0,16,75,0,0,27,75,0,0,21,75,0,0,16,100,0,0,16,100,0,0,56
WBN079,F000000001,100,0,0,0,100,127,0,0,100,16,0,0,100,16,0,0,100,0,0,0,75,0,0,12.7,100,0,0,28,100,0,0,0,125,0,0,16,150,0,0,0,125,0,0,0,250,0,0,0
WBP025,F000000001,150,0,0,0,175,0,0,0,175,0,0,0,125,0,0,0,150,0,0,0,75,0,0,0,150,0,0,0,125,0,0,0,125,0,0,0,150,0,0,0,150,0,0,0,200,0,0,0
WBP067,F000000001,125,0,0,0,150,0,0,0,125,0,0,0,125,0,0,0,100,0,0,0,75,0,0,0,100,0,0,0,125,0,0,0,100,0,0,0,150,0,0,47,100,0,0,16,150,0,0,10
WBR050,F000000001,50,10,0,0,75,0,0,0,75,0,0,0,50,0,0,0,50,0,0,0,50,0,0,15,50,0,0,0,75,0,0,0,75,0,0,0,75,0,0,0,75,0,0,0,75,0,0,20
WBR076,F000000001,50,11,0,62,75,10,0,38,75,41,0,58.95,50,5,0,27,50,27,0,39,50,7.5,0,23,50,40.5,0,36,75,0,0,26,75,0,0,17,75,0,0,25.5,75,0,0,40,75,0,0,26.35
WBS043,F000000001,75,92.5,0,32,100,43,0,48,100,62.5,0,14,75,12.5,0,32,75,71,0,0,75,47.5,0,32,75,0,0,31.5,100,0,0,49,100,0,0,37,125,0,0,0,150,0,0,41,150,0,0,88
WBS141,F000000001,50,7.5,0,0,125,0,0,0,125,0,0,0,50,0,0,0,50,0,0,0,50,0,0,8,50,24.5,0,8,125,0,0,8,100,0,0,6,100,0,0,0,125,0,0,0,175,0,0,0
WBS153,F000000001,100,37.5,0,51,100,102,0,21,75,57,0,35,75,54,0,14,100,101,0,36,75,38.5,0,31,100,39,0,13,75,0,0,26,75,0,0,26,75,0,0,63,75,0,0,57,75,0,0,54.5
WBS160,F000000001,50,55,0,16,50,0,0,0,50,53,0,0,50,52,0,0,50,20,0,0,50,0,0,0,50,31,0,16,50,0,0,16,50,0,0,21,50,0,0,21,50,0,0,0,50,0,0,31
WBS203,F000000001,100,17.5,0,0,100,0,0,0,75,0,0,74,75,0,0,107.3,75,0,0,131.5,75,0,0,251.15,75,0,0,235.5,75,0,0,238.5,75,0,0,225,75,0,0,109,75,0,0,62.5,75,0,0,32
WBS212,F000000001,50,8,0,0,50,0,0,0,50,17,0,0,50,10.5,0,0,50,6.5,0,0,50,0,0,0,50,0,0,0,75,0,0,0,50,0,0,0,50,0,0,0,50,0,0,0,50,0,0,36
WBT054,F000000001,50,21,0,0,50,37.5,0,0,50,7.5,0,0,50,61,0,0,50,16,0,0,50,15.5,0,0,50,0,0,0,75,0,0,0,50,0,0,0,50,0,0,51,50,0,0,51,50,0,0,46
WBU002,F000000001,50,0,0,51,50,21,0,16,50,22,0,0,50,22,0,0,50,21,0,0,50,22,0,0,50,22,0,0,50,0,0,0,50,0,0,58,50,0,0,40,50,0,0,45,50,0,0,57
WBA001,F000000001,0,0,0,0,0,0,0,0,0,0,0,0,0,0,0,0,0,0,0,0,0,0,0,16,0,0,0,16,0,0,0,10,0,0,0,0,0,0,0,0,0,0,0,0,0,0,0,0
B241,F000000001,0,0,0,0,0,0,0,0,0,0,0,0,0,0,0,0,0,0,0,0,0,0,0,0,0,0,0,0,0,0,0,0,0,0,0,0,0,0,0,0,0,0,0,0,0,0,0,0
B242,F000000001,0,0,0,0,0,0,0,0,0,0,0,0,0,0,0,0,0,0,0,0,0,0,0,0,0,0,0,0,0,0,0,0,0,0,0,0,0,0,0,0,0,0,0,0,0,0,0,0
D153,F000000001,0,0,0,0,0,0,0,0,0,0,0,0,0,0,0,0,0,0,0,0,0,0,0,0,0,0,0,0,0,0,0,0,0,0,0,0,0,0,0,0,0,0,0,0,0,0,0,0
D174,F000000001,0,0,0,0,0,0,0,0,0,0,0,0,0,0,0,0,0,0,0,0,0,0,0,0,0,0,0,0,0,0,0,0,0,0,0,0,0,0,0,0,0,0,0,0,0,0,0,0
WBE002,F000000001,0,0,0,0,0,0,0,0,0,0,0,0,0,0,0,0,0,0,0,0,0,0,0,0,0,0,0,0,0,0,0,0,0,0,0,0,0,0,0,0,0,0,0,0,0,0,0,0
G118,F000000001,0,0,0,0,0,0,0,0,0,0,0,0,0,0,0,0,0,0,0,0,0,0,0,0,0,0,0,0,0,0,0,0,0,0,0,0,0,0,0,0,0,0,0,0,0,0,0,0
G135,F000000001,0,0,0,0,0,0,0,0,0,0,0,0,0,0,0,0,0,0,0,0,0,0,0,0,0,0,0,0,0,0,0,0,0,0,0,0,0,0,0,0,0,0,0,0,0,0,0,0
WBG003,F000000001,0,0,0,9.7,0,0,0,0,0,0,0,0,0,0,0,0,0,0,0,0,0,0,0,0,0,0,0,0,0,0,0,0,0,0,0,0,0,0,0,0,0,0,0,0,0,0,0,0
WBG010,F000000001,0,0,0,0,0,0,0,0,0,0,0,0,0,0,0,0,0,0,0,0,0,0,0,0,0,0,0,0,0,0,0,0,0,0,0,0,0,0,0,0,0,0,0,0,0,0,0,0
G121,F000000001,0,0,0,0,0,0,0,0,0,0,0,0,0,0,0,0,0,0,0,0,0,0,0,0,0,0,0,0,0,0,0,0,0,0,0,0,0,0,0,0,0,0,0,0,0,0,0,0
G139,F000000001,0,0,0,0,0,0,0,0,0,0,0,0,0,0,0,0,0,0,0,0,0,0,0,0,0,0,0,0,0,0,0,0,0,0,0,0,0,0,0,0,0,0,0,0,0,0,0,0
H133,F000000001,0,0,0,0,0,0,0,0,0,0,0,0,0,0,0,0,0,0,0,0,0,0,0,0,0,0,0,0,0,0,0,0,0,0,0,0,0,0,0,0,0,0,0,0,0,0,0,0
J145,F000000001,0,0,0,6,0,0,0,0,0,0,0,0,0,0,0,0,0,0,0,0,0,0,0,0,0,0,0,0,0,0,0,0,0,0,0,0,0,0,0,0,0,0,0,0,0,0,0,0
J140,F000000001,0,0,0,0,0,0,0,0,0,0,0,0,0,0,0,0,0,0,0,0,0,0,0,0,0,0,0,0,0,0,0,0,0,0,0,0,0,0,0,0,0,0,0,0,0,0,0,0
WBK002,F000000001,0,0,0,0,0,0,0,0,0,0,0,0,0,0,0,0,0,0,0,0,0,0,0,0,0,0,0,0,0,0,0,0,0,0,0,0,0,0,0,0,0,0,0,0,0,0,0,0
WBL004,F000000001,0,0,0,0,0,0,0,0,0,0,0,0,0,0,0,36,0,0,0,16,0,0,0,10,0,0,0,14.45,0,0,0,0,0,0,0,12,0,0,0,11,0,0,0,12,0,0,0,0
WBM040,F000000001,0,0,0,0,0,0,0,0,0,0,0,0,0,0,0,0,0,0,0,0,0,0,0,0,0,0,0,0,0,0,0,0,0,0,0,0,0,0,0,0,0,0,0,0,0,0,0,0
WBM125,F000000001,0,0,0,0,0,0,0,0,0,0,0,0,0,0,0,0,0,0,0,0,0,0,0,0,0,0,0,0,0,0,0,0,0,0,0,0,0,0,0,0,0,0,0,0,0,0,0,0
WBM148,F000000001,0,0,0,0,0,0,0,0,0,0,0,0,0,0,0,0,0,0,0,0,0,0,0,0,0,0,0,0,0,0,0,0,0,0,0,0,0,0,0,0,0,0,0,0,0,0,0,0
WBM129,F000000001,0,0,0,80,0,0,0,0,0,0,0,0,0,0,0,0,0,0,0,0,0,0,0,0,0,0,0,0,0,0,0,0,0,0,0,0,0,0,0,0,0,0,0,0,0,0,0,0
WBM143,F000000001,0,0,0,0,0,0,0,0,0,0,0,0,0,0,0,0,0,0,0,0,0,0,0,0,0,0,0,0,0,0,0,0,0,0,0,0,0,0,0,0,0,0,0,0,0,0,0,0
WBM137,F000000001,0,0,0,0,0,0,0,0,0,0,0,0,0,0,0,0,0,0,0,0,0,0,0,0,0,0,0,0,0,0,0,0,0,0,0,0,0,0,0,0,0,0,0,0,0,0,0,0
WBM066,F000000001,0,0,0,58,0,0,0,0,0,0,0,16,0,0,0,0,0,0,0,32,0,0,0,44,0,0,0,36,0,0,0,24,0,0,0,14,0,0,0,0,0,0,0,0,0,0,0,0
WBN036,F000000001,0,0,0,0,0,0,0,0,0,0,0,0,0,0,0,10,0,0,0,20,0,0,0,0,0,0,0,0,0,0,0,0,0,0,0,0,0,0,0,10,0,0,0,0,0,0,0,0
WBP012,F000000001,0,0,0,0,0,0,0,0,0,0,0,0,0,0,0,0,0,0,0,0,0,0,0,0,0,0,0,0,0,0,0,0,0,0,0,0,0,0,0,0,0,0,0,0,0,0,0,0
WBR030,F000000001,0,0,0,12.05,0,0,0,19,0,0,0,0,0,0,0,0,0,0,0,0,0,0,0,0,0,0,0,0,0,0,0,0,0,0,0,0,0,0,0,0,0,0,0,0,0,0,0,0
R196,F000000001,0,0,0,0,0,0,0,0,0,0,0,0,0,0,0,0,0,0,0,0,0,0,0,0,0,0,0,0,0,0,0,0,0,0,0,0,0,0,0,0,0,0,0,0,0,0,0,0
R198,F000000001,0,0,0,0,0,0,0,0,0,0,0,0,0,0,0,0,0,0,0,0,0,0,0,0,0,0,0,0,0,0,0,0,0,0,0,0,0,0,0,0,0,0,0,0,0,0,0,0
WBR058,F000000001,0,0,0,0,0,0,0,0,0,0,0,0,0,0,0,0,0,0,0,0,0,0,0,0,0,0,0,0,0,0,0,0,0,0,0,0,0,0,0,0,0,0,0,0,0,0,0,0
S522,F000000001,0,0,0,0,0,0,0,0,0,0,0,0,0,0,0,0,0,0,0,0,0,0,0,0,0,0,0,0,0,0,0,0,0,0,0,0,0,0,0,0,0,0,0,0,0,0,0,0
WBB032,F000000001,0,0,0,103,0,0,0,126,0,0,0,25,0,0,0,0,0,0,0,0,0,0,0,0,0,0,0,0,0,0,0,0,0,0,0,0,0,0,0,0,0,0,0,0,0,0,0,0
WBT026,F000000001,0,0,0,0,0,0,0,0,0,0,0,0,0,0,0,0,0,0,0,0,0,0,0,0,0,0,0,0,0,0,0,0,0,0,0,0,0,0,0,0,0,0,0,0,0,0,0,0
WBS094,F000000001,0,0,0,0,0,0,0,0,0,0,0,0,0,0,0,0,0,0,0,0,0,0,0,0,0,0,0,0,0,0,0,0,0,0,0,0,0,0,0,0,0,0,0,0,0,0,0,0
WBM134,F000000001,0,0,0,0,0,0,0,0,0,0,0,0,0,0,0,0,0,0,0,0,0,0,0,0,0,0,0,0,0,0,0,0,0,0,0,0,0,0,0,0,0,0,0,0,0,0,0,0
WBK028,F000000001,0,0,0,0,0,0,0,0,0,0,0,0,0,0,0,0,0,0,0,0,0,0,0,0,0,0,0,0,0,0,0,0,0,0,0,0,0,0,0,0,0,0,0,0,0,0,0,0
WBD034,F000000001,0,0,0,0,0,0,0,0,0,0,0,0,0,0,0,0,0,0,0,0,0,0,0,0,0,0,0,0,0,0,0,0,0,0,0,0,0,0,0,0,0,0,0,0,0,0,0,0
WBP039,F000000001,0,0,0,32,0,0,0,0,0,0,0,16,0,0,0,0,0,0,0,16,0,0,0,16,0,0,0,16,0,0,0,0,0,0,0,0,0,0,0,0,0,0,0,0,0,0,0,0
WBS005,F000000001,0,0,0,0,0,0,0,0,0,0,0,0,0,0,0,0,0,0,0,0,0,0,0,0,0,0,0,0,0,0,0,0,0,0,0,0,0,0,0,0,0,0,0,0,0,0,0,0
WBM138,F000000001,0,0,0,0,0,0,0,0,0,0,0,0,0,0,0,0,0,0,0,0,0,0,0,0,0,0,0,0,0,0,0,0,0,0,0,0,0,0,0,0,0,0,0,0,0,0,0,0
WBB063,F000000001,0,16,0,16,0,0,0,16,0,0,0,16,0,0,0,0,0,0,0,16,0,0,0,16,0,0,0,32,0,0,0,16,0,0,0,16,0,0,0,16,0,0,0,16,0,0,0,16
WBU009,F000000001,0,0,0,16,0,0,0,16,0,0,0,0,0,0,0,16,0,0,0,0,0,0,0,0,0,0,0,16,0,0,0,0,0,0,0,0,0,0,0,0,0,0,0,0,0,0,0,0
WBB058,F000000001,0,0,0,0,0,0,0,16,0,0,0,0,0,0,0,0,0,0,0,0,0,0,0,0,0,0,0,0,0,0,0,0,0,0,0,0,0,0,0,0,0,0,0,0,0,0,0,0
WBC007,F000000001,0,0,0,0,0,0,0,0,0,0,0,0,0,0,0,0,0,0,0,0,0,0,0,0,0,0,0,0,0,0,0,0,0,0,0,0,0,0,0,0,0,0,0,0,0,0,0,0
WBD027,F000000001,0,0,0,0,0,0,0,0,0,0,0,0,0,0,0,0,0,0,0,0,0,0,0,0,0,0,0,0,0,0,0,0,0,0,0,0,0,0,0,0,0,0,0,0,0,0,0,0
WBD019,F000000001,0,0,0,0,0,0,0,0,0,0,0,0,0,0,0,0,0,0,0,0,0,0,0,0,0,0,0,0,0,0,0,0,0,0,0,0,0,0,0,0,0,0,0,0,0,0,0,0
WBK027,F000000001,0,0,0,0,0,0,0,0,0,0,0,0,0,0,0,0,0,0,0,0,0,0,0,0,0,0,0,0,0,0,0,0,0,0,0,0,0,0,0,0,0,0,0,0,0,0,0,0
WBK025,F000000001,0,0,0,0,0,0,0,0,0,0,0,0,0,0,0,0,0,0,0,0,0,0,0,0,0,0,0,0,0,0,0,0,0,0,0,0,0,0,0,0,0,0,0,0,0,0,0,0
WBK024,F000000001,0,0,0,0,0,0,0,0,0,0,0,0,0,0,0,0,0,0,0,0,0,0,0,0,0,0,0,0,0,0,0,0,0,0,0,0,0,0,0,0,0,0,0,0,0,0,0,0
WBM116,F000000001,0,0,0,32,0,0,0,16,0,0,0,0,0,0,0,0,0,0,0,0,0,0,0,0,0,0,0,0,0,0,0,0,0,0,0,0,0,0,0,0,0,0,0,0,0,0,0,0
WBM087,F000000001,0,0,0,0,0,0,0,0,0,0,0,0,0,0,0,0,0,0,0,0,0,0,0,0,0,0,0,0,0,0,0,0,0,0,0,0,0,0,0,0,0,0,0,0,0,0,0,0
WBM153,F000000001,0,0,0,0,0,0,0,0,0,0,0,0,0,0,0,0,0,0,0,0,0,0,0,0,0,0,0,0,0,0,0,0,0,0,0,0,0,0,0,0,0,0,0,0,0,0,0,0
WBR048,F000000001,0,0,0,0,0,0,0,0,0,0,0,0,0,0,0,0,0,0,0,0,0,0,0,0,0,0,0,0,0,0,0,0,0,0,0,0,0,0,0,0,0,0,0,0,0,0,0,0
WBS052,F000000001,0,0,0,0,0,0,0,0,0,0,0,0,0,0,0,0,0,0,0,0,0,0,0,0,0,0,0,0,0,0,0,0,0,0,0,0,0,0,0,0,0,0,0,0,0,0,0,0
WBS108,F000000001,0,0,0,32,0,0,0,16,0,0,0,16,0,0,0,0,0,0,0,16,0,0,0,0,0,0,0,16,0,0,0,0,0,0,0,0,0,0,0,0,0,0,0,0,0,0,0,0
C133,F000000001,0,0,0,0,0,0,0,0,0,0,0,0,0,0,0,0,0,0,0,0,0,0,0,0,0,0,0,0,0,0,0,0,0,0,0,0,0,0,0,0,0,0,0,0,0,0,0,0
WBB021,F000000001,0,0,0,0,0,0,0,0,0,0,0,0,0,0,0,0,0,0,0,0,0,0,0,0,0,0,0,0,0,0,0,0,0,0,0,0,0,0,0,0,0,0,0,0,0,0,0,0
WBB007,F000000001,0,0,0,0,0,0,0,0,0,0,0,0,0,0,0,0,0,0,0,0,0,0,0,0,0,0,0,0,0,0,0,0,0,0,0,0,0,0,0,0,0,0,0,0,0,0,0,0
C130,F000000001,0,0,0,0,0,0,0,0,0,0,0,0,0,0,0,0,0,0,0,0,0,0,0,0,0,0,0,0,0,0,0,0,0,0,0,0,0,0,0,0,0,0,0,0,0,0,0,0
D169,F000000001,0,0,0,0,0,0,0,0,0,0,0,0,0,0,0,0,0,0,0,0,0,0,0,0,0,0,0,0,0,0,0,0,0,0,0,0,0,0,0,0,0,0,0,0,0,0,0,0
WBG020,F000000001,0,0,0,0,0,0,0,0,0,0,0,0,0,0,0,0,0,0,0,0,0,0,0,0,0,0,0,0,0,0,0,0,0,0,0,0,0,0,0,0,0,0,0,0,0,0,0,0
WBK004,F000000001,0,0,0,0,0,0,0,0,0,0,0,0,0,0,0,0,0,0,0,0,0,0,0,0,0,0,0,0,0,0,0,0,0,0,0,0,0,0,0,0,0,0,0,0,0,0,0,0
WBM146,F000000001,0,0,0,0,0,0,0,0,0,0,0,0,0,0,0,0,0,0,0,0,0,0,0,0,0,0,0,16,0,0,0,0,0,0,0,0,0,0,0,0,0,0,0,0,0,0,0,0
WBM007,F000000001,0,0,0,0,0,0,0,0,0,0,0,0,0,0,0,0,0,0,0,0,0,0,0,0,0,0,0,0,0,0,0,0,0,0,0,0,0,0,0,0,0,0,0,0,0,0,0,0
WBP004,F000000001,0,0,0,0,0,0,0,0,0,0,0,0,0,0,0,0,0,0,0,0,0,0,0,0,0,0,0,0,0,0,0,0,0,0,0,0,0,0,0,0,0,0,0,0,0,0,0,0
WBP037,F000000001,0,0,0,0,0,0,0,0,0,0,0,0,0,0,0,0,0,0,0,0,0,0,0,0,0,0,0,0,0,0,0,0,0,0,0,0,0,0,0,0,0,0,0,0,0,0,0,0
WBR036,F000000001,0,0,0,0,0,0,0,0,0,0,0,0,0,0,0,0,0,0,0,0,0,0,0,0,0,0,0,0,0,0,0,0,0,0,0,0,0,0,0,0,0,0,0,0,0,0,0,0
WBR044,F000000001,0,0,0,0,0,0,0,0,0,0,0,0,0,0,0,0,0,0,0,0,0,0,0,0,0,0,0,0,0,0,0,0,0,0,0,0,0,0,0,0,0,0,0,0,0,0,0,0
WBR059,F000000001,0,0,0,0,0,0,0,0,0,0,0,0,0,0,0,0,0,0,0,0,0,0,0,0,0,0,0,0,0,0,0,0,0,0,0,0,0,0,0,0,0,0,0,0,0,0,0,0
WBR037,F000000001,0,0,0,0,0,0,0,0,0,0,0,0,0,0,0,0,0,0,0,0,0,0,0,0,0,0,0,0,0,0,0,0,0,0,0,0,0,0,0,0,0,0,0,0,0,0,0,0
S581,F000000001,0,0,0,32,0,0,0,0,0,0,0,21,0,0,0,0,0,0,0,21,0,0,0,21,0,0,0,0,0,0,0,0,0,0,0,40,0,0,0,42,0,0,0,63,0,0,0,42
WBS017,F000000001,0,0,0,0,0,0,0,0,0,0,0,0,0,0,0,0,0,0,0,0,0,0,0,0,0,0,0,0,0,0,0,0,0,0,0,0,0,0,0,0,0,0,0,0,0,0,0,0
S608,F000000001,0,0,0,0,0,0,0,0,0,0,0,0,0,0,0,16,0,0,0,16,0,0,0,0,0,0,0,0,0,0,0,0,0,0,0,0,0,0,0,0,0,0,0,0,0,0,0,0
WBT031,F000000001,0,0,0,0,0,0,0,0,0,0,0,0,0,0,0,0,0,0,0,0,0,0,0,0,0,0,0,0,0,0,0,0,0,0,0,0,0,0,0,0,0,0,0,0,0,0,0,0
WBU007,F000000001,0,0,0,0,0,0,0,0,0,0,0,0,0,0,0,0,0,0,0,0,0,0,0,0,0,0,0,0,0,0,0,0,0,0,0,0,0,0,0,0,0,0,0,0,0,0,0,0
WBU008,F000000001,0,0,0,32,0,0,0,0,0,0,0,0,0,0,0,0,0,0,0,0,0,0,0,0,0,0,0,0,0,0,0,0,0,0,0,0,0,0,0,0,0,0,0,0,0,0,0,0
WBL012,F000000001,0,0,0,0,0,0,0,0,0,0,0,0,0,0,0,0,0,0,0,0,0,0,0,0,0,0,0,0,0,0,0,0,0,0,0,0,0,0,0,0,0,0,0,0,0,0,0,0
WBJ015,F000000001,0,0,0,0,0,0,0,0,0,0,0,0,0,0,0,0,0,0,0,0,0,0,0,0,0,0,0,0,0,0,0,0,0,0,0,0,0,0,0,0,0,0,0,0,0,0,0,0
WBN053,F000000001,0,0,0,0,0,0,0,0,0,0,0,0,0,0,0,0,0,0,0,0,0,0,0,0,0,0,0,0,0,0,0,0,0,0,0,0,0,0,0,0,0,0,0,0,0,0,0,0
WBG016,F000000001,0,0,0,0,0,0,0,0,0,0,0,0,0,0,0,0,0,0,0,0,0,0,0,0,0,0,0,0,0,0,0,0,0,0,0,0,0,0,0,0,0,0,0,0,0,0,0,0
WBB054,F000000001,0,0,0,0,0,0,0,0,0,0,0,0,0,0,0,0,0,0,0,0,0,0,0,0,0,0,0,0,0,0,0,0,0,0,0,0,0,0,0,0,0,0,0,0,0,0,0,0
WBG034,F000000001,0,0,0,0,0,0,0,0,0,0,0,0,0,0,0,0,0,0,0,0,0,0,0,0,0,0,0,0,0,0,0,0,0,0,0,0,0,0,0,0,0,0,0,0,0,0,0,0
WBK013,F000000001,0,0,0,0,0,0,0,0,0,0,0,0,0,0,0,0,0,0,0,0,0,0,0,0,0,0,0,0,0,0,0,0,0,0,0,0,0,0,0,0,0,0,0,0,0,0,0,0
WBP029,F000000001,0,0,0,0,0,0,0,0,0,0,0,0,0,0,0,0,0,0,0,0,0,0,0,0,0,0,0,0,0,0,0,0,0,0,0,0,0,0,0,0,0,0,0,0,0,0,0,0
P230,F000000001,0,0,0,0,0,0,0,0,0,0,0,0,0,0,0,0,0,0,0,0,0,0,0,0,0,0,0,0,0,0,0,0,0,0,0,0,0,0,0,0,0,0,0,0,0,0,0,0
WBS054,F000000001,0,0,0,0,0,0,0,0,0,0,0,0,0,0,0,0,0,0,0,0,0,0,0,0,0,0,0,0,0,0,0,0,0,0,0,0,0,0,0,0,0,0,0,0,0,0,0,0
WBS026,F000000001,0,0,0,0,0,0,0,0,0,0,0,0,0,0,0,0,0,0,0,0,0,0,0,0,0,0,0,0,0,0,0,0,0,0,0,0,0,0,0,0,0,0,0,0,0,0,0,0
WBS119,F000000001,0,0,0,0,0,0,0,0,0,0,0,0,0,0,0,0,0,0,0,0,0,0,0,0,0,0,0,0,0,0,0,0,0,0,0,0,0,0,0,0,0,0,0,0,0,0,0,0
WBS080,F000000001,0,0,0,0,0,0,0,0,0,0,0,0,0,0,0,0,0,0,0,0,0,0,0,0,0,0,0,0,0,0,0,0,0,0,0,0,0,0,0,0,0,0,0,0,0,0,0,0
WBS010,F000000001,0,0,0,0,0,0,0,0,0,0,0,0,0,0,0,0,0,0,0,0,0,0,0,0,0,0,0,0,0,0,0,0,0,0,0,0,0,0,0,0,0,0,0,0,0,0,0,0
WBS027,F000000001,0,0,0,0,0,0,0,0,0,0,0,0,0,0,0,0,0,0,0,0,0,0,0,0,0,0,0,0,0,0,0,0,0,0,0,0,0,0,0,0,0,0,0,0,0,0,0,0
WBR018,F000000001,0,0,0,16,0,0,0,0,0,0,0,0,0,0,0,0,0,0,0,0,0,0,0,8,0,0,0,0,0,0,0,24,0,0,0,0,0,0,0,0,0,0,0,0,0,0,0,0
WBS050,F000000001,0,0,0,0,0,0,0,0,0,0,0,0,0,0,0,0,0,0,0,0,0,0,0,0,0,0,0,0,0,0,0,0,0,0,0,0,0,0,0,0,0,0,0,0,0,0,0,0
S565,F000000001,0,0,0,48,0,0,0,16,0,0,0,0,0,0,0,0,0,0,0,0,0,0,0,0,0,0,0,0,0,0,0,16,0,0,0,0,0,0,0,16,0,0,0,16,0,0,0,37
R207,F000000001,0,0,0,16,0,0,0,0,0,0,0,0,0,0,0,0,0,0,0,0,0,0,0,0,0,0,0,0,0,0,0,0,0,0,0,0,0,0,0,0,0,0,0,0,0,0,0,0
A273,F000000001,0,0,0,112,0,0,0,85,0,0,0,16,0,0,0,32,0,0,0,16,0,0,0,0,0,0,0,32,0,0,0,80,0,0,0,16,0,0,0,80,0,0,0,32,0,0,0,80
A228,F000000001,0,0,0,117,0,0,0,101,0,0,0,0,0,0,0,0,0,0,0,0,0,0,0,0,0,0,0,0,0,0,0,0,0,0,0,0,0,0,0,0,0,0,0,0,0,0,0,0
WBA036,F000000001,0,0,0,0,0,0,0,0,0,0,0,0,0,0,0,0,0,0,0,0,0,0,0,16,0,0,0,32,0,0,0,16,0,0,0,0,0,0,0,0,0,0,0,0,0,0,0,0
WBD014,F000000001,0,0,0,0,0,0,0,0,0,0,0,0,0,0,0,0,0,0,0,0,0,0,0,0,0,0,0,0,0,0,0,0,0,0,0,0,0,0,0,0,0,0,0,0,0,0,0,0
G133,F000000001,0,0,0,0,0,0,0,48,0,0,0,0,0,0,0,0,0,0,0,0,0,0,0,0,0,0,0,0,0,0,0,0,0,0,0,0,0,0,0,0,0,0,0,0,0,0,0,0
L100,F000000001,0,0,0,0,0,0,0,0,0,0,0,0,0,0,0,0,0,0,0,0,0,0,0,0,0,0,0,0,0,0,0,0,0,0,0,0,0,0,0,0,0,0,0,0,0,0,0,0
WBM100,F000000001,0,0,0,0,0,0,0,0,0,0,0,0,0,0,0,0,0,0,0,0,0,0,0,0,0,0,0,8,0,0,0,16,0,0,0,0,0,0,0,0,0,0,0,0,0,0,0,0
WBM123,F000000001,0,0,0,0,0,0,0,0,0,0,0,0,0,0,0,0,0,0,0,0,0,0,0,0,0,0,0,0,0,0,0,0,0,0,0,0,0,0,0,0,0,0,0,0,0,0,0,0
M390,F000000001,0,0,0,0,0,0,0,0,0,0,0,0,0,0,0,0,0,0,0,0,0,0,0,0,0,0,0,0,0,0,0,0,0,0,0,0,0,0,0,0,0,0,0,0,0,0,0,0
M388,F000000001,0,0,0,48,0,0,0,24,0,0,0,8,0,0,0,0,0,0,0,0,0,0,0,0,0,0,0,20,0,0,0,18,0,0,0,0,0,0,0,0,0,0,0,0,0,0,0,0
R218,F000000001,0,0,0,127,0,0,0,64,0,0,0,64,0,0,0,32,0,0,0,0,0,0,0,0,0,0,0,26,0,0,0,32,0,0,0,0,0,0,0,16,0,0,0,0,0,0,0,0
S566,F000000001,0,0,0,0,0,0,0,0,0,0,0,0,0,0,0,0,0,0,0,0,0,0,0,0,0,0,0,0,0,0,0,0,0,0,0,0,0,0,0,0,0,0,0,0,0,0,0,0
WBS011,F000000001,0,0,0,158,0,0,0,103,0,0,0,16,0,0,0,29,0,0,0,80,0,0,0,16,0,0,0,53,0,0,0,90,0,0,0,69,0,0,0,111,0,0,0,48,0,0,0,69
WBR010,F000000001,0,24,0,0,0,0,0,6,0,0,0,16,0,0,0,0,0,0,0,10,0,0,0,16,0,0,0,0,0,0,0,21,0,0,0,42,0,0,0,6,0,0,0,17,0,0,0,16
WBK010,F000000001,0,0,0,75,0,0,0,63,0,0,0,48,0,0,0,0,0,0,0,15,0,0,0,6,0,0,0,24,0,0,0,6,0,0,0,6,0,0,0,0,0,0,0,0,0,0,0,0
WBM095,F000000001,0,0,0,171,0,0,0,72,0,0,0,43,0,0,0,67,0,0,0,97,0,0,0,0,0,0,0,5,0,0,0,26,0,0,0,0,0,0,0,0,0,0,0,0,0,0,0,0
R235,F000000001,0,0,0,0,0,0,0,0,0,0,0,0,0,0,0,0,0,0,0,0,0,0,0,0,0,0,0,31,0,0,0,46,0,0,0,69,0,0,0,46,0,0,0,48,0,0,0,560
M416,F000000001,0,0,0,0,0,0,0,0,0,0,0,0,0,0,0,0,0,0,0,0,0,0,0,0,0,0,0,0,0,0,0,0,0,0,0,0,0,0,0,0,0,0,0,0,0,0,0,0
WBD008,F000000001,0,0,0,0,0,0,0,0,0,0,0,0,0,0,0,0,0,0,0,0,0,0,0,0,0,0,0,0,0,0,0,0,0,0,0,0,0,0,0,0,0,0,0,0,0,0,0,0
WBL001,F000000001,0,0,0,0,0,0,0,0,0,0,0,0,0,0,0,0,0,0,0,0,0,0,0,0,0,0,0,0,0,0,0,0,0,0,0,0,0,0,0,0,0,0,0,0,0,0,0,0
M372,F000000001,0,0,0,0,0,0,0,0,0,0,0,0,0,0,0,0,0,0,0,0,0,0,0,0,0,0,0,0,0,0,0,0,0,0,0,0,0,0,0,0,0,0,0,0,0,0,0,0
S604,F000000001,0,0,0,90,0,0,0,0,0,0,0,0,0,0,0,0,0,0,0,0,0,0,0,0,0,0,0,0,0,0,0,0,0,0,0,0,0,0,0,0,0,0,0,0,0,0,0,0
S549,F000000001,0,0,0,0,0,0,0,0,0,0,0,0,0,0,0,0,0,0,0,0,0,0,0,0,0,0,0,0,0,0,0,0,0,0,0,0,0,0,0,0,0,0,0,0,0,0,0,0
WBT007,F000000001,0,0,0,0,0,0,0,0,0,0,0,0,0,0,0,0,0,0,0,0,0,0,0,0,0,0,0,0,0,0,0,0,0,0,0,0,0,0,0,0,0,0,0,0,0,0,0,0
S552,F000000001,0,0,0,0,0,0,0,0,0,0,0,0,0,0,0,0,0,0,0,0,0,0,0,0,0,0,0,0,0,0,0,0,0,0,0,0,0,0,0,0,0,0,0,0,0,0,0,0
G145,F000000001,0,0,0,0,0,0,0,0,0,0,0,0,0,0,0,0,0,0,0,0,0,0,0,0,0,0,0,0,0,0,0,0,0,0,0,0,0,0,0,0,0,0,0,0,0,0,0,0
WBT006,F000000001,0,0,0,0,0,0,0,0,0,0,0,0,0,0,0,0,0,0,0,0,0,0,0,0,0,0,0,0,0,0,0,0,0,0,0,0,0,0,0,0,0,0,0,0,0,0,0,0
WBK006,F000000001,0,0,0,0,0,0,0,0,0,0,0,0,0,0,0,0,0,0,0,0,0,0,0,0,0,0,0,0,0,0,0,0,0,0,0,0,0,0,0,0,0,0,0,0,0,0,0,0
WBB011,F000000001,0,0,0,0,0,0,0,0,0,0,0,0,0,0,0,0,0,0,0,0,0,0,0,0,0,0,0,0,0,0,0,0,0,0,0,0,0,0,0,0,0,0,0,0,0,0,0,0
WBM030,F000000001,0,0,0,0,0,0,0,0,0,0,0,0,0,0,0,0,0,0,0,0,0,0,0,0,0,0,0,0,0,0,0,0,0,0,0,0,0,0,0,0,0,0,0,0,0,0,0,0
WBS048,F000000001,0,0,0,37,0,0,0,0,0,0,0,0,0,0,0,0,0,0,0,10,0,0,0,32,0,0,0,26,0,0,0,18,0,0,0,10,0,0,0,0,0,0,0,0,0,0,0,0
WBB024,F000000001,0,0,0,0,0,0,0,0,0,0,0,0,0,0,0,0,0,0,0,0,0,0,0,0,0,0,0,0,0,0,0,0,0,0,0,0,0,0,0,0,0,0,0,0,0,0,0,0
WBT022,F000000001,0,0,0,21,0,0,0,0,0,0,0,0,0,0,0,0,0,0,0,0,0,0,0,0,0,0,0,0,0,0,0,16,0,0,0,0,0,0,0,0,0,0,0,0,0,0,0,0
WBV002,F000000001,0,0,0,16,0,0,0,0,0,0,0,0,0,0,0,0,0,0,0,0,0,0,0,0,0,0,0,0,0,0,0,0,0,0,0,0,0,0,0,0,0,0,0,0,0,0,0,0
WBM045,F000000001,0,0,0,0,0,0,0,0,0,0,0,0,0,0,0,0,0,0,0,0,0,0,0,0,0,0,0,0,0,0,0,0,0,0,0,0,0,0,0,0,0,0,0,0,0,0,0,0
WBG040,F000000001,0,0,0,95,0,0,0,21,0,0,0,6,0,0,0,37,0,0,0,58,0,0,0,21,0,0,0,0,0,0,0,0,0,0,0,0,0,0,0,0,0,0,0,0,0,0,0,0
WBA048,F000000001,0,0,0,48,0,0,0,0,0,0,0,0,0,0,0,16,0,0,0,0,0,0,0,0,0,0,0,9,0,0,0,0,0,0,0,16,0,0,0,0,0,0,0,0,0,0,0,0
WBK035,F000000001,0,0,0,0,0,0,0,0,0,0,0,0,0,0,0,0,0,0,0,0,0,0,0,0,0,0,0,0,0,0,0,0,0,0,0,0,0,0,0,0,0,0,0,0,0,0,0,0
WBT001,F000000001,0,0,0,0,0,0,0,0,0,0,0,0,0,0,0,0,0,0,0,0,0,0,0,0,0,0,0,0,0,0,0,0,0,0,0,0,0,0,0,0,0,0,0,0,0,0,0,0
WBR014,F000000001,0,0,0,0,0,0,0,0,0,0,0,0,0,0,0,0,0,0,0,0,0,0,0,0,0,0,0,0,0,0,0,0,0,0,0,0,0,0,0,0,0,0,0,0,0,0,0,0
A223,F000000001,0,0,0,0,0,0,0,0,0,0,0,0,0,5,0,0,0,0,0,0,0,0,0,37,0,0,0,0,0,0,0,0,0,0,0,0,0,0,0,5,0,0,0,0,0,0,0,5
A186,F000000001,0,0,0,39,0,0,0,56.7,0,0,0,5,0,0,0,0,0,0,0,0,0,0,0,0,0,0,0,0,0,0,0,0,0,0,0,0,0,0,0,0,0,0,0,0,0,0,0,0
A275,F000000001,0,0,0,30,0,0,0,10,0,0,0,0,0,0,0,0,0,0,0,0,0,0,0,0,0,0,0,0,0,0,0,0,0,0,0,0,0,0,0,0,0,0,0,0,0,0,0,0
WBA010,F000000001,0,0,0,0,0,0,0,0,0,0,0,0,0,0,0,0,0,0,0,0,0,0,0,0,0,0,0,0,0,0,0,0,0,0,0,5,0,0,0,0,0,0,0,0,0,0,0,0
WBB017,F000000001,0,0,0,15,0,0,0,0,0,0,0,0,0,0,0,0,0,0,0,0,0,0,0,5,0,0,0,5,0,0,0,10,0,0,0,15,0,0,0,0,0,0,0,0,0,0,0,0
WBB049,F000000001,0,0,0,25,0,0,0,0,0,0,0,0,0,0,0,0,0,0,0,0,0,0,0,0,0,0,0,0,0,0,0,0,0,0,0,0,0,0,0,0,0,0,0,0,0,0,0,0
WBB006,F000000001,0,0,0,0,0,0,0,0,0,0,0,0,0,0,0,0,0,0,0,0,0,0,0,0,0,0,0,0,0,0,0,0,0,0,0,0,0,0,0,0,0,0,0,0,0,0,0,0
C131,F000000001,0,0,0,21,0,0,0,32,0,0,0,16,0,0,0,16,0,0,0,16,0,0,0,16,0,0,0,0,0,0,0,0,0,0,0,4,0,0,0,0,0,0,0,0,0,0,0,0
WBC006,F000000001,0,0,0,0,0,0,0,0,0,0,0,0,0,0,0,0,0,0,0,0,0,0,0,0,0,0,0,0,0,0,0,0,0,0,0,0,0,0,0,0,0,0,0,0,0,0,0,0
WBG033,F000000001,0,0,0,0,0,0,0,0,0,0,0,0,0,0,0,0,0,0,0,0,0,0,0,0,0,0,0,0,0,0,0,0,0,0,0,0,0,0,0,0,0,0,0,0,0,0,0,0
G109,F000000001,0,0,0,16,0,0,0,0,0,0,0,32,0,0,0,0,0,0,0,0,0,0,0,0,0,0,0,16,0,0,0,0,0,0,0,16,0,0,0,0,0,0,0,10,0,0,0,0
WBG037,F000000001,0,0,0,15,0,0,0,15,0,0,0,10,0,0,0,0,0,0,0,0,0,0,0,0,0,0,0,0,0,0,0,0,0,0,0,0,0,0,0,0,0,0,0,0,0,0,0,0
H077,F000000001,0,0,0,0,0,0,0,0,0,0,0,0,0,0,0,0,0,0,0,0,0,0,0,0,0,0,0,0,0,0,0,0,0,0,0,0,0,0,0,0,0,0,0,0,0,0,0,0
WBH023,F000000001,0,0,0,90,0,0,0,16,0,0,0,32,0,0,0,16,0,0,0,0,0,0,0,0,0,0,0,16,0,0,0,0,0,0,0,16,0,0,0,32,0,0,0,0,0,0,0,0
J111,F000000001,0,0,0,0,0,0,0,0,0,0,0,0,0,0,0,0,0,0,0,0,0,0,0,0,0,0,0,0,0,0,0,0,0,0,0,0,0,0,0,0,0,0,0,0,0,0,0,0
K182,F000000001,0,0,0,127.5,0,0,0,58,0,0,0,52,0,0,0,0,0,0,0,0,0,0,0,0,0,0,0,0,0,0,0,0,0,0,0,0,0,0,0,0,0,0,0,0,0,0,0,0
L084,F000000001,0,0,0,0,0,0,0,0,0,0,0,0,0,0,0,0,0,0,0,0,0,0,0,0,0,0,0,0,0,0,0,0,0,0,0,0,0,0,0,0,0,0,0,0,0,0,0,0
WBM141,F000000001,0,0,0,0,0,0,0,5,0,0,0,10,0,0,0,0,0,0,0,5,0,0,0,0,0,0,0,0,0,0,0,0,0,0,0,10,0,0,0,0,0,0,0,0,0,0,0,0
M305,F000000001,0,0,0,0,0,0,0,0,0,0,0,0,0,0,0,0,0,0,0,0,0,0,0,0,0,0,0,0,0,0,0,0,0,0,0,0,0,0,0,0,0,0,0,0,0,0,0,0
WBM001,F000000001,0,0,0,0,0,0,0,0,0,0,0,0,0,0,0,0,0,0,0,0,0,0,0,0,0,0,0,0,0,0,0,0,0,0,0,0,0,0,0,0,0,0,0,0,0,0,0,0
M332,F000000001,0,0,0,0,0,0,0,0,0,0,0,0,0,0,0,0,0,0,0,0,0,0,0,0,0,0,0,0,0,0,0,0,0,0,0,0,0,0,0,0,0,0,0,0,0,0,0,0
WBM027,F000000001,0,0,0,32,0,0,0,37,0,0,0,16,0,0,0,0,0,0,0,0,0,0,0,0,0,0,0,0,0,0,0,0,0,0,0,0,0,0,0,0,0,0,0,0,0,0,0,0
WBN015,F000000001,0,0,0,0,0,0,0,0,0,0,0,0,0,0,0,0,0,0,0,0,0,0,0,0,0,0,0,0,0,0,0,0,0,0,0,0,0,0,0,0,0,0,0,0,0,0,0,0
WBN035,F000000001,0,0,0,0,0,0,0,0,0,0,0,0,0,0,0,0,0,0,0,0,0,0,0,0,0,0,0,0,0,0,0,0,0,0,0,0,0,0,0,0,0,0,0,0,0,0,0,0
WBP001,F000000001,0,0,0,0,0,0,0,0,0,0,0,0,0,0,0,0,0,0,0,0,0,0,0,0,0,0,0,0,0,0,0,0,0,0,0,0,0,0,0,0,0,0,0,0,0,0,0,0
WBP003,F000000001,0,0,0,0,0,0,0,0,0,0,0,0,0,0,0,0,0,0,0,0,0,0,0,0,0,0,0,0,0,0,0,0,0,0,0,0,0,0,0,0,0,0,0,0,0,0,0,0
WBP032,F000000001,0,0,0,0,0,0,0,0,0,0,0,0,0,0,0,0,0,0,0,0,0,0,0,0,0,0,0,0,0,0,0,0,0,0,0,0,0,0,0,0,0,0,0,0,0,0,0,0
WBR041,F000000001,0,0,0,0,0,0,0,0,0,0,0,0,0,0,0,0,0,0,0,0,0,0,0,0,0,0,0,0,0,0,0,0,0,0,0,0,0,0,0,0,0,0,0,0,0,0,0,0
WBR009,F000000001,0,0,0,0,0,0,0,0,0,0,0,0,0,0,0,0,0,0,0,0,0,0,0,0,0,0,0,0,0,0,0,0,0,0,0,0,0,0,0,0,0,0,0,0,0,0,0,0
WBR015,F000000001,0,16,0,63,0,21,0,21,0,21,0,32,0,16,0,16,0,0,0,32,0,0,0,0,0,0,0,16,0,0,0,16,0,0,0,16,0,0,0,16,0,0,0,21,0,0,0,0
WBS042,F000000001,0,0,0,0,0,0,0,0,0,0,0,0,0,0,0,0,0,0,0,0,0,0,0,0,0,0,0,0,0,0,0,0,0,0,0,0,0,0,0,0,0,0,0,0,0,0,0,0
S498,F000000001,0,0,0,0,0,0,0,0,0,0,0,0,0,0,0,0,0,0,0,0,0,0,0,0,0,0,0,0,0,0,0,0,0,0,0,0,0,0,0,0,0,0,0,0,0,0,0,0
WBS115,F000000001,0,0,0,15,0,0,0,0,0,0,0,0,0,0,0,0,0,0,0,0,0,0,0,0,0,0,0,0,0,0,0,0,0,0,0,0,0,0,0,0,0,0,0,0,0,0,0,0
WBS041,F000000001,0,0,0,0,0,0,0,0,0,0,0,0,0,0,0,0,0,0,0,0,0,0,0,0,0,0,0,0,0,0,0,0,0,0,0,0,0,0,0,0,0,0,0,0,0,0,0,0
S541,F000000001,0,0,0,26,0,0,0,0,0,0,0,10,0,0,0,21,0,0,0,0,0,0,0,16,0,0,0,16,0,0,0,0,0,0,0,0,0,0,0,0,0,0,0,0,0,0,0,0
T105,F000000001,0,0,0,44,0,0,0,0,0,0,0,0,0,0,0,0,0,0,0,0,0,0,0,0,0,0,0,0,0,0,0,0,0,0,0,0,0,0,0,0,0,0,0,0,0,0,0,0
T085,F000000001,0,0,0,0,0,0,0,0,0,0,0,0,0,0,0,0,0,0,0,10,0,0,0,0,0,0,0,0,0,0,0,0,0,0,0,8,0,0,0,0,0,0,0,0,0,0,0,0
WBU006,F000000001,0,0,0,10,0,0,0,10,0,0,0,10,0,0,0,5,0,0,0,10,0,0,0,0,0,0,0,5,0,0,0,5,0,0,0,10,0,0,0,0,0,0,0,0,0,0,0,0
WBU004,F000000001,0,0,0,0,0,0,0,0,0,0,0,0,0,0,0,0,0,0,0,0,0,0,0,0,0,0,0,0,0,0,0,0,0,0,0,0,0,0,0,0,0,0,0,0,0,0,0,0
A280,F000000001,0,0,0,0,0,0,0,0,0,0,0,0,0,0,0,0,0,0,0,0,0,0,0,0,0,0,0,0,0,0,0,0,0,0,0,0,0,0,0,0,0,0,0,0,0,0,0,0
WBD006,F000000001,0,0,0,0,0,0,0,0,0,0,0,0,0,0,0,0,0,0,0,0,0,0,0,0,0,0,0,0,0,0,0,0,0,0,0,0,0,0,0,0,0,0,0,0,0,0,0,0
WBD010,F000000001,0,0,0,48,0,0,0,52,0,0,0,0,0,0,0,16,0,0,0,20,0,0,0,10,0,0,0,10,0,0,0,29,0,0,0,38,0,0,0,0,0,0,0,0,0,0,0,0
WBL003,F000000001,0,0,0,0,0,0,0,0,0,0,0,0,0,0,0,0,0,0,0,0,0,0,0,0,0,0,0,0,0,0,0,0,0,0,0,0,0,0,0,0,0,0,0,0,0,0,0,0
WBM136,F000000001,0,0,0,0,0,0,0,0,0,0,0,0,0,0,0,0,0,0,0,0,0,0,0,0,0,0,0,0,0,0,0,0,0,0,0,0,0,0,0,0,0,0,0,0,0,0,0,0
WBM025,F000000001,0,0,0,0,0,0,0,0,0,0,0,0,0,0,0,0,0,0,0,0,0,0,0,0,0,0,0,0,0,0,0,0,0,0,0,0,0,0,0,0,0,0,0,0,0,0,0,0
WBM024,F000000001,0,0,0,0,0,0,0,0,0,0,0,0,0,0,0,0,0,0,0,0,0,0,0,0,0,0,0,0,0,0,0,0,0,0,0,0,0,0,0,0,0,0,0,0,0,0,0,0
WBM102,F000000001,0,0,0,16,0,0,0,10,0,0,0,0,0,0,0,0,0,0,0,0,0,0,0,0,0,0,0,0,0,0,0,0,0,0,0,0,0,0,0,0,0,0,0,0,0,0,0,0
WBP022,F000000001,0,0,0,0,0,0,0,0,0,0,0,0,0,0,0,0,0,0,0,0,0,0,0,0,0,0,0,0,0,0,0,0,0,0,0,0,0,0,0,0,0,0,0,0,0,0,0,0
WBP027,F000000001,0,0,0,0,0,0,0,0,0,0,0,0,0,0,0,0,0,0,0,0,0,0,0,0,0,0,0,0,0,0,0,0,0,0,0,0,0,0,0,0,0,0,0,0,0,0,0,0
R202,F000000001,0,0,0,42,0,0,0,42,0,0,0,0,0,0,0,0,0,0,0,16,0,0,0,0,0,0,0,0,0,0,0,0,0,0,0,0,0,0,0,0,0,0,0,0,0,0,0,0
WBM060,F000000001,0,0,0,0,0,0,0,0,0,0,0,0,0,0,0,0,0,0,0,0,0,0,0,0,0,0,0,0,0,0,0,0,0,0,0,0,0,0,0,0,0,0,0,0,0,0,0,0
WBM155,F000000001,0,0,0,32,0,0,0,16,0,0,0,0,0,0,0,0,0,0,0,0,0,0,0,0,0,0,0,0,0,0,0,16,0,0,0,0,0,0,0,0,0,0,0,16,0,0,0,0
WBA058,F000000001,0,0,0,48,0,0,0,32,0,0,0,16,0,0,0,0,0,0,0,0,0,0,0,0,0,0,0,0,0,0,0,0,0,0,0,32,0,0,0,16,0,0,0,16,0,0,0,16
WBS143,F000000001,0,0,0,0,0,0,0,0,0,0,0,0,0,0,0,0,0,0,0,0,0,0,0,0,0,0,0,32,0,0,0,0,0,0,0,0,0,0,0,0,0,0,0,0,0,0,0,16
WBJ029,F000000001,0,10,0,53,0,0,0,0,0,0,0,16,0,0,0,0,0,0,0,16,0,0,0,0,0,0,0,16,0,0,0,16,0,0,0,0,0,0,0,16,0,0,0,0,0,0,0,0
WBJ031,F000000001,0,0,0,16,0,0,0,16,0,0,0,0,0,0,0,0,0,0,0,0,0,0,0,0,0,0,0,0,0,0,0,0,0,0,0,0,0,0,0,0,0,0,0,0,0,0,0,0
WBM162,F000000001,0,0,0,0,0,0,0,0,0,0,0,0,0,0,0,0,0,0,0,0,0,0,0,0,0,0,0,0,0,0,0,0,0,0,0,0,0,0,0,0,0,0,0,0,0,0,0,0
WBR069,F000000001,0,0,0,32,0,0,0,0,0,0,0,0,0,0,0,0,0,0,0,0,0,0,0,0,0,0,0,0,0,0,0,0,0,0,0,0,0,0,0,0,0,0,0,0,0,0,0,0
WBR008,F000000001,0,0,0,0,0,0,0,16,0,0,0,0,0,0,0,0,0,0,0,0,0,0,0,0,0,0,0,0,0,0,0,0,0,0,0,0,0,0,0,0,0,0,0,0,0,0,0,0
WBM073,F000000001,0,0,0,0,0,0,0,0,0,0,0,0,0,0,0,0,0,0,0,0,0,0,0,0,0,0,0,0,0,0,0,0,0,0,0,0,0,0,0,0,0,0,0,0,0,0,0,0
WBS140,F000000001,0,0,0,37,0,0,0,14,0,0,0,0,0,0,0,0,0,0,0,0,0,0,0,0,0,0,0,0,0,0,0,0,0,0,0,0,0,0,0,0,0,0,0,0,0,0,0,0
WBM034,F000000001,0,0,0,16,0,0,0,0,0,0,0,16,0,0,0,0,0,0,0,0,0,0,0,0,0,0,0,0,0,0,0,15,0,0,0,0,0,0,0,0,0,0,0,0,0,0,0,0
WBG026,F000000001,0,0,0,0,0,0,0,0,0,0,0,0,0,0,0,0,0,0,0,0,0,0,0,0,0,0,0,0,0,0,0,0,0,0,0,0,0,0,0,0,0,0,0,0,0,0,0,0
WBB064,F000000001,0,0,0,10,0,0,0,0,0,0,0,0,0,0,0,0,0,0,0,0,0,0,0,0,0,0,0,0,0,0,0,0,0,0,0,10,0,0,0,0,0,0,0,0,0,0,0,0
WBR063,F000000001,0,0,0,26,0,0,0,36,0,0,0,10,0,0,0,0,0,0,0,0,0,0,0,0,0,0,0,0,0,0,0,0,0,0,0,0,0,0,0,0,0,0,0,0,0,0,0,0
WBA052,F000000001,0,0,0,20,0,0,0,0,0,0,0,0,0,0,0,0,0,0,0,0,0,0,0,0,0,0,0,0,0,0,0,0,0,0,0,0,0,0,0,0,0,0,0,0,0,0,0,0
WBC011,F000000001,0,0,0,15,0,0,0,15,0,0,0,15,0,0,0,5,0,0,0,0,0,0,0,5,0,0,0,5,0,0,0,5,0,0,0,20,0,0,0,0,0,0,0,0,0,0,0,0
WBN055,F000000001,0,0,0,0,0,0,0,0,0,0,0,0,0,0,0,0,0,0,0,0,0,0,0,0,0,0,0,0,0,0,0,0,0,0,0,0,0,0,0,0,0,0,0,0,0,0,0,0
WBN057,F000000001,0,0,0,32,0,0,0,64,0,0,0,0,0,0,0,0,0,0,0,16,0,0,0,0,0,0,0,0,0,0,0,0,0,0,0,0,0,0,0,0,0,0,0,0,0,0,0,0
WBA051,F000000001,0,0,0,36,0,0,0,0,0,0,0,0,0,0,0,21,0,0,0,0,0,0,0,0,0,0,0,0,0,0,0,0,0,0,0,0,0,0,0,0,0,0,0,0,0,0,0,0
WBS134,F000000001,0,0,0,0,0,0,0,0,0,0,0,0,0,0,0,0,0,0,0,0,0,0,0,0,0,0,0,0,0,0,0,0,0,0,0,0,0,0,0,0,0,0,0,0,0,0,0,0
WBP041,F000000001,0,0,0,0,0,0,0,0,0,0,0,0,0,0,0,0,0,0,0,0,0,0,0,0,0,0,0,0,0,0,0,0,0,0,0,0,0,0,0,0,0,0,0,0,0,0,0,0
WBI009,F000000001,0,0,0,0,0,0,0,0,0,0,0,0,0,0,0,0,0,0,0,0,0,0,0,0,0,0,0,0,0,0,0,0,0,0,0,0,0,0,0,0,0,0,0,0,0,0,0,0
WBK020,F000000001,0,0,0,0,0,0,0,0,0,0,0,0,0,0,0,0,0,0,0,0,0,0,0,0,0,0,0,0,0,0,0,0,0,0,0,0,0,0,0,0,0,0,0,0,0,0,0,0
WBM104,F000000001,0,0,0,0,0,0,0,0,0,0,0,0,0,0,0,0,0,0,0,0,0,0,0,0,0,0,0,0,0,0,0,0,0,0,0,0,0,0,0,0,0,0,0,0,0,0,0,0
WBB046,F000000001,0,0,0,0,0,0,0,0,0,0,0,0,0,0,0,0,0,0,0,0,0,0,0,0,0,0,0,0,0,0,0,0,0,0,0,0,0,0,0,0,0,0,0,0,0,0,0,0
WBM105,F000000001,0,0,0,0,0,0,0,0,0,0,0,0,0,0,0,10,0,0,0,10,0,0,0,0,0,0,0,10,0,0,0,12,0,0,0,34,0,0,0,0,0,0,0,0,0,0,0,0
WBM142,F000000001,0,0,0,0,0,0,0,0,0,0,0,0,0,0,0,0,0,0,0,0,0,0,0,0,0,0,0,0,0,0,0,0,0,0,0,0,0,0,0,0,0,0,0,0,0,0,0,0
WBM099,F000000001,0,0,50,0,0,0,50,0,0,0,40,0,0,0,40,0,0,0,30,0,0,0,30,0,0,0,40,0,0,0,40,0,0,0,50,0,0,0,50,0,0,0,80,0,0,0,100,0
WBM089,F000000001,0,0,0,0,0,0,0,0,0,0,0,0,0,0,0,0,0,0,0,0,0,0,0,0,0,0,0,0,0,0,0,0,0,0,0,0,0,0,0,0,0,0,0,0,0,0,0,0
WBP018,F000000001,0,0,50,0,0,0,50,0,0,0,50,0,0,0,50,0,0,0,50,0,0,0,50,0,0,0,50,0,0,0,50,0,0,0,50,0,0,0,50,0,0,0,50,0,0,0,50,0
WBR051,F000000001,0,0,30,0,0,0,30,0,0,0,20,0,0,0,20,0,0,0,30,0,0,0,30,0,0,0,50,0,0,0,50,0,0,0,50,0,0,0,30,0,0,0,40,0,0,0,40,0
WBR052,F000000001,0,0,30,10,0,0,30,0,0,0,20,0,0,0,20,0,0,0,30,0,0,0,30,0,0,0,50,0,0,0,50,0,0,0,50,0,0,0,30,0,0,0,40,0,0,0,40,0
WBS090,F000000001,0,0,0,0,0,0,0,0,0,0,0,0,0,0,0,0,0,0,0,0,0,0,0,0,0,0,0,0,0,0,0,0,0,0,0,0,0,0,0,0,0,0,0,0,0,0,0,0
WBA035,F000000001,0,0,83,83,0,0,61,61,0,0,51,57,0,0,65,15,0,0,85,0,0,0,92,0,0,0,151,0,0,0,120,0,0,0,151,0,0,0,151,0,0,0,101,0,0,0,101,0
WBA016,F000000001,0,0,0,0,0,0,0,0,0,0,0,0,0,0,0,0,0,0,0,0,0,0,0,0,0,0,0,0,0,0,0,0,0,0,0,0,0,0,0,0,0,0,0,0,0,0,0,0
A285,F000000001,0,0,0,0,0,0,0,0,0,0,0,0,0,0,0,0,0,0,0,0,0,0,0,0,0,0,0,0,0,0,0,0,0,0,0,0,0,0,0,0,0,0,0,0,0,0,0,0
B224,F000000001,0,0,0,0,0,0,0,0,0,0,0,0,0,0,0,0,0,0,0,0,0,0,0,0,0,0,0,0,0,0,0,0,0,0,0,0,0,0,0,0,0,0,0,0,0,0,0,0
B174,F000000001,0,0,99,99,0,0,159.5,159.5,0,0,51,5,0,0,101,2,0,0,151,38,0,0,151,53,0,0,181,37,0,0,161,101,0,0,175,9,0,0,175,5,0,0,180,0,0,0,215,0
WBB012,F000000001,0,0,15,15,0,0,15,15,0,0,15,0,0,0,31,12,0,0,35,0,0,0,31,0,0,0,31,0,0,0,31,0,0,0,51,0,0,0,31,0,0,0,35,0,0,0,51,0
WBD035,F000000001,0,0,0,0,0,0,0,0,0,0,0,0,0,0,0,0,0,0,0,0,0,0,0,0,0,0,0,0,0,0,0,0,0,0,0,0,0,0,0,0,0,0,0,0,0,0,0,0
D113,F000000001,0,0,0,0,0,0,0,0,0,0,0,0,0,0,0,0,0,0,0,0,0,0,0,0,0,0,0,0,0,0,0,0,0,0,0,0,0,0,0,0,0,0,0,0,0,0,0,0
WBD025,F000000001,0,0,0,0,0,0,0,0,0,0,0,0,0,0,0,0,0,0,0,0,0,0,0,0,0,0,0,0,0,0,0,0,0,0,0,0,0,0,0,0,0,0,0,0,0,0,0,0
D115,F000000001,0,0,21.85,21.85,0,0,26,26,0,0,51,26,0,0,77,32,0,0,101,0,0,0,101,0,0,0,120,0,0,0,120,0,0,0,161,0,0,0,121,0,0,0,161,0,0,0,151,0
D105,F000000001,0,0,20,20,0,0,25,25,0,0,31,31,0,0,31,0,0,0,35,10,0,0,16,15,0,0,15,5,0,0,31,28.45,0,0,51,0,0,0,31,0,0,0,35,0,0,0,51,0
WBF002,F000000001,0,0,0,0,0,0,0,0,0,0,0,0,0,0,0,0,0,0,0,0,0,0,0,0,0,0,0,0,0,0,0,0,0,0,0,0,0,0,0,0,0,0,0,0,0,0,0,0
WBG047,F000000001,0,0,0,0,0,0,0,0,0,0,0,0,0,0,0,0,0,0,0,0,0,0,0,0,0,0,0,0,0,0,0,0,0,0,0,0,0,0,0,0,0,0,0,0,0,0,0,0
WBH022,F000000001,0,0,21,21,0,0,25,25,0,0,27,0,0,0,30,5,0,0,31,27,0,0,31,22,0,0,40,18,0,0,31,21,0,0,31,0,0,0,31,0,0,0,31,0,0,0,31,0
H062,F000000001,0,0,0,0,0,0,0,0,0,0,0,0,0,0,0,0,0,0,0,0,0,0,0,0,0,0,0,0,0,0,0,0,0,0,0,0,0,0,0,0,0,0,0,0,0,0,0,0
WBJ005,F000000001,0,0,0,0,0,0,0,0,0,0,0,0,0,0,0,0,0,0,0,0,0,0,0,0,0,0,0,0,0,0,0,0,0,0,0,0,0,0,0,0,0,0,0,0,0,0,0,0
WBJ002,F000000001,0,0,0,0,0,0,0,0,0,0,0,0,0,0,0,0,0,0,0,0,0,0,0,0,0,0,0,0,0,0,0,0,0,0,0,0,0,0,0,0,0,0,0,0,0,0,0,0
WBK005,F000000001,0,0,0,0,0,0,0,0,0,0,0,0,0,0,0,0,0,0,0,0,0,0,0,0,0,0,0,0,0,0,0,0,0,0,0,0,0,0,0,0,0,0,0,0,0,0,0,0
WBK014,F000000001,0,0,231,231,0,0,100,100,0,0,80,42,0,0,70,58,0,0,60,0,0,0,70,105,0,0,90,63,0,0,80,79,0,0,100,0,0,0,100,0,0,0,110,0,0,0,121,0
WBM058,F000000001,0,0,0,0,0,0,0,0,0,0,0,0,0,0,0,0,0,0,0,0,0,0,0,0,0,0,0,0,0,0,0,0,0,0,0,0,0,0,0,0,0,0,0,0,0,0,0,0
WBM122,F000000001,0,0,44,44,0,0,16,16,0,0,60,0,0,0,70,0,0,0,40,0,0,0,51,0,0,0,101,0,0,0,71,0,0,0,151,0,0,0,180,0,0,0,180,0,0,0,200,0
WBM003,F000000001,0,0,0,0,0,0,0,0,0,0,0,0,0,0,0,0,0,0,0,0,0,0,0,0,0,0,0,0,0,0,0,0,0,0,0,0,0,0,0,0,0,0,0,0,0,0,0,0
M258,F000000001,0,0,52,52,0,0,158,158,0,0,121,59,0,0,121,0,0,0,151,41,0,0,151,16,0,0,181,32,0,0,175,16,0,0,175,0,0,0,151,0,0,0,176,16,0,0,200,0
WBM121,F000000001,0,0,0,0,0,0,5,5,0,0,5,10,0,0,10,0,0,0,10,0,0,0,15,0,0,0,15,0,0,0,20,15,0,0,15,0,0,0,20,0,0,0,15,0,0,0,20,0
WBM028,F000000001,0,0,15.5,15.5,0,0,0,0,0,0,51,32,0,0,51,0,0,0,71,0,0,0,81,13,0,0,71,22.4,0,0,61,0,0,0,61,0,0,0,85,0,0,0,81,0,0,0,91,0
N130,F000000001,0,0,0,0,0,0,0,0,0,0,0,0,0,0,0,0,0,0,0,0,0,0,0,0,0,0,0,0,0,0,0,0,0,0,0,0,0,0,0,0,0,0,0,0,0,0,0,0
WBN003,F000000001,0,0,0,0,0,0,0,0,0,0,0,0,0,0,0,0,0,0,0,0,0,0,0,0,0,0,0,0,0,0,0,0,0,0,0,0,0,0,0,0,0,0,0,0,0,0,0,0
R143,F000000001,0,0,0,0,0,0,0,0,0,0,0,0,0,0,0,0,0,0,0,0,0,0,0,0,0,0,0,0,0,0,0,35,0,0,0,0,0,0,0,0,0,0,0,0,0,0,0,0
R149,F000000001,0,0,0,0,0,0,0,0,0,0,0,0,0,0,0,0,0,0,0,0,0,0,0,0,0,0,0,0,0,0,0,0,0,0,0,0,0,0,0,0,0,0,0,0,0,0,0,0
R224,F000000001,0,0,0,0,0,0,0,0,0,0,0,0,0,0,0,0,0,0,0,0,0,0,0,0,0,0,0,0,0,0,0,0,0,0,0,0,0,0,0,0,0,0,0,0,0,0,0,0
S570,F000000001,0,0,0,0,0,0,0,0,0,0,0,0,0,0,0,0,0,0,0,0,0,0,0,0,0,0,0,0,0,0,0,0,0,0,0,0,0,0,0,0,0,0,0,0,0,0,0,0
WBS039,F000000001,0,0,37,37,0,0,65,65,0,0,40,0,0,0,30,0,0,0,21,10,0,0,41,26,0,0,31,16,0,0,70,0,0,0,80,0,0,0,85,0,0,0,91,0,0,0,130,0
WBS095,F000000001,0,0,0,0,0,0,0,0,0,0,0,0,0,0,0,0,0,0,0,0,0,0,0,0,0,0,0,0,0,0,0,0,0,0,0,0,0,0,0,0,0,0,0,0,0,0,0,0
WBS102,F000000001,0,0,68,68,0,0,104,104,0,0,41,53,0,0,41,0,0,0,51,0,0,0,51,0,0,0,51,0,0,0,49,0,0,0,101,0,0,0,101,0,0,0,151,0,0,0,151,0
S365,F000000001,0,0,467.8,469.95,0,0,398.3,419.3,0,0,450,218.1,0,0,200,199.75,0,0,200,88.85,0,0,208,159,0,0,220,212.9,0,0,300,33,0,0,407,12.5,0,0,500,30,0,0,1011,0,0,0,400,0
WBS024,F000000001,0,0,0,0,0,0,0,0,0,0,0,0,0,0,0,0,0,0,0,0,0,0,0,0,0,0,0,0,0,0,0,0,0,0,0,0,0,0,0,0,0,0,0,0,0,0,0,0
WBS012,F000000001,0,0,37,37,0,0,26,26,0,0,21,26,0,0,30,20,0,0,31,10,0,0,21,10,0,0,31,20,0,0,31,5,0,0,31,5,0,0,41,0,0,0,41,0,0,0,31,0
WBS025,F000000001,0,0,0,0,0,0,0,0,0,0,0,0,0,0,0,0,0,0,0,0,0,0,0,0,0,0,0,0,0,0,0,0,0,0,0,0,0,0,0,0,0,0,0,0,0,0,0,0
WBS008,F000000001,0,0,0,0,0,0,0,0,0,0,0,0,0,0,0,0,0,0,0,0,0,0,0,0,0,0,0,0,0,0,0,0,0,0,0,0,0,0,0,0,0,0,0,0,0,0,0,15
B219,F000000001,0,0,0,0,0,0,0,0,0,0,0,0,0,0,0,0,0,0,0,0,0,0,0,0,0,0,0,0,0,0,0,0,0,0,0,0,0,0,0,0,0,0,0,0,0,0,0,0
D099,F000000001,0,0,122,92,0,0,200,80,0,0,150,12,0,0,50,0,0,0,50,0,0,0,50,40,0,0,100,0,0,0,100,0,0,0,100,0,0,0,100,0,0,0,100,0,0,0,150,0
D142,F000000001,0,0,0,0,0,0,0,0,0,0,0,0,0,0,0,0,0,0,0,0,0,0,0,0,0,0,0,0,0,0,0,0,0,0,0,0,0,0,0,0,0,0,0,0,0,0,0,0
K119,F000000001,0,0,0,0,0,0,0,0,0,0,0,0,0,0,0,0,0,0,0,0,0,0,0,0,0,0,0,0,0,0,0,0,0,0,0,0,0,0,0,0,0,0,0,0,0,0,0,0
L055,F000000001,0,0,0,0,0,0,0,0,0,0,0,0,0,0,0,0,0,0,0,0,0,0,0,0,0,0,0,0,0,0,0,0,0,0,0,0,0,0,0,0,0,0,0,0,0,0,0,0
M230,F000000001,0,0,0,0,0,0,0,0,0,0,0,0,0,0,0,0,0,0,0,0,0,0,0,0,0,0,0,0,0,0,0,0,0,0,0,0,0,0,0,0,0,0,0,0,0,0,0,0
WBP036,F000000001,0,0,0,0,0,0,0,0,0,0,0,0,0,0,0,0,0,0,0,0,0,0,0,0,0,0,0,0,0,0,0,0,0,0,0,0,0,0,0,0,0,0,0,0,0,0,0,0
WBP020,F000000001,0,0,0,0,0,0,0,0,0,0,0,0,0,0,0,0,0,0,0,0,0,0,0,0,0,0,0,0,0,0,0,0,0,0,0,0,0,0,0,0,0,0,0,0,0,0,0,0
S349,F000000001,0,0,0,0,0,0,0,0,0,0,0,0,0,0,0,0,0,0,0,0,0,0,0,0,0,20,0,0,0,0,0,0,0,0,0,0,0,0,0,0,0,0,0,0,0,0,0,0
WBT021,F000000001,0,0,0,0,0,0,0,0,0,0,0,0,0,0,0,0,0,0,0,0,0,0,0,0,0,0,0,0,0,0,0,0,0,0,0,0,0,0,0,0,0,0,0,0,0,0,0,0
A149,F000000001,0,0,0,0,0,0,0,0,0,0,0,0,0,0,0,0,0,0,0,0,0,0,0,0,0,0,0,0,0,0,0,0,0,0,0,0,0,0,0,0,0,0,0,0,0,0,0,0
BHA028,F000000001,0,0,0,0,0,0,0,0,0,0,0,0,0,0,0,0,0,0,0,0,0,0,0,0,0,0,0,0,0,0,0,0,0,0,0,0,0,0,0,0,0,0,0,0,0,0,0,0
BHB043,F000000001,0,0,0,0,0,0,0,0,0,0,0,0,0,0,0,0,0,0,0,0,0,0,0,0,0,0,0,0,0,0,0,0,0,0,0,0,0,0,0,0,0,0,0,0,0,0,0,0
BHK030,F000000001,0,0,0,0,0,0,0,0,0,0,0,0,0,0,0,0,0,0,0,0,0,0,0,0,0,0,0,0,0,0,0,0,0,0,0,0,0,0,0,0,0,0,0,0,0,0,0,0
BHP019,F000000001,0,0,0,0,0,0,0,0,0,0,0,0,0,0,0,0,0,0,0,0,0,0,0,0,0,0,0,0,0,0,0,0,0,0,0,0,0,0,0,0,0,0,0,0,0,0,0,0
BHR036,F000000001,0,0,0,0,0,0,0,0,0,0,0,0,0,0,0,0,0,0,0,0,0,0,0,0,0,0,0,0,0,0,0,0,0,0,0,0,0,0,0,0,0,0,0,21,0,0,0,0
S376,F000000001,0,0,0,0,0,0,0,0,0,0,0,0,0,0,0,0,0,0,0,0,0,0,0,0,0,0,0,0,0,0,0,0,0,0,0,0,0,0,0,0,0,0,0,0,0,0,0,0
BHS110,F000000001,0,0,0,0,0,0,0,0,0,0,0,0,0,0,0,0,0,0,0,0,0,0,0,0,0,0,0,0,0,0,0,0,0,0,0,0,0,0,0,0,0,0,0,0,0,0,0,0
A281,F000000001,0,0,0,0,0,0,0,0,0,0,0,0,0,0,0,0,0,0,0,0,0,0,0,0,0,0,0,0,0,0,0,0,0,0,0,0,0,0,0,0,0,0,0,0,0,0,0,0
BHA022,F000000001,0,0,0,0,0,0,0,0,0,0,0,0,0,0,0,0,0,0,0,0,0,0,0,0,0,0,0,0,0,0,0,0,0,0,0,0,0,0,0,0,0,0,0,0,0,0,0,0
BHA039,F000000001,0,0,0,0,0,0,0,0,0,0,0,0,0,0,0,0,0,0,0,0,0,0,0,0,0,0,0,0,0,0,0,0,0,0,0,0,0,0,0,0,0,0,0,0,0,0,0,0
BHB013,F000000001,0,0,0,0,0,0,0,0,0,0,0,0,0,0,0,0,0,0,0,0,0,0,0,0,0,0,0,0,0,0,0,0,0,0,0,0,0,0,0,0,0,0,0,0,0,0,0,0
BHP011,F000000001,0,0,0,0,0,0,0,0,0,0,0,0,0,0,0,0,0,0,0,0,0,0,0,0,0,0,0,0,0,0,0,0,0,0,0,0,0,0,0,0,0,0,0,0,0,0,0,0
S415,F000000001,0,0,0,20,0,0,0,0,0,0,0,0,0,0,0,0,0,0,0,0,0,0,0,0,0,0,0,0,0,0,0,0,0,0,0,0,0,0,0,0,0,0,0,0,0,0,0,0
BHS066,F000000001,0,0,0,0,0,0,0,0,0,0,0,0,0,0,0,0,0,0,0,0,0,0,0,0,0,0,0,0,0,0,0,0,0,0,0,0,0,0,0,0,0,0,0,0,0,0,0,0
BHK007,F000000001,0,0,0,0,0,0,0,0,0,0,0,0,0,0,0,0,0,0,0,0,0,0,0,0,0,0,0,0,0,0,0,0,0,0,0,0,0,0,0,0,0,0,0,0,0,0,0,0
BHB039,F000000001,0,0,0,0,0,0,0,0,0,0,0,0,0,0,0,0,0,0,0,0,0,0,0,0,0,0,0,0,0,0,0,0,0,0,0,0,0,0,0,0,0,0,0,0,0,0,0,0
BHL011,F000000001,0,0,0,0,0,0,0,0,0,0,0,0,0,0,0,0,0,0,0,0,0,0,0,0,0,0,0,0,0,0,0,0,0,0,0,0,0,0,0,0,0,0,0,0,0,0,0,0
BHM071,F000000001,0,0,0,0,0,0,0,0,0,0,0,0,0,0,0,0,0,0,0,0,0,0,0,0,0,0,0,0,0,0,0,0,0,0,0,0,0,0,0,0,0,0,0,0,0,0,0,0
M365,F000000001,0,0,0,0,0,0,0,0,0,0,0,0,0,0,0,0,0,0,0,0,0,0,0,0,0,0,0,0,0,0,0,0,0,0,0,0,0,0,0,0,0,0,0,0,0,0,0,0
BHS039,F000000001,0,0,0,20,0,0,0,0,0,0,0,0,0,0,0,0,0,0,0,0,0,0,0,0,0,0,0,21,0,0,0,21,0,0,0,0,0,0,0,21,0,0,0,0,0,0,0,0
BHV010,F000000001,0,0,0,0,0,0,0,0,0,0,0,0,0,0,0,0,0,0,0,0,0,0,0,0,0,0,0,0,0,0,0,0,0,0,0,0,0,0,0,0,0,0,0,0,0,0,0,0
BHB025,F000000001,0,0,0,0,0,0,0,0,0,0,0,0,0,0,0,0,0,0,0,0,0,0,0,0,0,0,0,0,0,0,0,0,0,0,0,0,0,0,0,0,0,0,0,0,0,0,0,0
BHJ010,F000000001,0,0,0,0,0,0,0,0,0,0,0,0,0,0,0,0,0,0,0,0,0,0,0,0,0,0,0,0,0,0,0,0,0,0,0,0,0,0,0,0,0,0,0,0,0,0,0,0
BHK009,F000000001,0,0,0,0,0,0,0,0,0,0,0,0,0,0,0,0,0,0,0,0,0,0,0,0,0,0,0,0,0,0,0,0,0,0,0,0,0,0,0,0,0,0,0,0,0,0,0,0
BHS067,F000000001,0,0,0,0,0,0,0,0,0,0,0,0,0,0,0,0,0,0,0,0,0,0,0,0,0,0,0,0,0,0,0,0,0,0,0,0,0,0,0,0,0,0,0,0,0,0,0,0
BHR035,F000000001,0,0,0,0,0,0,0,0,0,0,0,21,0,0,0,0,0,0,0,0,0,0,0,0,0,0,0,0,0,0,0,0,0,0,0,0,0,0,0,0,0,0,0,42,0,0,0,0
BHB047,F000000001,0,0,0,17,0,0,0,0,0,0,0,19,0,0,0,0,0,0,0,0,0,0,0,0,0,0,0,0,0,0,0,21,0,0,0,0,0,0,0,20,0,0,0,0,0,0,0,0
A243,F000000001,0,0,0,0,0,0,0,0,0,0,0,5,0,0,0,0,0,0,0,0,0,0,0,0,0,0,0,0,0,0,0,0,0,0,0,0,0,0,0,0,0,0,0,0,0,0,0,0
B232,F000000001,0,0,0,30,0,0,0,0,0,0,0,0,0,43,0,0,0,21,0,0,0,0,0,0,0,21,0,0,0,0,0,0,0,0,0,0,0,0,0,0,0,0,0,0,0,0,0,0
B246,F000000001,0,0,0,25,0,0,0,0,0,0,0,0,0,0,0,21,0,0,0,0,0,0,0,21,0,0,0,0,0,0,0,0,0,0,0,21,0,0,0,0,0,0,0,21,0,0,0,0
BHR007,F000000001,0,0,0,0,0,0,0,20,0,0,0,10,0,0,0,0,0,0,0,0,0,0,0,0,0,0,0,0,0,0,0,0,0,0,0,0,0,0,0,0,0,0,0,0,0,0,0,0
BHR027,F000000001,0,0,0,0,0,0,0,0,0,0,0,0,0,0,0,0,0,0,0,0,0,0,0,0,0,0,0,0,0,0,0,0,0,0,0,0,0,0,0,0,0,0,0,0,0,0,0,0
J131,F000000001,0,0,0,30,0,0,0,0,0,0,0,0,0,0,0,0,0,0,0,0,0,0,0,0,0,0,0,0,0,0,0,0,0,0,0,0,0,0,0,0,0,0,0,0,0,0,0,0
J132,F000000001,0,0,0,95,0,0,0,45,0,0,0,0,0,0,0,21,0,0,0,21,0,0,0,0,0,0,0,0,0,0,0,0,0,0,0,0,0,0,0,0,0,0,0,0,0,0,0,0
K179,F000000001,0,0,0,0,0,0,0,0,0,0,0,0,0,0,0,0,0,0,0,0,0,0,0,0,0,0,0,0,0,0,0,0,0,0,0,0,0,0,0,0,0,0,0,0,0,0,0,0
M348,F000000001,0,0,0,0,0,0,0,0,0,0,0,0,0,0,0,0,0,0,0,0,0,0,0,0,0,0,0,0,0,0,0,0,0,0,0,0,0,0,0,0,0,0,0,0,0,0,0,0
M349,F000000001,0,0,0,15,0,0,0,0,0,0,0,0,0,0,0,0,0,0,0,0,0,0,0,0,0,0,0,21,0,0,0,0,0,0,0,0,0,0,0,0,0,0,0,18,0,0,0,0
M353,F000000001,0,0,0,0,0,0,0,0,0,0,0,0,0,0,0,0,0,0,0,0,0,0,0,0,0,0,0,0,0,0,0,0,0,0,0,0,0,0,0,0,0,0,0,0,0,0,0,0
R200,F000000001,0,0,0,0,0,0,0,0,0,0,0,0,0,0,0,0,0,0,0,0,0,0,0,0,0,0,0,0,0,0,0,0,0,0,0,0,0,0,0,0,0,0,0,0,0,0,0,0
R222,F000000001,0,0,0,0,0,0,0,0,0,0,0,0,0,0,0,0,0,0,0,0,0,0,0,0,0,0,0,0,0,0,0,0,0,0,0,0,0,0,0,0,0,0,0,0,0,0,0,0
U030,F000000001,0,0,0,20,0,0,0,0,0,0,0,0,0,0,0,0,0,0,0,0,0,0,0,0,0,0,0,0,0,0,0,0,0,0,0,0,0,0,0,0,0,0,0,0,0,0,0,0
V052,F000000001,0,0,0,0,0,0,0,0,0,0,0,0,0,0,0,0,0,0,0,0,0,0,0,0,0,0,0,0,0,0,0,0,0,0,0,0,0,0,0,0,0,0,0,0,0,0,0,0
J135,F000000001,0,0,0,0,0,0,0,0,0,0,0,0,0,0,0,0,0,0,0,0,0,0,0,0,0,0,0,0,0,0,0,0,0,0,0,0,0,0,0,0,0,0,0,0,0,0,0,0
BHK004,F000000001,0,0,0,0,0,0,0,0,0,0,0,0,0,0,0,0,0,0,0,0,0,0,0,0,0,0,0,0,0,0,0,0,0,0,0,0,0,0,0,0,0,0,0,0,0,0,0,0
BHL007,F000000001,0,0,0,10,0,0,0,0,0,0,0,0,0,0,0,0,0,0,0,0,0,0,0,0,0,21,0,0,0,0,0,0,0,0,0,0,0,0,0,10,0,0,0,0,0,0,0,20
BHM010,F000000001,0,0,0,0,0,0,0,0,0,0,0,0,0,0,0,0,0,0,0,0,0,0,0,0,0,0,0,0,0,0,0,0,0,0,0,0,0,0,0,0,0,0,0,0,0,0,0,0
BHM016,F000000001,0,0,0,0,0,0,0,0,0,0,0,0,0,0,0,10,0,0,0,0,0,0,0,0,0,0,0,0,0,0,0,0,0,0,0,0,0,0,0,0,0,0,0,0,0,0,0,0
BHR010,F000000001,0,0,0,0,0,0,0,0,0,0,0,0,0,0,0,0,0,0,0,0,0,0,0,0,0,0,0,0,0,0,0,0,0,0,0,0,0,0,0,0,0,0,0,0,0,0,0,0
S534,F000000001,0,0,0,120,0,0,0,111.5,0,0,0,25,0,0,0,29,0,0,0,52,0,0,0,42,0,0,0,21,0,0,0,0,0,0,0,21,0,0,0,20,0,0,0,42,0,0,0,21
BHR042,F000000001,0,0,0,0,0,0,0,0,0,0,0,0,0,0,0,0,0,0,0,0,0,0,0,0,0,0,0,0,0,0,0,0,0,0,0,0,0,0,0,0,0,0,0,0,0,0,0,0
BHR041,F000000001,0,0,0,0,0,0,0,0,0,0,0,0,0,0,0,0,0,0,0,0,0,0,0,0,0,0,0,0,0,0,0,0,0,0,0,0,0,0,0,0,0,0,0,0,0,0,0,0
BHS010,F000000001,0,0,0,15,0,0,0,0,0,0,0,10,0,0,0,25,0,0,0,10,0,0,0,26,0,0,0,10,0,0,0,26,0,0,0,10,0,0,0,0,0,0,0,0,0,0,0,0
M369,F000000001,0,0,0,25,0,0,0,0,0,0,0,0,0,0,0,0,0,0,0,0,0,0,0,0,0,0,0,0,0,0,0,0,0,0,0,0,0,0,0,0,0,0,0,0,0,0,0,0
BHA007,F000000001,0,0,0,20,0,0,0,0,0,0,0,0,0,0,0,0,0,0,0,0,0,0,0,0,0,0,0,21,0,0,0,0,0,0,0,0,0,0,0,0,0,0,0,0,0,0,0,0
BHD003,F000000001,0,0,0,30,0,0,0,0,0,0,0,40,0,0,0,21,0,0,0,0,0,0,0,23,0,0,0,0,0,0,0,0,0,0,0,0,0,0,0,0,0,0,0,7.5,0,0,0,0
BHD005,F000000001,0,0,0,0,0,0,0,0,0,0,0,0,0,0,0,0,0,0,0,0,0,0,0,0,0,0,0,0,0,0,0,0,0,0,0,0,0,0,0,0,0,0,0,0,0,0,0,0
BHJ013,F000000001,0,0,0,10,0,0,0,0,0,0,0,5,0,0,0,0,0,0,0,0,0,0,0,0,0,0,0,0,0,0,0,5,0,0,0,0,0,0,0,0,0,0,0,0,0,0,0,0
BHM005,F000000001,0,0,0,0,0,0,0,0,0,0,0,0,0,0,0,0,0,0,0,0,0,0,0,0,0,0,0,0,0,0,0,0,0,0,0,0,0,0,0,0,0,0,0,0,0,0,0,0
BHM046,F000000001,0,0,0,0,0,0,0,0,0,0,0,0,0,0,0,0,0,0,0,0,0,0,0,0,0,0,0,0,0,0,0,0,0,0,0,0,0,0,0,0,0,0,0,0,0,0,0,0
BHS048,F000000001,0,0,0,20,0,0,0,42,0,0,0,30,0,10,0,41,0,0,0,26,0,22,0,42,0,21,0,21,0,0,0,21,0,0,0,0,0,0,0,0,0,0,0,0,0,0,0,0
V053,F000000001,0,0,0,10,0,0,0,0,0,0,0,0,0,0,0,5,0,0,0,0,0,0,0,17.7,0,0,0,21,0,0,0,5,0,0,0,0,0,0,0,21,0,0,0,0,0,0,0,0
BHB026,F000000001,0,0,0,30,0,0,0,0,0,0,0,0,0,0,0,0,0,0,0,0,0,0,0,0,0,0,0,0,0,0,0,0,0,0,0,0,0,0,0,0,0,0,0,0,0,0,0,0
B229,F000000001,0,0,0,20,0,0,0,20,0,0,0,30,0,0,0,20,0,0,0,30,0,0,0,5,0,42,0,15,0,0,0,10,0,0,0,10,0,0,0,10,0,0,0,21,0,0,0,5
D172,F000000001,0,0,0,10,0,0,0,30,0,0,0,0,0,0,0,0,0,0,0,0,0,0,0,0,0,0,0,0,0,0,0,0,0,0,0,0,0,0,0,0,0,0,0,0,0,0,0,0
BHJ021,F000000001,0,10,0,0,0,0,0,0,0,0,0,20,0,0,0,20,0,0,0,10,0,0,0,0,0,0,0,0,0,0,0,0,0,0,0,0,0,0,0,0,0,0,0,0,0,0,0,0
J155,F000000001,0,0,0,0,0,0,0,0,0,0,0,0,0,0,0,0,0,0,0,0,0,0,0,0,0,0,0,0,0,0,0,0,0,0,0,0,0,0,0,0,0,0,0,0,0,0,0,0
BHK002,F000000001,0,0,0,0,0,0,0,0,0,0,0,0,0,0,0,0,0,0,0,0,0,0,0,0,0,0,0,10,0,0,0,0,0,0,0,0,0,0,0,0,0,0,0,0,0,0,0,0
A246,F000000001,0,0,0,0,0,0,0,0,0,0,0,10,0,0,0,0,0,0,0,0,0,0,0,0,0,0,0,0,0,0,0,0,0,0,0,0,0,0,0,0,0,0,0,0,0,0,0,0
BHM047,F000000001,0,0,0,0,0,0,0,0,0,0,0,0,0,0,0,0,0,0,0,0,0,0,0,0,0,0,0,0,0,0,0,0,0,0,0,0,0,0,0,0,0,0,0,0,0,0,0,0
BHM044,F000000001,0,0,0,20,0,0,0,10,0,0,0,0,0,0,0,5,0,0,0,0,0,0,0,5,0,0,0,0,0,0,0,0,0,0,0,0,0,0,0,0,0,0,0,5,0,0,0,16
BHM040,F000000001,0,0,0,20,0,0,0,0,0,0,0,2.45,0,0,0,10,0,0,0,10,0,0,0,0,0,0,0,0,0,0,0,0,0,0,0,0,0,0,0,0,0,0,0,0,0,0,0,0
BHN015,F000000001,0,0,0,0,0,0,0,0,0,0,0,0,0,0,0,0,0,0,0,0,0,0,0,0,0,0,0,0,0,0,0,0,0,0,0,0,0,0,0,0,0,0,0,0,0,0,0,0
BHP014,F000000001,0,0,0,20,0,0,0,0,0,0,0,0,0,0,0,0,0,0,0,0,0,0,0,0,0,0,0,0,0,0,0,0,0,0,0,0,0,0,0,0,0,0,0,0,0,0,0,0
S553,F000000001,0,0,0,0,0,0,0,0,0,0,0,0,0,0,0,0,0,0,0,0,0,0,0,0,0,0,0,0,0,0,0,0,0,0,0,0,0,0,0,0,0,0,0,0,0,0,0,0
S528,F000000001,0,0,0,50,0,0,0,10,0,0,0,0,0,0,0,26,0,0,0,0,0,0,0,0,0,0,0,0,0,0,0,5,0,0,0,21,0,0,0,0,0,0,0,0,0,0,0,0
S576,F000000001,0,0,0,0,0,0,0,0,0,0,0,0,0,0,0,0,0,0,0,0,0,0,0,0,0,0,0,0,0,0,0,0,0,0,0,0,0,0,0,0,0,0,0,0,0,0,0,0
BHS058,F000000001,0,0,0,20,0,0,0,27.8,0,0,0,14.7,0,0,0,0,0,0,0,0,0,0,0,0,0,0,0,0,0,0,0,0,0,0,0,0,0,0,0,0,0,0,0,0,0,0,0,0
M272,F000000001,0,0,0,0,0,0,0,0,0,0,0,0,0,0,0,0,0,0,0,0,0,0,0,0,0,0,0,12.5,0,0,0,0,0,0,0,0,0,0,0,0,0,0,0,0,0,0,0,0
N138,F000000001,0,0,0,0,0,0,0,0,0,0,0,25,0,0,0,0,0,0,0,0,0,0,0,0,0,0,0,0,0,0,0,0,0,0,0,0,0,0,0,0,0,0,0,0,0,0,0,0
S454,F000000001,0,0,0,0,0,0,0,0,0,0,0,0,0,0,0,0,0,0,0,0,0,0,0,0,0,0,0,0,0,0,0,0,0,0,0,0,0,0,0,0,0,0,0,0,0,0,0,0
BHG011,F000000001,0,0,0,0,0,0,0,25,0,0,0,12.5,0,0,0,0,0,0,0,0,0,0,0,0,0,0,0,0,0,0,0,0,0,0,0,0,0,0,0,0,0,0,0,0,0,0,0,0
M275,F000000001,0,0,0,0,0,0,0,0,0,0,0,0,0,0,0,0,0,0,0,0,0,0,0,0,0,0,0,0,0,0,0,0,0,0,0,20,0,0,0,0,0,0,0,0,0,0,0,0
BHN010,F000000001,0,0,0,0,0,0,0,0,0,0,0,0,0,0,0,0,0,0,0,5,0,0,0,0,0,0,0,10,0,0,0,20,0,0,0,5,0,0,0,22.5,0,0,0,11,0,0,0,0
S615,F000000001,0,0,0,15,0,0,0,90,0,0,0,42.5,0,0,0,0,0,0,0,0,0,0,0,0,0,0,0,15,0,0,0,0,0,0,0,0,0,0,0,0,0,0,0,0,0,0,0,0
S501,F000000001,0,0,0,0,0,0,0,0,0,0,0,0,0,0,0,0,0,0,0,0,0,0,0,0,0,0,0,6.25,0,0,0,0,0,0,0,0,0,0,0,0,0,0,0,0,0,0,0,0
BHD010,F000000001,0,0,0,0,0,0,0,0,0,0,0,0,0,0,0,0,0,0,0,0,0,0,0,0,0,0,0,0,0,0,0,0,0,0,0,0,0,0,0,0,0,0,0,0,0,0,0,0
BHL010,F000000001,0,0,0,29.5,0,0,0,0,0,0,0,20,0,0,0,0,0,0,0,0,0,0,0,0,0,0,0,0,0,0,0,0,0,0,0,0,0,0,0,0,0,0,0,0,0,0,0,0
S395,F000000001,0,0,0,0,0,0,0,0,0,0,0,0,0,0,0,0,0,0,0,0,0,0,0,0,0,0,0,0,0,0,0,0,0,0,0,0,0,0,0,0,0,0,0,0,0,0,0,0
T069,F000000001,0,0,0,0,0,0,0,0,0,0,0,0,0,0,0,0,0,0,0,0,0,0,0,0,0,0,0,0,0,0,0,0,0,0,0,0,0,0,0,0,0,0,0,0,0,0,0,0
BHG022,F000000001,0,0,0,31,0,0,0,20,0,0,0,42,0,0,0,20,0,0,0,0,0,0,0,20,0,0,0,21,0,0,0,0,0,0,0,0,0,0,0,0,0,0,0,0,0,0,0,0
P144,F000000001,0,0,0,0,0,0,0,0,0,0,0,0,0,0,0,0,0,0,0,0,0,0,0,0,0,0,0,0,0,0,0,0,0,0,0,0,0,0,0,0,0,0,0,0,0,0,0,0
BHS108,F000000001,0,0,0,35,0,0,0,128,0,0,0,96,0,0,0,20,0,0,0,0,0,0,0,0,0,0,0,0,0,0,0,0,0,0,0,0,0,0,0,0,0,0,0,0,0,0,0,0
BHJ025,F000000001,0,0,0,0,0,0,0,0,0,0,0,0,0,0,0,0,0,0,0,0,0,0,0,0,0,0,0,0,0,0,0,0,0,0,0,0,0,0,0,0,0,0,0,0,0,0,0,0
BHH001,F000000001,0,0,0,0,0,0,0,5,0,0,0,0,0,0,0,0,0,0,0,0,0,0,0,0,0,0,0,0,0,0,0,0,0,0,0,0,0,0,0,0,0,0,0,0,0,0,0,0
BHR034,F000000001,0,0,0,0,0,0,0,0,0,0,0,0,0,0,0,0,0,0,0,0,0,0,0,0,0,0,0,0,0,0,0,0,0,0,0,0,0,0,0,0,0,0,0,0,0,0,0,0
J112,F000000001,0,0,0,0,0,0,0,0,0,0,0,0,0,0,0,0,0,0,0,0,0,0,0,0,0,0,0,0,0,0,0,0,0,0,0,0,0,0,0,0,0,0,0,0,0,0,0,0
A190,F000000001,0,45,0,0,0,105,0,0,0,52.5,0,0,0,52.5,0,0,0,25,0,0,0,30.5,0,0,0,47.5,0,0,0,0,0,0,0,0,0,20,0,0,0,70,0,0,0,30,0,0,0,38
A235,F000000001,0,0,0,0,0,0,0,0,0,0,0,0,0,0,0,0,0,0,0,0,0,0,0,0,0,0,0,0,0,0,0,0,0,0,0,0,0,0,0,0,0,0,0,0,0,0,0,0
R170,F000000001,0,0,0,0,0,0,0,0,0,0,0,0,0,0,0,0,0,0,0,0,0,0,0,0,0,0,0,0,0,0,0,0,0,0,0,0,0,0,0,0,0,0,0,0,0,0,0,0
R191,F000000001,0,202.5,0,0,0,257.5,0,0,0,63,0,0,0,7.5,0,0,0,0,0,0,0,0,0,0,0,0,0,0,0,0,0,0,0,0,0,0,0,0,0,20,0,0,0,109,0,0,0,140
BHA021,F000000001,0,0,0,0,0,0,0,0,0,0,0,0,0,0,0,0,0,0,0,0,0,0,0,0,0,0,0,0,0,0,0,0,0,0,0,0,0,0,0,0,0,0,0,0,0,0,0,0
R214,F000000001,0,591,0,130,0,561.5,0,275,0,477.5,0,250,0,128.5,0,180,0,234.5,0,70.1,0,319.5,0,138,0,436,0,205,0,0,0,287,0,0,0,199,0,0,0,461,0,0,0,510.5,0,0,0,617
BHZ001,F000000001,0,0,0,0,0,0,0,0,0,0,0,0,0,0,0,0,0,0,0,0,0,0,0,0,0,0,0,0,0,0,0,0,0,0,0,0,0,0,0,0,0,0,0,0,0,0,0,0
BHS105,F000000001,0,0,0,0,0,0,0,0,0,0,0,0,0,0,0,0,0,0,0,0,0,0,0,0,0,0,0,0,0,0,0,0,0,0,0,0,0,0,0,0,0,0,0,0,0,0,0,0
BHC010,F000000001,0,0,0,0,0,0,0,-20,0,0,0,0,0,0,0,0,0,0,0,0,0,0,0,0,0,0,0,0,0,0,0,0,0,0,0,0,0,0,0,0,0,0,0,0,0,0,0,0
BHC009,F000000001,0,0,0,0,0,0,0,20,0,0,0,21,0,0,0,0,0,0,0,0,0,0,0,0,0,0,0,0,0,0,0,0,0,0,0,0,0,0,0,0,0,0,0,0,0,0,0,0
BHG021,F000000001,0,0,0,11,0,0,0,0,0,0,0,41,0,0,0,21,0,0,0,0,0,0,0,0,0,0,0,0,0,0,0,0,0,0,0,21,0,0,0,0,0,0,0,0,0,0,0,0
BHS098,F000000001,0,0,0,0,0,0,0,0,0,0,0,0,0,0,0,0,0,0,0,0,0,0,0,0,0,0,0,0,0,0,0,0,0,0,0,0,0,0,0,0,0,0,0,0,0,0,0,0
BHY004,F000000001,0,0,0,16,0,0,0,16,0,0,0,17,0,0,0,0,0,0,0,0,0,0,0,0,0,0,0,0,0,0,0,0,0,0,0,0,0,0,0,0,0,0,0,0,0,0,0,0
M302,F000000001,0,0,0,0,0,0,0,0,0,0,0,0,0,0,0,0,0,0,0,0,0,0,0,0,0,0,0,0,0,0,0,0,0,0,0,0,0,0,0,0,0,0,0,0,0,0,0,0
BHB041,F000000001,0,0,0,0,0,0,0,0,0,0,0,0,0,0,0,0,0,0,0,0,0,0,0,0,0,0,0,0,0,0,0,0,0,0,0,0,0,0,0,0,0,0,0,0,0,0,0,0
C113,F000000001,0,0,0,0,0,0,0,0,0,0,0,0,0,0,0,0,0,0,0,0,0,0,0,0,0,0,0,0,0,0,0,0,0,0,0,0,0,0,0,0,0,0,0,0,0,0,0,0
S476,F000000001,0,0,0,0,0,0,0,0,0,0,0,0,0,0,0,0,0,0,0,0,0,0,0,0,0,0,0,0,0,0,0,0,0,0,0,0,0,0,0,0,0,0,0,0,0,0,0,0
O034,F000000001,0,0,0,0,0,0,0,0,0,0,0,0,0,0,0,0,0,0,0,10,0,0,0,0,0,0,0,0,0,0,0,0,0,0,0,0,0,0,0,0,0,0,0,0,0,0,0,0
BHM037,F000000001,0,0,0,0,0,0,0,0,0,0,0,0,0,0,0,0,0,0,0,0,0,0,0,0,0,0,0,0,0,0,0,0,0,0,0,0,0,0,0,0,0,0,0,0,0,0,0,0
BHA043,F000000001,0,0,0,0,0,0,0,0,0,0,0,0,0,0,0,0,0,0,0,0,0,0,0,0,0,0,0,0,0,0,0,0,0,0,0,0,0,0,0,0,0,0,0,0,0,0,0,0
BHM065,F000000001,0,0,0,0,0,0,0,0,0,0,0,0,0,0,0,0,0,0,0,0,0,0,0,0,0,0,0,0,0,0,0,0,0,0,0,0,0,0,0,0,0,0,0,0,0,0,0,0
BHK025,F000000001,0,0,0,0,0,0,0,0,0,0,0,0,0,0,0,0,0,0,0,0,0,0,0,0,0,0,0,0,0,0,0,0,0,0,0,0,0,0,0,0,0,0,0,0,0,0,0,0
BHA042,F000000001,0,21,0,0,0,21,0,15,0,0,0,46,0,0,0,0,0,0,0,21,0,0,0,0,0,0,0,21,0,0,0,21,0,0,0,21,0,0,0,21,0,0,0,21,0,0,0,42
BHB040,F000000001,0,0,0,20,0,0,0,20,0,0,0,51,0,0,0,0,0,0,0,0,0,0,0,20,0,0,0,0,0,0,0,21,0,0,0,42,0,0,0,0,0,0,0,21,0,0,0,0
BHF004,F000000001,0,0,0,0,0,0,0,0,0,0,0,0,0,0,0,0,0,0,0,0,0,0,0,0,0,0,0,0,0,0,0,0,0,0,0,0,0,0,0,0,0,0,0,21,0,0,0,0
BHJ022,F000000001,0,0,0,0,0,0,0,0,0,0,0,0,0,0,0,0,0,0,0,0,0,0,0,0,0,0,0,0,0,0,0,0,0,0,0,0,0,0,0,0,0,0,0,0,0,0,0,0
BHK026,F000000001,0,21,0,0,0,43.2,0,0,0,0,0,0,0,0,0,0,0,0,0,0,0,0,0,0,0,0,0,0,0,0,0,21,0,0,0,0,0,0,0,20,0,0,0,0,0,0,0,21
BHM061,F000000001,0,0,0,0,0,0,0,0,0,0,0,0,0,0,0,0,0,0,0,0,0,0,0,0,0,0,0,0,0,0,0,0,0,0,0,0,0,0,0,0,0,0,0,0,0,0,0,0
BHM074,F000000001,0,0,0,0,0,0,0,0,0,0,0,0,0,0,0,0,0,0,0,0,0,0,0,0,0,0,0,0,0,0,0,0,0,0,0,0,0,0,0,0,0,0,0,0,0,0,0,0
BHP018,F000000001,0,0,0,0,0,0,0,17,0,0,0,21,0,0,0,0,0,0,0,0,0,0,0,0,0,0,0,21,0,0,0,0,0,0,0,0,0,0,0,0,0,0,0,0,0,0,0,0
BHR048,F000000001,0,0,0,0,0,0,0,0,0,0,0,0,0,0,0,0,0,0,0,0,0,0,0,0,0,0,0,0,0,0,0,0,0,0,0,0,0,0,0,0,0,0,0,0,0,0,0,0
BHR049,F000000001,0,0,0,0,0,0,0,0,0,0,0,0,0,0,0,0,0,0,0,0,0,0,0,0,0,0,0,0,0,0,0,0,0,0,0,0,0,0,0,0,0,0,0,0,0,0,0,0
BHR055,F000000001,0,0,0,0,0,0,0,0,0,0,0,0,0,0,0,0,0,0,0,0,0,0,0,0,0,0,0,0,0,0,0,0,0,0,0,0,0,0,0,0,0,0,0,0,0,0,0,0
BHS090,F000000001,0,0,0,0,0,0,0,0,0,0,0,0,0,0,0,0,0,0,0,0,0,0,0,0,0,0,0,0,0,0,0,0,0,0,0,0,0,0,0,0,0,0,0,0,0,0,0,0
BHS087,F000000001,0,0,0,0,0,0,0,0,0,0,0,0,0,0,0,0,0,0,0,0,0,0,0,0,0,0,0,0,0,0,0,0,0,0,0,0,0,0,0,0,0,0,0,0,0,0,0,0
BHU008,F000000001,0,0,0,0,0,0,0,0,0,0,0,0,0,0,0,0,0,0,0,0,0,0,0,0,0,0,0,0,0,0,0,0,0,0,0,0,0,0,0,0,0,0,0,0,0,0,0,0
BHY003,F000000001,0,0,0,0,0,0,0,0,0,0,0,0,0,0,0,0,0,0,0,0,0,0,0,0,0,0,0,0,0,0,0,0,0,0,0,0,0,0,0,0,0,0,0,0,0,0,0,0
BHN023,F000000001,0,0,0,15,0,0,0,51,0,25,0,61,0,21,0,41.7,0,21,0,0,0,0,0,21,0,42,0,42,0,0,0,42,0,0,0,21,0,0,0,42,0,0,0,21,0,0,0,21
BHS116,F000000001,0,0,0,0,0,0,0,15,0,0,0,21,0,0,0,21,0,0,0,0,0,0,0,0,0,0,0,0,0,0,0,0,0,0,0,0,0,0,0,0,0,0,0,0,0,0,0,0
BHG024,F000000001,0,0,0,0,0,0,0,16,0,0,0,0,0,0,0,0,0,0,0,0,0,0,0,0,0,0,0,0,0,0,0,0,0,0,0,0,0,0,0,0,0,0,0,0,0,0,0,0
BHG025,F000000001,0,0,0,0,0,0,0,0,0,0,0,0,0,0,0,0,0,0,0,0,0,0,0,0,0,0,0,0,0,0,0,0,0,0,0,0,0,0,0,0,0,0,0,0,0,0,0,0
BHM079,F000000001,0,0,0,0,0,0,0,0,0,0,0,0,0,0,0,0,0,0,0,0,0,0,0,0,0,0,0,0,0,0,0,0,0,0,0,0,0,0,0,41,0,0,0,0,0,0,0,0
BHB011,F000000001,0,0,0,0,0,0,0,0,0,0,0,0,0,0,0,0,0,0,0,0,0,0,0,0,0,0,0,0,0,0,0,0,0,0,0,0,0,0,0,0,0,0,0,0,0,0,0,0
BHA034,F000000001,0,0,0,0,0,0,0,0,0,0,0,0,0,0,0,0,0,0,0,0,0,0,0,0,0,0,0,0,0,0,0,0,0,0,0,0,0,0,0,0,0,0,0,0,0,0,0,0
BHB021,F000000001,0,0,0,0,0,0,0,0,0,0,0,0,0,0,0,0,0,0,0,0,0,0,0,0,0,0,0,0,0,0,0,0,0,0,0,0,0,0,0,0,0,0,0,0,0,0,0,0
BHS086,F000000001,0,0,0,46,0,0,0,21,0,0,0,20,0,0,0,40,0,0,0,21,0,0,0,42,0,0,0,42,0,0,0,0,0,0,0,0,0,0,0,0,0,0,0,0,0,0,0,0
C102,F000000001,0,0,0,0,0,0,0,0,0,0,0,0,0,0,0,0,0,0,0,0,0,0,0,0,0,0,0,0,0,0,0,0,0,0,0,0,0,0,0,0,0,0,0,0,0,0,0,0
BHS121,F000000001,0,0,0,0,0,0,0,0,0,0,0,0,0,0,0,0,0,0,0,0,0,0,0,0,0,0,0,0,0,0,0,0,0,0,0,0,0,0,0,0,0,0,0,0,0,0,0,0
R134,F000000001,0,0,0,0,0,0,0,0,0,0,0,0,0,0,0,0,0,0,0,0,0,0,0,0,0,0,0,0,0,0,0,0,0,0,0,0,0,0,0,0,0,0,0,0,0,0,0,0
S366,F000000001,0,0,0,0,0,0,0,0,0,0,0,0,0,0,0,0,0,0,0,0,0,0,0,0,0,0,0,0,0,0,0,0,0,0,0,0,0,0,0,0,0,0,0,0,0,0,0,0
BHD009,F000000001,0,0,0,0,0,0,0,0,0,0,0,0,0,0,0,0,0,0,0,0,0,0,0,0,0,0,0,0,0,0,0,0,0,0,0,0,0,0,0,0,0,0,0,0,0,0,0,0
BHH007,F000000001,0,0,0,0,0,0,0,0,0,0,0,0,0,0,0,0,0,0,0,0,0,0,0,0,0,0,0,0,0,0,0,0,0,0,0,0,0,0,0,0,0,0,0,0,0,0,0,0
BHA036,F000000001,0,0,0,20,0,0,0,0,0,0,0,0,0,0,0,0,0,0,0,0,0,0,0,0,0,0,0,0,0,0,0,0,0,0,0,0,0,0,0,0,0,0,0,0,0,0,0,0
BHS080,F000000001,0,0,0,0,0,0,0,0,0,0,0,0,0,0,0,0,0,0,0,0,0,0,0,0,0,0,0,0,0,0,0,0,0,0,0,0,0,0,0,0,0,0,0,0,0,0,0,0
BHA038,F000000001,0,0,0,0,0,0,0,0,0,0,0,0,0,0,0,0,0,0,0,0,0,0,0,0,0,0,0,0,0,0,0,0,0,0,0,0,0,0,0,0,0,0,0,0,0,0,0,0
BHB034,F000000001,0,0,0,0,0,0,0,0,0,0,0,0,0,0,0,0,0,0,0,0,0,0,0,0,0,0,0,0,0,0,0,0,0,0,0,0,0,0,0,0,0,0,0,0,0,0,0,0
BHV009,F000000001,0,0,0,0,0,0,0,0,0,0,0,0,0,0,0,0,0,0,0,0,0,0,0,0,0,0,0,0,0,0,0,0,0,0,0,0,0,0,0,0,0,0,0,0,0,0,0,0
BHJ023,F000000001,0,0,0,30,0,0,0,19,0,0,0,20,0,0,0,0,0,0,0,0,0,0,0,5,0,0,0,0,0,0,0,0,0,0,0,0,0,0,0,0,0,0,0,0,0,0,0,0
BHM078,F000000001,0,0,0,0,0,0,0,0,0,0,0,0,0,0,0,0,0,0,0,0,0,0,0,0,0,0,0,0,0,0,0,0,0,0,0,0,0,0,0,0,0,0,0,0,0,0,0,0
K177,F000000001,0,0,0,20,0,0,0,10,0,0,0,0,0,0,0,0,0,0,0,0,0,0,0,0,0,0,0,0,0,0,0,0,0,0,0,0,0,0,0,0,0,0,0,0,0,0,0,0
C122,F000000001,0,0,0,0,0,0,0,0,0,0,0,10,0,0,0,0,0,0,0,0,0,0,0,0,0,0,0,0,0,0,0,0,0,0,0,0,0,0,0,0,0,0,0,0,0,0,0,0
A250,F000000001,0,0,0,10,0,0,0,10,0,0,0,10,0,0,0,17,0,0,0,22,0,0,0,20,0,21,0,21,0,0,0,42,0,0,0,21,0,0,0,17,0,0,0,21,0,0,0,21
A276,F000000001,0,0,0,0,0,0,0,0,0,0,0,0,0,0,0,0,0,0,0,0,0,0,0,0,0,0,0,0,0,0,0,0,0,0,0,0,0,0,0,0,0,0,0,0,0,0,0,0
BHK016,F000000001,0,0,0,0,0,0,0,0,0,0,0,0,0,0,0,0,0,0,0,0,0,0,0,0,0,0,0,0,0,0,0,0,0,0,0,0,0,0,0,0,0,0,0,0,0,0,0,0
BHY002,F000000001,0,0,0,0,0,0,0,0,0,0,0,0,0,0,0,0,0,0,0,0,0,0,0,0,0,0,0,0,0,0,0,0,0,0,0,0,0,0,0,0,0,0,0,0,0,0,0,0
BHA045,F000000001,0,0,0,0,0,0,0,0,0,0,0,0,0,0,0,0,0,0,0,0,0,0,0,0,0,0,0,0,0,0,0,0,0,0,0,0,0,0,0,0,0,0,0,0,0,0,0,0
S443,F000000001,0,20,0,0,0,60,0,0,0,62,0,0,0,40,0,0,0,40,0,0,0,21,0,0,0,20,0,0,0,0,0,17,0,0,0,60,0,0,0,80,0,0,0,20,0,0,0,20
R174,F000000001,844,843.5,310,310,1038,1037.5,650,732.5,800,813.75,700,487.75,250,348.75,250,290,300,334.5,250,158.35,350,510,440,569.5,350,625.25,500,260.15,400,0,500,341.5,400,0,500,492,400,0,800,698.5,450,,800,688.75,500,0,800,866
R182,F000000001,0,0,0,0,0,0,0,0,0,0,0,0,0,0,0,0,0,0,0,0,0,0,0,0,0,0,0,0,0,0,0,0,0,0,0,0,0,0,0,0,0,0,0,0,0,0,0,0
M331,F000000001,0,0,0,0,0,0,0,0,0,0,0,0,0,0,0,0,0,0,0,0,0,0,0,0,0,0,0,0,0,0,0,0,0,0,0,0,0,0,0,0,0,0,0,0,0,0,0,0
M355,F000000001,0,0,0,0,0,0,0,0,0,0,0,0,0,0,0,0,0,0,0,0,0,0,0,0,0,0,0,0,0,0,0,0,0,0,0,0,0,0,0,0,0,0,0,0,0,0,0,0
BHR004,F000000001,0,0,0,8,0,0,0,10,0,0,0,0,0,0,0,0,0,0,0,0,0,0,0,0,0,0,0,0,0,0,0,0,0,0,0,0,0,0,0,0,0,0,0,0,0,0,0,0
BHA004,F000000001,0,0,0,0,0,0,0,0,0,0,0,0,0,0,0,0,0,0,0,0,0,0,0,0,0,0,0,0,0,0,0,0,0,0,0,0,0,0,0,0,0,0,0,0,0,0,0,0
BHR012,F000000001,0,0,0,0,0,0,0,0,0,0,0,0,0,0,0,0,0,0,0,0,0,0,0,0,0,0,0,0,0,0,0,0,0,0,0,0,0,0,0,0,0,0,0,0,0,0,0,0
BHS053,F000000001,0,0,0,0,0,0,0,0,0,0,0,0,0,0,0,0,0,0,0,0,0,0,0,0,0,0,0,0,0,0,0,0,0,0,0,0,0,0,0,0,0,0,0,0,0,0,0,0
BHM026,F000000001,0,0,0,0,0,0,0,0,0,0,0,0,0,0,0,0,0,0,0,0,0,0,0,0,0,0,0,0,0,0,0,0,0,0,0,0,0,0,0,0,0,0,0,0,0,0,0,0
BHM036,F000000001,0,0,0,0,0,0,0,0,0,0,0,0,0,0,0,0,0,0,0,0,0,0,0,0,0,0,0,0,0,0,0,0,0,0,0,0,0,0,0,0,0,0,0,0,0,0,0,0
BHM038,F000000001,0,0,0,0,0,0,0,0,0,0,0,0,0,0,0,0,0,0,0,0,0,0,0,0,0,0,0,0,0,0,0,0,0,0,0,0,0,0,0,0,0,0,0,0,0,0,0,0
BHS084,F000000001,0,0,0,0,0,0,0,0,0,0,0,0,0,0,0,0,0,0,0,0,0,0,0,0,0,0,0,0,0,0,0,0,0,0,0,0,0,0,0,0,0,0,0,0,0,0,0,0
BHB042,F000000001,0,0,0,0,0,0,0,0,0,0,0,0,0,0,0,0,0,0,0,0,0,0,0,0,0,0,0,0,0,0,0,0,0,0,0,0,0,0,0,0,0,0,0,0,0,0,0,0
BHS113,F000000001,0,0,0,0,0,0,0,0,0,0,0,0,0,0,0,0,0,0,0,0,0,0,0,0,0,0,0,0,0,0,0,0,0,0,0,0,0,0,0,0,0,0,0,0,0,0,0,0
C098,F000000001,0,0,0,0,0,0,0,0,0,0,0,0,0,0,0,0,0,0,0,0,0,0,0,0,0,0,0,0,0,0,0,0,0,0,0,0,0,0,0,0,0,0,0,0,0,0,0,0
BHS082,F000000001,0,0,0,0,0,0,0,7.5,0,0,0,7.5,0,0,0,0,0,0,0,5,0,0,0,0,0,0,0,7.5,0,0,0,12.5,0,0,0,0,0,0,0,0,0,0,0,0,0,0,0,0
BHH010,F000000001,0,0,0,0,0,0,0,0,0,0,0,0,0,0,0,0,0,0,0,0,0,0,0,0,0,0,0,0,0,0,0,0,0,0,0,0,0,0,0,0,0,0,0,0,0,0,0,0
J106,F000000001,0,0,0,0,0,0,0,0,0,0,0,0,0,0,0,0,0,0,0,0,0,0,0,0,0,0,0,0,0,0,0,0,0,0,0,0,0,0,0,0,0,0,0,0,0,0,0,0
A209,F000000001,0,0,0,0,0,0,0,0,0,0,0,0,0,0,0,0,0,0,0,0,0,0,0,0,0,0,0,0,0,0,0,0,0,0,0,0,0,0,0,0,0,0,0,0,0,0,0,0
BHS009,F000000001,0,0,0,0,0,0,0,0,0,0,0,0,0,0,0,0,0,0,0,0,0,0,0,0,0,0,0,0,0,0,0,0,0,0,0,0,0,0,0,0,0,0,0,0,0,0,0,0
BHA017,F000000001,0,0,0,0,0,0,0,0,0,0,0,0,0,0,0,0,0,0,0,0,0,0,0,0,0,0,0,0,0,0,0,0,0,0,0,0,0,0,0,0,0,0,0,0,0,0,0,0
BHM067,F000000001,0,0,0,0,0,0,0,0,0,0,0,0,0,0,0,0,0,0,0,0,0,0,0,0,0,0,0,0,0,0,0,0,0,0,0,0,0,0,0,0,0,0,0,0,0,0,0,0
BHB045,F000000001,0,0,0,0,0,0,0,0,0,0,0,0,0,0,0,0,0,0,0,0,0,0,0,0,0,0,0,0,0,0,0,0,0,0,0,0,0,0,0,0,0,0,0,0,0,0,0,0
BHA024,F000000001,0,0,0,0,0,0,0,0,0,0,0,0,0,0,0,0,0,0,0,0,0,0,0,0,0,0,0,0,0,0,0,0,0,0,0,0,0,0,0,0,0,0,0,0,0,0,0,0
BHA049,F000000001,0,0,0,0,0,0,0,0,0,0,0,0,0,0,0,0,0,0,0,0,0,0,0,0,0,0,0,0,0,0,0,21,0,0,0,21,0,0,0,21,0,0,0,0,0,0,0,0
BHD007,F000000001,0,0,0,20,0,0,0,0,0,0,0,40,0,21,0,20,0,0,0,0,0,0,0,6,0,0,0,0,0,0,0,0,0,0,0,21,0,0,0,0,0,0,0,0,0,0,0,21
BHM048,F000000001,0,0,0,0,0,0,0,0,0,0,0,0,0,0,0,0,0,0,0,0,0,0,0,0,0,0,0,0,0,0,0,0,0,0,0,0,0,0,0,0,0,0,0,0,0,0,0,0
BHR038,F000000001,0,0,0,0,0,0,0,0,0,0,0,0,0,0,0,0,0,0,0,0,0,0,0,0,0,0,0,0,0,0,0,0,0,0,0,0,0,0,0,0,0,0,0,0,0,0,0,0
BHN024,F000000001,0,0,0,0,0,0,0,0,0,0,0,0,0,0,0,0,0,0,0,0,0,0,0,0,0,0,0,0,0,0,0,0,0,0,0,0,0,0,0,0,0,0,0,0,0,0,0,0
K069,F000000001,0,0,0,45,0,0,0,102,0,0,0,45,0,0,0,45,0,0,0,60,0,0,0,45,0,0,0,50,0,0,0,0,0,0,0,0,0,0,0,0,0,0,0,0,0,0,0,0
K120,F000000001,0,0,0,0,0,0,0,0,0,0,0,0,0,0,0,0,0,0,0,0,0,0,0,0,0,0,0,0,0,0,0,0,0,0,0,0,0,0,0,0,0,0,0,0,0,0,0,0
I031,F000000001,0,0,0,0,0,0,0,0,0,0,0,0,0,0,0,0,0,0,0,0,0,0,0,0,0,0,0,0,0,0,0,0,0,0,0,0,0,0,0,0,0,0,0,0,0,0,0,0
D005,F000000001,0,0,0,0,0,0,0,0,0,0,0,0,0,0,0,0,0,0,0,0,0,0,0,0,0,0,0,0,0,0,0,0,0,0,0,0,0,0,0,0,0,0,0,0,0,0,0,0
G098,F000000001,0,0,0,38.5,0,0,0,0,0,0,0,18,0,0,0,0,0,0,0,0,0,0,0,0,0,0,0,0,0,0,0,0,0,0,0,0,0,0,0,0,0,0,0,0,0,0,0,0
H067,F000000001,0,0,0,0,0,0,0,0,0,0,0,0,0,0,0,0,0,0,0,0,0,0,0,0,0,0,0,0,0,0,0,0,0,0,0,0,0,0,0,0,0,0,0,0,0,0,0,0
A044,F000000001,0,0,0,133,0,0,0,210,0,0,0,105,0,0,0,35,0,0,0,35,0,0,0,0,0,0,0,0,0,0,0,0,0,0,0,0,0,0,0,0,0,0,0,0,0,0,0,0
J125,F000000001,0,0,0,0,0,0,0,140,0,0,0,105,0,0,0,0,0,0,0,175,0,0,0,0,0,0,0,0,0,0,0,0,0,0,0,0,0,0,0,0,0,0,0,0,0,0,0,0
R162,F000000001,0,0,0,0,0,0,0,0,0,0,0,0,0,0,0,0,0,0,0,0,0,0,0,0,0,0,0,0,0,0,0,0,0,0,0,0,0,0,0,0,0,0,0,0,0,0,0,0
NEL004,F000000001,0,0,0,0,0,0,0,0,0,0,0,0,0,0,0,0,0,0,0,0,0,0,0,0,0,0,0,0,0,0,0,0,0,0,0,0,0,0,0,0,0,0,0,0,0,0,0,0
R057,F000000001,0,0,0,0,0,0,0,0,0,0,0,0,0,0,0,0,0,0,0,0,0,0,0,0,0,0,0,0,0,0,0,0,0,0,0,0,0,0,0,0,0,0,0,0,0,0,0,0
B062,F000000001,0,0,0,0,0,0,0,0,0,0,0,0,0,0,0,0,0,0,0,0,0,0,0,0,0,0,0,0,0,0,0,0,0,0,0,0,0,0,0,0,0,0,0,0,0,0,0,0
G013,F000000001,0,0,0,0,0,0,0,0,0,0,0,0,0,0,0,0,0,0,0,0,0,0,0,0,0,0,0,0,0,0,0,0,0,0,0,0,0,0,0,0,0,0,0,0,0,0,0,0
NEM010,F000000001,0,0,0,0,0,0,0,0,0,0,0,0,0,0,0,0,0,0,0,0,0,0,0,0,0,0,0,0,0,0,0,0,0,0,0,0,0,0,0,0,0,0,0,0,0,0,0,0
N063,F000000001,0,0,0,0,0,0,0,0,0,0,0,0,0,0,0,0,0,0,0,0,0,0,0,0,0,0,0,0,0,0,0,0,0,0,0,0,0,0,0,0,0,0,0,0,0,0,0,0
P108,F000000001,0,0,0,0,0,0,0,0,0,0,0,0,0,0,0,0,0,0,0,0,0,0,0,0,0,0,0,0,0,0,0,0,0,0,0,0,0,0,0,0,0,0,0,0,0,0,0,0
S422,F000000001,0,0,0,0,0,0,0,0,0,0,0,0,0,0,0,0,0,0,0,0,0,0,0,0,0,0,0,0,0,0,0,0,0,0,0,0,0,0,0,0,0,0,0,0,0,0,0,0
N116,F000000001,0,0,0,0,0,0,0,0,0,0,0,0,0,0,0,0,0,0,0,0,0,0,0,0,0,0,0,0,0,0,0,0,0,0,0,0,0,0,0,0,0,0,0,0,0,0,0,0
M297,F000000001,0,0,0,0,0,0,0,0,0,0,0,0,0,0,0,0,0,0,0,0,0,0,0,0,0,0,0,0,0,0,0,0,0,0,0,0,0,0,0,0,0,0,0,0,0,0,0,0
R119,F000000001,0,0,0,0,0,0,0,0,0,0,0,0,0,0,0,0,0,0,0,0,0,0,0,0,0,0,0,0,0,0,0,0,0,0,0,0,0,0,0,0,0,0,0,0,0,0,0,0
NED028,F000000001,0,0,0,0,0,0,0,0,0,0,0,0,0,0,0,0,0,0,0,0,0,0,0,0,0,0,0,0,0,0,0,0,0,0,0,0,0,0,0,0,0,0,0,0,0,0,0,0
Z007,F000000001,0,0,0,0,0,0,0,0,0,0,0,0,0,0,0,0,0,0,0,0,0,0,0,0,0,0,0,0,0,0,0,0,0,0,0,0,0,0,0,0,0,0,0,0,0,0,0,0
S311,F000000001,0,0,0,0,0,0,0,0,0,0,0,0,0,0,0,0,0,0,0,0,0,0,0,0,0,0,0,0,0,0,0,0,0,0,0,0,0,0,0,0,0,0,0,0,0,0,0,0
O006,F000000001,0,0,0,0,0,0,0,0,0,0,0,0,0,0,0,0,0,0,0,0,0,0,0,0,0,0,0,0,0,0,0,0,0,0,0,0,0,0,0,0,0,0,0,0,0,0,0,0
BHJ009,F000000001,0,0,0,0,0,0,0,0,0,0,0,0,0,0,0,0,0,0,0,0,0,0,0,0,0,0,0,0,0,0,0,0,0,0,0,0,0,0,0,0,0,0,0,0,0,0,0,0
BHK006,F000000001,0,0,0,0,0,0,0,0,0,0,0,0,0,0,0,0,0,0,0,0,0,0,0,0,0,0,0,0,0,0,0,0,0,0,0,0,0,0,0,0,0,0,0,0,0,0,0,0
A218,F000000001,0,0,0,0,0,0,0,0,0,0,0,0,0,0,0,0,0,0,0,0,0,0,0,0,0,0,0,0,0,0,0,0,0,0,0,0,0,0,0,0,0,0,0,0,0,0,0,0
BHB027,F000000001,0,0,0,0,0,0,0,0,0,0,0,0,0,0,0,0,0,0,0,0,0,0,0,0,0,0,0,0,0,0,0,0,0,0,0,0,0,0,0,0,0,0,0,0,0,0,0,0
BHM017,F000000001,0,0,0,0,0,0,0,0,0,0,0,0,0,0,0,0,0,0,0,0,0,0,0,0,0,0,0,0,0,0,0,0,0,0,0,0,0,0,0,0,0,0,0,0,0,0,0,0
BHM070,F000000001,0,0,0,0,0,0,0,9,0,0,0,0,0,0,0,0,0,0,0,0,0,0,0,0,0,0,0,0,0,0,0,0,0,0,0,0,0,0,0,0,0,0,0,0,0,0,0,0
BHR006,F000000001,0,0,0,0,0,0,0,0,0,0,0,0,0,0,0,0,0,0,0,0,0,0,0,0,0,0,0,0,0,0,0,0,0,0,0,0,0,0,0,0,0,0,0,0,0,0,0,0
BHR054,F000000001,0,0,0,0,0,0,0,0,0,0,0,0,0,0,0,0,0,0,0,0,0,0,0,0,0,0,0,0,0,0,0,0,0,0,0,0,0,0,0,0,0,0,0,0,0,0,0,0
BHS102,F000000001,0,0,0,0,0,0,0,1.35,0,0,0,0,0,0,0,0,0,0,0,0,0,0,0,0,0,0,0,0,0,0,0,0,0,0,0,0,0,0,0,0,0,0,0,0,0,0,0,0
BHV002,F000000001,0,0,0,0,0,0,0,0,0,0,0,0,0,0,0,0,0,0,0,0,0,0,0,0,0,0,0,0,0,0,0,0,0,0,0,0,0,0,0,0,0,0,0,0,0,0,0,0
K183,F000000001,0,0,0,0,0,0,0,0,0,0,0,0,0,0,0,0,0,0,0,0,0,0,0,0,0,0,0,0,0,0,0,0,0,0,0,0,0,0,0,0,0,0,0,0,0,0,0,0
R190,F000000001,0,0,0,0,0,0,0,0,0,0,0,0,0,0,0,0,0,0,0,0,0,0,0,0,0,0,0,0,0,0,0,0,0,0,0,0,0,0,0,0,0,0,0,0,0,0,0,0
M404,F000000001,0,158.5,0,130,0,148.5,0,150,0,129.5,0,67.5,0,112.5,0,70,0,78,0,30,0,100.45,0,60,0,104,0,87.5,0,0,0,60,0,0,0,76,0,0,0,100,0,0,0,138,0,0,0,155
N141,F000000001,0,0,0,0,0,0,0,0,0,0,0,16,0,0,0,0,0,0,0,16,0,0,0,10,0,0,0,15,0,0,0,25,0,0,0,10,0,0,0,0,0,0,0,0,0,0,0,0
BHR047,F000000001,0,0,0,0,0,0,0,0,0,0,0,0,0,0,0,0,0,0,0,0,0,0,0,0,0,0,0,0,0,0,0,0,0,0,0,0,0,0,0,0,0,0,0,0,0,0,0,0
S394,F000000001,0,0,0,0,0,0,0,0,0,0,0,0,0,0,0,0,0,0,0,0,0,0,0,0,0,0,0,0,0,0,0,0,0,0,0,0,0,0,0,0,0,0,0,0,0,0,0,0
WBR023,F000000001,0,0,0,16,0,0,0,0,0,0,0,0,0,0,0,0,0,0,0,0,0,0,0,0,0,0,0,0,0,0,0,0,0,0,0,0,0,0,0,0,0,0,0,0,0,0,0,0
WBB041,F000000001,0,0,0,0,0,0,0,0,0,0,0,0,0,0,0,0,0,0,0,0,0,0,0,0,0,0,0,0,0,0,0,0,0,0,0,0,0,0,0,0,0,0,0,0,0,0,0,0
WBN010,F000000001,0,0,0,0,0,0,0,0,0,0,0,0,0,0,0,0,0,0,0,0,0,0,0,0,0,0,0,0,0,0,0,0,0,0,0,0,0,0,0,0,0,0,0,0,0,0,0,0
BHP029,F000000001,0,0,0,0,0,0,0,0,0,0,0,13,0,0,0,0,0,0,0,0,0,0,0,0,0,0,0,0,0,0,0,0,0,0,0,0,0,0,0,0,0,0,0,0,0,0,0,0
BHR062,F000000001,0,0,0,0,0,0,0,0,0,0,0,0,0,0,0,0,0,0,0,0,0,0,0,0,0,0,0,0,0,0,0,0,0,0,0,0,0,0,0,0,0,0,0,0,0,0,0,0
BHR068,F000000001,0,0,0,0,0,0,0,0,0,0,0,0,0,0,0,0,0,0,0,0,0,0,0,0,0,0,0,0,0,0,0,0,0,0,0,0,0,0,0,0,0,0,0,0,0,0,0,0
BHT008,F000000001,0,0,0,0,0,0,0,0,0,0,0,0,0,0,0,0,0,0,0,0,0,0,0,0,0,0,0,0,0,0,0,0,0,0,0,0,0,0,0,0,0,0,0,0,0,0,0,0
BHP027,F000000001,0,0,0,0,0,0,0,0,0,0,0,0,0,0,0,0,0,0,0,0,0,0,0,0,0,0,0,0,0,0,0,0,0,0,0,0,0,0,0,0,0,0,0,0,0,0,0,0
BHP028,F000000001,0,0,0,0,0,0,0,0,0,0,0,0,0,0,0,0,0,0,0,0,0,0,0,0,0,0,0,0,0,0,0,0,0,0,0,0,0,0,0,0,0,0,0,0,0,0,0,0
BHS130,F000000001,0,0,0,0,0,0,0,0,0,0,0,0,0,0,0,0,0,0,0,0,0,0,0,0,0,0,0,0,0,0,0,0,0,0,0,0,0,0,0,0,0,0,0,0,0,0,0,0
BHS134,F000000001,0,0,0,0,0,0,0,0,0,0,0,0,0,0,0,0,0,0,0,0,0,0,0,0,0,0,0,0,0,0,0,0,0,0,0,0,0,0,0,0,0,0,0,0,0,0,0,0
BHS129,F000000001,0,0,0,0,0,0,0,21,0,0,0,21,0,0,0,21,0,0,0,0,0,0,0,0,0,0,0,0,0,0,0,21,0,0,0,16,0,0,0,0,0,0,0,0,0,0,0,21
BHJ027,F000000001,0,0,0,0,0,0,0,0,0,0,0,0,0,0,0,0,0,0,0,0,0,0,0,0,0,0,0,0,0,0,0,0,0,0,0,0,0,0,0,0,0,0,0,0,0,0,0,0
M382,F000000001,0,0,0,0,0,0,0,0,0,0,0,0,0,0,0,0,0,0,0,0,0,0,0,0,0,0,0,0,0,0,0,0,0,0,0,0,0,0,0,0,0,0,0,0,0,0,0,0
WBM081,F000000001,0,0,0,0,0,0,0,0,0,0,0,0,0,0,0,0,0,0,0,0,0,0,0,0,0,0,0,0,0,0,0,0,0,0,0,0,0,0,0,0,0,0,0,0,0,0,0,0
WBS127,F000000001,0,0,0,16,0,0,0,0,0,0,0,0,0,0,0,0,0,0,0,0,0,0,0,0,0,0,0,16,0,0,0,0,0,0,0,0,0,0,0,0,0,0,0,0,0,0,0,16
N158,F000000001,0,0,0,0,0,0,0,0,0,0,0,0,0,0,0,0,0,0,0,0,0,0,0,0,0,0,0,0,0,0,0,0,0,0,0,0,0,0,0,0,0,0,0,0,0,0,0,0
WBM173,F000000001,0,0,0,0,0,0,0,0,0,0,0,0,0,0,0,0,0,0,0,0,0,0,0,0,0,0,0,0,0,0,0,0,0,0,0,0,0,0,0,0,0,0,0,0,0,0,0,0
WBN060,F000000001,0,0,0,17,0,0,0,0,0,0,0,0,0,0,0,0,0,0,0,0,0,0,0,0,0,0,0,0,0,0,0,0,0,0,0,0,0,0,0,0,0,0,0,0,0,0,0,0
WBF009,F000000001,0,0,0,62,0,0,0,84.2,0,0,0,54,0,0,0,31.35,0,0,0,33,0,0,0,16,0,0,0,38,0,0,0,35.5,0,0,0,0,0,0,0,12,0,0,0,0,0,0,0,0
WBN068,F000000001,0,0,0,0,0,0,0,0,0,0,0,0,0,0,0,0,0,0,0,0,0,0,0,0,0,0,0,0,0,0,0,0,0,0,0,0,0,0,0,0,0,0,0,0,0,0,0,0
BHK037,F000000001,0,0,0,0,0,0,0,0,0,0,0,0,0,0,0,0,0,0,0,0,0,0,0,0,0,0,0,0,0,0,0,0,0,0,0,0,0,0,0,0,0,0,0,0,0,0,0,0
BHS012,F000000001,0,0,0,0,0,0,0,0,0,0,0,0,0,0,0,0,0,0,0,0,0,0,0,0,0,0,0,0,0,0,0,0,0,0,0,0,0,0,0,0,0,0,0,0,0,0,0,0
BHJ026,F000000001,0,0,0,0,0,0,0,0,0,0,0,0,0,0,0,0,0,0,0,0,0,0,0,0,0,0,0,0,0,0,0,0,0,0,0,0,0,0,0,0,0,0,0,0,0,0,0,0
BHP026,F000000001,0,0,0,0,0,0,0,0,0,0,0,0,0,0,0,0,0,0,0,0,0,0,0,0,0,0,0,0,0,0,0,0,0,0,0,0,0,0,0,0,0,0,0,0,0,0,0,0
BHS122,F000000001,0,0,0,0,0,0,0,0,0,0,0,0,0,0,0,0,0,0,0,0,0,0,0,0,0,0,0,0,0,0,0,0,0,0,0,0,0,0,0,0,0,0,0,0,0,0,0,0
BHK033,F000000001,0,0,0,0,0,0,0,0,0,0,0,0,0,0,0,0,0,0,0,0,0,0,0,0,0,0,0,0,0,0,0,0,0,0,0,0,0,0,0,0,0,0,0,0,0,0,0,0
BHV014,F000000001,0,0,0,0,0,0,0,0,0,0,0,0,0,0,0,0,0,0,0,0,0,0,0,0,0,0,0,0,0,0,0,0,0,0,0,0,0,0,0,0,0,0,0,0,0,0,0,0
BHA059,F000000001,0,0,0,0,0,0,0,0,0,0,0,0,0,0,0,0,0,0,0,0,0,0,0,0,0,0,0,0,0,0,0,0,0,0,0,0,0,0,0,0,0,0,0,0,0,0,0,0
BHP030,F000000001,0,0,0,0,0,0,0,0,0,0,0,0,0,0,0,0,0,0,0,0,0,0,0,0,0,0,0,0,0,0,0,0,0,0,0,0,0,0,0,0,0,0,0,0,0,0,0,0
BHB056,F000000001,0,0,0,0,0,0,0,0,0,0,0,0,0,0,0,0,0,0,0,0,0,0,0,0,0,0,0,0,0,0,0,0,0,0,0,0,0,0,0,0,0,0,0,0,0,0,0,0
BHS140,F000000001,0,0,0,0,0,0,0,0,0,0,0,0,0,0,0,0,0,0,0,0,0,0,0,0,0,0,0,0,0,0,0,0,0,0,0,0,0,0,0,0,0,0,0,0,0,0,0,0
BHS133,F000000001,0,0,0,0,0,0,0,0,0,0,0,0,0,0,0,0,0,0,0,0,0,0,0,0,0,0,0,0,0,0,0,0,0,0,0,0,0,0,0,0,0,0,0,0,0,0,0,0
BHH013,F000000001,0,0,0,15,0,0,0,27.5,0,0,0,0,0,0,0,0,0,0,0,15,0,0,0,0,0,0,0,0,0,0,0,0,0,0,0,0,0,0,0,0,0,0,0,0,0,0,0,0
BHS147,F000000001,0,0,0,0,0,0,0,0,0,0,0,0,0,0,0,0,0,0,0,0,0,0,0,0,0,0,0,0,0,0,0,11.25,0,0,0,0,0,0,0,0,0,0,0,0,0,0,0,0
BHV013,F000000001,0,0,0,0,0,0,0,0,0,0,0,0,0,0,0,0,0,0,0,0,0,0,0,0,0,0,0,0,0,0,0,0,0,0,0,0,0,0,0,0,0,0,0,0,0,0,0,0
BHJ029,F000000001,0,0,0,0,0,0,0,15,0,0,0,0,0,0,0,0,0,0,0,0,0,0,0,0,0,0,0,0,0,0,0,0,0,0,0,0,0,0,0,0,0,0,0,0,0,0,0,0
BHB050,F000000001,0,0,0,0,0,0,0,0,0,0,0,0,0,0,0,0,0,0,0,0,0,0,0,0,0,0,0,0,0,0,0,0,0,0,0,0,0,0,0,0,0,0,0,0,0,0,0,0
BHH014,F000000001,0,0,0,0,0,0,0,0,0,0,0,0,0,0,0,0,0,0,0,0,0,0,0,0,0,0,0,0,0,0,0,0,0,0,0,0,0,0,0,0,0,0,0,0,0,0,0,0
BHS127,F000000001,0,0,0,0,0,0,0,0,0,0,0,0,0,0,0,0,0,0,0,0,0,0,0,0,0,0,0,0,0,0,0,0,0,0,0,0,0,0,0,0,0,0,0,0,0,0,0,0
BHB055,F000000001,0,0,0,0,0,0,0,0,0,0,0,0,0,0,0,0,0,0,0,0,0,0,0,0,0,0,0,0,0,0,0,0,0,0,0,0,0,0,0,0,0,0,0,0,0,0,0,0
WBH025,F000000001,0,0,0,0,0,0,0,0,0,0,21,0,0,0,31,0,0,0,21,0,0,0,31,0,0,0,40,0,0,0,31,0,0,0,60,0,0,0,41,0,0,0,51,0,0,0,51,0
WBK038,F000000001,0,0,0,64,0,0,0,16,0,0,0,32,0,0,0,0,0,0,0,0,0,0,0,0,0,0,0,16,0,0,0,16,0,0,0,0,0,0,0,0,0,0,0,0,0,0,0,0
WBG055,F000000001,0,0,0,32,0,0,0,8,0,0,0,0,0,0,0,8,0,0,0,0,0,16,0,0,0,16,0,0,0,0,0,0,0,0,0,0,0,0,0,0,0,0,0,0,0,0,0,0
WBM172,F000000001,0,0,0,16,0,0,0,16,0,0,0,16,0,0,0,0,0,0,0,0,0,0,0,0,0,0,0,0,0,0,0,0,0,0,0,0,0,0,0,0,0,0,0,0,0,0,0,0
WBN064,F000000001,0,0,0,16,0,0,0,8,0,0,0,0,0,0,0,8,0,0,0,0,0,0,0,0,0,0,0,0,0,0,0,0,0,0,0,16,0,0,0,0,0,0,0,0,0,0,0,0
WBS176,F000000001,0,0,0,32,0,0,0,16,0,0,0,40,0,0,0,16,0,0,0,0,0,0,0,0,0,0,0,12,0,0,0,0,0,0,0,0,0,0,0,8,0,0,0,0,0,0,0,0
WBM170,F000000001,0,0,0,47,0,0,0,0,0,0,0,0,0,0,0,0,0,0,0,0,0,0,0,0,0,0,0,0,0,0,0,0,0,0,0,0,0,0,0,0,0,0,0,0,0,0,0,0
WBM179,F000000001,0,0,0,16,0,0,0,0,0,0,0,0,0,0,0,0,0,0,0,0,0,0,0,0,0,0,0,0,0,0,0,0,0,0,0,0,0,0,0,0,0,0,0,0,0,0,0,0
WBM185,F000000001,0,0,0,0,0,0,0,0,0,0,0,0,0,0,0,0,0,0,0,0,0,0,0,0,0,0,0,0,0,0,0,0,0,0,0,0,0,0,0,0,0,0,0,0,0,0,0,0
WBS171,F000000001,0,0,0,0,0,0,0,0,0,0,0,0,0,0,0,0,0,0,0,0,0,0,0,0,0,0,0,0,0,0,0,0,0,0,0,0,0,0,0,0,0,0,0,0,0,0,0,0
WBS168,F000000001,0,0,0,0,0,0,0,0,0,0,0,0,0,0,0,0,0,0,0,0,0,0,0,0,0,0,0,0,0,0,0,0,0,0,0,0,0,0,0,0,0,0,0,0,0,0,0,0
WBA062,F000000001,0,0,0,0,0,0,0,0,0,0,0,0,0,0,0,0,0,0,0,0,0,0,0,0,0,0,0,0,0,0,0,0,0,0,0,0,0,0,0,0,0,0,0,0,0,0,0,0
WBM168,F000000001,0,0,0,0,0,0,0,0,0,0,0,0,0,0,0,0,0,0,0,0,0,0,0,0,0,0,0,0,0,0,0,0,0,0,0,0,0,0,0,0,0,0,0,0,0,0,0,0
WBS158,F000000001,0,0,0,0,0,0,0,0,0,0,0,0,0,0,0,0,0,0,0,0,0,0,0,0,0,0,0,0,0,0,0,0,0,0,0,0,0,0,0,0,0,0,0,0,0,0,0,0
WBS155,F000000001,0,0,0,32,0,0,0,80,0,0,0,24.5,0,0,0,0,0,0,0,0,0,0,0,0,0,0,0,0,0,0,0,0,0,0,0,0,0,0,0,0,0,0,0,0,0,0,0,0
WBN066,F000000001,0,0,0,0,0,0,0,0,0,0,0,0,0,0,0,0,0,0,0,0,0,0,0,0,0,0,0,0,0,0,0,0,0,0,0,0,0,0,0,0,0,0,0,0,0,0,0,0
WBP049,F000000001,0,0,0,0,0,0,0,0,0,0,0,0,0,0,0,0,0,0,0,0,0,0,0,0,0,0,0,0,0,0,0,0,0,0,0,0,0,0,0,0,0,0,0,0,0,0,0,0
WBM183,F000000001,0,0,0,16,0,0,0,28,0,0,0,26,0,0,0,0,0,0,0,0,0,0,0,0,0,0,0,0,0,0,0,0,0,0,0,0,0,0,0,0,0,0,0,0,0,0,0,0
WBA065,F000000001,0,0,0,0,0,0,0,0,0,0,0,0,0,0,0,0,0,0,0,0,0,0,0,0,0,0,0,0,0,0,0,0,0,0,0,0,0,0,0,0,0,0,0,0,0,0,0,0
WBC016,F000000001,0,0,0,0,0,0,0,0,0,0,0,0,0,0,0,0,0,0,0,0,0,0,0,0,0,0,0,0,0,0,0,0,0,0,0,0,0,0,0,0,0,0,0,0,0,0,0,0
WBM192,F000000001,0,0,0,0,0,0,0,0,0,0,0,0,0,0,0,0,0,0,0,0,0,0,0,0,0,0,0,0,0,0,0,0,0,0,0,0,0,0,0,0,0,0,0,0,0,0,0,0
WBM194,F000000001,0,0,0,0,0,0,0,0,0,0,0,0,0,0,0,0,0,0,0,0,0,0,0,0,0,0,0,0,0,0,0,0,0,0,0,0,0,0,0,0,0,0,0,0,0,0,0,0
WBS179,F000000001,0,0,0,0,0,0,0,0,0,0,0,0,0,0,0,0,0,0,0,0,0,0,0,0,0,0,0,0,0,0,0,0,0,0,0,0,0,0,0,0,0,0,0,0,0,0,0,0
WBJ035,F000000001,0,0,0,35,0,0,0,45,0,0,0,5,0,0,0,0,0,0,0,0,0,0,0,0,0,0,0,0,0,0,0,0,0,0,0,0,0,0,0,0,0,0,0,0,0,0,0,0
WBB079,F000000001,0,0,0,117,0,0,0,116,0,0,0,128,0,0,0,0,0,0,0,0,0,0,0,0,0,0,0,0,0,0,0,0,0,0,0,0,0,0,0,0,0,0,0,0,0,0,0,0
WBD053,F000000001,0,0,0,64,0,0,0,32,0,0,0,48,0,0,0,15,0,0,0,35,0,0,0,15,0,0,0,30,0,0,0,25,0,0,0,20,0,0,0,15,0,0,0,12,0,0,0,5
J146,F000000001,0,0,0,0,0,0,0,0,0,0,0,0,0,0,0,0,0,0,0,0,0,0,0,0,0,0,0,0,0,0,0,0,0,0,0,0,0,0,0,0,0,0,0,0,0,0,0,0
WBP056,F000000001,0,0,0,0,0,0,0,0,0,0,0,0,0,0,0,0,0,0,0,0,0,0,0,0,0,0,0,0,0,0,0,0,0,0,0,0,0,0,0,0,0,0,0,0,0,0,0,0
WBD052,F000000001,0,0,0,0,0,0,0,0,0,0,0,0,0,0,0,0,0,0,0,0,0,0,0,0,0,0,0,0,0,0,0,0,0,0,0,0,0,0,0,0,0,0,0,0,0,0,0,0
WBG052,F000000001,0,0,0,0,0,0,0,0,0,0,0,0,0,0,0,0,0,0,0,0,0,0,0,0,0,0,0,0,0,0,0,0,0,0,0,0,0,0,0,0,0,0,0,0,0,0,0,0
WBI011,F000000001,0,0,0,0,0,0,0,0,0,0,0,0,0,0,0,0,0,0,0,0,0,0,0,0,0,0,0,0,0,0,0,0,0,0,0,0,0,0,0,0,0,0,0,0,0,0,0,0
WBG059,F000000001,0,0,0,0,0,0,0,0,0,0,0,0,0,0,0,0,0,0,0,0,0,0,0,0,0,0,0,0,0,0,0,0,0,0,0,0,0,0,0,0,0,0,0,0,0,0,0,0
WBR079,F000000001,0,0,0,0,0,0,0,0,0,0,0,0,0,0,0,0,0,0,0,0,0,0,0,0,0,0,0,0,0,0,0,0,0,0,0,0,0,0,0,0,0,0,0,0,0,0,0,0
WBN070,F000000001,0,0,0,0,0,0,0,0,0,0,0,0,0,0,0,0,0,0,0,0,0,0,0,0,0,0,0,0,0,0,0,0,0,0,0,0,0,0,0,0,0,0,0,0,0,0,0,0
WBA070,F000000001,0,0,0,30,0,0,0,18,0,0,0,0,0,0,0,0,0,0,0,0,0,0,0,0,0,0,0,0,0,0,0,0,0,0,0,0,0,0,0,0,0,0,0,0,0,0,0,0
WBA069,F000000001,0,0,0,0,0,0,0,0,0,0,0,0,0,0,0,0,0,0,0,0,0,0,0,0,0,0,0,0,0,0,0,0,0,0,0,0,0,0,0,0,0,0,0,0,0,0,0,0
WBA066,F000000001,0,0,0,0,0,0,0,16,0,0,0,0,0,0,0,0,0,0,0,0,0,0,0,0,0,0,0,0,0,0,0,0,0,0,0,0,0,0,0,0,0,0,0,0,0,0,0,0
WBB080,F000000001,0,0,0,16,0,0,0,16,0,0,0,16,0,0,0,16,0,0,0,16,0,0,0,0,0,0,0,48,0,0,0,16,0,0,0,16,0,0,0,0,0,0,0,16,0,0,0,16
WBM190,F000000001,0,0,0,0,0,0,0,0,0,0,0,0,0,0,0,0,0,0,0,0,0,0,0,0,0,0,0,0,0,0,0,0,0,0,0,0,0,0,0,0,0,0,0,0,0,0,0,0
WBM189,F000000001,0,0,0,0,0,0,0,0,0,0,0,0,0,0,0,0,0,0,0,0,0,0,0,0,0,0,0,0,0,0,0,0,0,0,0,0,0,0,0,0,0,0,0,0,0,0,0,0
WBS172,F000000001,0,0,0,16,0,0,0,16,0,0,0,0,0,0,0,0,0,0,0,0,0,0,0,0,0,0,0,0,0,0,0,0,0,0,0,0,0,0,0,0,0,0,0,0,0,0,0,0
WBM175,F000000001,0,0,0,0,0,0,0,0,0,0,0,0,0,0,0,0,0,0,0,0,0,0,0,0,0,0,0,0,0,0,0,0,0,0,0,0,0,0,0,0,0,0,0,0,0,0,0,0
WBS161,F000000001,0,0,0,0,0,0,0,0,0,0,0,0,0,0,0,40,0,0,0,30,0,0,0,49,0,0,0,30,0,0,0,32,0,0,0,40,0,0,0,31,0,0,0,24,0,0,0,0
WBP054,F000000001,0,0,0,0,0,0,0,0,0,0,0,0,0,0,0,0,0,0,0,0,0,0,0,0,0,0,0,0,0,0,0,0,0,0,0,0,0,0,0,0,0,0,0,0,0,0,0,0
WBR077,F000000001,0,0,0,0,0,0,0,0,0,0,0,0,0,0,0,0,0,0,0,10,0,0,0,0,0,0,0,0,0,0,0,0,0,0,0,0,0,0,0,0,0,0,0,0,0,0,0,0
WBG018,F000000001,0,0,0,0,0,0,0,0,0,0,0,0,0,0,0,0,0,0,0,0,0,0,0,0,0,0,0,0,0,0,0,0,0,0,0,0,0,0,0,0,0,0,0,0,0,0,0,0
WBN031,F000000001,0,0,0,0,0,0,0,0,0,0,0,0,0,0,0,0,0,0,0,0,0,0,0,0,0,0,0,0,0,0,0,0,0,0,0,0,0,0,0,0,0,0,0,0,0,0,0,0
NEP073,F000000001,0,0,0,0,0,0,0,0,0,0,0,0,0,0,0,0,0,0,0,0,0,0,0,0,0,0,0,0,0,0,0,0,0,0,0,0,0,0,0,0,0,0,0,0,0,0,0,0
T102,F000000001,0,0,0,0,0,0,0,0,0,0,0,0,0,0,0,0,0,0,0,0,0,0,0,0,0,0,0,0,0,0,0,0,0,0,0,0,0,0,0,0,0,0,0,0,0,0,0,0
WBC002,F000000001,0,0,0,0,0,0,0,0,0,0,0,0,0,0,0,0,0,0,0,0,0,0,0,0,0,0,0,0,0,0,0,0,0,0,0,0,0,0,0,0,0,0,0,0,0,0,0,0
D145,F000000001,0,0,0,0,0,0,0,0,0,0,0,0,0,0,0,0,0,0,0,0,0,0,0,0,0,0,0,0,0,0,0,0,0,0,0,0,0,0,0,0,0,0,0,0,0,0,0,0
WBP060,F000000001,0,0,0,59,0,0,0,65,0,0,0,37,0,0,0,6,0,0,0,17,0,0,0,20,0,0,0,14,0,0,0,13,0,0,0,6,0,0,0,6,0,0,0,0,0,0,0,18
WBK041,F000000001,0,0,0,11,0,10,0,0,0,0,0,0,0,0,0,0,0,0,0,0,0,0,0,0,0,0,0,0,0,0,0,0,0,0,0,0,0,0,0,0,0,0,0,0,0,0,0,0
WBD054,F000000001,0,0,0,0,0,0,0,0,0,0,0,16,0,0,0,0,0,0,0,0,0,0,0,0,0,0,0,0,0,0,0,0,0,0,0,0,0,0,0,0,0,0,0,0,0,0,0,0
WBR083,F000000001,0,0,0,0,0,0,0,0,0,0,0,0,0,0,0,0,0,0,0,0,0,0,0,0,0,0,0,0,0,0,0,0,0,0,0,0,0,0,0,0,0,0,0,0,0,0,0,0
WBM195,F000000001,0,0,0,0,0,0,0,0,0,0,0,0,0,0,0,0,0,0,0,0,0,0,0,0,0,0,0,0,0,0,0,0,0,0,0,0,0,0,0,0,0,0,0,0,0,0,0,0
WBS183,F000000001,0,0,0,16,0,0,0,0,0,0,0,16,0,0,0,0,0,0,0,0,0,0,0,0,0,0,0,0,0,0,0,16,0,0,0,0,0,0,0,0,0,0,0,0,0,0,0,0
WBA071,F000000001,0,0,0,0,0,0,0,0,0,0,0,0,0,0,0,0,0,0,0,0,0,0,0,0,0,0,0,0,0,0,0,0,0,0,0,0,0,0,0,0,0,0,0,0,0,0,0,0
WBB089,F000000001,0,0,0,0,0,0,0,0,0,0,0,0,0,0,0,0,0,0,0,0,0,0,0,0,0,0,0,0,0,0,0,0,0,0,0,0,0,0,0,0,0,0,0,0,0,0,0,0
WBB083,F000000001,0,0,93,93,0,0,69,69,0,0,51,44,0,0,75,0,0,0,65,0,0,0,61,0,0,0,71,0,0,0,71,0,0,0,101,0,0,0,101,0,0,0,101,0,0,0,101,0
A202,F000000001,0,0,0,0,0,0,0,0,0,0,0,0,0,0,0,0,0,0,0,0,0,0,0,0,0,0,0,0,0,0,0,0,0,0,0,0,0,0,0,0,0,0,0,0,0,0,0,0
WBB085,F000000001,0,0,0,32,0,0,0,16,0,0,0,16,0,0,0,0,0,0,0,0,0,0,0,0,0,0,0,0,0,0,0,0,0,0,0,0,0,0,0,0,0,0,0,0,0,0,0,0
WBM200,F000000001,0,0,0,0,0,0,0,0,0,0,0,0,0,0,0,0,0,0,0,0,0,0,0,0,0,0,0,0,0,0,0,0,0,0,0,0,0,0,0,0,0,0,0,0,0,0,0,0
WBD056,F000000001,0,0,0,7,0,0,0,0,0,0,0,0,0,0,0,0,0,0,0,0,0,0,0,0,0,0,0,0,0,0,0,0,0,0,0,0,0,0,0,0,0,0,0,0,0,0,0,0
WBD055,F000000001,0,0,0,16,0,0,0,16,0,0,0,32,0,0,0,16,0,0,0,16,0,0,0,0,0,0,0,0,0,0,0,0,0,0,0,0,0,0,0,0,0,0,0,0,0,0,0,0
S045,F000000001,0,0,0,0,0,0,0,0,0,0,0,0,0,0,0,0,0,0,0,0,0,0,0,0,0,0,0,0,0,0,0,0,0,0,0,0,0,0,0,0,0,0,0,0,0,0,0,0
WBA073,F000000001,0,0,0,101,0,0,0,53,0,0,0,15,0,0,0,0,0,0,0,0,0,0,0,0,0,0,0,0,0,0,0,0,0,0,0,0,0,0,0,0,0,0,0,0,0,0,0,0
WBH027,F000000001,0,0,0,0,0,0,0,0,0,0,0,0,0,0,0,0,0,0,0,0,0,0,0,0,0,0,0,0,0,0,0,0,0,0,0,0,0,0,0,0,0,0,0,0,0,0,0,0
WBJ038,F000000001,0,0,0,0,0,0,0,0,0,0,0,0,0,0,0,0,0,0,0,0,0,0,0,0,0,0,0,0,0,0,0,0,0,0,0,0,0,0,0,0,0,0,0,0,0,0,0,0
WBJ039,F000000001,0,0,0,0,0,0,0,0,0,0,0,0,0,0,0,0,0,0,0,0,0,0,0,0,0,0,0,0,0,0,0,0,0,0,0,0,0,0,0,0,0,0,0,0,0,0,0,0
WBM197,F000000001,0,0,0,0,0,0,0,0,0,0,0,0,0,0,0,0,0,0,0,0,0,0,0,0,0,0,0,0,0,0,0,0,0,0,0,0,0,0,0,0,0,0,0,0,0,0,0,0
WBN072,F000000001,0,0,0,16,0,0,0,16,0,0,0,0,0,0,0,0,0,0,0,0,0,0,0,21,0,0,0,0,0,0,0,0,0,0,0,0,0,0,0,0,0,0,0,0,0,0,0,0
WBR084,F000000001,0,0,0,0,0,0,0,0,0,0,0,0,0,0,0,0,0,0,0,0,0,0,0,0,0,0,0,0,0,0,0,0,0,0,0,0,0,0,0,0,0,0,0,0,0,0,0,0
WBS180,F000000001,0,0,0,0,0,0,0,0,0,0,0,0,0,0,0,0,0,0,0,0,0,0,0,0,0,0,0,0,0,0,0,0,0,0,0,0,0,0,0,0,0,0,0,0,0,0,0,0
WBS187,F000000001,0,0,0,0,0,0,0,0,0,0,0,0,0,0,0,0,0,0,0,0,0,0,0,0,0,0,0,0,0,0,0,0,0,0,0,0,0,0,0,0,0,0,0,0,0,0,0,0
WBG061,F000000001,0,0,50,0,0,0,50,0,0,0,50,0,0,0,50,0,0,0,50,0,0,0,50,0,0,0,50,0,0,0,50,0,0,0,200,0,0,0,300,0,0,0,250,0,0,0,250,0
BHB058,F000000001,0,0,0,0,0,0,0,0,0,0,0,0,0,0,0,0,0,0,0,0,0,0,0,21,0,0,0,21,0,0,0,0,0,0,0,0,0,0,0,0,0,0,0,0,0,0,0,0
BHD014,F000000001,0,0,0,0,0,0,0,42,0,0,0,0,0,0,0,28,0,0,0,11,0,0,0,34,0,0,0,21,0,0,0,0,0,0,0,42,0,0,0,0,0,0,0,21,0,0,0,27.6
BHH015,F000000001,0,0,0,0,0,0,0,0,0,0,0,0,0,0,0,0,0,0,0,0,0,0,0,0,0,0,0,0,0,0,0,0,0,0,0,0,0,0,0,0,0,0,0,21,0,0,0,0
BHI005,F000000001,0,0,0,0,0,0,0,0,0,0,0,0,0,0,0,0,0,0,0,0,0,0,0,0,0,0,0,0,0,0,0,0,0,0,0,0,0,0,0,0,0,0,0,0,0,0,0,0
BHJ030,F000000001,0,0,0,0,0,0,0,0,0,0,0,0,0,0,0,0,0,0,0,0,0,0,0,0,0,0,0,0,0,0,0,0,0,0,0,0,0,0,0,0,0,0,0,21,0,0,0,0
BHJ031,F000000001,0,0,0,36,0,0,0,0,0,0,0,0,0,0,0,0,0,0,0,0,0,0,0,0,0,0,0,0,0,0,0,0,0,0,0,0,0,0,0,0,0,0,0,0,0,0,0,0
BHK040,F000000001,0,0,0,0,0,0,0,0,0,0,0,12,0,0,0,0,0,0,0,0,0,0,0,0,0,0,0,0,0,0,0,0,0,0,0,0,0,0,0,0,0,0,0,0,0,0,0,0
BHJ032,F000000001,0,0,0,35,0,0,0,25,0,0,0,50.5,0,0,0,0,0,0,0,0,0,0,0,16,0,0,0,0,0,0,0,0,0,0,0,0,0,0,0,0,0,0,0,0,0,0,0,0
BHM098,F000000001,0,0,0,0,0,0,0,0,0,0,0,0,0,0,0,0,0,0,0,0,0,0,0,0,0,0,0,0,0,0,0,0,0,0,0,0,0,0,0,0,0,0,0,0,0,0,0,0
BHM099,F000000001,0,0,0,0,0,0,0,0,0,0,0,0,0,0,0,0,0,0,0,0,0,0,0,0,0,0,0,0,0,0,0,0,0,0,0,0,0,0,0,0,0,0,0,0,0,0,0,0
BHP033,F000000001,0,0,0,10,0,0,0,0,0,0,0,7,0,0,0,0,0,0,0,0,0,0,0,0,0,0,0,0,0,0,0,0,0,0,0,21,0,0,0,0,0,0,0,0,0,0,0,0
BHS151,F000000001,0,0,0,0,0,0,0,0,0,0,0,0,0,0,0,0,0,0,0,5,0,0,0,5,0,0,0,0,0,0,0,0,0,0,0,0,0,0,0,0,0,0,0,0,0,0,0,0
BHV017,F000000001,0,0,0,0,0,0,0,0,0,0,0,0,0,0,0,0,0,0,0,0,0,0,0,0,0,0,0,0,0,0,0,0,0,0,0,0,0,0,0,0,0,0,0,0,0,0,0,0
NEZ006,F000000001,0,0,0,30,0,0,0,45,0,0,0,30,0,0,0,30,0,0,0,30,0,0,0,30,0,0,0,0,0,0,0,0,0,0,0,0,0,0,0,0,0,0,0,0,0,0,0,0
T099,F000000001,0,0,0,48,0,0,0,8,0,0,0,16,0,0,0,0,0,0,0,16,0,0,0,8,0,0,0,19,0,0,0,8,0,0,0,0,0,0,0,0,0,0,0,0,0,0,0,0
WBC005,F000000001,0,0,0,8,0,0,0,0,0,0,0,0,0,0,0,0,0,0,0,0,0,0,0,0,0,0,0,0,0,0,0,0,0,0,0,0,0,0,0,0,0,0,0,0,0,0,0,0
WBK023,F000000001,0,26,0,32,0,0,0,8,0,0,0,0,0,0,0,0,0,0,0,0,0,0,0,0,0,0,0,16,0,0,0,17,0,0,0,0,0,0,0,8,0,0,0,0,0,0,0,0
WBK033,F000000001,0,0,0,32,0,0,0,16,0,0,0,16,0,0,0,0,0,0,0,16,0,0,0,32,0,0,0,32,0,0,0,53,0,0,0,0,0,0,0,0,0,0,0,0,0,0,0,0
NET072,F000000001,0,0,0,0,0,0,0,0,0,0,0,110,0,0,0,35,0,0,0,40,0,0,0,40,0,0,0,20,0,0,0,0,0,0,0,60,0,0,0,19,0,0,0,0,0,0,0,0
NEP110,F000000001,0,0,0,0,0,0,0,15,0,0,0,30,0,0,0,60,0,0,0,45,0,0,0,30,0,0,0,30,0,0,0,30,0,0,0,71,0,0,0,87,0,0,0,0,0,0,0,0
NEG055,F000000001,0,0,0,0,0,0,0,0,0,0,0,71,0,0,0,0,0,0,0,0,0,0,0,0,0,0,0,0,0,0,0,0,0,0,0,0,0,0,0,0,0,0,0,0,0,0,0,0
NEN070,F000000001,0,0,0,0,0,0,0,0,0,0,0,0,0,0,0,0,0,0,0,0,0,0,0,0,0,0,0,0,0,0,0,0,0,0,0,0,0,0,0,0,0,0,0,0,0,0,0,0
WBA078,F000000001,0,0,0,25,0,0,0,32,0,0,0,20,0,0,0,5,0,0,0,0,0,0,0,0,0,0,0,0,0,0,0,0,0,0,0,0,0,0,0,0,0,0,0,0,0,0,0,0
WBS201,F000000001,0,0,0,0,0,0,0,20,0,0,0,0,0,0,0,0,0,0,0,0,0,0,0,0,0,0,0,0,0,0,0,0,0,0,0,0,0,0,0,0,0,0,0,0,0,0,0,0
WBS204,F000000001,0,0,0,0,0,0,0,0,0,0,0,0,0,0,0,32,0,0,0,32,0,0,0,16,0,0,0,15,0,0,0,0,0,0,0,0,0,0,0,16,0,0,0,0,0,0,0,0
WBS205,F000000001,0,0,0,0,0,0,0,0,0,0,0,0,0,0,0,0,0,0,0,16,0,0,0,0,0,0,0,0,0,0,0,0,0,0,0,0,0,0,0,0,0,0,0,0,0,0,0,0
WBM216,F000000001,0,0,0,0,0,0,0,0,0,0,0,0,0,0,0,0,0,0,0,16,0,0,0,16,0,0,0,16,0,0,0,13,0,0,0,32,0,0,0,0,0,0,0,0,0,0,0,0
WBS193,F000000001,0,0,51,51,0,0,31,31,0,0,51,45,0,0,60,15,0,0,41,0,0,0,41,0,0,0,60,0,0,0,51,10,0,0,61,0,0,0,51,0,0,0,51,0,0,0,101,0
WBA079,F000000001,0,0,0,0,0,0,0,9,0,0,0,29,0,0,0,20,0,0,120,42.5,0,0,120,0,0,0,80,0,0,0,150,34,0,0,150,13,0,0,40,0,0,0,85,0,0,0,100,0
WBM219,F000000001,0,0,0,0,0,0,0,0,0,0,0,0,0,0,0,0,0,0,0,0,0,0,0,16,0,0,0,25,0,0,0,40,0,0,0,20,0,0,0,0,0,0,0,0,0,0,0,25
BHC013,F000000001,0,0,0,10,0,0,0,0,0,0,0,0,0,0,0,0,0,0,0,0,0,0,0,0,0,0,0,0,0,0,0,0,0,0,0,0,0,0,0,0,0,0,0,0,0,0,0,0
NEB113,F000000001,0,0,0,0,0,0,0,0,0,0,0,0,0,0,0,0,0,0,0,0,0,0,0,15,0,0,0,20,0,0,0,20,0,0,0,35,0,0,0,40,0,0,0,0,0,0,0,0
NER114,F000000001,0,0,0,0,0,0,0,0,0,0,0,0,0,0,0,0,0,0,0,0,0,0,0,0,0,0,0,0,0,0,0,0,0,0,0,25,0,0,0,0,0,0,0,0,0,0,0,0
WBR091,F000000001,0,0,0,0,0,0,0,0,0,0,0,0,0,0,0,0,0,0,0,0,0,0,0,0,0,0,0,0,0,0,0,16,0,0,0,0,0,0,0,0,0,0,0,0,0,0,0,0
BHB060,F000000001,0,0,0,0,0,0,0,0,0,0,0,0,0,0,0,0,0,0,0,0,0,0,0,0,0,0,0,15,0,0,0,0,0,0,0,0,0,0,0,0,0,0,0,0,0,0,0,0
BHM103,F000000001,0,0,0,0,0,0,0,0,0,0,0,0,0,0,0,0,0,0,0,0,0,0,0,0,0,0,0,21,0,0,0,21,0,0,0,21,0,0,0,21,0,0,0,42,0,0,0,84
WBL028,F000000001,0,0,0,0,0,0,0,0,0,0,0,0,0,0,0,0,0,0,0,0,0,0,0,0,0,0,0,32,0,0,0,48,0,0,0,0,0,0,0,0,0,0,0,0,0,0,0,0
NED091,F000000001,0,0,0,0,0,0,0,0,0,0,0,0,0,0,0,0,0,0,0,0,0,0,0,0,0,0,0,0,0,0,0,9,0,0,0,0,0,0,0,0,0,0,0,0,0,0,0,0
NES240,F000000001,0,100,0,0,0,60,0,0,0,74.8,0,0,0,80,0,0,0,60,0,0,0,0,0,0,0,0,0,0,0,0,0,0,0,0,0,60,0,0,0,100,0,0,0,80,0,0,0,0
NEM171,F000000001,0,307,0,0,0,517,0,0,0,305,0,0,0,315,0,0,0,320,0,0,0,355,0,0,0,320,0,0,0,0,0,0,0,0,0,0,0,0,0,0,0,0,0,0,0,0,0,315
